ISO-10303-21;
HEADER;
/* Generated by software containing ST-Developer
 * from STEP Tools, Inc. (www.steptools.com) 
 */

FILE_DESCRIPTION(
/* description */ (''),
/* implementation_level */ '2;1');

FILE_NAME(
/* name */ 'Base.step',
/* time_stamp */ '2026-07-25T10:07:20-04:00',
/* author */ (''),
/* organization */ (''),
/* preprocessor_version */ 'ST-DEVELOPER v20.1',
/* originating_system */ 'Autodesk Translation Framework v15.8.0.0',
/* authorisation */ '');

FILE_SCHEMA (('AUTOMOTIVE_DESIGN { 1 0 10303 214 3 1 1 }'));
ENDSEC;

DATA;
#10=MECHANICAL_DESIGN_GEOMETRIC_PRESENTATION_REPRESENTATION('',(#13),#11398);
#11=SHAPE_REPRESENTATION_RELATIONSHIP('SRR','None',#11405,#12);
#12=ADVANCED_BREP_SHAPE_REPRESENTATION('',(#14),#11397);
#13=STYLED_ITEM('',(#11414),#14);
#14=MANIFOLD_SOLID_BREP('Body1',#5555);
#15=SPHERICAL_SURFACE('',#5681,2.);
#16=SPHERICAL_SURFACE('',#5685,2.);
#17=SPHERICAL_SURFACE('',#5691,1.99999999999999);
#18=SPHERICAL_SURFACE('',#5696,1.99999999999999);
#19=TOROIDAL_SURFACE('',#5657,22.,2.);
#20=TOROIDAL_SURFACE('',#5665,18.,2.);
#21=CIRCLE('',#5654,1.65);
#22=CIRCLE('',#5656,1.65);
#23=CIRCLE('',#5658,20.);
#24=CIRCLE('',#5659,2.);
#25=CIRCLE('',#5660,22.);
#26=CIRCLE('',#5662,20.);
#27=CIRCLE('',#5663,20.);
#28=CIRCLE('',#5666,18.);
#29=CIRCLE('',#5667,2.);
#30=CIRCLE('',#5682,1.99999999999999);
#31=CIRCLE('',#5683,2.);
#32=CIRCLE('',#5684,2.);
#33=CIRCLE('',#5686,1.99999999999999);
#34=CIRCLE('',#5687,2.);
#35=CIRCLE('',#5688,2.);
#36=CIRCLE('',#5692,2.);
#37=CIRCLE('',#5693,1.99999999999999);
#38=CIRCLE('',#5694,2.);
#39=CIRCLE('',#5697,2.);
#40=CIRCLE('',#5698,1.99999999999999);
#41=CIRCLE('',#5699,2.);
#42=ELLIPSE('',#5644,2.82842712474619,2.);
#43=ELLIPSE('',#5645,2.82842712474619,2.);
#44=ELLIPSE('',#5647,2.82842712474619,2.);
#45=ELLIPSE('',#5649,2.82842712474619,2.);
#46=ELLIPSE('',#5670,2.82842712474619,2.);
#47=ELLIPSE('',#5671,2.82842712474619,2.);
#48=ELLIPSE('',#5673,2.82842712474619,2.);
#49=ELLIPSE('',#5674,2.82842712474619,2.);
#50=ELLIPSE('',#5679,2.82842712474619,2.);
#51=ELLIPSE('',#5680,2.82842712474619,2.);
#52=ELLIPSE('',#5703,2.82842712474619,2.);
#53=ELLIPSE('',#5705,2.82842712474619,2.);
#54=CYLINDRICAL_SURFACE('',#5643,2.);
#55=CYLINDRICAL_SURFACE('',#5646,2.);
#56=CYLINDRICAL_SURFACE('',#5648,2.);
#57=CYLINDRICAL_SURFACE('',#5650,2.);
#58=CYLINDRICAL_SURFACE('',#5655,1.65);
#59=CYLINDRICAL_SURFACE('',#5661,20.);
#60=CYLINDRICAL_SURFACE('',#5669,2.);
#61=CYLINDRICAL_SURFACE('',#5672,2.);
#62=CYLINDRICAL_SURFACE('',#5675,2.);
#63=CYLINDRICAL_SURFACE('',#5676,2.);
#64=CYLINDRICAL_SURFACE('',#5678,2.);
#65=CYLINDRICAL_SURFACE('',#5689,2.);
#66=CYLINDRICAL_SURFACE('',#5690,2.);
#67=CYLINDRICAL_SURFACE('',#5695,2.);
#68=CYLINDRICAL_SURFACE('',#5700,2.);
#69=CYLINDRICAL_SURFACE('',#5701,2.);
#70=CYLINDRICAL_SURFACE('',#5702,2.);
#71=CYLINDRICAL_SURFACE('',#5704,2.);
#72=CYLINDRICAL_SURFACE('',#5706,2.);
#73=CYLINDRICAL_SURFACE('',#5707,2.);
#74=FACE_BOUND('',#1045,.T.);
#75=FACE_BOUND('',#1194,.T.);
#76=FACE_BOUND('',#1196,.T.);
#77=FACE_BOUND('',#1197,.T.);
#78=FACE_BOUND('',#1198,.T.);
#79=FACE_BOUND('',#1199,.T.);
#80=FACE_BOUND('',#1200,.T.);
#81=FACE_BOUND('',#1201,.T.);
#82=FACE_BOUND('',#1202,.T.);
#83=FACE_BOUND('',#1203,.T.);
#84=FACE_BOUND('',#1204,.T.);
#85=FACE_BOUND('',#1205,.T.);
#86=FACE_BOUND('',#1206,.T.);
#87=FACE_BOUND('',#1207,.T.);
#88=FACE_BOUND('',#1208,.T.);
#89=FACE_BOUND('',#1246,.T.);
#90=FACE_BOUND('',#1266,.T.);
#91=FACE_BOUND('',#1275,.T.);
#92=FACE_BOUND('',#1280,.T.);
#93=FACE_BOUND('',#1283,.T.);
#94=FACE_BOUND('',#1289,.T.);
#95=B_SPLINE_CURVE_WITH_KNOTS('',3,(#6436,#6437,#6438,#6439,#6440),
 .UNSPECIFIED.,.F.,.F.,(4,1,4),(0.,0.0698729780660153,0.130775224356029),
 .UNSPECIFIED.);
#96=B_SPLINE_CURVE_WITH_KNOTS('',3,(#6442,#6443,#6444,#6445,#6446),
 .UNSPECIFIED.,.F.,.F.,(4,1,4),(-0.130775224356029,-0.0698729780660153,
0.),.UNSPECIFIED.);
#97=B_SPLINE_CURVE_WITH_KNOTS('',3,(#6459,#6460,#6461,#6462,#6463),
 .UNSPECIFIED.,.F.,.F.,(4,1,4),(0.,0.0600095779698195,0.12846865249571),
 .UNSPECIFIED.);
#98=B_SPLINE_CURVE_WITH_KNOTS('',3,(#6465,#6466,#6467,#6468,#6469),
 .UNSPECIFIED.,.F.,.F.,(4,1,4),(-0.12846865249571,-0.0600095779698195,0.),
 .UNSPECIFIED.);
#99=B_SPLINE_CURVE_WITH_KNOTS('',3,(#6482,#6483,#6484,#6485,#6486),
 .UNSPECIFIED.,.F.,.F.,(4,1,4),(0.,0.0758158829845135,0.157157560034864),
 .UNSPECIFIED.);
#100=B_SPLINE_CURVE_WITH_KNOTS('',3,(#6488,#6489,#6490,#6491,#6492),
 .UNSPECIFIED.,.F.,.F.,(4,1,4),(-0.157157560034864,-0.0758158829845135,
0.),.UNSPECIFIED.);
#101=B_SPLINE_CURVE_WITH_KNOTS('',3,(#6505,#6506,#6507,#6508,#6509),
 .UNSPECIFIED.,.F.,.F.,(4,1,4),(0.,0.0715042975063759,0.136161951308311),
 .UNSPECIFIED.);
#102=B_SPLINE_CURVE_WITH_KNOTS('',3,(#6511,#6512,#6513,#6514,#6515),
 .UNSPECIFIED.,.F.,.F.,(4,1,4),(-0.136161951308311,-0.0715042975063759,
0.),.UNSPECIFIED.);
#103=B_SPLINE_CURVE_WITH_KNOTS('',3,(#6528,#6529,#6530,#6531,#6532),
 .UNSPECIFIED.,.F.,.F.,(4,1,4),(0.,0.0571740327173634,0.107218827620665),
 .UNSPECIFIED.);
#104=B_SPLINE_CURVE_WITH_KNOTS('',3,(#6534,#6535,#6536,#6537,#6538),
 .UNSPECIFIED.,.F.,.F.,(4,1,4),(-0.107218827620665,-0.0571740327173634,
0.),.UNSPECIFIED.);
#105=B_SPLINE_CURVE_WITH_KNOTS('',3,(#6551,#6552,#6553,#6554,#6555),
 .UNSPECIFIED.,.F.,.F.,(4,1,4),(0.,0.0461825120420049,0.0913347379675628),
 .UNSPECIFIED.);
#106=B_SPLINE_CURVE_WITH_KNOTS('',3,(#6557,#6558,#6559,#6560,#6561),
 .UNSPECIFIED.,.F.,.F.,(4,1,4),(-0.0913347379675628,-0.0461825120420049,
0.),.UNSPECIFIED.);
#107=B_SPLINE_CURVE_WITH_KNOTS('',3,(#6574,#6575,#6576,#6577,#6578),
 .UNSPECIFIED.,.F.,.F.,(4,1,4),(0.,0.0446071582795966,0.0878673179734664),
 .UNSPECIFIED.);
#108=B_SPLINE_CURVE_WITH_KNOTS('',3,(#6580,#6581,#6582,#6583,#6584),
 .UNSPECIFIED.,.F.,.F.,(4,1,4),(-0.0878673179734664,-0.0446071582795966,
0.),.UNSPECIFIED.);
#109=B_SPLINE_CURVE_WITH_KNOTS('',3,(#6597,#6598,#6599,#6600,#6601),
 .UNSPECIFIED.,.F.,.F.,(4,1,4),(0.,0.048490558758718,0.108625347236074),
 .UNSPECIFIED.);
#110=B_SPLINE_CURVE_WITH_KNOTS('',3,(#6603,#6604,#6605,#6606,#6607),
 .UNSPECIFIED.,.F.,.F.,(4,1,4),(-0.108625347236074,-0.048490558758718,0.),
 .UNSPECIFIED.);
#111=B_SPLINE_CURVE_WITH_KNOTS('',3,(#6620,#6621,#6622,#6623,#6624),
 .UNSPECIFIED.,.F.,.F.,(4,1,4),(0.,0.0676665308280695,0.184654136353423),
 .UNSPECIFIED.);
#112=B_SPLINE_CURVE_WITH_KNOTS('',3,(#6626,#6627,#6628,#6629,#6630),
 .UNSPECIFIED.,.F.,.F.,(4,1,4),(-0.184654136353423,-0.0676665308280695,
0.),.UNSPECIFIED.);
#113=B_SPLINE_CURVE_WITH_KNOTS('',3,(#6643,#6644,#6645,#6646,#6647),
 .UNSPECIFIED.,.F.,.F.,(4,1,4),(0.,0.121485517916051,0.203186457484569),
 .UNSPECIFIED.);
#114=B_SPLINE_CURVE_WITH_KNOTS('',3,(#6649,#6650,#6651,#6652,#6653),
 .UNSPECIFIED.,.F.,.F.,(4,1,4),(-0.203186457484569,-0.121485517916051,0.),
 .UNSPECIFIED.);
#115=B_SPLINE_CURVE_WITH_KNOTS('',3,(#6666,#6667,#6668,#6669,#6670),
 .UNSPECIFIED.,.F.,.F.,(4,1,4),(0.,0.0753212458063606,0.142900270683372),
 .UNSPECIFIED.);
#116=B_SPLINE_CURVE_WITH_KNOTS('',3,(#6672,#6673,#6674,#6675,#6676),
 .UNSPECIFIED.,.F.,.F.,(4,1,4),(-0.142900270683372,-0.0753212458063606,
0.),.UNSPECIFIED.);
#117=B_SPLINE_CURVE_WITH_KNOTS('',3,(#6689,#6690,#6691,#6692,#6693),
 .UNSPECIFIED.,.F.,.F.,(4,1,4),(0.,0.0645414736921776,0.13069659508606),
 .UNSPECIFIED.);
#118=B_SPLINE_CURVE_WITH_KNOTS('',3,(#6695,#6696,#6697,#6698,#6699),
 .UNSPECIFIED.,.F.,.F.,(4,1,4),(-0.13069659508606,-0.0645414736921776,0.),
 .UNSPECIFIED.);
#119=B_SPLINE_CURVE_WITH_KNOTS('',3,(#6712,#6713,#6714,#6715,#6716),
 .UNSPECIFIED.,.F.,.F.,(4,1,4),(0.,0.0740272441962973,0.149548363090776),
 .UNSPECIFIED.);
#120=B_SPLINE_CURVE_WITH_KNOTS('',3,(#6718,#6719,#6720,#6721,#6722),
 .UNSPECIFIED.,.F.,.F.,(4,1,4),(-0.149548363090776,-0.0740272441962973,
0.),.UNSPECIFIED.);
#121=B_SPLINE_CURVE_WITH_KNOTS('',3,(#6735,#6736,#6737,#6738,#6739),
 .UNSPECIFIED.,.F.,.F.,(4,1,4),(0.,0.0784002500842333,0.162332245299089),
 .UNSPECIFIED.);
#122=B_SPLINE_CURVE_WITH_KNOTS('',3,(#6741,#6742,#6743,#6744,#6745),
 .UNSPECIFIED.,.F.,.F.,(4,1,4),(-0.162332245299089,-0.0784002500842333,
0.),.UNSPECIFIED.);
#123=B_SPLINE_CURVE_WITH_KNOTS('',3,(#6758,#6759,#6760,#6761,#6762),
 .UNSPECIFIED.,.F.,.F.,(4,1,4),(0.,0.0908186705609991,0.187545886888351),
 .UNSPECIFIED.);
#124=B_SPLINE_CURVE_WITH_KNOTS('',3,(#6764,#6765,#6766,#6767,#6768),
 .UNSPECIFIED.,.F.,.F.,(4,1,4),(-0.187545886888351,-0.0908186705609991,
0.),.UNSPECIFIED.);
#125=B_SPLINE_CURVE_WITH_KNOTS('',3,(#6781,#6782,#6783,#6784,#6785),
 .UNSPECIFIED.,.F.,.F.,(4,1,4),(0.,0.10500378186879,0.200355166618266),
 .UNSPECIFIED.);
#126=B_SPLINE_CURVE_WITH_KNOTS('',3,(#6787,#6788,#6789,#6790,#6791),
 .UNSPECIFIED.,.F.,.F.,(4,1,4),(-0.200355166618266,-0.10500378186879,0.),
 .UNSPECIFIED.);
#127=B_SPLINE_CURVE_WITH_KNOTS('',3,(#6804,#6805,#6806,#6807,#6808),
 .UNSPECIFIED.,.F.,.F.,(4,1,4),(0.,0.0871851663170577,0.169760881375292),
 .UNSPECIFIED.);
#128=B_SPLINE_CURVE_WITH_KNOTS('',3,(#6810,#6811,#6812,#6813,#6814),
 .UNSPECIFIED.,.F.,.F.,(4,1,4),(-0.169760881375292,-0.0871851663170577,
0.),.UNSPECIFIED.);
#129=B_SPLINE_CURVE_WITH_KNOTS('',3,(#6827,#6828,#6829,#6830,#6831),
 .UNSPECIFIED.,.F.,.F.,(4,1,4),(0.,0.082079051829504,0.166633567436802),
 .UNSPECIFIED.);
#130=B_SPLINE_CURVE_WITH_KNOTS('',3,(#6833,#6834,#6835,#6836,#6837),
 .UNSPECIFIED.,.F.,.F.,(4,1,4),(-0.166633567436802,-0.082079051829504,0.),
 .UNSPECIFIED.);
#131=B_SPLINE_CURVE_WITH_KNOTS('',3,(#6856,#6857,#6858,#6859,#6860),
 .UNSPECIFIED.,.F.,.F.,(4,1,4),(0.,0.0861880936234744,0.162310076937512),
 .UNSPECIFIED.);
#132=B_SPLINE_CURVE_WITH_KNOTS('',3,(#6862,#6863,#6864,#6865,#6866),
 .UNSPECIFIED.,.F.,.F.,(4,1,4),(-0.162310076937512,-0.0861880936234744,
0.),.UNSPECIFIED.);
#133=B_SPLINE_CURVE_WITH_KNOTS('',3,(#6879,#6880,#6881,#6882,#6883),
 .UNSPECIFIED.,.F.,.F.,(4,1,4),(0.,0.0816030182082024,0.18353543903086),
 .UNSPECIFIED.);
#134=B_SPLINE_CURVE_WITH_KNOTS('',3,(#6885,#6886,#6887,#6888,#6889),
 .UNSPECIFIED.,.F.,.F.,(4,1,4),(-0.18353543903086,-0.0816030182082024,0.),
 .UNSPECIFIED.);
#135=B_SPLINE_CURVE_WITH_KNOTS('',3,(#6902,#6903,#6904,#6905,#6906),
 .UNSPECIFIED.,.F.,.F.,(4,1,4),(0.,0.104350092788488,0.182822382294414),
 .UNSPECIFIED.);
#136=B_SPLINE_CURVE_WITH_KNOTS('',3,(#6908,#6909,#6910,#6911,#6912),
 .UNSPECIFIED.,.F.,.F.,(4,1,4),(-0.182822382294414,-0.104350092788488,0.),
 .UNSPECIFIED.);
#137=B_SPLINE_CURVE_WITH_KNOTS('',3,(#6925,#6926,#6927,#6928,#6929),
 .UNSPECIFIED.,.F.,.F.,(4,1,4),(0.,0.0636388875446569,0.122808017819053),
 .UNSPECIFIED.);
#138=B_SPLINE_CURVE_WITH_KNOTS('',3,(#6931,#6932,#6933,#6934,#6935),
 .UNSPECIFIED.,.F.,.F.,(4,1,4),(-0.122808017819053,-0.0636388875446569,
0.),.UNSPECIFIED.);
#139=B_SPLINE_CURVE_WITH_KNOTS('',3,(#6948,#6949,#6950,#6951,#6952),
 .UNSPECIFIED.,.F.,.F.,(4,1,4),(0.,0.0500658817781103,0.09921490561675),
 .UNSPECIFIED.);
#140=B_SPLINE_CURVE_WITH_KNOTS('',3,(#6954,#6955,#6956,#6957,#6958),
 .UNSPECIFIED.,.F.,.F.,(4,1,4),(-0.09921490561675,-0.0500658817781103,0.),
 .UNSPECIFIED.);
#141=B_SPLINE_CURVE_WITH_KNOTS('',3,(#6971,#6972,#6973,#6974,#6975),
 .UNSPECIFIED.,.F.,.F.,(4,1,4),(0.,0.0774490773667732,0.212882271059074),
 .UNSPECIFIED.);
#142=B_SPLINE_CURVE_WITH_KNOTS('',3,(#6977,#6978,#6979,#6980,#6981),
 .UNSPECIFIED.,.F.,.F.,(4,1,4),(-0.212882271059074,-0.0774490773667732,
0.),.UNSPECIFIED.);
#143=B_SPLINE_CURVE_WITH_KNOTS('',3,(#6994,#6995,#6996,#6997,#6998),
 .UNSPECIFIED.,.F.,.F.,(4,1,4),(0.,0.140231557811943,0.230565710097225),
 .UNSPECIFIED.);
#144=B_SPLINE_CURVE_WITH_KNOTS('',3,(#7000,#7001,#7002,#7003,#7004),
 .UNSPECIFIED.,.F.,.F.,(4,1,4),(-0.230565710097225,-0.140231557811943,0.),
 .UNSPECIFIED.);
#145=B_SPLINE_CURVE_WITH_KNOTS('',3,(#7017,#7018,#7019,#7020,#7021),
 .UNSPECIFIED.,.F.,.F.,(4,1,4),(0.,0.0885423207811168,0.165932899466623),
 .UNSPECIFIED.);
#146=B_SPLINE_CURVE_WITH_KNOTS('',3,(#7023,#7024,#7025,#7026,#7027),
 .UNSPECIFIED.,.F.,.F.,(4,1,4),(-0.165932899466623,-0.0885423207811168,
0.),.UNSPECIFIED.);
#147=B_SPLINE_CURVE_WITH_KNOTS('',3,(#7040,#7041,#7042,#7043,#7044),
 .UNSPECIFIED.,.F.,.F.,(4,1,4),(0.,0.0733880702875056,0.149900010067412),
 .UNSPECIFIED.);
#148=B_SPLINE_CURVE_WITH_KNOTS('',3,(#7046,#7047,#7048,#7049,#7050),
 .UNSPECIFIED.,.F.,.F.,(4,1,4),(-0.149900010067412,-0.0733880702875056,
0.),.UNSPECIFIED.);
#149=B_SPLINE_CURVE_WITH_KNOTS('',3,(#7063,#7064,#7065,#7066,#7067),
 .UNSPECIFIED.,.F.,.F.,(4,1,4),(0.,0.0783445223692298,0.158903047992126),
 .UNSPECIFIED.);
#150=B_SPLINE_CURVE_WITH_KNOTS('',3,(#7069,#7070,#7071,#7072,#7073),
 .UNSPECIFIED.,.F.,.F.,(4,1,4),(-0.158903047992126,-0.0783445223692298,
0.),.UNSPECIFIED.);
#151=B_SPLINE_CURVE_WITH_KNOTS('',3,(#7086,#7087,#7088,#7089,#7090),
 .UNSPECIFIED.,.F.,.F.,(4,1,4),(0.,0.0838951656527431,0.172975630057708),
 .UNSPECIFIED.);
#152=B_SPLINE_CURVE_WITH_KNOTS('',3,(#7092,#7093,#7094,#7095,#7096),
 .UNSPECIFIED.,.F.,.F.,(4,1,4),(-0.172975630057708,-0.0838951656527431,
0.),.UNSPECIFIED.);
#153=B_SPLINE_CURVE_WITH_KNOTS('',3,(#7109,#7110,#7111,#7112,#7113),
 .UNSPECIFIED.,.F.,.F.,(4,1,4),(0.,0.0956163908777278,0.197810392921454),
 .UNSPECIFIED.);
#154=B_SPLINE_CURVE_WITH_KNOTS('',3,(#7115,#7116,#7117,#7118,#7119),
 .UNSPECIFIED.,.F.,.F.,(4,1,4),(-0.197810392921454,-0.0956163908777278,
0.),.UNSPECIFIED.);
#155=B_SPLINE_CURVE_WITH_KNOTS('',3,(#7132,#7133,#7134,#7135,#7136),
 .UNSPECIFIED.,.F.,.F.,(4,1,4),(0.,0.125135676297765,0.232080096844355),
 .UNSPECIFIED.);
#156=B_SPLINE_CURVE_WITH_KNOTS('',3,(#7138,#7139,#7140,#7141,#7142),
 .UNSPECIFIED.,.F.,.F.,(4,1,4),(-0.232080096844355,-0.125135676297765,0.),
 .UNSPECIFIED.);
#157=B_SPLINE_CURVE_WITH_KNOTS('',3,(#7155,#7156,#7157,#7158,#7159),
 .UNSPECIFIED.,.F.,.F.,(4,1,4),(0.,0.0956790352205747,0.188857663838392),
 .UNSPECIFIED.);
#158=B_SPLINE_CURVE_WITH_KNOTS('',3,(#7161,#7162,#7163,#7164,#7165),
 .UNSPECIFIED.,.F.,.F.,(4,1,4),(-0.188857663838392,-0.0956790352205747,
0.),.UNSPECIFIED.);
#159=B_SPLINE_CURVE_WITH_KNOTS('',3,(#7177,#7178,#7179,#7180,#7181),
 .UNSPECIFIED.,.F.,.F.,(4,1,4),(0.,0.0935651144537266,0.189827224370903),
 .UNSPECIFIED.);
#160=B_SPLINE_CURVE_WITH_KNOTS('',3,(#7182,#7183,#7184,#7185,#7186),
 .UNSPECIFIED.,.F.,.F.,(4,1,4),(-0.189827224370903,-0.0935651144537266,
0.),.UNSPECIFIED.);
#161=B_SPLINE_CURVE_WITH_KNOTS('',3,(#7233,#7234,#7235,#7236,#7237),
 .UNSPECIFIED.,.F.,.F.,(4,1,4),(0.,0.081503791990215,0.146356519209801),
 .UNSPECIFIED.);
#162=B_SPLINE_CURVE_WITH_KNOTS('',3,(#7239,#7240,#7241,#7242,#7243),
 .UNSPECIFIED.,.F.,.F.,(4,1,4),(-0.146356519209801,-0.081503791990215,0.),
 .UNSPECIFIED.);
#163=B_SPLINE_CURVE_WITH_KNOTS('',3,(#7256,#7257,#7258,#7259,#7260),
 .UNSPECIFIED.,.F.,.F.,(4,1,4),(0.,0.0858386069476378,0.17242880700158),
 .UNSPECIFIED.);
#164=B_SPLINE_CURVE_WITH_KNOTS('',3,(#7262,#7263,#7264,#7265,#7266),
 .UNSPECIFIED.,.F.,.F.,(4,1,4),(-0.17242880700158,-0.0858386069476378,0.),
 .UNSPECIFIED.);
#165=B_SPLINE_CURVE_WITH_KNOTS('',3,(#7279,#7280,#7281,#7282,#7283),
 .UNSPECIFIED.,.F.,.F.,(4,1,4),(0.,0.0791240079989,0.156242843503925),
 .UNSPECIFIED.);
#166=B_SPLINE_CURVE_WITH_KNOTS('',3,(#7285,#7286,#7287,#7288,#7289),
 .UNSPECIFIED.,.F.,.F.,(4,1,4),(-0.156242843503925,-0.0791240079989,0.),
 .UNSPECIFIED.);
#167=B_SPLINE_CURVE_WITH_KNOTS('',3,(#7301,#7302,#7303,#7304,#7305),
 .UNSPECIFIED.,.F.,.F.,(4,1,4),(0.,0.0798866946382736,0.167247072241773),
 .UNSPECIFIED.);
#168=B_SPLINE_CURVE_WITH_KNOTS('',3,(#7306,#7307,#7308,#7309,#7310),
 .UNSPECIFIED.,.F.,.F.,(4,1,4),(-0.167247072241773,-0.0798866946382736,
0.),.UNSPECIFIED.);
#169=B_SPLINE_CURVE_WITH_KNOTS('',3,(#7331,#7332,#7333,#7334,#7335),
 .UNSPECIFIED.,.F.,.F.,(4,1,4),(0.,0.10761667690737,0.208257950867343),
 .UNSPECIFIED.);
#170=B_SPLINE_CURVE_WITH_KNOTS('',3,(#7337,#7338,#7339,#7340,#7341),
 .UNSPECIFIED.,.F.,.F.,(4,1,4),(-0.208257950867343,-0.10761667690737,0.),
 .UNSPECIFIED.);
#171=B_SPLINE_CURVE_WITH_KNOTS('',3,(#7354,#7355,#7356,#7357,#7358),
 .UNSPECIFIED.,.F.,.F.,(4,1,4),(0.,0.103261967180955,0.219220658189223),
 .UNSPECIFIED.);
#172=B_SPLINE_CURVE_WITH_KNOTS('',3,(#7360,#7361,#7362,#7363,#7364),
 .UNSPECIFIED.,.F.,.F.,(4,1,4),(-0.219220658189223,-0.103261967180955,0.),
 .UNSPECIFIED.);
#173=B_SPLINE_CURVE_WITH_KNOTS('',3,(#7377,#7378,#7379,#7380,#7381),
 .UNSPECIFIED.,.F.,.F.,(4,1,4),(0.,0.144565910587593,0.276454073250248),
 .UNSPECIFIED.);
#174=B_SPLINE_CURVE_WITH_KNOTS('',3,(#7383,#7384,#7385,#7386,#7387),
 .UNSPECIFIED.,.F.,.F.,(4,1,4),(-0.276454073250248,-0.144565910587593,0.),
 .UNSPECIFIED.);
#175=B_SPLINE_CURVE_WITH_KNOTS('',3,(#7400,#7401,#7402,#7403,#7404),
 .UNSPECIFIED.,.F.,.F.,(4,1,4),(0.,0.136755659209686,0.295446934493481),
 .UNSPECIFIED.);
#176=B_SPLINE_CURVE_WITH_KNOTS('',3,(#7406,#7407,#7408,#7409,#7410),
 .UNSPECIFIED.,.F.,.F.,(4,1,4),(-0.295446934493481,-0.136755659209686,0.),
 .UNSPECIFIED.);
#177=B_SPLINE_CURVE_WITH_KNOTS('',3,(#7423,#7424,#7425,#7426,#7427),
 .UNSPECIFIED.,.F.,.F.,(4,1,4),(0.,0.164043341691686,0.304495936833343),
 .UNSPECIFIED.);
#178=B_SPLINE_CURVE_WITH_KNOTS('',3,(#7429,#7430,#7431,#7432,#7433),
 .UNSPECIFIED.,.F.,.F.,(4,1,4),(-0.304495936833343,-0.164043341691686,0.),
 .UNSPECIFIED.);
#179=B_SPLINE_CURVE_WITH_KNOTS('',3,(#7446,#7447,#7448,#7449,#7450),
 .UNSPECIFIED.,.F.,.F.,(4,1,4),(0.,0.131993568792442,0.270398775198888),
 .UNSPECIFIED.);
#180=B_SPLINE_CURVE_WITH_KNOTS('',3,(#7452,#7453,#7454,#7455,#7456),
 .UNSPECIFIED.,.F.,.F.,(4,1,4),(-0.270398775198888,-0.131993568792442,0.),
 .UNSPECIFIED.);
#181=B_SPLINE_CURVE_WITH_KNOTS('',3,(#7469,#7470,#7471,#7472,#7473),
 .UNSPECIFIED.,.F.,.F.,(4,1,4),(0.,0.134288066066595,0.263166697533859),
 .UNSPECIFIED.);
#182=B_SPLINE_CURVE_WITH_KNOTS('',3,(#7475,#7476,#7477,#7478,#7479),
 .UNSPECIFIED.,.F.,.F.,(4,1,4),(-0.263166697533859,-0.134288066066595,0.),
 .UNSPECIFIED.);
#183=B_SPLINE_CURVE_WITH_KNOTS('',3,(#7492,#7493,#7494,#7495,#7496),
 .UNSPECIFIED.,.F.,.F.,(4,1,4),(0.,0.137617295583108,0.298549397049263),
 .UNSPECIFIED.);
#184=B_SPLINE_CURVE_WITH_KNOTS('',3,(#7498,#7499,#7500,#7501,#7502),
 .UNSPECIFIED.,.F.,.F.,(4,1,4),(-0.298549397049263,-0.137617295583108,0.),
 .UNSPECIFIED.);
#185=B_SPLINE_CURVE_WITH_KNOTS('',3,(#7515,#7516,#7517,#7518,#7519),
 .UNSPECIFIED.,.F.,.F.,(4,1,4),(0.,0.0136436174962033,0.0327500625051732),
 .UNSPECIFIED.);
#186=B_SPLINE_CURVE_WITH_KNOTS('',3,(#7521,#7522,#7523,#7524,#7525),
 .UNSPECIFIED.,.F.,.F.,(4,1,4),(-0.0327500625051732,-0.0136436174962033,
0.),.UNSPECIFIED.);
#187=B_SPLINE_CURVE_WITH_KNOTS('',3,(#7544,#7545,#7546,#7547,#7548),
 .UNSPECIFIED.,.F.,.F.,(4,1,4),(0.,0.107324887136278,0.198019249617392),
 .UNSPECIFIED.);
#188=B_SPLINE_CURVE_WITH_KNOTS('',3,(#7550,#7551,#7552,#7553,#7554),
 .UNSPECIFIED.,.F.,.F.,(4,1,4),(-0.198019249617392,-0.107324887136278,0.),
 .UNSPECIFIED.);
#189=B_SPLINE_CURVE_WITH_KNOTS('',3,(#7567,#7568,#7569,#7570,#7571),
 .UNSPECIFIED.,.F.,.F.,(4,1,4),(0.,0.0831668247843591,0.167884078798029),
 .UNSPECIFIED.);
#190=B_SPLINE_CURVE_WITH_KNOTS('',3,(#7573,#7574,#7575,#7576,#7577),
 .UNSPECIFIED.,.F.,.F.,(4,1,4),(-0.167884078798029,-0.0831668247843591,
0.),.UNSPECIFIED.);
#191=B_SPLINE_CURVE_WITH_KNOTS('',3,(#7590,#7591,#7592,#7593,#7594),
 .UNSPECIFIED.,.F.,.F.,(4,1,4),(0.,0.0632104685997126,0.122239361199419),
 .UNSPECIFIED.);
#192=B_SPLINE_CURVE_WITH_KNOTS('',3,(#7596,#7597,#7598,#7599,#7600),
 .UNSPECIFIED.,.F.,.F.,(4,1,4),(-0.122239361199419,-0.0632104685997126,
0.),.UNSPECIFIED.);
#193=B_SPLINE_CURVE_WITH_KNOTS('',3,(#7612,#7613,#7614,#7615,#7616),
 .UNSPECIFIED.,.F.,.F.,(4,1,4),(0.,0.0628661920406909,0.137683989249252),
 .UNSPECIFIED.);
#194=B_SPLINE_CURVE_WITH_KNOTS('',3,(#7617,#7618,#7619,#7620,#7621),
 .UNSPECIFIED.,.F.,.F.,(4,1,4),(-0.137683989249252,-0.0628661920406909,
0.),.UNSPECIFIED.);
#195=B_SPLINE_CURVE_WITH_KNOTS('',3,(#7644,#7645,#7646,#7647,#7648),
 .UNSPECIFIED.,.F.,.F.,(4,1,4),(0.,0.0497907235540038,0.0935322522194925),
 .UNSPECIFIED.);
#196=B_SPLINE_CURVE_WITH_KNOTS('',3,(#7650,#7651,#7652,#7653,#7654),
 .UNSPECIFIED.,.F.,.F.,(4,1,4),(-0.0935322522194925,-0.0497907235540038,
0.),.UNSPECIFIED.);
#197=B_SPLINE_CURVE_WITH_KNOTS('',3,(#7667,#7668,#7669,#7670,#7671),
 .UNSPECIFIED.,.F.,.F.,(4,1,4),(0.,0.059580237957698,0.106669531508746),
 .UNSPECIFIED.);
#198=B_SPLINE_CURVE_WITH_KNOTS('',3,(#7673,#7674,#7675,#7676,#7677),
 .UNSPECIFIED.,.F.,.F.,(4,1,4),(-0.106669531508746,-0.059580237957698,0.),
 .UNSPECIFIED.);
#199=B_SPLINE_CURVE_WITH_KNOTS('',3,(#7690,#7691,#7692,#7693,#7694),
 .UNSPECIFIED.,.F.,.F.,(4,1,4),(0.,0.0397921522082957,0.0770392990940713),
 .UNSPECIFIED.);
#200=B_SPLINE_CURVE_WITH_KNOTS('',3,(#7696,#7697,#7698,#7699,#7700),
 .UNSPECIFIED.,.F.,.F.,(4,1,4),(-0.0770392990940713,-0.0397921522082957,
0.),.UNSPECIFIED.);
#201=B_SPLINE_CURVE_WITH_KNOTS('',3,(#7713,#7714,#7715,#7716,#7717),
 .UNSPECIFIED.,.F.,.F.,(4,1,4),(0.,0.0546335291403978,0.146200928131145),
 .UNSPECIFIED.);
#202=B_SPLINE_CURVE_WITH_KNOTS('',3,(#7719,#7720,#7721,#7722,#7723),
 .UNSPECIFIED.,.F.,.F.,(4,1,4),(-0.146200928131145,-0.0546335291403978,
0.),.UNSPECIFIED.);
#203=B_SPLINE_CURVE_WITH_KNOTS('',3,(#7802,#7803,#7804,#7805,#7806),
 .UNSPECIFIED.,.F.,.F.,(4,1,4),(0.,0.0431749622071468,0.0680406822043496),
 .UNSPECIFIED.);
#204=B_SPLINE_CURVE_WITH_KNOTS('',3,(#7808,#7809,#7810,#7811,#7812),
 .UNSPECIFIED.,.F.,.F.,(4,1,4),(-0.0680406822043496,-0.0431749622071468,
0.),.UNSPECIFIED.);
#205=B_SPLINE_CURVE_WITH_KNOTS('',3,(#7825,#7826,#7827,#7828,#7829),
 .UNSPECIFIED.,.F.,.F.,(4,1,4),(0.,0.0159441635615633,0.0322980746704565),
 .UNSPECIFIED.);
#206=B_SPLINE_CURVE_WITH_KNOTS('',3,(#7831,#7832,#7833,#7834,#7835),
 .UNSPECIFIED.,.F.,.F.,(4,1,4),(-0.0322980746704565,-0.0159441635615633,
0.),.UNSPECIFIED.);
#207=B_SPLINE_CURVE_WITH_KNOTS('',3,(#7848,#7849,#7850,#7851,#7852),
 .UNSPECIFIED.,.F.,.F.,(4,1,4),(0.,0.0190209984633334,0.0432524926321505),
 .UNSPECIFIED.);
#208=B_SPLINE_CURVE_WITH_KNOTS('',3,(#7854,#7855,#7856,#7857,#7858),
 .UNSPECIFIED.,.F.,.F.,(4,1,4),(-0.0432524926321505,-0.0190209984633334,
0.),.UNSPECIFIED.);
#209=B_SPLINE_CURVE_WITH_KNOTS('',3,(#7870,#7871,#7872,#7873,#7874),
 .UNSPECIFIED.,.F.,.F.,(4,1,4),(0.,0.0237345627457687,0.0541300708359824),
 .UNSPECIFIED.);
#210=B_SPLINE_CURVE_WITH_KNOTS('',3,(#7875,#7876,#7877,#7878,#7879),
 .UNSPECIFIED.,.F.,.F.,(4,1,4),(-0.0541300708359824,-0.0237345627457687,
0.),.UNSPECIFIED.);
#211=B_SPLINE_CURVE_WITH_KNOTS('',3,(#7901,#7902,#7903,#7904,#7905),
 .UNSPECIFIED.,.F.,.F.,(4,1,4),(0.,0.0673043672973322,0.127814267735121),
 .UNSPECIFIED.);
#212=B_SPLINE_CURVE_WITH_KNOTS('',3,(#7907,#7908,#7909,#7910,#7911),
 .UNSPECIFIED.,.F.,.F.,(4,1,4),(-0.127814267735121,-0.0673043672973322,
0.),.UNSPECIFIED.);
#213=B_SPLINE_CURVE_WITH_KNOTS('',3,(#7924,#7925,#7926,#7927,#7928),
 .UNSPECIFIED.,.F.,.F.,(4,1,4),(0.,0.0631551948361298,0.138393588477396),
 .UNSPECIFIED.);
#214=B_SPLINE_CURVE_WITH_KNOTS('',3,(#7930,#7931,#7932,#7933,#7934),
 .UNSPECIFIED.,.F.,.F.,(4,1,4),(-0.138393588477396,-0.0631551948361298,
0.),.UNSPECIFIED.);
#215=B_SPLINE_CURVE_WITH_KNOTS('',3,(#7947,#7948,#7949,#7950,#7951),
 .UNSPECIFIED.,.F.,.F.,(4,1,4),(0.,0.0741715634583177,0.132093891466205),
 .UNSPECIFIED.);
#216=B_SPLINE_CURVE_WITH_KNOTS('',3,(#7953,#7954,#7955,#7956,#7957),
 .UNSPECIFIED.,.F.,.F.,(4,1,4),(-0.132093891466205,-0.0741715634583177,
0.),.UNSPECIFIED.);
#217=B_SPLINE_CURVE_WITH_KNOTS('',3,(#7970,#7971,#7972,#7973,#7974),
 .UNSPECIFIED.,.F.,.F.,(4,1,4),(0.,0.0484083943425784,0.0929986237584526),
 .UNSPECIFIED.);
#218=B_SPLINE_CURVE_WITH_KNOTS('',3,(#7976,#7977,#7978,#7979,#7980),
 .UNSPECIFIED.,.F.,.F.,(4,1,4),(-0.0929986237584526,-0.0484083943425784,
0.),.UNSPECIFIED.);
#219=B_SPLINE_CURVE_WITH_KNOTS('',3,(#7993,#7994,#7995,#7996,#7997),
 .UNSPECIFIED.,.F.,.F.,(4,1,4),(0.,0.0382589792117733,0.0774578551618362),
 .UNSPECIFIED.);
#220=B_SPLINE_CURVE_WITH_KNOTS('',3,(#7999,#8000,#8001,#8002,#8003),
 .UNSPECIFIED.,.F.,.F.,(4,1,4),(-0.0774578551618362,-0.0382589792117733,
0.),.UNSPECIFIED.);
#221=B_SPLINE_CURVE_WITH_KNOTS('',3,(#8016,#8017,#8018,#8019,#8020),
 .UNSPECIFIED.,.F.,.F.,(4,1,4),(0.,0.0477626979439927,0.132465677304449),
 .UNSPECIFIED.);
#222=B_SPLINE_CURVE_WITH_KNOTS('',3,(#8022,#8023,#8024,#8025,#8026),
 .UNSPECIFIED.,.F.,.F.,(4,1,4),(-0.132465677304449,-0.0477626979439927,
0.),.UNSPECIFIED.);
#223=B_SPLINE_CURVE_WITH_KNOTS('',3,(#8039,#8040,#8041,#8042,#8043),
 .UNSPECIFIED.,.F.,.F.,(4,1,4),(0.,0.118682517440957,0.196493594849862),
 .UNSPECIFIED.);
#224=B_SPLINE_CURVE_WITH_KNOTS('',3,(#8045,#8046,#8047,#8048,#8049),
 .UNSPECIFIED.,.F.,.F.,(4,1,4),(-0.196493594849862,-0.118682517440957,0.),
 .UNSPECIFIED.);
#225=B_SPLINE_CURVE_WITH_KNOTS('',3,(#8062,#8063,#8064,#8065,#8066),
 .UNSPECIFIED.,.F.,.F.,(4,1,4),(0.,0.054633398929602,0.106055230128558),
 .UNSPECIFIED.);
#226=B_SPLINE_CURVE_WITH_KNOTS('',3,(#8068,#8069,#8070,#8071,#8072),
 .UNSPECIFIED.,.F.,.F.,(4,1,4),(-0.106055230128558,-0.054633398929602,0.),
 .UNSPECIFIED.);
#227=B_SPLINE_CURVE_WITH_KNOTS('',3,(#8085,#8086,#8087,#8088,#8089),
 .UNSPECIFIED.,.F.,.F.,(4,1,4),(0.,0.0505174972993469,0.101865015143463),
 .UNSPECIFIED.);
#228=B_SPLINE_CURVE_WITH_KNOTS('',3,(#8091,#8092,#8093,#8094,#8095),
 .UNSPECIFIED.,.F.,.F.,(4,1,4),(-0.101865015143463,-0.0505174972993469,
0.),.UNSPECIFIED.);
#229=B_SPLINE_CURVE_WITH_KNOTS('',3,(#8108,#8109,#8110,#8111,#8112),
 .UNSPECIFIED.,.F.,.F.,(4,1,4),(0.,0.0469685983754134,0.0931267508087865),
 .UNSPECIFIED.);
#230=B_SPLINE_CURVE_WITH_KNOTS('',3,(#8114,#8115,#8116,#8117,#8118),
 .UNSPECIFIED.,.F.,.F.,(4,1,4),(-0.0931267508087865,-0.0469685983754134,
0.),.UNSPECIFIED.);
#231=B_SPLINE_CURVE_WITH_KNOTS('',3,(#8131,#8132,#8133,#8134,#8135),
 .UNSPECIFIED.,.F.,.F.,(4,1,4),(0.,0.0459567530476973,0.0919625997971848),
 .UNSPECIFIED.);
#232=B_SPLINE_CURVE_WITH_KNOTS('',3,(#8137,#8138,#8139,#8140,#8141),
 .UNSPECIFIED.,.F.,.F.,(4,1,4),(-0.0919625997971848,-0.0459567530476973,
0.),.UNSPECIFIED.);
#233=B_SPLINE_CURVE_WITH_KNOTS('',3,(#8154,#8155,#8156,#8157,#8158),
 .UNSPECIFIED.,.F.,.F.,(4,1,4),(0.,0.039078485868669,0.0862329681422909),
 .UNSPECIFIED.);
#234=B_SPLINE_CURVE_WITH_KNOTS('',3,(#8160,#8161,#8162,#8163,#8164),
 .UNSPECIFIED.,.F.,.F.,(4,1,4),(-0.0862329681422909,-0.039078485868669,
0.),.UNSPECIFIED.);
#235=B_SPLINE_CURVE_WITH_KNOTS('',3,(#8177,#8178,#8179,#8180,#8181),
 .UNSPECIFIED.,.F.,.F.,(4,1,4),(0.,0.0524123609625481,0.107360603788767),
 .UNSPECIFIED.);
#236=B_SPLINE_CURVE_WITH_KNOTS('',3,(#8183,#8184,#8185,#8186,#8187),
 .UNSPECIFIED.,.F.,.F.,(4,1,4),(-0.107360603788767,-0.0524123609625481,
0.),.UNSPECIFIED.);
#237=B_SPLINE_CURVE_WITH_KNOTS('',3,(#8200,#8201,#8202,#8203,#8204),
 .UNSPECIFIED.,.F.,.F.,(4,1,4),(0.,0.0802997914631077,0.152355400808161),
 .UNSPECIFIED.);
#238=B_SPLINE_CURVE_WITH_KNOTS('',3,(#8206,#8207,#8208,#8209,#8210),
 .UNSPECIFIED.,.F.,.F.,(4,1,4),(-0.152355400808161,-0.0802997914631077,
0.),.UNSPECIFIED.);
#239=B_SPLINE_CURVE_WITH_KNOTS('',3,(#8223,#8224,#8225,#8226,#8227),
 .UNSPECIFIED.,.F.,.F.,(4,1,4),(0.,0.0630375080503729,0.117311503562696),
 .UNSPECIFIED.);
#240=B_SPLINE_CURVE_WITH_KNOTS('',3,(#8229,#8230,#8231,#8232,#8233),
 .UNSPECIFIED.,.F.,.F.,(4,1,4),(-0.117311503562696,-0.0630375080503729,
0.),.UNSPECIFIED.);
#241=B_SPLINE_CURVE_WITH_KNOTS('',3,(#8246,#8247,#8248,#8249,#8250),
 .UNSPECIFIED.,.F.,.F.,(4,1,4),(0.,0.0554581773535166,0.120726834131023),
 .UNSPECIFIED.);
#242=B_SPLINE_CURVE_WITH_KNOTS('',3,(#8252,#8253,#8254,#8255,#8256),
 .UNSPECIFIED.,.F.,.F.,(4,1,4),(-0.120726834131023,-0.0554581773535166,
0.),.UNSPECIFIED.);
#243=B_SPLINE_CURVE_WITH_KNOTS('',3,(#8275,#8276,#8277,#8278,#8279),
 .UNSPECIFIED.,.F.,.F.,(4,1,4),(0.,0.0522859113354038,0.101249777283621),
 .UNSPECIFIED.);
#244=B_SPLINE_CURVE_WITH_KNOTS('',3,(#8281,#8282,#8283,#8284,#8285),
 .UNSPECIFIED.,.F.,.F.,(4,1,4),(-0.101249777283621,-0.0522859113354038,
0.),.UNSPECIFIED.);
#245=B_SPLINE_CURVE_WITH_KNOTS('',3,(#8298,#8299,#8300,#8301,#8302),
 .UNSPECIFIED.,.F.,.F.,(4,1,4),(0.,0.0528509361245201,0.116856748838241),
 .UNSPECIFIED.);
#246=B_SPLINE_CURVE_WITH_KNOTS('',3,(#8304,#8305,#8306,#8307,#8308),
 .UNSPECIFIED.,.F.,.F.,(4,1,4),(-0.116856748838241,-0.0528509361245201,
0.),.UNSPECIFIED.);
#247=B_SPLINE_CURVE_WITH_KNOTS('',3,(#8321,#8322,#8323,#8324,#8325),
 .UNSPECIFIED.,.F.,.F.,(4,1,4),(0.,0.0728128559683475,0.125434756790954),
 .UNSPECIFIED.);
#248=B_SPLINE_CURVE_WITH_KNOTS('',3,(#8327,#8328,#8329,#8330,#8331),
 .UNSPECIFIED.,.F.,.F.,(4,1,4),(-0.125434756790954,-0.0728128559683475,
0.),.UNSPECIFIED.);
#249=B_SPLINE_CURVE_WITH_KNOTS('',3,(#8344,#8345,#8346,#8347,#8348),
 .UNSPECIFIED.,.F.,.F.,(4,1,4),(0.,0.0407016732935959,0.0769752175037906),
 .UNSPECIFIED.);
#250=B_SPLINE_CURVE_WITH_KNOTS('',3,(#8350,#8351,#8352,#8353,#8354),
 .UNSPECIFIED.,.F.,.F.,(4,1,4),(-0.0769752175037906,-0.0407016732935959,
0.),.UNSPECIFIED.);
#251=B_SPLINE_CURVE_WITH_KNOTS('',3,(#8367,#8368,#8369,#8370,#8371),
 .UNSPECIFIED.,.F.,.F.,(4,1,4),(0.,0.02298896500722,0.0461945942970223),
 .UNSPECIFIED.);
#252=B_SPLINE_CURVE_WITH_KNOTS('',3,(#8373,#8374,#8375,#8376,#8377),
 .UNSPECIFIED.,.F.,.F.,(4,1,4),(-0.0461945942970223,-0.02298896500722,0.),
 .UNSPECIFIED.);
#253=B_SPLINE_CURVE_WITH_KNOTS('',3,(#8390,#8391,#8392,#8393,#8394),
 .UNSPECIFIED.,.F.,.F.,(4,1,4),(0.,0.0264216964581824,0.0578496452792435),
 .UNSPECIFIED.);
#254=B_SPLINE_CURVE_WITH_KNOTS('',3,(#8396,#8397,#8398,#8399,#8400),
 .UNSPECIFIED.,.F.,.F.,(4,1,4),(-0.0578496452792435,-0.0264216964581824,
0.),.UNSPECIFIED.);
#255=B_SPLINE_CURVE_WITH_KNOTS('',3,(#8413,#8414,#8415,#8416,#8417),
 .UNSPECIFIED.,.F.,.F.,(4,1,4),(0.,0.0380273196787665,0.11291645280668),
 .UNSPECIFIED.);
#256=B_SPLINE_CURVE_WITH_KNOTS('',3,(#8419,#8420,#8421,#8422,#8423),
 .UNSPECIFIED.,.F.,.F.,(4,1,4),(-0.11291645280668,-0.0380273196787665,0.),
 .UNSPECIFIED.);
#257=B_SPLINE_CURVE_WITH_KNOTS('',3,(#8436,#8437,#8438,#8439,#8440),
 .UNSPECIFIED.,.F.,.F.,(4,1,4),(0.,0.115025359444378,0.190592030773444),
 .UNSPECIFIED.);
#258=B_SPLINE_CURVE_WITH_KNOTS('',3,(#8442,#8443,#8444,#8445,#8446),
 .UNSPECIFIED.,.F.,.F.,(4,1,4),(-0.190592030773444,-0.115025359444378,0.),
 .UNSPECIFIED.);
#259=B_SPLINE_CURVE_WITH_KNOTS('',3,(#8459,#8460,#8461,#8462,#8463),
 .UNSPECIFIED.,.F.,.F.,(4,1,4),(0.,0.053404289057264,0.104439510512143),
 .UNSPECIFIED.);
#260=B_SPLINE_CURVE_WITH_KNOTS('',3,(#8465,#8466,#8467,#8468,#8469),
 .UNSPECIFIED.,.F.,.F.,(4,1,4),(-0.104439510512143,-0.053404289057264,0.),
 .UNSPECIFIED.);
#261=B_SPLINE_CURVE_WITH_KNOTS('',3,(#8482,#8483,#8484,#8485,#8486),
 .UNSPECIFIED.,.F.,.F.,(4,1,4),(0.,0.0522632457768359,0.110367641672946),
 .UNSPECIFIED.);
#262=B_SPLINE_CURVE_WITH_KNOTS('',3,(#8488,#8489,#8490,#8491,#8492),
 .UNSPECIFIED.,.F.,.F.,(4,1,4),(-0.110367641672946,-0.0522632457768359,
0.),.UNSPECIFIED.);
#263=B_SPLINE_CURVE_WITH_KNOTS('',3,(#8505,#8506,#8507,#8508,#8509),
 .UNSPECIFIED.,.F.,.F.,(4,1,4),(0.,0.0602696528675264,0.122395219004203),
 .UNSPECIFIED.);
#264=B_SPLINE_CURVE_WITH_KNOTS('',3,(#8511,#8512,#8513,#8514,#8515),
 .UNSPECIFIED.,.F.,.F.,(4,1,4),(-0.122395219004203,-0.0602696528675264,
0.),.UNSPECIFIED.);
#265=B_SPLINE_CURVE_WITH_KNOTS('',3,(#8528,#8529,#8530,#8531,#8532),
 .UNSPECIFIED.,.F.,.F.,(4,1,4),(0.,0.0650075600561553,0.13453987389407),
 .UNSPECIFIED.);
#266=B_SPLINE_CURVE_WITH_KNOTS('',3,(#8534,#8535,#8536,#8537,#8538),
 .UNSPECIFIED.,.F.,.F.,(4,1,4),(-0.13453987389407,-0.0650075600561553,0.),
 .UNSPECIFIED.);
#267=B_SPLINE_CURVE_WITH_KNOTS('',3,(#8551,#8552,#8553,#8554,#8555),
 .UNSPECIFIED.,.F.,.F.,(4,1,4),(0.,0.0753271877451486,0.156498869954231),
 .UNSPECIFIED.);
#268=B_SPLINE_CURVE_WITH_KNOTS('',3,(#8557,#8558,#8559,#8560,#8561),
 .UNSPECIFIED.,.F.,.F.,(4,1,4),(-0.156498869954231,-0.0753271877451486,
0.),.UNSPECIFIED.);
#269=B_SPLINE_CURVE_WITH_KNOTS('',3,(#8574,#8575,#8576,#8577,#8578),
 .UNSPECIFIED.,.F.,.F.,(4,1,4),(0.,0.125264966938171,0.226170064468943),
 .UNSPECIFIED.);
#270=B_SPLINE_CURVE_WITH_KNOTS('',3,(#8580,#8581,#8582,#8583,#8584),
 .UNSPECIFIED.,.F.,.F.,(4,1,4),(-0.226170064468943,-0.125264966938171,0.),
 .UNSPECIFIED.);
#271=B_SPLINE_CURVE_WITH_KNOTS('',3,(#8596,#8597,#8598,#8599,#8600),
 .UNSPECIFIED.,.F.,.F.,(4,1,4),(0.,0.0947503550852873,0.201391014785672),
 .UNSPECIFIED.);
#272=B_SPLINE_CURVE_WITH_KNOTS('',3,(#8601,#8602,#8603,#8604,#8605),
 .UNSPECIFIED.,.F.,.F.,(4,1,4),(-0.201391014785672,-0.0947503550852873,
0.),.UNSPECIFIED.);
#273=B_SPLINE_CURVE_WITH_KNOTS('',3,(#8652,#8653,#8654,#8655,#8656),
 .UNSPECIFIED.,.F.,.F.,(4,1,4),(0.,0.0673043672973322,0.127814267735121),
 .UNSPECIFIED.);
#274=B_SPLINE_CURVE_WITH_KNOTS('',3,(#8658,#8659,#8660,#8661,#8662),
 .UNSPECIFIED.,.F.,.F.,(4,1,4),(-0.127814267735121,-0.0673043672973322,
0.),.UNSPECIFIED.);
#275=B_SPLINE_CURVE_WITH_KNOTS('',3,(#8675,#8676,#8677,#8678,#8679),
 .UNSPECIFIED.,.F.,.F.,(4,1,4),(0.,0.0631551948361298,0.138393588477396),
 .UNSPECIFIED.);
#276=B_SPLINE_CURVE_WITH_KNOTS('',3,(#8681,#8682,#8683,#8684,#8685),
 .UNSPECIFIED.,.F.,.F.,(4,1,4),(-0.138393588477396,-0.0631551948361298,
0.),.UNSPECIFIED.);
#277=B_SPLINE_CURVE_WITH_KNOTS('',3,(#8698,#8699,#8700,#8701,#8702),
 .UNSPECIFIED.,.F.,.F.,(4,1,4),(0.,0.0741715634583177,0.132093891466205),
 .UNSPECIFIED.);
#278=B_SPLINE_CURVE_WITH_KNOTS('',3,(#8704,#8705,#8706,#8707,#8708),
 .UNSPECIFIED.,.F.,.F.,(4,1,4),(-0.132093891466205,-0.0741715634583177,
0.),.UNSPECIFIED.);
#279=B_SPLINE_CURVE_WITH_KNOTS('',3,(#8721,#8722,#8723,#8724,#8725),
 .UNSPECIFIED.,.F.,.F.,(4,1,4),(0.,0.0484086967079255,0.0929989261237996),
 .UNSPECIFIED.);
#280=B_SPLINE_CURVE_WITH_KNOTS('',3,(#8727,#8728,#8729,#8730,#8731),
 .UNSPECIFIED.,.F.,.F.,(4,1,4),(-0.0929989261237996,-0.0484086967079255,
0.),.UNSPECIFIED.);
#281=B_SPLINE_CURVE_WITH_KNOTS('',3,(#8744,#8745,#8746,#8747,#8748),
 .UNSPECIFIED.,.F.,.F.,(4,1,4),(0.,0.0382589792117733,0.0774581849980441),
 .UNSPECIFIED.);
#282=B_SPLINE_CURVE_WITH_KNOTS('',3,(#8750,#8751,#8752,#8753,#8754),
 .UNSPECIFIED.,.F.,.F.,(4,1,4),(-0.0774581849980441,-0.0382589792117733,
0.),.UNSPECIFIED.);
#283=B_SPLINE_CURVE_WITH_KNOTS('',3,(#8767,#8768,#8769,#8770,#8771),
 .UNSPECIFIED.,.F.,.F.,(4,1,4),(0.,0.0477626979439927,0.132465677304449),
 .UNSPECIFIED.);
#284=B_SPLINE_CURVE_WITH_KNOTS('',3,(#8773,#8774,#8775,#8776,#8777),
 .UNSPECIFIED.,.F.,.F.,(4,1,4),(-0.132465677304449,-0.0477626979439927,
0.),.UNSPECIFIED.);
#285=B_SPLINE_CURVE_WITH_KNOTS('',3,(#8790,#8791,#8792,#8793,#8794),
 .UNSPECIFIED.,.F.,.F.,(4,1,4),(0.,0.118682517440957,0.196493594849862),
 .UNSPECIFIED.);
#286=B_SPLINE_CURVE_WITH_KNOTS('',3,(#8796,#8797,#8798,#8799,#8800),
 .UNSPECIFIED.,.F.,.F.,(4,1,4),(-0.196493594849862,-0.118682517440957,0.),
 .UNSPECIFIED.);
#287=B_SPLINE_CURVE_WITH_KNOTS('',3,(#8813,#8814,#8815,#8816,#8817),
 .UNSPECIFIED.,.F.,.F.,(4,1,4),(0.,0.054633398929602,0.106055230128558),
 .UNSPECIFIED.);
#288=B_SPLINE_CURVE_WITH_KNOTS('',3,(#8819,#8820,#8821,#8822,#8823),
 .UNSPECIFIED.,.F.,.F.,(4,1,4),(-0.106055230128558,-0.054633398929602,0.),
 .UNSPECIFIED.);
#289=B_SPLINE_CURVE_WITH_KNOTS('',3,(#8836,#8837,#8838,#8839,#8840),
 .UNSPECIFIED.,.F.,.F.,(4,1,4),(0.,0.0505174972993469,0.101865015143463),
 .UNSPECIFIED.);
#290=B_SPLINE_CURVE_WITH_KNOTS('',3,(#8842,#8843,#8844,#8845,#8846),
 .UNSPECIFIED.,.F.,.F.,(4,1,4),(-0.101865015143463,-0.0505174972993469,
0.),.UNSPECIFIED.);
#291=B_SPLINE_CURVE_WITH_KNOTS('',3,(#8859,#8860,#8861,#8862,#8863),
 .UNSPECIFIED.,.F.,.F.,(4,1,4),(0.,0.0469685983754134,0.0931267508087865),
 .UNSPECIFIED.);
#292=B_SPLINE_CURVE_WITH_KNOTS('',3,(#8865,#8866,#8867,#8868,#8869),
 .UNSPECIFIED.,.F.,.F.,(4,1,4),(-0.0931267508087865,-0.0469685983754134,
0.),.UNSPECIFIED.);
#293=B_SPLINE_CURVE_WITH_KNOTS('',3,(#8882,#8883,#8884,#8885,#8886),
 .UNSPECIFIED.,.F.,.F.,(4,1,4),(0.,0.0459567530476973,0.0919625997971848),
 .UNSPECIFIED.);
#294=B_SPLINE_CURVE_WITH_KNOTS('',3,(#8888,#8889,#8890,#8891,#8892),
 .UNSPECIFIED.,.F.,.F.,(4,1,4),(-0.0919625997971848,-0.0459567530476973,
0.),.UNSPECIFIED.);
#295=B_SPLINE_CURVE_WITH_KNOTS('',3,(#8905,#8906,#8907,#8908,#8909),
 .UNSPECIFIED.,.F.,.F.,(4,1,4),(0.,0.039078485868669,0.0862329681422909),
 .UNSPECIFIED.);
#296=B_SPLINE_CURVE_WITH_KNOTS('',3,(#8911,#8912,#8913,#8914,#8915),
 .UNSPECIFIED.,.F.,.F.,(4,1,4),(-0.0862329681422909,-0.039078485868669,
0.),.UNSPECIFIED.);
#297=B_SPLINE_CURVE_WITH_KNOTS('',3,(#8928,#8929,#8930,#8931,#8932),
 .UNSPECIFIED.,.F.,.F.,(4,1,4),(0.,0.0524123609625481,0.107360603788767),
 .UNSPECIFIED.);
#298=B_SPLINE_CURVE_WITH_KNOTS('',3,(#8934,#8935,#8936,#8937,#8938),
 .UNSPECIFIED.,.F.,.F.,(4,1,4),(-0.107360603788767,-0.0524123609625481,
0.),.UNSPECIFIED.);
#299=B_SPLINE_CURVE_WITH_KNOTS('',3,(#8951,#8952,#8953,#8954,#8955),
 .UNSPECIFIED.,.F.,.F.,(4,1,4),(0.,0.0802997914631077,0.152355400808161),
 .UNSPECIFIED.);
#300=B_SPLINE_CURVE_WITH_KNOTS('',3,(#8957,#8958,#8959,#8960,#8961),
 .UNSPECIFIED.,.F.,.F.,(4,1,4),(-0.152355400808161,-0.0802997914631077,
0.),.UNSPECIFIED.);
#301=B_SPLINE_CURVE_WITH_KNOTS('',3,(#8974,#8975,#8976,#8977,#8978),
 .UNSPECIFIED.,.F.,.F.,(4,1,4),(0.,0.0630375080503729,0.117311159713042),
 .UNSPECIFIED.);
#302=B_SPLINE_CURVE_WITH_KNOTS('',3,(#8980,#8981,#8982,#8983,#8984),
 .UNSPECIFIED.,.F.,.F.,(4,1,4),(-0.117311159713042,-0.0630375080503729,
0.),.UNSPECIFIED.);
#303=B_SPLINE_CURVE_WITH_KNOTS('',3,(#8997,#8998,#8999,#9000,#9001),
 .UNSPECIFIED.,.F.,.F.,(4,1,4),(0.,0.0554584002222632,0.120726937396973),
 .UNSPECIFIED.);
#304=B_SPLINE_CURVE_WITH_KNOTS('',3,(#9003,#9004,#9005,#9006,#9007),
 .UNSPECIFIED.,.F.,.F.,(4,1,4),(-0.120726937396973,-0.0554584002222632,
0.),.UNSPECIFIED.);
#305=B_SPLINE_CURVE_WITH_KNOTS('',3,(#9026,#9027,#9028,#9029,#9030),
 .UNSPECIFIED.,.F.,.F.,(4,1,4),(0.,0.0522859113354038,0.101249777283621),
 .UNSPECIFIED.);
#306=B_SPLINE_CURVE_WITH_KNOTS('',3,(#9032,#9033,#9034,#9035,#9036),
 .UNSPECIFIED.,.F.,.F.,(4,1,4),(-0.101249777283621,-0.0522859113354038,
0.),.UNSPECIFIED.);
#307=B_SPLINE_CURVE_WITH_KNOTS('',3,(#9049,#9050,#9051,#9052,#9053),
 .UNSPECIFIED.,.F.,.F.,(4,1,4),(0.,0.0528509361245201,0.116856748838241),
 .UNSPECIFIED.);
#308=B_SPLINE_CURVE_WITH_KNOTS('',3,(#9055,#9056,#9057,#9058,#9059),
 .UNSPECIFIED.,.F.,.F.,(4,1,4),(-0.116856748838241,-0.0528509361245201,
0.),.UNSPECIFIED.);
#309=B_SPLINE_CURVE_WITH_KNOTS('',3,(#9072,#9073,#9074,#9075,#9076),
 .UNSPECIFIED.,.F.,.F.,(4,1,4),(0.,0.0728128559683475,0.125434756790954),
 .UNSPECIFIED.);
#310=B_SPLINE_CURVE_WITH_KNOTS('',3,(#9078,#9079,#9080,#9081,#9082),
 .UNSPECIFIED.,.F.,.F.,(4,1,4),(-0.125434756790954,-0.0728128559683475,
0.),.UNSPECIFIED.);
#311=B_SPLINE_CURVE_WITH_KNOTS('',3,(#9095,#9096,#9097,#9098,#9099),
 .UNSPECIFIED.,.F.,.F.,(4,1,4),(0.,0.0407016732935959,0.0769752175037906),
 .UNSPECIFIED.);
#312=B_SPLINE_CURVE_WITH_KNOTS('',3,(#9101,#9102,#9103,#9104,#9105),
 .UNSPECIFIED.,.F.,.F.,(4,1,4),(-0.0769752175037906,-0.0407016732935959,
0.),.UNSPECIFIED.);
#313=B_SPLINE_CURVE_WITH_KNOTS('',3,(#9118,#9119,#9120,#9121,#9122),
 .UNSPECIFIED.,.F.,.F.,(4,1,4),(0.,0.02298896500722,0.0461945942970223),
 .UNSPECIFIED.);
#314=B_SPLINE_CURVE_WITH_KNOTS('',3,(#9124,#9125,#9126,#9127,#9128),
 .UNSPECIFIED.,.F.,.F.,(4,1,4),(-0.0461945942970223,-0.02298896500722,0.),
 .UNSPECIFIED.);
#315=B_SPLINE_CURVE_WITH_KNOTS('',3,(#9141,#9142,#9143,#9144,#9145),
 .UNSPECIFIED.,.F.,.F.,(4,1,4),(0.,0.0264216964581824,0.0578496452792435),
 .UNSPECIFIED.);
#316=B_SPLINE_CURVE_WITH_KNOTS('',3,(#9147,#9148,#9149,#9150,#9151),
 .UNSPECIFIED.,.F.,.F.,(4,1,4),(-0.0578496452792435,-0.0264216964581824,
0.),.UNSPECIFIED.);
#317=B_SPLINE_CURVE_WITH_KNOTS('',3,(#9164,#9165,#9166,#9167,#9168),
 .UNSPECIFIED.,.F.,.F.,(4,1,4),(0.,0.0380273196787665,0.11291645280668),
 .UNSPECIFIED.);
#318=B_SPLINE_CURVE_WITH_KNOTS('',3,(#9170,#9171,#9172,#9173,#9174),
 .UNSPECIFIED.,.F.,.F.,(4,1,4),(-0.11291645280668,-0.0380273196787665,0.),
 .UNSPECIFIED.);
#319=B_SPLINE_CURVE_WITH_KNOTS('',3,(#9187,#9188,#9189,#9190,#9191),
 .UNSPECIFIED.,.F.,.F.,(4,1,4),(0.,0.115025359444378,0.190592030773444),
 .UNSPECIFIED.);
#320=B_SPLINE_CURVE_WITH_KNOTS('',3,(#9193,#9194,#9195,#9196,#9197),
 .UNSPECIFIED.,.F.,.F.,(4,1,4),(-0.190592030773444,-0.115025359444378,0.),
 .UNSPECIFIED.);
#321=B_SPLINE_CURVE_WITH_KNOTS('',3,(#9210,#9211,#9212,#9213,#9214),
 .UNSPECIFIED.,.F.,.F.,(4,1,4),(0.,0.053404289057264,0.104439510512143),
 .UNSPECIFIED.);
#322=B_SPLINE_CURVE_WITH_KNOTS('',3,(#9216,#9217,#9218,#9219,#9220),
 .UNSPECIFIED.,.F.,.F.,(4,1,4),(-0.104439510512143,-0.053404289057264,0.),
 .UNSPECIFIED.);
#323=B_SPLINE_CURVE_WITH_KNOTS('',3,(#9233,#9234,#9235,#9236,#9237),
 .UNSPECIFIED.,.F.,.F.,(4,1,4),(0.,0.0522632457768359,0.110367641672946),
 .UNSPECIFIED.);
#324=B_SPLINE_CURVE_WITH_KNOTS('',3,(#9239,#9240,#9241,#9242,#9243),
 .UNSPECIFIED.,.F.,.F.,(4,1,4),(-0.110367641672946,-0.0522632457768359,
0.),.UNSPECIFIED.);
#325=B_SPLINE_CURVE_WITH_KNOTS('',3,(#9256,#9257,#9258,#9259,#9260),
 .UNSPECIFIED.,.F.,.F.,(4,1,4),(0.,0.0602696528675264,0.122395219004203),
 .UNSPECIFIED.);
#326=B_SPLINE_CURVE_WITH_KNOTS('',3,(#9262,#9263,#9264,#9265,#9266),
 .UNSPECIFIED.,.F.,.F.,(4,1,4),(-0.122395219004203,-0.0602696528675264,
0.),.UNSPECIFIED.);
#327=B_SPLINE_CURVE_WITH_KNOTS('',3,(#9279,#9280,#9281,#9282,#9283),
 .UNSPECIFIED.,.F.,.F.,(4,1,4),(0.,0.0650078809070158,0.134539786016115),
 .UNSPECIFIED.);
#328=B_SPLINE_CURVE_WITH_KNOTS('',3,(#9285,#9286,#9287,#9288,#9289),
 .UNSPECIFIED.,.F.,.F.,(4,1,4),(-0.134539786016115,-0.0650078809070158,
0.),.UNSPECIFIED.);
#329=B_SPLINE_CURVE_WITH_KNOTS('',3,(#9302,#9303,#9304,#9305,#9306),
 .UNSPECIFIED.,.F.,.F.,(4,1,4),(0.,0.0753271877451486,0.156498869954231),
 .UNSPECIFIED.);
#330=B_SPLINE_CURVE_WITH_KNOTS('',3,(#9308,#9309,#9310,#9311,#9312),
 .UNSPECIFIED.,.F.,.F.,(4,1,4),(-0.156498869954231,-0.0753271877451486,
0.),.UNSPECIFIED.);
#331=B_SPLINE_CURVE_WITH_KNOTS('',3,(#9325,#9326,#9327,#9328,#9329),
 .UNSPECIFIED.,.F.,.F.,(4,1,4),(0.,0.125264966938171,0.226170064468943),
 .UNSPECIFIED.);
#332=B_SPLINE_CURVE_WITH_KNOTS('',3,(#9331,#9332,#9333,#9334,#9335),
 .UNSPECIFIED.,.F.,.F.,(4,1,4),(-0.226170064468943,-0.125264966938171,0.),
 .UNSPECIFIED.);
#333=B_SPLINE_CURVE_WITH_KNOTS('',3,(#9347,#9348,#9349,#9350,#9351),
 .UNSPECIFIED.,.F.,.F.,(4,1,4),(0.,0.0947503550852873,0.201391014785672),
 .UNSPECIFIED.);
#334=B_SPLINE_CURVE_WITH_KNOTS('',3,(#9352,#9353,#9354,#9355,#9356),
 .UNSPECIFIED.,.F.,.F.,(4,1,4),(-0.201391014785672,-0.0947503550852873,
0.),.UNSPECIFIED.);
#335=B_SPLINE_CURVE_WITH_KNOTS('',3,(#9403,#9404,#9405,#9406,#9407),
 .UNSPECIFIED.,.F.,.F.,(4,1,4),(0.,0.0673043672973322,0.127814267735121),
 .UNSPECIFIED.);
#336=B_SPLINE_CURVE_WITH_KNOTS('',3,(#9409,#9410,#9411,#9412,#9413),
 .UNSPECIFIED.,.F.,.F.,(4,1,4),(-0.127814267735121,-0.0673043672973322,
0.),.UNSPECIFIED.);
#337=B_SPLINE_CURVE_WITH_KNOTS('',3,(#9426,#9427,#9428,#9429,#9430),
 .UNSPECIFIED.,.F.,.F.,(4,1,4),(0.,0.0631551948361298,0.138393588477396),
 .UNSPECIFIED.);
#338=B_SPLINE_CURVE_WITH_KNOTS('',3,(#9432,#9433,#9434,#9435,#9436),
 .UNSPECIFIED.,.F.,.F.,(4,1,4),(-0.138393588477396,-0.0631551948361298,
0.),.UNSPECIFIED.);
#339=B_SPLINE_CURVE_WITH_KNOTS('',3,(#9449,#9450,#9451,#9452,#9453),
 .UNSPECIFIED.,.F.,.F.,(4,1,4),(0.,0.0741710898462275,0.132093844630146),
 .UNSPECIFIED.);
#340=B_SPLINE_CURVE_WITH_KNOTS('',3,(#9455,#9456,#9457,#9458,#9459),
 .UNSPECIFIED.,.F.,.F.,(4,1,4),(-0.132093844630146,-0.0741710898462275,
0.),.UNSPECIFIED.);
#341=B_SPLINE_CURVE_WITH_KNOTS('',3,(#9472,#9473,#9474,#9475,#9476),
 .UNSPECIFIED.,.F.,.F.,(4,1,4),(0.,0.0484083943425784,0.0929986237584526),
 .UNSPECIFIED.);
#342=B_SPLINE_CURVE_WITH_KNOTS('',3,(#9478,#9479,#9480,#9481,#9482),
 .UNSPECIFIED.,.F.,.F.,(4,1,4),(-0.0929986237584526,-0.0484083943425784,
0.),.UNSPECIFIED.);
#343=B_SPLINE_CURVE_WITH_KNOTS('',3,(#9495,#9496,#9497,#9498,#9499),
 .UNSPECIFIED.,.F.,.F.,(4,1,4),(0.,0.0382588665647356,0.0774580723510063),
 .UNSPECIFIED.);
#344=B_SPLINE_CURVE_WITH_KNOTS('',3,(#9501,#9502,#9503,#9504,#9505),
 .UNSPECIFIED.,.F.,.F.,(4,1,4),(-0.0774580723510063,-0.0382588665647356,
0.),.UNSPECIFIED.);
#345=B_SPLINE_CURVE_WITH_KNOTS('',3,(#9518,#9519,#9520,#9521,#9522),
 .UNSPECIFIED.,.F.,.F.,(4,1,4),(0.,0.0477622586990308,0.132465696946338),
 .UNSPECIFIED.);
#346=B_SPLINE_CURVE_WITH_KNOTS('',3,(#9524,#9525,#9526,#9527,#9528),
 .UNSPECIFIED.,.F.,.F.,(4,1,4),(-0.132465696946338,-0.0477622586990308,
0.),.UNSPECIFIED.);
#347=B_SPLINE_CURVE_WITH_KNOTS('',3,(#9541,#9542,#9543,#9544,#9545),
 .UNSPECIFIED.,.F.,.F.,(4,1,4),(0.,0.118682517440957,0.196493594849862),
 .UNSPECIFIED.);
#348=B_SPLINE_CURVE_WITH_KNOTS('',3,(#9547,#9548,#9549,#9550,#9551),
 .UNSPECIFIED.,.F.,.F.,(4,1,4),(-0.196493594849862,-0.118682517440957,0.),
 .UNSPECIFIED.);
#349=B_SPLINE_CURVE_WITH_KNOTS('',3,(#9564,#9565,#9566,#9567,#9568),
 .UNSPECIFIED.,.F.,.F.,(4,1,4),(0.,0.054633398929602,0.106055230128558),
 .UNSPECIFIED.);
#350=B_SPLINE_CURVE_WITH_KNOTS('',3,(#9570,#9571,#9572,#9573,#9574),
 .UNSPECIFIED.,.F.,.F.,(4,1,4),(-0.106055230128558,-0.054633398929602,0.),
 .UNSPECIFIED.);
#351=B_SPLINE_CURVE_WITH_KNOTS('',3,(#9587,#9588,#9589,#9590,#9591),
 .UNSPECIFIED.,.F.,.F.,(4,1,4),(0.,0.0505174972993469,0.101865015143463),
 .UNSPECIFIED.);
#352=B_SPLINE_CURVE_WITH_KNOTS('',3,(#9593,#9594,#9595,#9596,#9597),
 .UNSPECIFIED.,.F.,.F.,(4,1,4),(-0.101865015143463,-0.0505174972993469,
0.),.UNSPECIFIED.);
#353=B_SPLINE_CURVE_WITH_KNOTS('',3,(#9610,#9611,#9612,#9613,#9614),
 .UNSPECIFIED.,.F.,.F.,(4,1,4),(0.,0.0469686546395782,0.0931266353065198),
 .UNSPECIFIED.);
#354=B_SPLINE_CURVE_WITH_KNOTS('',3,(#9616,#9617,#9618,#9619,#9620),
 .UNSPECIFIED.,.F.,.F.,(4,1,4),(-0.0931266353065198,-0.0469686546395782,
0.),.UNSPECIFIED.);
#355=B_SPLINE_CURVE_WITH_KNOTS('',3,(#9633,#9634,#9635,#9636,#9637),
 .UNSPECIFIED.,.F.,.F.,(4,1,4),(0.,0.0459567530476973,0.0919625997971848),
 .UNSPECIFIED.);
#356=B_SPLINE_CURVE_WITH_KNOTS('',3,(#9639,#9640,#9641,#9642,#9643),
 .UNSPECIFIED.,.F.,.F.,(4,1,4),(-0.0919625997971848,-0.0459567530476973,
0.),.UNSPECIFIED.);
#357=B_SPLINE_CURVE_WITH_KNOTS('',3,(#9656,#9657,#9658,#9659,#9660),
 .UNSPECIFIED.,.F.,.F.,(4,1,4),(0.,0.0390780728222452,0.0862330025915556),
 .UNSPECIFIED.);
#358=B_SPLINE_CURVE_WITH_KNOTS('',3,(#9662,#9663,#9664,#9665,#9666),
 .UNSPECIFIED.,.F.,.F.,(4,1,4),(-0.0862330025915556,-0.0390780728222452,
0.),.UNSPECIFIED.);
#359=B_SPLINE_CURVE_WITH_KNOTS('',3,(#9679,#9680,#9681,#9682,#9683),
 .UNSPECIFIED.,.F.,.F.,(4,1,4),(0.,0.0524118947439678,0.107360613344654),
 .UNSPECIFIED.);
#360=B_SPLINE_CURVE_WITH_KNOTS('',3,(#9685,#9686,#9687,#9688,#9689),
 .UNSPECIFIED.,.F.,.F.,(4,1,4),(-0.107360613344654,-0.0524118947439678,
0.),.UNSPECIFIED.);
#361=B_SPLINE_CURVE_WITH_KNOTS('',3,(#9702,#9703,#9704,#9705,#9706),
 .UNSPECIFIED.,.F.,.F.,(4,1,4),(0.,0.0802993160215438,0.152355386364467),
 .UNSPECIFIED.);
#362=B_SPLINE_CURVE_WITH_KNOTS('',3,(#9708,#9709,#9710,#9711,#9712),
 .UNSPECIFIED.,.F.,.F.,(4,1,4),(-0.152355386364467,-0.0802993160215438,
0.),.UNSPECIFIED.);
#363=B_SPLINE_CURVE_WITH_KNOTS('',3,(#9725,#9726,#9727,#9728,#9729),
 .UNSPECIFIED.,.F.,.F.,(4,1,4),(0.,0.0630375080503729,0.117311503562696),
 .UNSPECIFIED.);
#364=B_SPLINE_CURVE_WITH_KNOTS('',3,(#9731,#9732,#9733,#9734,#9735),
 .UNSPECIFIED.,.F.,.F.,(4,1,4),(-0.117311503562696,-0.0630375080503729,
0.),.UNSPECIFIED.);
#365=B_SPLINE_CURVE_WITH_KNOTS('',3,(#9748,#9749,#9750,#9751,#9752),
 .UNSPECIFIED.,.F.,.F.,(4,1,4),(0.,0.0554584002222632,0.120726937396973),
 .UNSPECIFIED.);
#366=B_SPLINE_CURVE_WITH_KNOTS('',3,(#9754,#9755,#9756,#9757,#9758),
 .UNSPECIFIED.,.F.,.F.,(4,1,4),(-0.120726937396973,-0.0554584002222632,
0.),.UNSPECIFIED.);
#367=B_SPLINE_CURVE_WITH_KNOTS('',3,(#9777,#9778,#9779,#9780,#9781),
 .UNSPECIFIED.,.F.,.F.,(4,1,4),(0.,0.0522860567522331,0.101249616296326),
 .UNSPECIFIED.);
#368=B_SPLINE_CURVE_WITH_KNOTS('',3,(#9783,#9784,#9785,#9786,#9787),
 .UNSPECIFIED.,.F.,.F.,(4,1,4),(-0.101249616296326,-0.0522860567522331,
0.),.UNSPECIFIED.);
#369=B_SPLINE_CURVE_WITH_KNOTS('',3,(#9800,#9801,#9802,#9803,#9804),
 .UNSPECIFIED.,.F.,.F.,(4,1,4),(0.,0.0528509361245201,0.116856748838241),
 .UNSPECIFIED.);
#370=B_SPLINE_CURVE_WITH_KNOTS('',3,(#9806,#9807,#9808,#9809,#9810),
 .UNSPECIFIED.,.F.,.F.,(4,1,4),(-0.116856748838241,-0.0528509361245201,
0.),.UNSPECIFIED.);
#371=B_SPLINE_CURVE_WITH_KNOTS('',3,(#9823,#9824,#9825,#9826,#9827),
 .UNSPECIFIED.,.F.,.F.,(4,1,4),(0.,0.0728128559683475,0.125434756790954),
 .UNSPECIFIED.);
#372=B_SPLINE_CURVE_WITH_KNOTS('',3,(#9829,#9830,#9831,#9832,#9833),
 .UNSPECIFIED.,.F.,.F.,(4,1,4),(-0.125434756790954,-0.0728128559683475,
0.),.UNSPECIFIED.);
#373=B_SPLINE_CURVE_WITH_KNOTS('',3,(#9846,#9847,#9848,#9849,#9850),
 .UNSPECIFIED.,.F.,.F.,(4,1,4),(0.,0.0407016732935959,0.0769752175037906),
 .UNSPECIFIED.);
#374=B_SPLINE_CURVE_WITH_KNOTS('',3,(#9852,#9853,#9854,#9855,#9856),
 .UNSPECIFIED.,.F.,.F.,(4,1,4),(-0.0769752175037906,-0.0407016732935959,
0.),.UNSPECIFIED.);
#375=B_SPLINE_CURVE_WITH_KNOTS('',3,(#9869,#9870,#9871,#9872,#9873),
 .UNSPECIFIED.,.F.,.F.,(4,1,4),(0.,0.02298896500722,0.0461945942970223),
 .UNSPECIFIED.);
#376=B_SPLINE_CURVE_WITH_KNOTS('',3,(#9875,#9876,#9877,#9878,#9879),
 .UNSPECIFIED.,.F.,.F.,(4,1,4),(-0.0461945942970223,-0.02298896500722,0.),
 .UNSPECIFIED.);
#377=B_SPLINE_CURVE_WITH_KNOTS('',3,(#9892,#9893,#9894,#9895,#9896),
 .UNSPECIFIED.,.F.,.F.,(4,1,4),(0.,0.0264213486834229,0.057849719241152),
 .UNSPECIFIED.);
#378=B_SPLINE_CURVE_WITH_KNOTS('',3,(#9898,#9899,#9900,#9901,#9902),
 .UNSPECIFIED.,.F.,.F.,(4,1,4),(-0.057849719241152,-0.0264213486834229,
0.),.UNSPECIFIED.);
#379=B_SPLINE_CURVE_WITH_KNOTS('',3,(#9915,#9916,#9917,#9918,#9919),
 .UNSPECIFIED.,.F.,.F.,(4,1,4),(0.,0.0380273196787665,0.11291645280668),
 .UNSPECIFIED.);
#380=B_SPLINE_CURVE_WITH_KNOTS('',3,(#9921,#9922,#9923,#9924,#9925),
 .UNSPECIFIED.,.F.,.F.,(4,1,4),(-0.11291645280668,-0.0380273196787665,0.),
 .UNSPECIFIED.);
#381=B_SPLINE_CURVE_WITH_KNOTS('',3,(#9938,#9939,#9940,#9941,#9942),
 .UNSPECIFIED.,.F.,.F.,(4,1,4),(0.,0.115025817894768,0.190592039959926),
 .UNSPECIFIED.);
#382=B_SPLINE_CURVE_WITH_KNOTS('',3,(#9944,#9945,#9946,#9947,#9948),
 .UNSPECIFIED.,.F.,.F.,(4,1,4),(-0.190592039959926,-0.115025817894768,0.),
 .UNSPECIFIED.);
#383=B_SPLINE_CURVE_WITH_KNOTS('',3,(#9961,#9962,#9963,#9964,#9965),
 .UNSPECIFIED.,.F.,.F.,(4,1,4),(0.,0.053404289057264,0.104439510512143),
 .UNSPECIFIED.);
#384=B_SPLINE_CURVE_WITH_KNOTS('',3,(#9967,#9968,#9969,#9970,#9971),
 .UNSPECIFIED.,.F.,.F.,(4,1,4),(-0.104439510512143,-0.053404289057264,0.),
 .UNSPECIFIED.);
#385=B_SPLINE_CURVE_WITH_KNOTS('',3,(#9984,#9985,#9986,#9987,#9988),
 .UNSPECIFIED.,.F.,.F.,(4,1,4),(0.,0.0522634464867332,0.110367842382843),
 .UNSPECIFIED.);
#386=B_SPLINE_CURVE_WITH_KNOTS('',3,(#9990,#9991,#9992,#9993,#9994),
 .UNSPECIFIED.,.F.,.F.,(4,1,4),(-0.110367842382843,-0.0522634464867332,
0.),.UNSPECIFIED.);
#387=B_SPLINE_CURVE_WITH_KNOTS('',3,(#10007,#10008,#10009,#10010,#10011),
 .UNSPECIFIED.,.F.,.F.,(4,1,4),(0.,0.0602695820349142,0.12239556047317),
 .UNSPECIFIED.);
#388=B_SPLINE_CURVE_WITH_KNOTS('',3,(#10013,#10014,#10015,#10016,#10017),
 .UNSPECIFIED.,.F.,.F.,(4,1,4),(-0.12239556047317,-0.0602695820349142,0.),
 .UNSPECIFIED.);
#389=B_SPLINE_CURVE_WITH_KNOTS('',3,(#10030,#10031,#10032,#10033,#10034),
 .UNSPECIFIED.,.F.,.F.,(4,1,4),(0.,0.0650075600561553,0.13453987389407),
 .UNSPECIFIED.);
#390=B_SPLINE_CURVE_WITH_KNOTS('',3,(#10036,#10037,#10038,#10039,#10040),
 .UNSPECIFIED.,.F.,.F.,(4,1,4),(-0.13453987389407,-0.0650075600561553,0.),
 .UNSPECIFIED.);
#391=B_SPLINE_CURVE_WITH_KNOTS('',3,(#10053,#10054,#10055,#10056,#10057),
 .UNSPECIFIED.,.F.,.F.,(4,1,4),(0.,0.0753267321931285,0.156498889243969),
 .UNSPECIFIED.);
#392=B_SPLINE_CURVE_WITH_KNOTS('',3,(#10059,#10060,#10061,#10062,#10063),
 .UNSPECIFIED.,.F.,.F.,(4,1,4),(-0.156498889243969,-0.0753267321931285,
0.),.UNSPECIFIED.);
#393=B_SPLINE_CURVE_WITH_KNOTS('',3,(#10076,#10077,#10078,#10079,#10080),
 .UNSPECIFIED.,.F.,.F.,(4,1,4),(0.,0.125264966938171,0.226170064468943),
 .UNSPECIFIED.);
#394=B_SPLINE_CURVE_WITH_KNOTS('',3,(#10082,#10083,#10084,#10085,#10086),
 .UNSPECIFIED.,.F.,.F.,(4,1,4),(-0.226170064468943,-0.125264966938171,0.),
 .UNSPECIFIED.);
#395=B_SPLINE_CURVE_WITH_KNOTS('',3,(#10098,#10099,#10100,#10101,#10102),
 .UNSPECIFIED.,.F.,.F.,(4,1,4),(0.,0.0947503550852873,0.201391014785672),
 .UNSPECIFIED.);
#396=B_SPLINE_CURVE_WITH_KNOTS('',3,(#10103,#10104,#10105,#10106,#10107),
 .UNSPECIFIED.,.F.,.F.,(4,1,4),(-0.201391014785672,-0.0947503550852873,
0.),.UNSPECIFIED.);
#397=B_SPLINE_CURVE_WITH_KNOTS('',3,(#10135,#10136,#10137,#10138,#10139),
 .UNSPECIFIED.,.F.,.F.,(4,1,4),(0.,0.122238473434692,0.219209367369528),
 .UNSPECIFIED.);
#398=B_SPLINE_CURVE_WITH_KNOTS('',3,(#10141,#10142,#10143,#10144,#10145),
 .UNSPECIFIED.,.F.,.F.,(4,1,4),(-0.219209367369528,-0.122238473434692,0.),
 .UNSPECIFIED.);
#399=B_SPLINE_CURVE_WITH_KNOTS('',3,(#10158,#10159,#10160,#10161,#10162),
 .UNSPECIFIED.,.F.,.F.,(4,1,4),(0.,0.0985652642109005,0.198603009334157),
 .UNSPECIFIED.);
#400=B_SPLINE_CURVE_WITH_KNOTS('',3,(#10164,#10165,#10166,#10167,#10168),
 .UNSPECIFIED.,.F.,.F.,(4,1,4),(-0.198603009334157,-0.0985652642109005,
0.),.UNSPECIFIED.);
#401=B_SPLINE_CURVE_WITH_KNOTS('',3,(#10235,#10236,#10237,#10238,#10239),
 .UNSPECIFIED.,.F.,.F.,(4,1,4),(0.,0.117367284851676,0.237913801435583),
 .UNSPECIFIED.);
#402=B_SPLINE_CURVE_WITH_KNOTS('',3,(#10241,#10242,#10243,#10244,#10245),
 .UNSPECIFIED.,.F.,.F.,(4,1,4),(0.,0.0839870750601529,0.168130830433098),
 .UNSPECIFIED.);
#403=B_SPLINE_CURVE_WITH_KNOTS('',3,(#10247,#10248,#10249,#10250,#10251),
 .UNSPECIFIED.,.F.,.F.,(4,1,4),(0.,0.0861893804841941,0.17624677399965),
 .UNSPECIFIED.);
#404=B_SPLINE_CURVE_WITH_KNOTS('',3,(#10253,#10254,#10255,#10256,#10257),
 .UNSPECIFIED.,.F.,.F.,(4,1,4),(0.,0.0967475382816941,0.202013328388191),
 .UNSPECIFIED.);
#405=B_SPLINE_CURVE_WITH_KNOTS('',3,(#10259,#10260,#10261,#10262,#10263),
 .UNSPECIFIED.,.F.,.F.,(4,1,4),(0.,0.103821866923188,0.201045643036506),
 .UNSPECIFIED.);
#406=B_SPLINE_CURVE_WITH_KNOTS('',3,(#10265,#10266,#10267,#10268,#10269),
 .UNSPECIFIED.,.F.,.F.,(4,1,4),(0.,0.0901615544284563,0.175576274677214),
 .UNSPECIFIED.);
#407=B_SPLINE_CURVE_WITH_KNOTS('',3,(#10271,#10272,#10273,#10274,#10275),
 .UNSPECIFIED.,.F.,.F.,(4,1,4),(0.,0.084314216650605,0.170219531971692),
 .UNSPECIFIED.);
#408=B_SPLINE_CURVE_WITH_KNOTS('',3,(#10277,#10278,#10279,#10280,#10281),
 .UNSPECIFIED.,.F.,.F.,(4,1,4),(0.,0.0622870874738188,0.12081802418515),
 .UNSPECIFIED.);
#409=B_SPLINE_CURVE_WITH_KNOTS('',3,(#10283,#10284,#10285,#10286,#10287),
 .UNSPECIFIED.,.F.,.F.,(4,1,4),(0.,0.0562409085400489,0.110735688596627),
 .UNSPECIFIED.);
#410=B_SPLINE_CURVE_WITH_KNOTS('',3,(#10297,#10298,#10299,#10300,#10301),
 .UNSPECIFIED.,.F.,.F.,(4,1,4),(0.,0.177355425095436,0.326207942829647),
 .UNSPECIFIED.);
#411=B_SPLINE_CURVE_WITH_KNOTS('',3,(#10303,#10304,#10305,#10306,#10307),
 .UNSPECIFIED.,.F.,.F.,(4,1,4),(0.,0.1199775023854,0.245745170816491),
 .UNSPECIFIED.);
#412=B_SPLINE_CURVE_WITH_KNOTS('',3,(#10309,#10310,#10311,#10312,#10313),
 .UNSPECIFIED.,.F.,.F.,(4,1,4),(0.,0.13793166450792,0.268900530819884),
 .UNSPECIFIED.);
#413=B_SPLINE_CURVE_WITH_KNOTS('',3,(#10315,#10316,#10317,#10318,#10319),
 .UNSPECIFIED.,.F.,.F.,(4,1,4),(0.,0.136538670642359,0.292258541835226),
 .UNSPECIFIED.);
#414=B_SPLINE_CURVE_WITH_KNOTS('',3,(#10321,#10322,#10323,#10324,#10325),
 .UNSPECIFIED.,.F.,.F.,(4,1,4),(0.,0.125354247813493,0.225496796135211),
 .UNSPECIFIED.);
#415=B_SPLINE_CURVE_WITH_KNOTS('',3,(#10327,#10328,#10329,#10330,#10331),
 .UNSPECIFIED.,.F.,.F.,(4,1,4),(0.,0.087871306990112,0.176326737404145),
 .UNSPECIFIED.);
#416=B_SPLINE_CURVE_WITH_KNOTS('',3,(#10333,#10334,#10335,#10336,#10337),
 .UNSPECIFIED.,.F.,.F.,(4,1,4),(0.,0.0901721958203958,0.1819930419251),
 .UNSPECIFIED.);
#417=B_SPLINE_CURVE_WITH_KNOTS('',3,(#10339,#10340,#10341,#10342,#10343),
 .UNSPECIFIED.,.F.,.F.,(4,1,4),(0.,0.139679248513255,0.270434265760604),
 .UNSPECIFIED.);
#418=B_SPLINE_CURVE_WITH_KNOTS('',3,(#10344,#10345,#10346,#10347,#10348),
 .UNSPECIFIED.,.F.,.F.,(4,1,4),(0.,0.13826355603767,0.301957143953908),
 .UNSPECIFIED.);
#419=B_SPLINE_CURVE_WITH_KNOTS('',3,(#10357,#10358,#10359,#10360,#10361),
 .UNSPECIFIED.,.F.,.F.,(4,1,4),(0.,0.0757874605419001,0.128905146857802),
 .UNSPECIFIED.);
#420=B_SPLINE_CURVE_WITH_KNOTS('',3,(#10363,#10364,#10365,#10366,#10367),
 .UNSPECIFIED.,.F.,.F.,(4,1,4),(0.,0.0418705579533163,0.0835090931737847),
 .UNSPECIFIED.);
#421=B_SPLINE_CURVE_WITH_KNOTS('',3,(#10369,#10370,#10371,#10372,#10373),
 .UNSPECIFIED.,.F.,.F.,(4,1,4),(0.,0.0633620984235782,0.133550845625124),
 .UNSPECIFIED.);
#422=B_SPLINE_CURVE_WITH_KNOTS('',3,(#10377,#10378,#10379,#10380,#10381),
 .UNSPECIFIED.,.F.,.F.,(4,1,4),(0.,0.0492437248316367,0.0947529092151189),
 .UNSPECIFIED.);
#423=B_SPLINE_CURVE_WITH_KNOTS('',3,(#10383,#10384,#10385,#10386,#10387),
 .UNSPECIFIED.,.F.,.F.,(4,1,4),(0.,0.0386761690622372,0.0773165921252373),
 .UNSPECIFIED.);
#424=B_SPLINE_CURVE_WITH_KNOTS('',3,(#10389,#10390,#10391,#10392,#10393),
 .UNSPECIFIED.,.F.,.F.,(4,1,4),(0.,0.0398661067980699,0.0822766544482755),
 .UNSPECIFIED.);
#425=B_SPLINE_CURVE_WITH_KNOTS('',3,(#10395,#10396,#10397,#10398,#10399),
 .UNSPECIFIED.,.F.,.F.,(4,1,4),(0.,0.0702508771387174,0.145118902151834),
 .UNSPECIFIED.);
#426=B_SPLINE_CURVE_WITH_KNOTS('',3,(#10428,#10429,#10430,#10431,#10432),
 .UNSPECIFIED.,.F.,.F.,(4,1,4),(-0.128905146857802,-0.0757874605419001,
0.),.UNSPECIFIED.);
#427=B_SPLINE_CURVE_WITH_KNOTS('',3,(#10445,#10446,#10447,#10448,#10449),
 .UNSPECIFIED.,.F.,.F.,(4,1,4),(-0.0835090931737847,-0.0418705579533163,
0.),.UNSPECIFIED.);
#428=B_SPLINE_CURVE_WITH_KNOTS('',3,(#10462,#10463,#10464,#10465,#10466),
 .UNSPECIFIED.,.F.,.F.,(4,1,4),(-0.133550845625124,-0.0633620984235782,
0.),.UNSPECIFIED.);
#429=B_SPLINE_CURVE_WITH_KNOTS('',3,(#10483,#10484,#10485,#10486,#10487),
 .UNSPECIFIED.,.F.,.F.,(4,1,4),(-0.0947529092151189,-0.0492437248316367,
0.),.UNSPECIFIED.);
#430=B_SPLINE_CURVE_WITH_KNOTS('',3,(#10500,#10501,#10502,#10503,#10504),
 .UNSPECIFIED.,.F.,.F.,(4,1,4),(-0.0773165921252373,-0.0386761690622372,
0.),.UNSPECIFIED.);
#431=B_SPLINE_CURVE_WITH_KNOTS('',3,(#10517,#10518,#10519,#10520,#10521),
 .UNSPECIFIED.,.F.,.F.,(4,1,4),(-0.0822766544482755,-0.0398661067980699,
0.),.UNSPECIFIED.);
#432=B_SPLINE_CURVE_WITH_KNOTS('',3,(#10534,#10535,#10536,#10537,#10538),
 .UNSPECIFIED.,.F.,.F.,(4,1,4),(-0.145118902151834,-0.0702508771387174,
0.),.UNSPECIFIED.);
#433=B_SPLINE_CURVE_WITH_KNOTS('',3,(#10559,#10560,#10561,#10562,#10563),
 .UNSPECIFIED.,.F.,.F.,(4,1,4),(0.,0.122470680276133,0.219481250417932),
 .UNSPECIFIED.);
#434=B_SPLINE_CURVE_WITH_KNOTS('',3,(#10567,#10568,#10569,#10570,#10571),
 .UNSPECIFIED.,.F.,.F.,(4,1,4),(-0.219481250417932,-0.122470680276133,0.),
 .UNSPECIFIED.);
#435=B_SPLINE_CURVE_WITH_KNOTS('',3,(#10584,#10585,#10586,#10587,#10588),
 .UNSPECIFIED.,.F.,.F.,(4,1,4),(0.,0.0822159911705458,0.158702974942809),
 .UNSPECIFIED.);
#436=B_SPLINE_CURVE_WITH_KNOTS('',3,(#10590,#10591,#10592,#10593,#10594),
 .UNSPECIFIED.,.F.,.F.,(4,1,4),(-0.158702974942809,-0.0822159911705458,
0.),.UNSPECIFIED.);
#437=B_SPLINE_CURVE_WITH_KNOTS('',3,(#10607,#10608,#10609,#10610,#10611),
 .UNSPECIFIED.,.F.,.F.,(4,1,4),(0.,0.0762347393599607,0.155747306874735),
 .UNSPECIFIED.);
#438=B_SPLINE_CURVE_WITH_KNOTS('',3,(#10613,#10614,#10615,#10616,#10617),
 .UNSPECIFIED.,.F.,.F.,(4,1,4),(-0.155747306874735,-0.0762347393599607,
0.),.UNSPECIFIED.);
#439=B_SPLINE_CURVE_WITH_KNOTS('',3,(#10630,#10631,#10632,#10633,#10634),
 .UNSPECIFIED.,.F.,.F.,(4,1,4),(0.,0.0932347650085074,0.211824589122541),
 .UNSPECIFIED.);
#440=B_SPLINE_CURVE_WITH_KNOTS('',3,(#10636,#10637,#10638,#10639,#10640),
 .UNSPECIFIED.,.F.,.F.,(4,1,4),(-0.211824589122541,-0.0932347650085074,
0.),.UNSPECIFIED.);
#441=B_SPLINE_CURVE_WITH_KNOTS('',3,(#10653,#10654,#10655,#10656,#10657),
 .UNSPECIFIED.,.F.,.F.,(4,1,4),(0.,0.129715655380311,0.228870890153788),
 .UNSPECIFIED.);
#442=B_SPLINE_CURVE_WITH_KNOTS('',3,(#10659,#10660,#10661,#10662,#10663),
 .UNSPECIFIED.,.F.,.F.,(4,1,4),(-0.228870890153788,-0.129715655380311,0.),
 .UNSPECIFIED.);
#443=B_SPLINE_CURVE_WITH_KNOTS('',3,(#10676,#10677,#10678,#10679,#10680),
 .UNSPECIFIED.,.F.,.F.,(4,1,4),(0.,0.0825384733748682,0.161723510980715),
 .UNSPECIFIED.);
#444=B_SPLINE_CURVE_WITH_KNOTS('',3,(#10682,#10683,#10684,#10685,#10686),
 .UNSPECIFIED.,.F.,.F.,(4,1,4),(-0.161723510980715,-0.0825384733748682,
0.),.UNSPECIFIED.);
#445=B_SPLINE_CURVE_WITH_KNOTS('',3,(#10699,#10700,#10701,#10702,#10703),
 .UNSPECIFIED.,.F.,.F.,(4,1,4),(0.,0.0769558186741423,0.156416923052964),
 .UNSPECIFIED.);
#446=B_SPLINE_CURVE_WITH_KNOTS('',3,(#10705,#10706,#10707,#10708,#10709),
 .UNSPECIFIED.,.F.,.F.,(4,1,4),(-0.156416923052964,-0.0769558186741423,
0.),.UNSPECIFIED.);
#447=B_SPLINE_CURVE_WITH_KNOTS('',3,(#10721,#10722,#10723,#10724,#10725),
 .UNSPECIFIED.,.F.,.F.,(4,1,4),(0.,0.0954594600104961,0.220872008054482),
 .UNSPECIFIED.);
#448=B_SPLINE_CURVE_WITH_KNOTS('',3,(#10726,#10727,#10728,#10729,#10730),
 .UNSPECIFIED.,.F.,.F.,(4,1,4),(-0.220872008054482,-0.0954594600104961,
0.),.UNSPECIFIED.);
#449=B_SPLINE_CURVE_WITH_KNOTS('',3,(#10748,#10749,#10750,#10751,#10752),
 .UNSPECIFIED.,.F.,.F.,(4,1,4),(-0.237913801435583,-0.117367284851676,0.),
 .UNSPECIFIED.);
#450=B_SPLINE_CURVE_WITH_KNOTS('',3,(#10765,#10766,#10767,#10768,#10769),
 .UNSPECIFIED.,.F.,.F.,(4,1,4),(-0.168130830433098,-0.0839870750601529,
0.),.UNSPECIFIED.);
#451=B_SPLINE_CURVE_WITH_KNOTS('',3,(#10782,#10783,#10784,#10785,#10786),
 .UNSPECIFIED.,.F.,.F.,(4,1,4),(-0.17624677399965,-0.0861893804841941,0.),
 .UNSPECIFIED.);
#452=B_SPLINE_CURVE_WITH_KNOTS('',3,(#10799,#10800,#10801,#10802,#10803),
 .UNSPECIFIED.,.F.,.F.,(4,1,4),(-0.202013328388191,-0.0967475382816941,
0.),.UNSPECIFIED.);
#453=B_SPLINE_CURVE_WITH_KNOTS('',3,(#10816,#10817,#10818,#10819,#10820),
 .UNSPECIFIED.,.F.,.F.,(4,1,4),(-0.201045643036506,-0.103821866923188,0.),
 .UNSPECIFIED.);
#454=B_SPLINE_CURVE_WITH_KNOTS('',3,(#10833,#10834,#10835,#10836,#10837),
 .UNSPECIFIED.,.F.,.F.,(4,1,4),(-0.175576274677214,-0.0901615544284563,
0.),.UNSPECIFIED.);
#455=B_SPLINE_CURVE_WITH_KNOTS('',3,(#10850,#10851,#10852,#10853,#10854),
 .UNSPECIFIED.,.F.,.F.,(4,1,4),(-0.170219531971692,-0.084314216650605,0.),
 .UNSPECIFIED.);
#456=B_SPLINE_CURVE_WITH_KNOTS('',3,(#10867,#10868,#10869,#10870,#10871),
 .UNSPECIFIED.,.F.,.F.,(4,1,4),(-0.12081802418515,-0.0622870874738188,0.),
 .UNSPECIFIED.);
#457=B_SPLINE_CURVE_WITH_KNOTS('',3,(#10884,#10885,#10886,#10887,#10888),
 .UNSPECIFIED.,.F.,.F.,(4,1,4),(-0.110735688596627,-0.0562409085400489,
0.),.UNSPECIFIED.);
#458=B_SPLINE_CURVE_WITH_KNOTS('',3,(#10918,#10919,#10920,#10921,#10922),
 .UNSPECIFIED.,.F.,.F.,(4,1,4),(0.,0.122617536072664,0.220560139628772),
 .UNSPECIFIED.);
#459=B_SPLINE_CURVE_WITH_KNOTS('',3,(#10926,#10927,#10928,#10929,#10930),
 .UNSPECIFIED.,.F.,.F.,(4,1,4),(-0.220560139628772,-0.122617536072664,0.),
 .UNSPECIFIED.);
#460=B_SPLINE_CURVE_WITH_KNOTS('',3,(#10943,#10944,#10945,#10946,#10947),
 .UNSPECIFIED.,.F.,.F.,(4,1,4),(0.,0.086000367536698,0.172002998955604),
 .UNSPECIFIED.);
#461=B_SPLINE_CURVE_WITH_KNOTS('',3,(#10949,#10950,#10951,#10952,#10953),
 .UNSPECIFIED.,.F.,.F.,(4,1,4),(-0.172002998955604,-0.086000367536698,0.),
 .UNSPECIFIED.);
#462=B_SPLINE_CURVE_WITH_KNOTS('',3,(#10966,#10967,#10968,#10969,#10970),
 .UNSPECIFIED.,.F.,.F.,(4,1,4),(0.,0.0855189532341697,0.171538280140278),
 .UNSPECIFIED.);
#463=B_SPLINE_CURVE_WITH_KNOTS('',3,(#10972,#10973,#10974,#10975,#10976),
 .UNSPECIFIED.,.F.,.F.,(4,1,4),(-0.171538280140278,-0.0855189532341697,
0.),.UNSPECIFIED.);
#464=B_SPLINE_CURVE_WITH_KNOTS('',3,(#10989,#10990,#10991,#10992,#10993),
 .UNSPECIFIED.,.F.,.F.,(4,1,4),(0.,0.0989254080081013,0.224166317090203),
 .UNSPECIFIED.);
#465=B_SPLINE_CURVE_WITH_KNOTS('',3,(#10995,#10996,#10997,#10998,#10999),
 .UNSPECIFIED.,.F.,.F.,(4,1,4),(-0.224166317090203,-0.0989254080081013,
0.),.UNSPECIFIED.);
#466=B_SPLINE_CURVE_WITH_KNOTS('',3,(#11012,#11013,#11014,#11015,#11016),
 .UNSPECIFIED.,.F.,.F.,(4,1,4),(0.,0.119075688516835,0.216083501588116),
 .UNSPECIFIED.);
#467=B_SPLINE_CURVE_WITH_KNOTS('',3,(#11018,#11019,#11020,#11021,#11022),
 .UNSPECIFIED.,.F.,.F.,(4,1,4),(-0.216083501588116,-0.119075688516835,0.),
 .UNSPECIFIED.);
#468=B_SPLINE_CURVE_WITH_KNOTS('',3,(#11035,#11036,#11037,#11038,#11039),
 .UNSPECIFIED.,.F.,.F.,(4,1,4),(0.,0.085932403392226,0.171016510024838),
 .UNSPECIFIED.);
#469=B_SPLINE_CURVE_WITH_KNOTS('',3,(#11041,#11042,#11043,#11044,#11045),
 .UNSPECIFIED.,.F.,.F.,(4,1,4),(-0.171016510024838,-0.085932403392226,0.),
 .UNSPECIFIED.);
#470=B_SPLINE_CURVE_WITH_KNOTS('',3,(#11058,#11059,#11060,#11061,#11062),
 .UNSPECIFIED.,.F.,.F.,(4,1,4),(0.,0.0859855175685639,0.171831661105314),
 .UNSPECIFIED.);
#471=B_SPLINE_CURVE_WITH_KNOTS('',3,(#11064,#11065,#11066,#11067,#11068),
 .UNSPECIFIED.,.F.,.F.,(4,1,4),(-0.171831661105314,-0.0859855175685639,
0.),.UNSPECIFIED.);
#472=B_SPLINE_CURVE_WITH_KNOTS('',3,(#11080,#11081,#11082,#11083,#11084),
 .UNSPECIFIED.,.F.,.F.,(4,1,4),(0.,0.0977161247051617,0.22024914119695),
 .UNSPECIFIED.);
#473=B_SPLINE_CURVE_WITH_KNOTS('',3,(#11085,#11086,#11087,#11088,#11089),
 .UNSPECIFIED.,.F.,.F.,(4,1,4),(-0.22024914119695,-0.0977161247051617,0.),
 .UNSPECIFIED.);
#474=B_SPLINE_CURVE_WITH_KNOTS('',3,(#11103,#11104,#11105,#11106,#11107),
 .UNSPECIFIED.,.F.,.F.,(4,1,4),(-0.326207942829647,-0.177355425095436,0.),
 .UNSPECIFIED.);
#475=B_SPLINE_CURVE_WITH_KNOTS('',3,(#11120,#11121,#11122,#11123,#11124),
 .UNSPECIFIED.,.F.,.F.,(4,1,4),(-0.245745170816491,-0.1199775023854,0.),
 .UNSPECIFIED.);
#476=B_SPLINE_CURVE_WITH_KNOTS('',3,(#11137,#11138,#11139,#11140,#11141),
 .UNSPECIFIED.,.F.,.F.,(4,1,4),(-0.268900530819884,-0.13793166450792,0.),
 .UNSPECIFIED.);
#477=B_SPLINE_CURVE_WITH_KNOTS('',3,(#11154,#11155,#11156,#11157,#11158),
 .UNSPECIFIED.,.F.,.F.,(4,1,4),(-0.292258541835226,-0.136538670642359,0.),
 .UNSPECIFIED.);
#478=B_SPLINE_CURVE_WITH_KNOTS('',3,(#11171,#11172,#11173,#11174,#11175),
 .UNSPECIFIED.,.F.,.F.,(4,1,4),(-0.225496796135211,-0.125354247813493,0.),
 .UNSPECIFIED.);
#479=B_SPLINE_CURVE_WITH_KNOTS('',3,(#11188,#11189,#11190,#11191,#11192),
 .UNSPECIFIED.,.F.,.F.,(4,1,4),(-0.176326737404145,-0.087871306990112,0.),
 .UNSPECIFIED.);
#480=B_SPLINE_CURVE_WITH_KNOTS('',3,(#11205,#11206,#11207,#11208,#11209),
 .UNSPECIFIED.,.F.,.F.,(4,1,4),(-0.1819930419251,-0.0901721958203958,0.),
 .UNSPECIFIED.);
#481=B_SPLINE_CURVE_WITH_KNOTS('',3,(#11222,#11223,#11224,#11225,#11226),
 .UNSPECIFIED.,.F.,.F.,(4,1,4),(-0.270434265760604,-0.139679248513255,0.),
 .UNSPECIFIED.);
#482=B_SPLINE_CURVE_WITH_KNOTS('',3,(#11238,#11239,#11240,#11241,#11242),
 .UNSPECIFIED.,.F.,.F.,(4,1,4),(-0.301957143953908,-0.13826355603767,0.),
 .UNSPECIFIED.);
#483=B_SPLINE_SURFACE_WITH_KNOTS('',3,1,((#6425,#6426),(#6427,#6428),(#6429,
#6430),(#6431,#6432),(#6433,#6434)),.UNSPECIFIED.,.F.,.F.,.F.,(4,1,4),(2,
2),(-0.130775224356029,-0.0698729780660153,0.),(0.,0.2),.UNSPECIFIED.);
#484=B_SPLINE_SURFACE_WITH_KNOTS('',3,1,((#6448,#6449),(#6450,#6451),(#6452,
#6453),(#6454,#6455),(#6456,#6457)),.UNSPECIFIED.,.F.,.F.,.F.,(4,1,4),(2,
2),(-0.12846865249571,-0.0600095779698195,0.),(0.,0.2),.UNSPECIFIED.);
#485=B_SPLINE_SURFACE_WITH_KNOTS('',3,1,((#6471,#6472),(#6473,#6474),(#6475,
#6476),(#6477,#6478),(#6479,#6480)),.UNSPECIFIED.,.F.,.F.,.F.,(4,1,4),(2,
2),(-0.157157560034864,-0.0758158829845135,0.),(0.,0.2),.UNSPECIFIED.);
#486=B_SPLINE_SURFACE_WITH_KNOTS('',3,1,((#6494,#6495),(#6496,#6497),(#6498,
#6499),(#6500,#6501),(#6502,#6503)),.UNSPECIFIED.,.F.,.F.,.F.,(4,1,4),(2,
2),(-0.136161951308311,-0.0715042975063759,0.),(0.,0.2),.UNSPECIFIED.);
#487=B_SPLINE_SURFACE_WITH_KNOTS('',3,1,((#6517,#6518),(#6519,#6520),(#6521,
#6522),(#6523,#6524),(#6525,#6526)),.UNSPECIFIED.,.F.,.F.,.F.,(4,1,4),(2,
2),(-0.107218827620665,-0.0571740327173634,0.),(0.,0.2),.UNSPECIFIED.);
#488=B_SPLINE_SURFACE_WITH_KNOTS('',3,1,((#6540,#6541),(#6542,#6543),(#6544,
#6545),(#6546,#6547),(#6548,#6549)),.UNSPECIFIED.,.F.,.F.,.F.,(4,1,4),(2,
2),(-0.0913347379675628,-0.0461825120420049,0.),(0.,0.2),.UNSPECIFIED.);
#489=B_SPLINE_SURFACE_WITH_KNOTS('',3,1,((#6563,#6564),(#6565,#6566),(#6567,
#6568),(#6569,#6570),(#6571,#6572)),.UNSPECIFIED.,.F.,.F.,.F.,(4,1,4),(2,
2),(-0.0878673179734664,-0.0446071582795966,0.),(0.,0.2),.UNSPECIFIED.);
#490=B_SPLINE_SURFACE_WITH_KNOTS('',3,1,((#6586,#6587),(#6588,#6589),(#6590,
#6591),(#6592,#6593),(#6594,#6595)),.UNSPECIFIED.,.F.,.F.,.F.,(4,1,4),(2,
2),(-0.108625347236074,-0.048490558758718,0.),(0.,0.2),.UNSPECIFIED.);
#491=B_SPLINE_SURFACE_WITH_KNOTS('',3,1,((#6609,#6610),(#6611,#6612),(#6613,
#6614),(#6615,#6616),(#6617,#6618)),.UNSPECIFIED.,.F.,.F.,.F.,(4,1,4),(2,
2),(-0.184654136353423,-0.0676665308280695,0.),(0.,0.2),.UNSPECIFIED.);
#492=B_SPLINE_SURFACE_WITH_KNOTS('',3,1,((#6632,#6633),(#6634,#6635),(#6636,
#6637),(#6638,#6639),(#6640,#6641)),.UNSPECIFIED.,.F.,.F.,.F.,(4,1,4),(2,
2),(-0.203186457484569,-0.121485517916051,0.),(0.,0.2),.UNSPECIFIED.);
#493=B_SPLINE_SURFACE_WITH_KNOTS('',3,1,((#6655,#6656),(#6657,#6658),(#6659,
#6660),(#6661,#6662),(#6663,#6664)),.UNSPECIFIED.,.F.,.F.,.F.,(4,1,4),(2,
2),(-0.142900270683372,-0.0753212458063606,0.),(0.,0.2),.UNSPECIFIED.);
#494=B_SPLINE_SURFACE_WITH_KNOTS('',3,1,((#6678,#6679),(#6680,#6681),(#6682,
#6683),(#6684,#6685),(#6686,#6687)),.UNSPECIFIED.,.F.,.F.,.F.,(4,1,4),(2,
2),(-0.13069659508606,-0.0645414736921776,0.),(0.,0.2),.UNSPECIFIED.);
#495=B_SPLINE_SURFACE_WITH_KNOTS('',3,1,((#6701,#6702),(#6703,#6704),(#6705,
#6706),(#6707,#6708),(#6709,#6710)),.UNSPECIFIED.,.F.,.F.,.F.,(4,1,4),(2,
2),(-0.149548363090776,-0.0740272441962973,0.),(0.,0.2),.UNSPECIFIED.);
#496=B_SPLINE_SURFACE_WITH_KNOTS('',3,1,((#6724,#6725),(#6726,#6727),(#6728,
#6729),(#6730,#6731),(#6732,#6733)),.UNSPECIFIED.,.F.,.F.,.F.,(4,1,4),(2,
2),(-0.162332245299089,-0.0784002500842333,0.),(0.,0.2),.UNSPECIFIED.);
#497=B_SPLINE_SURFACE_WITH_KNOTS('',3,1,((#6747,#6748),(#6749,#6750),(#6751,
#6752),(#6753,#6754),(#6755,#6756)),.UNSPECIFIED.,.F.,.F.,.F.,(4,1,4),(2,
2),(-0.187545886888351,-0.0908186705609991,0.),(0.,0.2),.UNSPECIFIED.);
#498=B_SPLINE_SURFACE_WITH_KNOTS('',3,1,((#6770,#6771),(#6772,#6773),(#6774,
#6775),(#6776,#6777),(#6778,#6779)),.UNSPECIFIED.,.F.,.F.,.F.,(4,1,4),(2,
2),(-0.200355166618266,-0.10500378186879,0.),(0.,0.2),.UNSPECIFIED.);
#499=B_SPLINE_SURFACE_WITH_KNOTS('',3,1,((#6793,#6794),(#6795,#6796),(#6797,
#6798),(#6799,#6800),(#6801,#6802)),.UNSPECIFIED.,.F.,.F.,.F.,(4,1,4),(2,
2),(-0.169760881375292,-0.0871851663170577,0.),(0.,0.2),.UNSPECIFIED.);
#500=B_SPLINE_SURFACE_WITH_KNOTS('',3,1,((#6816,#6817),(#6818,#6819),(#6820,
#6821),(#6822,#6823),(#6824,#6825)),.UNSPECIFIED.,.F.,.F.,.F.,(4,1,4),(2,
2),(-0.166633567436802,-0.082079051829504,0.),(0.,0.2),.UNSPECIFIED.);
#501=B_SPLINE_SURFACE_WITH_KNOTS('',3,1,((#6845,#6846),(#6847,#6848),(#6849,
#6850),(#6851,#6852),(#6853,#6854)),.UNSPECIFIED.,.F.,.F.,.F.,(4,1,4),(2,
2),(-0.162310076937512,-0.0861880936234744,0.),(0.,0.2),.UNSPECIFIED.);
#502=B_SPLINE_SURFACE_WITH_KNOTS('',3,1,((#6868,#6869),(#6870,#6871),(#6872,
#6873),(#6874,#6875),(#6876,#6877)),.UNSPECIFIED.,.F.,.F.,.F.,(4,1,4),(2,
2),(-0.18353543903086,-0.0816030182082024,0.),(0.,0.2),.UNSPECIFIED.);
#503=B_SPLINE_SURFACE_WITH_KNOTS('',3,1,((#6891,#6892),(#6893,#6894),(#6895,
#6896),(#6897,#6898),(#6899,#6900)),.UNSPECIFIED.,.F.,.F.,.F.,(4,1,4),(2,
2),(-0.182822382294414,-0.104350092788488,0.),(0.,0.2),.UNSPECIFIED.);
#504=B_SPLINE_SURFACE_WITH_KNOTS('',3,1,((#6914,#6915),(#6916,#6917),(#6918,
#6919),(#6920,#6921),(#6922,#6923)),.UNSPECIFIED.,.F.,.F.,.F.,(4,1,4),(2,
2),(-0.122808017819053,-0.0636388875446569,0.),(0.,0.2),.UNSPECIFIED.);
#505=B_SPLINE_SURFACE_WITH_KNOTS('',3,1,((#6937,#6938),(#6939,#6940),(#6941,
#6942),(#6943,#6944),(#6945,#6946)),.UNSPECIFIED.,.F.,.F.,.F.,(4,1,4),(2,
2),(-0.09921490561675,-0.0500658817781103,0.),(0.,0.2),.UNSPECIFIED.);
#506=B_SPLINE_SURFACE_WITH_KNOTS('',3,1,((#6960,#6961),(#6962,#6963),(#6964,
#6965),(#6966,#6967),(#6968,#6969)),.UNSPECIFIED.,.F.,.F.,.F.,(4,1,4),(2,
2),(-0.212882271059074,-0.0774490773667732,0.),(0.,0.2),.UNSPECIFIED.);
#507=B_SPLINE_SURFACE_WITH_KNOTS('',3,1,((#6983,#6984),(#6985,#6986),(#6987,
#6988),(#6989,#6990),(#6991,#6992)),.UNSPECIFIED.,.F.,.F.,.F.,(4,1,4),(2,
2),(-0.230565710097225,-0.140231557811943,0.),(0.,0.2),.UNSPECIFIED.);
#508=B_SPLINE_SURFACE_WITH_KNOTS('',3,1,((#7006,#7007),(#7008,#7009),(#7010,
#7011),(#7012,#7013),(#7014,#7015)),.UNSPECIFIED.,.F.,.F.,.F.,(4,1,4),(2,
2),(-0.165932899466623,-0.0885423207811168,0.),(0.,0.2),.UNSPECIFIED.);
#509=B_SPLINE_SURFACE_WITH_KNOTS('',3,1,((#7029,#7030),(#7031,#7032),(#7033,
#7034),(#7035,#7036),(#7037,#7038)),.UNSPECIFIED.,.F.,.F.,.F.,(4,1,4),(2,
2),(-0.149900010067412,-0.0733880702875056,0.),(0.,0.2),.UNSPECIFIED.);
#510=B_SPLINE_SURFACE_WITH_KNOTS('',3,1,((#7052,#7053),(#7054,#7055),(#7056,
#7057),(#7058,#7059),(#7060,#7061)),.UNSPECIFIED.,.F.,.F.,.F.,(4,1,4),(2,
2),(-0.158903047992126,-0.0783445223692298,0.),(0.,0.2),.UNSPECIFIED.);
#511=B_SPLINE_SURFACE_WITH_KNOTS('',3,1,((#7075,#7076),(#7077,#7078),(#7079,
#7080),(#7081,#7082),(#7083,#7084)),.UNSPECIFIED.,.F.,.F.,.F.,(4,1,4),(2,
2),(-0.172975630057708,-0.0838951656527431,0.),(0.,0.2),.UNSPECIFIED.);
#512=B_SPLINE_SURFACE_WITH_KNOTS('',3,1,((#7098,#7099),(#7100,#7101),(#7102,
#7103),(#7104,#7105),(#7106,#7107)),.UNSPECIFIED.,.F.,.F.,.F.,(4,1,4),(2,
2),(-0.197810392921454,-0.0956163908777278,0.),(0.,0.2),.UNSPECIFIED.);
#513=B_SPLINE_SURFACE_WITH_KNOTS('',3,1,((#7121,#7122),(#7123,#7124),(#7125,
#7126),(#7127,#7128),(#7129,#7130)),.UNSPECIFIED.,.F.,.F.,.F.,(4,1,4),(2,
2),(-0.232080096844355,-0.125135676297765,0.),(0.,0.2),.UNSPECIFIED.);
#514=B_SPLINE_SURFACE_WITH_KNOTS('',3,1,((#7144,#7145),(#7146,#7147),(#7148,
#7149),(#7150,#7151),(#7152,#7153)),.UNSPECIFIED.,.F.,.F.,.F.,(4,1,4),(2,
2),(-0.188857663838392,-0.0956790352205747,0.),(0.,0.2),.UNSPECIFIED.);
#515=B_SPLINE_SURFACE_WITH_KNOTS('',3,1,((#7167,#7168),(#7169,#7170),(#7171,
#7172),(#7173,#7174),(#7175,#7176)),.UNSPECIFIED.,.F.,.F.,.F.,(4,1,4),(2,
2),(-0.189827224370903,-0.0935651144537266,0.),(0.,0.2),.UNSPECIFIED.);
#516=B_SPLINE_SURFACE_WITH_KNOTS('',3,1,((#7222,#7223),(#7224,#7225),(#7226,
#7227),(#7228,#7229),(#7230,#7231)),.UNSPECIFIED.,.F.,.F.,.F.,(4,1,4),(2,
2),(-0.146356519209801,-0.081503791990215,0.),(0.,0.2),.UNSPECIFIED.);
#517=B_SPLINE_SURFACE_WITH_KNOTS('',3,1,((#7245,#7246),(#7247,#7248),(#7249,
#7250),(#7251,#7252),(#7253,#7254)),.UNSPECIFIED.,.F.,.F.,.F.,(4,1,4),(2,
2),(-0.17242880700158,-0.0858386069476378,0.),(0.,0.2),.UNSPECIFIED.);
#518=B_SPLINE_SURFACE_WITH_KNOTS('',3,1,((#7268,#7269),(#7270,#7271),(#7272,
#7273),(#7274,#7275),(#7276,#7277)),.UNSPECIFIED.,.F.,.F.,.F.,(4,1,4),(2,
2),(-0.156242843503925,-0.0791240079989,0.),(0.,0.2),.UNSPECIFIED.);
#519=B_SPLINE_SURFACE_WITH_KNOTS('',3,1,((#7291,#7292),(#7293,#7294),(#7295,
#7296),(#7297,#7298),(#7299,#7300)),.UNSPECIFIED.,.F.,.F.,.F.,(4,1,4),(2,
2),(-0.167247072241773,-0.0798866946382736,0.),(0.,0.2),.UNSPECIFIED.);
#520=B_SPLINE_SURFACE_WITH_KNOTS('',3,1,((#7320,#7321),(#7322,#7323),(#7324,
#7325),(#7326,#7327),(#7328,#7329)),.UNSPECIFIED.,.F.,.F.,.F.,(4,1,4),(2,
2),(-0.208257950867343,-0.10761667690737,0.),(0.,0.2),.UNSPECIFIED.);
#521=B_SPLINE_SURFACE_WITH_KNOTS('',3,1,((#7343,#7344),(#7345,#7346),(#7347,
#7348),(#7349,#7350),(#7351,#7352)),.UNSPECIFIED.,.F.,.F.,.F.,(4,1,4),(2,
2),(-0.219220658189223,-0.103261967180955,0.),(0.,0.2),.UNSPECIFIED.);
#522=B_SPLINE_SURFACE_WITH_KNOTS('',3,1,((#7366,#7367),(#7368,#7369),(#7370,
#7371),(#7372,#7373),(#7374,#7375)),.UNSPECIFIED.,.F.,.F.,.F.,(4,1,4),(2,
2),(-0.276454073250248,-0.144565910587593,0.),(0.,0.2),.UNSPECIFIED.);
#523=B_SPLINE_SURFACE_WITH_KNOTS('',3,1,((#7389,#7390),(#7391,#7392),(#7393,
#7394),(#7395,#7396),(#7397,#7398)),.UNSPECIFIED.,.F.,.F.,.F.,(4,1,4),(2,
2),(-0.295446934493481,-0.136755659209686,0.),(0.,0.2),.UNSPECIFIED.);
#524=B_SPLINE_SURFACE_WITH_KNOTS('',3,1,((#7412,#7413),(#7414,#7415),(#7416,
#7417),(#7418,#7419),(#7420,#7421)),.UNSPECIFIED.,.F.,.F.,.F.,(4,1,4),(2,
2),(-0.304495936833343,-0.164043341691686,0.),(0.,0.2),.UNSPECIFIED.);
#525=B_SPLINE_SURFACE_WITH_KNOTS('',3,1,((#7435,#7436),(#7437,#7438),(#7439,
#7440),(#7441,#7442),(#7443,#7444)),.UNSPECIFIED.,.F.,.F.,.F.,(4,1,4),(2,
2),(-0.270398775198888,-0.131993568792442,0.),(0.,0.2),.UNSPECIFIED.);
#526=B_SPLINE_SURFACE_WITH_KNOTS('',3,1,((#7458,#7459),(#7460,#7461),(#7462,
#7463),(#7464,#7465),(#7466,#7467)),.UNSPECIFIED.,.F.,.F.,.F.,(4,1,4),(2,
2),(-0.263166697533859,-0.134288066066595,0.),(0.,0.2),.UNSPECIFIED.);
#527=B_SPLINE_SURFACE_WITH_KNOTS('',3,1,((#7481,#7482),(#7483,#7484),(#7485,
#7486),(#7487,#7488),(#7489,#7490)),.UNSPECIFIED.,.F.,.F.,.F.,(4,1,4),(2,
2),(-0.298549397049263,-0.137617295583108,0.),(0.,0.2),.UNSPECIFIED.);
#528=B_SPLINE_SURFACE_WITH_KNOTS('',3,1,((#7504,#7505),(#7506,#7507),(#7508,
#7509),(#7510,#7511),(#7512,#7513)),.UNSPECIFIED.,.F.,.F.,.F.,(4,1,4),(2,
2),(-0.0327500625051732,-0.0136436174962033,0.),(0.,0.2),.UNSPECIFIED.);
#529=B_SPLINE_SURFACE_WITH_KNOTS('',3,1,((#7533,#7534),(#7535,#7536),(#7537,
#7538),(#7539,#7540),(#7541,#7542)),.UNSPECIFIED.,.F.,.F.,.F.,(4,1,4),(2,
2),(-0.198019249617392,-0.107324887136278,0.),(0.,0.2),.UNSPECIFIED.);
#530=B_SPLINE_SURFACE_WITH_KNOTS('',3,1,((#7556,#7557),(#7558,#7559),(#7560,
#7561),(#7562,#7563),(#7564,#7565)),.UNSPECIFIED.,.F.,.F.,.F.,(4,1,4),(2,
2),(-0.167884078798029,-0.0831668247843591,0.),(0.,0.2),.UNSPECIFIED.);
#531=B_SPLINE_SURFACE_WITH_KNOTS('',3,1,((#7579,#7580),(#7581,#7582),(#7583,
#7584),(#7585,#7586),(#7587,#7588)),.UNSPECIFIED.,.F.,.F.,.F.,(4,1,4),(2,
2),(-0.122239361199419,-0.0632104685997126,0.),(0.,0.2),.UNSPECIFIED.);
#532=B_SPLINE_SURFACE_WITH_KNOTS('',3,1,((#7602,#7603),(#7604,#7605),(#7606,
#7607),(#7608,#7609),(#7610,#7611)),.UNSPECIFIED.,.F.,.F.,.F.,(4,1,4),(2,
2),(-0.137683989249252,-0.0628661920406909,0.),(0.,0.2),.UNSPECIFIED.);
#533=B_SPLINE_SURFACE_WITH_KNOTS('',3,1,((#7633,#7634),(#7635,#7636),(#7637,
#7638),(#7639,#7640),(#7641,#7642)),.UNSPECIFIED.,.F.,.F.,.F.,(4,1,4),(2,
2),(-0.0935322522194925,-0.0497907235540038,0.),(0.,0.2),.UNSPECIFIED.);
#534=B_SPLINE_SURFACE_WITH_KNOTS('',3,1,((#7656,#7657),(#7658,#7659),(#7660,
#7661),(#7662,#7663),(#7664,#7665)),.UNSPECIFIED.,.F.,.F.,.F.,(4,1,4),(2,
2),(-0.106669531508746,-0.059580237957698,0.),(0.,0.2),.UNSPECIFIED.);
#535=B_SPLINE_SURFACE_WITH_KNOTS('',3,1,((#7679,#7680),(#7681,#7682),(#7683,
#7684),(#7685,#7686),(#7687,#7688)),.UNSPECIFIED.,.F.,.F.,.F.,(4,1,4),(2,
2),(-0.0770392990940713,-0.0397921522082957,0.),(0.,0.2),.UNSPECIFIED.);
#536=B_SPLINE_SURFACE_WITH_KNOTS('',3,1,((#7702,#7703),(#7704,#7705),(#7706,
#7707),(#7708,#7709),(#7710,#7711)),.UNSPECIFIED.,.F.,.F.,.F.,(4,1,4),(2,
2),(-0.146200928131145,-0.0546335291403978,0.),(0.,0.2),.UNSPECIFIED.);
#537=B_SPLINE_SURFACE_WITH_KNOTS('',3,1,((#7791,#7792),(#7793,#7794),(#7795,
#7796),(#7797,#7798),(#7799,#7800)),.UNSPECIFIED.,.F.,.F.,.F.,(4,1,4),(2,
2),(-0.0680406822043496,-0.0431749622071468,0.),(0.,0.2),.UNSPECIFIED.);
#538=B_SPLINE_SURFACE_WITH_KNOTS('',3,1,((#7814,#7815),(#7816,#7817),(#7818,
#7819),(#7820,#7821),(#7822,#7823)),.UNSPECIFIED.,.F.,.F.,.F.,(4,1,4),(2,
2),(-0.0322980746704565,-0.0159441635615633,0.),(0.,0.2),.UNSPECIFIED.);
#539=B_SPLINE_SURFACE_WITH_KNOTS('',3,1,((#7837,#7838),(#7839,#7840),(#7841,
#7842),(#7843,#7844),(#7845,#7846)),.UNSPECIFIED.,.F.,.F.,.F.,(4,1,4),(2,
2),(-0.0432524926321505,-0.0190209984633334,0.),(0.,0.2),.UNSPECIFIED.);
#540=B_SPLINE_SURFACE_WITH_KNOTS('',3,1,((#7860,#7861),(#7862,#7863),(#7864,
#7865),(#7866,#7867),(#7868,#7869)),.UNSPECIFIED.,.F.,.F.,.F.,(4,1,4),(2,
2),(-0.0541300708359824,-0.0237345627457687,0.),(0.,0.2),.UNSPECIFIED.);
#541=B_SPLINE_SURFACE_WITH_KNOTS('',3,1,((#7890,#7891),(#7892,#7893),(#7894,
#7895),(#7896,#7897),(#7898,#7899)),.UNSPECIFIED.,.F.,.F.,.F.,(4,1,4),(2,
2),(-0.127814267735121,-0.0673043672973322,0.),(0.,0.2),.UNSPECIFIED.);
#542=B_SPLINE_SURFACE_WITH_KNOTS('',3,1,((#7913,#7914),(#7915,#7916),(#7917,
#7918),(#7919,#7920),(#7921,#7922)),.UNSPECIFIED.,.F.,.F.,.F.,(4,1,4),(2,
2),(-0.138393588477396,-0.0631551948361298,0.),(0.,0.2),.UNSPECIFIED.);
#543=B_SPLINE_SURFACE_WITH_KNOTS('',3,1,((#7936,#7937),(#7938,#7939),(#7940,
#7941),(#7942,#7943),(#7944,#7945)),.UNSPECIFIED.,.F.,.F.,.F.,(4,1,4),(2,
2),(-0.132093891466205,-0.0741715634583177,0.),(0.,0.2),.UNSPECIFIED.);
#544=B_SPLINE_SURFACE_WITH_KNOTS('',3,1,((#7959,#7960),(#7961,#7962),(#7963,
#7964),(#7965,#7966),(#7967,#7968)),.UNSPECIFIED.,.F.,.F.,.F.,(4,1,4),(2,
2),(-0.0929986237584526,-0.0484083943425784,0.),(0.,0.2),.UNSPECIFIED.);
#545=B_SPLINE_SURFACE_WITH_KNOTS('',3,1,((#7982,#7983),(#7984,#7985),(#7986,
#7987),(#7988,#7989),(#7990,#7991)),.UNSPECIFIED.,.F.,.F.,.F.,(4,1,4),(2,
2),(-0.0774578551618362,-0.0382589792117733,0.),(0.,0.2),.UNSPECIFIED.);
#546=B_SPLINE_SURFACE_WITH_KNOTS('',3,1,((#8005,#8006),(#8007,#8008),(#8009,
#8010),(#8011,#8012),(#8013,#8014)),.UNSPECIFIED.,.F.,.F.,.F.,(4,1,4),(2,
2),(-0.132465677304449,-0.0477626979439927,0.),(0.,0.2),.UNSPECIFIED.);
#547=B_SPLINE_SURFACE_WITH_KNOTS('',3,1,((#8028,#8029),(#8030,#8031),(#8032,
#8033),(#8034,#8035),(#8036,#8037)),.UNSPECIFIED.,.F.,.F.,.F.,(4,1,4),(2,
2),(-0.196493594849862,-0.118682517440957,0.),(0.,0.2),.UNSPECIFIED.);
#548=B_SPLINE_SURFACE_WITH_KNOTS('',3,1,((#8051,#8052),(#8053,#8054),(#8055,
#8056),(#8057,#8058),(#8059,#8060)),.UNSPECIFIED.,.F.,.F.,.F.,(4,1,4),(2,
2),(-0.106055230128558,-0.054633398929602,0.),(0.,0.2),.UNSPECIFIED.);
#549=B_SPLINE_SURFACE_WITH_KNOTS('',3,1,((#8074,#8075),(#8076,#8077),(#8078,
#8079),(#8080,#8081),(#8082,#8083)),.UNSPECIFIED.,.F.,.F.,.F.,(4,1,4),(2,
2),(-0.101865015143463,-0.0505174972993469,0.),(0.,0.2),.UNSPECIFIED.);
#550=B_SPLINE_SURFACE_WITH_KNOTS('',3,1,((#8097,#8098),(#8099,#8100),(#8101,
#8102),(#8103,#8104),(#8105,#8106)),.UNSPECIFIED.,.F.,.F.,.F.,(4,1,4),(2,
2),(-0.0931267508087865,-0.0469685983754134,0.),(0.,0.2),.UNSPECIFIED.);
#551=B_SPLINE_SURFACE_WITH_KNOTS('',3,1,((#8120,#8121),(#8122,#8123),(#8124,
#8125),(#8126,#8127),(#8128,#8129)),.UNSPECIFIED.,.F.,.F.,.F.,(4,1,4),(2,
2),(-0.0919625997971848,-0.0459567530476973,0.),(0.,0.2),.UNSPECIFIED.);
#552=B_SPLINE_SURFACE_WITH_KNOTS('',3,1,((#8143,#8144),(#8145,#8146),(#8147,
#8148),(#8149,#8150),(#8151,#8152)),.UNSPECIFIED.,.F.,.F.,.F.,(4,1,4),(2,
2),(-0.0862329681422909,-0.039078485868669,0.),(0.,0.2),.UNSPECIFIED.);
#553=B_SPLINE_SURFACE_WITH_KNOTS('',3,1,((#8166,#8167),(#8168,#8169),(#8170,
#8171),(#8172,#8173),(#8174,#8175)),.UNSPECIFIED.,.F.,.F.,.F.,(4,1,4),(2,
2),(-0.107360603788767,-0.0524123609625481,0.),(0.,0.2),.UNSPECIFIED.);
#554=B_SPLINE_SURFACE_WITH_KNOTS('',3,1,((#8189,#8190),(#8191,#8192),(#8193,
#8194),(#8195,#8196),(#8197,#8198)),.UNSPECIFIED.,.F.,.F.,.F.,(4,1,4),(2,
2),(-0.152355400808161,-0.0802997914631077,0.),(0.,0.2),.UNSPECIFIED.);
#555=B_SPLINE_SURFACE_WITH_KNOTS('',3,1,((#8212,#8213),(#8214,#8215),(#8216,
#8217),(#8218,#8219),(#8220,#8221)),.UNSPECIFIED.,.F.,.F.,.F.,(4,1,4),(2,
2),(-0.117311503562696,-0.0630375080503729,0.),(0.,0.2),.UNSPECIFIED.);
#556=B_SPLINE_SURFACE_WITH_KNOTS('',3,1,((#8235,#8236),(#8237,#8238),(#8239,
#8240),(#8241,#8242),(#8243,#8244)),.UNSPECIFIED.,.F.,.F.,.F.,(4,1,4),(2,
2),(-0.120726834131023,-0.0554581773535166,0.),(0.,0.2),.UNSPECIFIED.);
#557=B_SPLINE_SURFACE_WITH_KNOTS('',3,1,((#8264,#8265),(#8266,#8267),(#8268,
#8269),(#8270,#8271),(#8272,#8273)),.UNSPECIFIED.,.F.,.F.,.F.,(4,1,4),(2,
2),(-0.101249777283621,-0.0522859113354038,0.),(0.,0.2),.UNSPECIFIED.);
#558=B_SPLINE_SURFACE_WITH_KNOTS('',3,1,((#8287,#8288),(#8289,#8290),(#8291,
#8292),(#8293,#8294),(#8295,#8296)),.UNSPECIFIED.,.F.,.F.,.F.,(4,1,4),(2,
2),(-0.116856748838241,-0.0528509361245201,0.),(0.,0.2),.UNSPECIFIED.);
#559=B_SPLINE_SURFACE_WITH_KNOTS('',3,1,((#8310,#8311),(#8312,#8313),(#8314,
#8315),(#8316,#8317),(#8318,#8319)),.UNSPECIFIED.,.F.,.F.,.F.,(4,1,4),(2,
2),(-0.125434756790954,-0.0728128559683475,0.),(0.,0.2),.UNSPECIFIED.);
#560=B_SPLINE_SURFACE_WITH_KNOTS('',3,1,((#8333,#8334),(#8335,#8336),(#8337,
#8338),(#8339,#8340),(#8341,#8342)),.UNSPECIFIED.,.F.,.F.,.F.,(4,1,4),(2,
2),(-0.0769752175037906,-0.0407016732935959,0.),(0.,0.2),.UNSPECIFIED.);
#561=B_SPLINE_SURFACE_WITH_KNOTS('',3,1,((#8356,#8357),(#8358,#8359),(#8360,
#8361),(#8362,#8363),(#8364,#8365)),.UNSPECIFIED.,.F.,.F.,.F.,(4,1,4),(2,
2),(-0.0461945942970223,-0.02298896500722,0.),(0.,0.2),.UNSPECIFIED.);
#562=B_SPLINE_SURFACE_WITH_KNOTS('',3,1,((#8379,#8380),(#8381,#8382),(#8383,
#8384),(#8385,#8386),(#8387,#8388)),.UNSPECIFIED.,.F.,.F.,.F.,(4,1,4),(2,
2),(-0.0578496452792435,-0.0264216964581824,0.),(0.,0.2),.UNSPECIFIED.);
#563=B_SPLINE_SURFACE_WITH_KNOTS('',3,1,((#8402,#8403),(#8404,#8405),(#8406,
#8407),(#8408,#8409),(#8410,#8411)),.UNSPECIFIED.,.F.,.F.,.F.,(4,1,4),(2,
2),(-0.11291645280668,-0.0380273196787665,0.),(0.,0.2),.UNSPECIFIED.);
#564=B_SPLINE_SURFACE_WITH_KNOTS('',3,1,((#8425,#8426),(#8427,#8428),(#8429,
#8430),(#8431,#8432),(#8433,#8434)),.UNSPECIFIED.,.F.,.F.,.F.,(4,1,4),(2,
2),(-0.190592030773444,-0.115025359444378,0.),(0.,0.2),.UNSPECIFIED.);
#565=B_SPLINE_SURFACE_WITH_KNOTS('',3,1,((#8448,#8449),(#8450,#8451),(#8452,
#8453),(#8454,#8455),(#8456,#8457)),.UNSPECIFIED.,.F.,.F.,.F.,(4,1,4),(2,
2),(-0.104439510512143,-0.053404289057264,0.),(0.,0.2),.UNSPECIFIED.);
#566=B_SPLINE_SURFACE_WITH_KNOTS('',3,1,((#8471,#8472),(#8473,#8474),(#8475,
#8476),(#8477,#8478),(#8479,#8480)),.UNSPECIFIED.,.F.,.F.,.F.,(4,1,4),(2,
2),(-0.110367641672946,-0.0522632457768359,0.),(0.,0.2),.UNSPECIFIED.);
#567=B_SPLINE_SURFACE_WITH_KNOTS('',3,1,((#8494,#8495),(#8496,#8497),(#8498,
#8499),(#8500,#8501),(#8502,#8503)),.UNSPECIFIED.,.F.,.F.,.F.,(4,1,4),(2,
2),(-0.122395219004203,-0.0602696528675264,0.),(0.,0.2),.UNSPECIFIED.);
#568=B_SPLINE_SURFACE_WITH_KNOTS('',3,1,((#8517,#8518),(#8519,#8520),(#8521,
#8522),(#8523,#8524),(#8525,#8526)),.UNSPECIFIED.,.F.,.F.,.F.,(4,1,4),(2,
2),(-0.13453987389407,-0.0650075600561553,0.),(0.,0.2),.UNSPECIFIED.);
#569=B_SPLINE_SURFACE_WITH_KNOTS('',3,1,((#8540,#8541),(#8542,#8543),(#8544,
#8545),(#8546,#8547),(#8548,#8549)),.UNSPECIFIED.,.F.,.F.,.F.,(4,1,4),(2,
2),(-0.156498869954231,-0.0753271877451486,0.),(0.,0.2),.UNSPECIFIED.);
#570=B_SPLINE_SURFACE_WITH_KNOTS('',3,1,((#8563,#8564),(#8565,#8566),(#8567,
#8568),(#8569,#8570),(#8571,#8572)),.UNSPECIFIED.,.F.,.F.,.F.,(4,1,4),(2,
2),(-0.226170064468943,-0.125264966938171,0.),(0.,0.2),.UNSPECIFIED.);
#571=B_SPLINE_SURFACE_WITH_KNOTS('',3,1,((#8586,#8587),(#8588,#8589),(#8590,
#8591),(#8592,#8593),(#8594,#8595)),.UNSPECIFIED.,.F.,.F.,.F.,(4,1,4),(2,
2),(-0.201391014785672,-0.0947503550852873,0.),(0.,0.2),.UNSPECIFIED.);
#572=B_SPLINE_SURFACE_WITH_KNOTS('',3,1,((#8641,#8642),(#8643,#8644),(#8645,
#8646),(#8647,#8648),(#8649,#8650)),.UNSPECIFIED.,.F.,.F.,.F.,(4,1,4),(2,
2),(-0.127814267735121,-0.0673043672973322,0.),(0.,0.2),.UNSPECIFIED.);
#573=B_SPLINE_SURFACE_WITH_KNOTS('',3,1,((#8664,#8665),(#8666,#8667),(#8668,
#8669),(#8670,#8671),(#8672,#8673)),.UNSPECIFIED.,.F.,.F.,.F.,(4,1,4),(2,
2),(-0.138393588477396,-0.0631551948361298,0.),(0.,0.2),.UNSPECIFIED.);
#574=B_SPLINE_SURFACE_WITH_KNOTS('',3,1,((#8687,#8688),(#8689,#8690),(#8691,
#8692),(#8693,#8694),(#8695,#8696)),.UNSPECIFIED.,.F.,.F.,.F.,(4,1,4),(2,
2),(-0.132093891466205,-0.0741715634583177,0.),(0.,0.2),.UNSPECIFIED.);
#575=B_SPLINE_SURFACE_WITH_KNOTS('',3,1,((#8710,#8711),(#8712,#8713),(#8714,
#8715),(#8716,#8717),(#8718,#8719)),.UNSPECIFIED.,.F.,.F.,.F.,(4,1,4),(2,
2),(-0.0929989261237996,-0.0484086967079255,0.),(0.,0.2),.UNSPECIFIED.);
#576=B_SPLINE_SURFACE_WITH_KNOTS('',3,1,((#8733,#8734),(#8735,#8736),(#8737,
#8738),(#8739,#8740),(#8741,#8742)),.UNSPECIFIED.,.F.,.F.,.F.,(4,1,4),(2,
2),(-0.0774581849980441,-0.0382589792117733,0.),(0.,0.2),.UNSPECIFIED.);
#577=B_SPLINE_SURFACE_WITH_KNOTS('',3,1,((#8756,#8757),(#8758,#8759),(#8760,
#8761),(#8762,#8763),(#8764,#8765)),.UNSPECIFIED.,.F.,.F.,.F.,(4,1,4),(2,
2),(-0.132465677304449,-0.0477626979439927,0.),(0.,0.2),.UNSPECIFIED.);
#578=B_SPLINE_SURFACE_WITH_KNOTS('',3,1,((#8779,#8780),(#8781,#8782),(#8783,
#8784),(#8785,#8786),(#8787,#8788)),.UNSPECIFIED.,.F.,.F.,.F.,(4,1,4),(2,
2),(-0.196493594849862,-0.118682517440957,0.),(0.,0.2),.UNSPECIFIED.);
#579=B_SPLINE_SURFACE_WITH_KNOTS('',3,1,((#8802,#8803),(#8804,#8805),(#8806,
#8807),(#8808,#8809),(#8810,#8811)),.UNSPECIFIED.,.F.,.F.,.F.,(4,1,4),(2,
2),(-0.106055230128558,-0.054633398929602,0.),(0.,0.2),.UNSPECIFIED.);
#580=B_SPLINE_SURFACE_WITH_KNOTS('',3,1,((#8825,#8826),(#8827,#8828),(#8829,
#8830),(#8831,#8832),(#8833,#8834)),.UNSPECIFIED.,.F.,.F.,.F.,(4,1,4),(2,
2),(-0.101865015143463,-0.0505174972993469,0.),(0.,0.2),.UNSPECIFIED.);
#581=B_SPLINE_SURFACE_WITH_KNOTS('',3,1,((#8848,#8849),(#8850,#8851),(#8852,
#8853),(#8854,#8855),(#8856,#8857)),.UNSPECIFIED.,.F.,.F.,.F.,(4,1,4),(2,
2),(-0.0931267508087865,-0.0469685983754134,0.),(0.,0.2),.UNSPECIFIED.);
#582=B_SPLINE_SURFACE_WITH_KNOTS('',3,1,((#8871,#8872),(#8873,#8874),(#8875,
#8876),(#8877,#8878),(#8879,#8880)),.UNSPECIFIED.,.F.,.F.,.F.,(4,1,4),(2,
2),(-0.0919625997971848,-0.0459567530476973,0.),(0.,0.2),.UNSPECIFIED.);
#583=B_SPLINE_SURFACE_WITH_KNOTS('',3,1,((#8894,#8895),(#8896,#8897),(#8898,
#8899),(#8900,#8901),(#8902,#8903)),.UNSPECIFIED.,.F.,.F.,.F.,(4,1,4),(2,
2),(-0.0862329681422909,-0.039078485868669,0.),(0.,0.2),.UNSPECIFIED.);
#584=B_SPLINE_SURFACE_WITH_KNOTS('',3,1,((#8917,#8918),(#8919,#8920),(#8921,
#8922),(#8923,#8924),(#8925,#8926)),.UNSPECIFIED.,.F.,.F.,.F.,(4,1,4),(2,
2),(-0.107360603788767,-0.0524123609625481,0.),(0.,0.2),.UNSPECIFIED.);
#585=B_SPLINE_SURFACE_WITH_KNOTS('',3,1,((#8940,#8941),(#8942,#8943),(#8944,
#8945),(#8946,#8947),(#8948,#8949)),.UNSPECIFIED.,.F.,.F.,.F.,(4,1,4),(2,
2),(-0.152355400808161,-0.0802997914631077,0.),(0.,0.2),.UNSPECIFIED.);
#586=B_SPLINE_SURFACE_WITH_KNOTS('',3,1,((#8963,#8964),(#8965,#8966),(#8967,
#8968),(#8969,#8970),(#8971,#8972)),.UNSPECIFIED.,.F.,.F.,.F.,(4,1,4),(2,
2),(-0.117311159713042,-0.0630375080503729,0.),(0.,0.2),.UNSPECIFIED.);
#587=B_SPLINE_SURFACE_WITH_KNOTS('',3,1,((#8986,#8987),(#8988,#8989),(#8990,
#8991),(#8992,#8993),(#8994,#8995)),.UNSPECIFIED.,.F.,.F.,.F.,(4,1,4),(2,
2),(-0.120726937396973,-0.0554584002222632,0.),(0.,0.2),.UNSPECIFIED.);
#588=B_SPLINE_SURFACE_WITH_KNOTS('',3,1,((#9015,#9016),(#9017,#9018),(#9019,
#9020),(#9021,#9022),(#9023,#9024)),.UNSPECIFIED.,.F.,.F.,.F.,(4,1,4),(2,
2),(-0.101249777283621,-0.0522859113354038,0.),(0.,0.2),.UNSPECIFIED.);
#589=B_SPLINE_SURFACE_WITH_KNOTS('',3,1,((#9038,#9039),(#9040,#9041),(#9042,
#9043),(#9044,#9045),(#9046,#9047)),.UNSPECIFIED.,.F.,.F.,.F.,(4,1,4),(2,
2),(-0.116856748838241,-0.0528509361245201,0.),(0.,0.2),.UNSPECIFIED.);
#590=B_SPLINE_SURFACE_WITH_KNOTS('',3,1,((#9061,#9062),(#9063,#9064),(#9065,
#9066),(#9067,#9068),(#9069,#9070)),.UNSPECIFIED.,.F.,.F.,.F.,(4,1,4),(2,
2),(-0.125434756790954,-0.0728128559683475,0.),(0.,0.2),.UNSPECIFIED.);
#591=B_SPLINE_SURFACE_WITH_KNOTS('',3,1,((#9084,#9085),(#9086,#9087),(#9088,
#9089),(#9090,#9091),(#9092,#9093)),.UNSPECIFIED.,.F.,.F.,.F.,(4,1,4),(2,
2),(-0.0769752175037906,-0.0407016732935959,0.),(0.,0.2),.UNSPECIFIED.);
#592=B_SPLINE_SURFACE_WITH_KNOTS('',3,1,((#9107,#9108),(#9109,#9110),(#9111,
#9112),(#9113,#9114),(#9115,#9116)),.UNSPECIFIED.,.F.,.F.,.F.,(4,1,4),(2,
2),(-0.0461945942970223,-0.02298896500722,0.),(0.,0.2),.UNSPECIFIED.);
#593=B_SPLINE_SURFACE_WITH_KNOTS('',3,1,((#9130,#9131),(#9132,#9133),(#9134,
#9135),(#9136,#9137),(#9138,#9139)),.UNSPECIFIED.,.F.,.F.,.F.,(4,1,4),(2,
2),(-0.0578496452792435,-0.0264216964581824,0.),(0.,0.2),.UNSPECIFIED.);
#594=B_SPLINE_SURFACE_WITH_KNOTS('',3,1,((#9153,#9154),(#9155,#9156),(#9157,
#9158),(#9159,#9160),(#9161,#9162)),.UNSPECIFIED.,.F.,.F.,.F.,(4,1,4),(2,
2),(-0.11291645280668,-0.0380273196787665,0.),(0.,0.2),.UNSPECIFIED.);
#595=B_SPLINE_SURFACE_WITH_KNOTS('',3,1,((#9176,#9177),(#9178,#9179),(#9180,
#9181),(#9182,#9183),(#9184,#9185)),.UNSPECIFIED.,.F.,.F.,.F.,(4,1,4),(2,
2),(-0.190592030773444,-0.115025359444378,0.),(0.,0.2),.UNSPECIFIED.);
#596=B_SPLINE_SURFACE_WITH_KNOTS('',3,1,((#9199,#9200),(#9201,#9202),(#9203,
#9204),(#9205,#9206),(#9207,#9208)),.UNSPECIFIED.,.F.,.F.,.F.,(4,1,4),(2,
2),(-0.104439510512143,-0.053404289057264,0.),(0.,0.2),.UNSPECIFIED.);
#597=B_SPLINE_SURFACE_WITH_KNOTS('',3,1,((#9222,#9223),(#9224,#9225),(#9226,
#9227),(#9228,#9229),(#9230,#9231)),.UNSPECIFIED.,.F.,.F.,.F.,(4,1,4),(2,
2),(-0.110367641672946,-0.0522632457768359,0.),(0.,0.2),.UNSPECIFIED.);
#598=B_SPLINE_SURFACE_WITH_KNOTS('',3,1,((#9245,#9246),(#9247,#9248),(#9249,
#9250),(#9251,#9252),(#9253,#9254)),.UNSPECIFIED.,.F.,.F.,.F.,(4,1,4),(2,
2),(-0.122395219004203,-0.0602696528675264,0.),(0.,0.2),.UNSPECIFIED.);
#599=B_SPLINE_SURFACE_WITH_KNOTS('',3,1,((#9268,#9269),(#9270,#9271),(#9272,
#9273),(#9274,#9275),(#9276,#9277)),.UNSPECIFIED.,.F.,.F.,.F.,(4,1,4),(2,
2),(-0.134539786016115,-0.0650078809070158,0.),(0.,0.2),.UNSPECIFIED.);
#600=B_SPLINE_SURFACE_WITH_KNOTS('',3,1,((#9291,#9292),(#9293,#9294),(#9295,
#9296),(#9297,#9298),(#9299,#9300)),.UNSPECIFIED.,.F.,.F.,.F.,(4,1,4),(2,
2),(-0.156498869954231,-0.0753271877451486,0.),(0.,0.2),.UNSPECIFIED.);
#601=B_SPLINE_SURFACE_WITH_KNOTS('',3,1,((#9314,#9315),(#9316,#9317),(#9318,
#9319),(#9320,#9321),(#9322,#9323)),.UNSPECIFIED.,.F.,.F.,.F.,(4,1,4),(2,
2),(-0.226170064468943,-0.125264966938171,0.),(0.,0.2),.UNSPECIFIED.);
#602=B_SPLINE_SURFACE_WITH_KNOTS('',3,1,((#9337,#9338),(#9339,#9340),(#9341,
#9342),(#9343,#9344),(#9345,#9346)),.UNSPECIFIED.,.F.,.F.,.F.,(4,1,4),(2,
2),(-0.201391014785672,-0.0947503550852873,0.),(0.,0.2),.UNSPECIFIED.);
#603=B_SPLINE_SURFACE_WITH_KNOTS('',3,1,((#9392,#9393),(#9394,#9395),(#9396,
#9397),(#9398,#9399),(#9400,#9401)),.UNSPECIFIED.,.F.,.F.,.F.,(4,1,4),(2,
2),(-0.127814267735121,-0.0673043672973322,0.),(0.,0.2),.UNSPECIFIED.);
#604=B_SPLINE_SURFACE_WITH_KNOTS('',3,1,((#9415,#9416),(#9417,#9418),(#9419,
#9420),(#9421,#9422),(#9423,#9424)),.UNSPECIFIED.,.F.,.F.,.F.,(4,1,4),(2,
2),(-0.138393588477396,-0.0631551948361298,0.),(0.,0.2),.UNSPECIFIED.);
#605=B_SPLINE_SURFACE_WITH_KNOTS('',3,1,((#9438,#9439),(#9440,#9441),(#9442,
#9443),(#9444,#9445),(#9446,#9447)),.UNSPECIFIED.,.F.,.F.,.F.,(4,1,4),(2,
2),(-0.132093844630146,-0.0741710898462275,0.),(0.,0.2),.UNSPECIFIED.);
#606=B_SPLINE_SURFACE_WITH_KNOTS('',3,1,((#9461,#9462),(#9463,#9464),(#9465,
#9466),(#9467,#9468),(#9469,#9470)),.UNSPECIFIED.,.F.,.F.,.F.,(4,1,4),(2,
2),(-0.0929986237584526,-0.0484083943425784,0.),(0.,0.2),.UNSPECIFIED.);
#607=B_SPLINE_SURFACE_WITH_KNOTS('',3,1,((#9484,#9485),(#9486,#9487),(#9488,
#9489),(#9490,#9491),(#9492,#9493)),.UNSPECIFIED.,.F.,.F.,.F.,(4,1,4),(2,
2),(-0.0774580723510063,-0.0382588665647356,0.),(0.,0.2),.UNSPECIFIED.);
#608=B_SPLINE_SURFACE_WITH_KNOTS('',3,1,((#9507,#9508),(#9509,#9510),(#9511,
#9512),(#9513,#9514),(#9515,#9516)),.UNSPECIFIED.,.F.,.F.,.F.,(4,1,4),(2,
2),(-0.132465696946338,-0.0477622586990308,0.),(0.,0.2),.UNSPECIFIED.);
#609=B_SPLINE_SURFACE_WITH_KNOTS('',3,1,((#9530,#9531),(#9532,#9533),(#9534,
#9535),(#9536,#9537),(#9538,#9539)),.UNSPECIFIED.,.F.,.F.,.F.,(4,1,4),(2,
2),(-0.196493594849862,-0.118682517440957,0.),(0.,0.2),.UNSPECIFIED.);
#610=B_SPLINE_SURFACE_WITH_KNOTS('',3,1,((#9553,#9554),(#9555,#9556),(#9557,
#9558),(#9559,#9560),(#9561,#9562)),.UNSPECIFIED.,.F.,.F.,.F.,(4,1,4),(2,
2),(-0.106055230128558,-0.054633398929602,0.),(0.,0.2),.UNSPECIFIED.);
#611=B_SPLINE_SURFACE_WITH_KNOTS('',3,1,((#9576,#9577),(#9578,#9579),(#9580,
#9581),(#9582,#9583),(#9584,#9585)),.UNSPECIFIED.,.F.,.F.,.F.,(4,1,4),(2,
2),(-0.101865015143463,-0.0505174972993469,0.),(0.,0.2),.UNSPECIFIED.);
#612=B_SPLINE_SURFACE_WITH_KNOTS('',3,1,((#9599,#9600),(#9601,#9602),(#9603,
#9604),(#9605,#9606),(#9607,#9608)),.UNSPECIFIED.,.F.,.F.,.F.,(4,1,4),(2,
2),(-0.0931266353065198,-0.0469686546395782,0.),(0.,0.2),.UNSPECIFIED.);
#613=B_SPLINE_SURFACE_WITH_KNOTS('',3,1,((#9622,#9623),(#9624,#9625),(#9626,
#9627),(#9628,#9629),(#9630,#9631)),.UNSPECIFIED.,.F.,.F.,.F.,(4,1,4),(2,
2),(-0.0919625997971848,-0.0459567530476973,0.),(0.,0.2),.UNSPECIFIED.);
#614=B_SPLINE_SURFACE_WITH_KNOTS('',3,1,((#9645,#9646),(#9647,#9648),(#9649,
#9650),(#9651,#9652),(#9653,#9654)),.UNSPECIFIED.,.F.,.F.,.F.,(4,1,4),(2,
2),(-0.0862330025915556,-0.0390780728222452,0.),(0.,0.2),.UNSPECIFIED.);
#615=B_SPLINE_SURFACE_WITH_KNOTS('',3,1,((#9668,#9669),(#9670,#9671),(#9672,
#9673),(#9674,#9675),(#9676,#9677)),.UNSPECIFIED.,.F.,.F.,.F.,(4,1,4),(2,
2),(-0.107360613344654,-0.0524118947439678,0.),(0.,0.2),.UNSPECIFIED.);
#616=B_SPLINE_SURFACE_WITH_KNOTS('',3,1,((#9691,#9692),(#9693,#9694),(#9695,
#9696),(#9697,#9698),(#9699,#9700)),.UNSPECIFIED.,.F.,.F.,.F.,(4,1,4),(2,
2),(-0.152355386364467,-0.0802993160215438,0.),(0.,0.2),.UNSPECIFIED.);
#617=B_SPLINE_SURFACE_WITH_KNOTS('',3,1,((#9714,#9715),(#9716,#9717),(#9718,
#9719),(#9720,#9721),(#9722,#9723)),.UNSPECIFIED.,.F.,.F.,.F.,(4,1,4),(2,
2),(-0.117311503562696,-0.0630375080503729,0.),(0.,0.2),.UNSPECIFIED.);
#618=B_SPLINE_SURFACE_WITH_KNOTS('',3,1,((#9737,#9738),(#9739,#9740),(#9741,
#9742),(#9743,#9744),(#9745,#9746)),.UNSPECIFIED.,.F.,.F.,.F.,(4,1,4),(2,
2),(-0.120726937396973,-0.0554584002222632,0.),(0.,0.2),.UNSPECIFIED.);
#619=B_SPLINE_SURFACE_WITH_KNOTS('',3,1,((#9766,#9767),(#9768,#9769),(#9770,
#9771),(#9772,#9773),(#9774,#9775)),.UNSPECIFIED.,.F.,.F.,.F.,(4,1,4),(2,
2),(-0.101249616296326,-0.0522860567522331,0.),(0.,0.2),.UNSPECIFIED.);
#620=B_SPLINE_SURFACE_WITH_KNOTS('',3,1,((#9789,#9790),(#9791,#9792),(#9793,
#9794),(#9795,#9796),(#9797,#9798)),.UNSPECIFIED.,.F.,.F.,.F.,(4,1,4),(2,
2),(-0.116856748838241,-0.0528509361245201,0.),(0.,0.2),.UNSPECIFIED.);
#621=B_SPLINE_SURFACE_WITH_KNOTS('',3,1,((#9812,#9813),(#9814,#9815),(#9816,
#9817),(#9818,#9819),(#9820,#9821)),.UNSPECIFIED.,.F.,.F.,.F.,(4,1,4),(2,
2),(-0.125434756790954,-0.0728128559683475,0.),(0.,0.2),.UNSPECIFIED.);
#622=B_SPLINE_SURFACE_WITH_KNOTS('',3,1,((#9835,#9836),(#9837,#9838),(#9839,
#9840),(#9841,#9842),(#9843,#9844)),.UNSPECIFIED.,.F.,.F.,.F.,(4,1,4),(2,
2),(-0.0769752175037906,-0.0407016732935959,0.),(0.,0.2),.UNSPECIFIED.);
#623=B_SPLINE_SURFACE_WITH_KNOTS('',3,1,((#9858,#9859),(#9860,#9861),(#9862,
#9863),(#9864,#9865),(#9866,#9867)),.UNSPECIFIED.,.F.,.F.,.F.,(4,1,4),(2,
2),(-0.0461945942970223,-0.02298896500722,0.),(0.,0.2),.UNSPECIFIED.);
#624=B_SPLINE_SURFACE_WITH_KNOTS('',3,1,((#9881,#9882),(#9883,#9884),(#9885,
#9886),(#9887,#9888),(#9889,#9890)),.UNSPECIFIED.,.F.,.F.,.F.,(4,1,4),(2,
2),(-0.057849719241152,-0.0264213486834229,0.),(0.,0.2),.UNSPECIFIED.);
#625=B_SPLINE_SURFACE_WITH_KNOTS('',3,1,((#9904,#9905),(#9906,#9907),(#9908,
#9909),(#9910,#9911),(#9912,#9913)),.UNSPECIFIED.,.F.,.F.,.F.,(4,1,4),(2,
2),(-0.11291645280668,-0.0380273196787665,0.),(0.,0.2),.UNSPECIFIED.);
#626=B_SPLINE_SURFACE_WITH_KNOTS('',3,1,((#9927,#9928),(#9929,#9930),(#9931,
#9932),(#9933,#9934),(#9935,#9936)),.UNSPECIFIED.,.F.,.F.,.F.,(4,1,4),(2,
2),(-0.190592039959926,-0.115025817894768,0.),(0.,0.2),.UNSPECIFIED.);
#627=B_SPLINE_SURFACE_WITH_KNOTS('',3,1,((#9950,#9951),(#9952,#9953),(#9954,
#9955),(#9956,#9957),(#9958,#9959)),.UNSPECIFIED.,.F.,.F.,.F.,(4,1,4),(2,
2),(-0.104439510512143,-0.053404289057264,0.),(0.,0.2),.UNSPECIFIED.);
#628=B_SPLINE_SURFACE_WITH_KNOTS('',3,1,((#9973,#9974),(#9975,#9976),(#9977,
#9978),(#9979,#9980),(#9981,#9982)),.UNSPECIFIED.,.F.,.F.,.F.,(4,1,4),(2,
2),(-0.110367842382843,-0.0522634464867332,0.),(0.,0.2),.UNSPECIFIED.);
#629=B_SPLINE_SURFACE_WITH_KNOTS('',3,1,((#9996,#9997),(#9998,#9999),(#10000,
#10001),(#10002,#10003),(#10004,#10005)),.UNSPECIFIED.,.F.,.F.,.F.,(4,1,
4),(2,2),(-0.12239556047317,-0.0602695820349142,0.),(0.,0.2),
 .UNSPECIFIED.);
#630=B_SPLINE_SURFACE_WITH_KNOTS('',3,1,((#10019,#10020),(#10021,#10022),
(#10023,#10024),(#10025,#10026),(#10027,#10028)),.UNSPECIFIED.,.F.,.F.,
 .F.,(4,1,4),(2,2),(-0.13453987389407,-0.0650075600561553,0.),(0.,0.2),
 .UNSPECIFIED.);
#631=B_SPLINE_SURFACE_WITH_KNOTS('',3,1,((#10042,#10043),(#10044,#10045),
(#10046,#10047),(#10048,#10049),(#10050,#10051)),.UNSPECIFIED.,.F.,.F.,
 .F.,(4,1,4),(2,2),(-0.156498889243969,-0.0753267321931285,0.),(0.,0.2),
 .UNSPECIFIED.);
#632=B_SPLINE_SURFACE_WITH_KNOTS('',3,1,((#10065,#10066),(#10067,#10068),
(#10069,#10070),(#10071,#10072),(#10073,#10074)),.UNSPECIFIED.,.F.,.F.,
 .F.,(4,1,4),(2,2),(-0.226170064468943,-0.125264966938171,0.),(0.,0.2),
 .UNSPECIFIED.);
#633=B_SPLINE_SURFACE_WITH_KNOTS('',3,1,((#10088,#10089),(#10090,#10091),
(#10092,#10093),(#10094,#10095),(#10096,#10097)),.UNSPECIFIED.,.F.,.F.,
 .F.,(4,1,4),(2,2),(-0.201391014785672,-0.0947503550852873,0.),(0.,0.2),
 .UNSPECIFIED.);
#634=B_SPLINE_SURFACE_WITH_KNOTS('',3,1,((#10124,#10125),(#10126,#10127),
(#10128,#10129),(#10130,#10131),(#10132,#10133)),.UNSPECIFIED.,.F.,.F.,
 .F.,(4,1,4),(2,2),(-0.219209367369528,-0.122238473434692,0.),(0.,0.2),
 .UNSPECIFIED.);
#635=B_SPLINE_SURFACE_WITH_KNOTS('',3,1,((#10147,#10148),(#10149,#10150),
(#10151,#10152),(#10153,#10154),(#10155,#10156)),.UNSPECIFIED.,.F.,.F.,
 .F.,(4,1,4),(2,2),(-0.198603009334157,-0.0985652642109005,0.),(0.,0.2),
 .UNSPECIFIED.);
#636=B_SPLINE_SURFACE_WITH_KNOTS('',3,1,((#10417,#10418),(#10419,#10420),
(#10421,#10422),(#10423,#10424),(#10425,#10426)),.UNSPECIFIED.,.F.,.F.,
 .F.,(4,1,4),(2,2),(-0.128905146857802,-0.0757874605419001,0.),(0.,0.2),
 .UNSPECIFIED.);
#637=B_SPLINE_SURFACE_WITH_KNOTS('',3,1,((#10434,#10435),(#10436,#10437),
(#10438,#10439),(#10440,#10441),(#10442,#10443)),.UNSPECIFIED.,.F.,.F.,
 .F.,(4,1,4),(2,2),(-0.0835090931737847,-0.0418705579533163,0.),(0.,0.2),
 .UNSPECIFIED.);
#638=B_SPLINE_SURFACE_WITH_KNOTS('',3,1,((#10451,#10452),(#10453,#10454),
(#10455,#10456),(#10457,#10458),(#10459,#10460)),.UNSPECIFIED.,.F.,.F.,
 .F.,(4,1,4),(2,2),(-0.133550845625124,-0.0633620984235782,0.),(0.,0.2),
 .UNSPECIFIED.);
#639=B_SPLINE_SURFACE_WITH_KNOTS('',3,1,((#10472,#10473),(#10474,#10475),
(#10476,#10477),(#10478,#10479),(#10480,#10481)),.UNSPECIFIED.,.F.,.F.,
 .F.,(4,1,4),(2,2),(-0.0947529092151189,-0.0492437248316367,0.),(0.,0.2),
 .UNSPECIFIED.);
#640=B_SPLINE_SURFACE_WITH_KNOTS('',3,1,((#10489,#10490),(#10491,#10492),
(#10493,#10494),(#10495,#10496),(#10497,#10498)),.UNSPECIFIED.,.F.,.F.,
 .F.,(4,1,4),(2,2),(-0.0773165921252373,-0.0386761690622372,0.),(0.,0.2),
 .UNSPECIFIED.);
#641=B_SPLINE_SURFACE_WITH_KNOTS('',3,1,((#10506,#10507),(#10508,#10509),
(#10510,#10511),(#10512,#10513),(#10514,#10515)),.UNSPECIFIED.,.F.,.F.,
 .F.,(4,1,4),(2,2),(-0.0822766544482755,-0.0398661067980699,0.),(0.,0.2),
 .UNSPECIFIED.);
#642=B_SPLINE_SURFACE_WITH_KNOTS('',3,1,((#10523,#10524),(#10525,#10526),
(#10527,#10528),(#10529,#10530),(#10531,#10532)),.UNSPECIFIED.,.F.,.F.,
 .F.,(4,1,4),(2,2),(-0.145118902151834,-0.0702508771387174,0.),(0.,0.2),
 .UNSPECIFIED.);
#643=B_SPLINE_SURFACE_WITH_KNOTS('',3,1,((#10547,#10548),(#10549,#10550),
(#10551,#10552),(#10553,#10554),(#10555,#10556)),.UNSPECIFIED.,.F.,.F.,
 .F.,(4,1,4),(2,2),(-0.219481250417932,-0.122470680276133,0.),(0.,0.2),
 .UNSPECIFIED.);
#644=B_SPLINE_SURFACE_WITH_KNOTS('',3,1,((#10573,#10574),(#10575,#10576),
(#10577,#10578),(#10579,#10580),(#10581,#10582)),.UNSPECIFIED.,.F.,.F.,
 .F.,(4,1,4),(2,2),(-0.158702974942809,-0.0822159911705458,0.),(0.,0.2),
 .UNSPECIFIED.);
#645=B_SPLINE_SURFACE_WITH_KNOTS('',3,1,((#10596,#10597),(#10598,#10599),
(#10600,#10601),(#10602,#10603),(#10604,#10605)),.UNSPECIFIED.,.F.,.F.,
 .F.,(4,1,4),(2,2),(-0.155747306874735,-0.0762347393599607,0.),(0.,0.2),
 .UNSPECIFIED.);
#646=B_SPLINE_SURFACE_WITH_KNOTS('',3,1,((#10619,#10620),(#10621,#10622),
(#10623,#10624),(#10625,#10626),(#10627,#10628)),.UNSPECIFIED.,.F.,.F.,
 .F.,(4,1,4),(2,2),(-0.211824589122541,-0.0932347650085074,0.),(0.,0.2),
 .UNSPECIFIED.);
#647=B_SPLINE_SURFACE_WITH_KNOTS('',3,1,((#10642,#10643),(#10644,#10645),
(#10646,#10647),(#10648,#10649),(#10650,#10651)),.UNSPECIFIED.,.F.,.F.,
 .F.,(4,1,4),(2,2),(-0.228870890153788,-0.129715655380311,0.),(0.,0.2),
 .UNSPECIFIED.);
#648=B_SPLINE_SURFACE_WITH_KNOTS('',3,1,((#10665,#10666),(#10667,#10668),
(#10669,#10670),(#10671,#10672),(#10673,#10674)),.UNSPECIFIED.,.F.,.F.,
 .F.,(4,1,4),(2,2),(-0.161723510980715,-0.0825384733748682,0.),(0.,0.2),
 .UNSPECIFIED.);
#649=B_SPLINE_SURFACE_WITH_KNOTS('',3,1,((#10688,#10689),(#10690,#10691),
(#10692,#10693),(#10694,#10695),(#10696,#10697)),.UNSPECIFIED.,.F.,.F.,
 .F.,(4,1,4),(2,2),(-0.156416923052964,-0.0769558186741423,0.),(0.,0.2),
 .UNSPECIFIED.);
#650=B_SPLINE_SURFACE_WITH_KNOTS('',3,1,((#10711,#10712),(#10713,#10714),
(#10715,#10716),(#10717,#10718),(#10719,#10720)),.UNSPECIFIED.,.F.,.F.,
 .F.,(4,1,4),(2,2),(-0.220872008054482,-0.0954594600104961,0.),(0.,0.2),
 .UNSPECIFIED.);
#651=B_SPLINE_SURFACE_WITH_KNOTS('',3,1,((#10737,#10738),(#10739,#10740),
(#10741,#10742),(#10743,#10744),(#10745,#10746)),.UNSPECIFIED.,.F.,.F.,
 .F.,(4,1,4),(2,2),(-0.237913801435583,-0.117367284851676,0.),(0.,0.2),
 .UNSPECIFIED.);
#652=B_SPLINE_SURFACE_WITH_KNOTS('',3,1,((#10754,#10755),(#10756,#10757),
(#10758,#10759),(#10760,#10761),(#10762,#10763)),.UNSPECIFIED.,.F.,.F.,
 .F.,(4,1,4),(2,2),(-0.168130830433098,-0.0839870750601529,0.),(0.,0.2),
 .UNSPECIFIED.);
#653=B_SPLINE_SURFACE_WITH_KNOTS('',3,1,((#10771,#10772),(#10773,#10774),
(#10775,#10776),(#10777,#10778),(#10779,#10780)),.UNSPECIFIED.,.F.,.F.,
 .F.,(4,1,4),(2,2),(-0.17624677399965,-0.0861893804841941,0.),(0.,0.2),
 .UNSPECIFIED.);
#654=B_SPLINE_SURFACE_WITH_KNOTS('',3,1,((#10788,#10789),(#10790,#10791),
(#10792,#10793),(#10794,#10795),(#10796,#10797)),.UNSPECIFIED.,.F.,.F.,
 .F.,(4,1,4),(2,2),(-0.202013328388191,-0.0967475382816941,0.),(0.,0.2),
 .UNSPECIFIED.);
#655=B_SPLINE_SURFACE_WITH_KNOTS('',3,1,((#10805,#10806),(#10807,#10808),
(#10809,#10810),(#10811,#10812),(#10813,#10814)),.UNSPECIFIED.,.F.,.F.,
 .F.,(4,1,4),(2,2),(-0.201045643036506,-0.103821866923188,0.),(0.,0.2),
 .UNSPECIFIED.);
#656=B_SPLINE_SURFACE_WITH_KNOTS('',3,1,((#10822,#10823),(#10824,#10825),
(#10826,#10827),(#10828,#10829),(#10830,#10831)),.UNSPECIFIED.,.F.,.F.,
 .F.,(4,1,4),(2,2),(-0.175576274677214,-0.0901615544284563,0.),(0.,0.2),
 .UNSPECIFIED.);
#657=B_SPLINE_SURFACE_WITH_KNOTS('',3,1,((#10839,#10840),(#10841,#10842),
(#10843,#10844),(#10845,#10846),(#10847,#10848)),.UNSPECIFIED.,.F.,.F.,
 .F.,(4,1,4),(2,2),(-0.170219531971692,-0.084314216650605,0.),(0.,0.2),
 .UNSPECIFIED.);
#658=B_SPLINE_SURFACE_WITH_KNOTS('',3,1,((#10856,#10857),(#10858,#10859),
(#10860,#10861),(#10862,#10863),(#10864,#10865)),.UNSPECIFIED.,.F.,.F.,
 .F.,(4,1,4),(2,2),(-0.12081802418515,-0.0622870874738188,0.),(0.,0.2),
 .UNSPECIFIED.);
#659=B_SPLINE_SURFACE_WITH_KNOTS('',3,1,((#10873,#10874),(#10875,#10876),
(#10877,#10878),(#10879,#10880),(#10881,#10882)),.UNSPECIFIED.,.F.,.F.,
 .F.,(4,1,4),(2,2),(-0.110735688596627,-0.0562409085400489,0.),(0.,0.2),
 .UNSPECIFIED.);
#660=B_SPLINE_SURFACE_WITH_KNOTS('',3,1,((#10906,#10907),(#10908,#10909),
(#10910,#10911),(#10912,#10913),(#10914,#10915)),.UNSPECIFIED.,.F.,.F.,
 .F.,(4,1,4),(2,2),(-0.220560139628772,-0.122617536072664,0.),(0.,0.2),
 .UNSPECIFIED.);
#661=B_SPLINE_SURFACE_WITH_KNOTS('',3,1,((#10932,#10933),(#10934,#10935),
(#10936,#10937),(#10938,#10939),(#10940,#10941)),.UNSPECIFIED.,.F.,.F.,
 .F.,(4,1,4),(2,2),(-0.172002998955604,-0.086000367536698,0.),(0.,0.2),
 .UNSPECIFIED.);
#662=B_SPLINE_SURFACE_WITH_KNOTS('',3,1,((#10955,#10956),(#10957,#10958),
(#10959,#10960),(#10961,#10962),(#10963,#10964)),.UNSPECIFIED.,.F.,.F.,
 .F.,(4,1,4),(2,2),(-0.171538280140278,-0.0855189532341697,0.),(0.,0.2),
 .UNSPECIFIED.);
#663=B_SPLINE_SURFACE_WITH_KNOTS('',3,1,((#10978,#10979),(#10980,#10981),
(#10982,#10983),(#10984,#10985),(#10986,#10987)),.UNSPECIFIED.,.F.,.F.,
 .F.,(4,1,4),(2,2),(-0.224166317090203,-0.0989254080081013,0.),(0.,0.2),
 .UNSPECIFIED.);
#664=B_SPLINE_SURFACE_WITH_KNOTS('',3,1,((#11001,#11002),(#11003,#11004),
(#11005,#11006),(#11007,#11008),(#11009,#11010)),.UNSPECIFIED.,.F.,.F.,
 .F.,(4,1,4),(2,2),(-0.216083501588116,-0.119075688516835,0.),(0.,0.2),
 .UNSPECIFIED.);
#665=B_SPLINE_SURFACE_WITH_KNOTS('',3,1,((#11024,#11025),(#11026,#11027),
(#11028,#11029),(#11030,#11031),(#11032,#11033)),.UNSPECIFIED.,.F.,.F.,
 .F.,(4,1,4),(2,2),(-0.171016510024838,-0.085932403392226,0.),(0.,0.2),
 .UNSPECIFIED.);
#666=B_SPLINE_SURFACE_WITH_KNOTS('',3,1,((#11047,#11048),(#11049,#11050),
(#11051,#11052),(#11053,#11054),(#11055,#11056)),.UNSPECIFIED.,.F.,.F.,
 .F.,(4,1,4),(2,2),(-0.171831661105314,-0.0859855175685639,0.),(0.,0.2),
 .UNSPECIFIED.);
#667=B_SPLINE_SURFACE_WITH_KNOTS('',3,1,((#11070,#11071),(#11072,#11073),
(#11074,#11075),(#11076,#11077),(#11078,#11079)),.UNSPECIFIED.,.F.,.F.,
 .F.,(4,1,4),(2,2),(-0.22024914119695,-0.0977161247051617,0.),(0.,0.2),
 .UNSPECIFIED.);
#668=B_SPLINE_SURFACE_WITH_KNOTS('',3,1,((#11090,#11091),(#11092,#11093),
(#11094,#11095),(#11096,#11097),(#11098,#11099)),.UNSPECIFIED.,.F.,.F.,
 .F.,(4,1,4),(2,2),(-0.326207942829647,-0.177355425095436,0.),(0.,0.2),
 .UNSPECIFIED.);
#669=B_SPLINE_SURFACE_WITH_KNOTS('',3,1,((#11109,#11110),(#11111,#11112),
(#11113,#11114),(#11115,#11116),(#11117,#11118)),.UNSPECIFIED.,.F.,.F.,
 .F.,(4,1,4),(2,2),(-0.245745170816491,-0.1199775023854,0.),(0.,0.2),
 .UNSPECIFIED.);
#670=B_SPLINE_SURFACE_WITH_KNOTS('',3,1,((#11126,#11127),(#11128,#11129),
(#11130,#11131),(#11132,#11133),(#11134,#11135)),.UNSPECIFIED.,.F.,.F.,
 .F.,(4,1,4),(2,2),(-0.268900530819884,-0.13793166450792,0.),(0.,0.2),
 .UNSPECIFIED.);
#671=B_SPLINE_SURFACE_WITH_KNOTS('',3,1,((#11143,#11144),(#11145,#11146),
(#11147,#11148),(#11149,#11150),(#11151,#11152)),.UNSPECIFIED.,.F.,.F.,
 .F.,(4,1,4),(2,2),(-0.292258541835226,-0.136538670642359,0.),(0.,0.2),
 .UNSPECIFIED.);
#672=B_SPLINE_SURFACE_WITH_KNOTS('',3,1,((#11160,#11161),(#11162,#11163),
(#11164,#11165),(#11166,#11167),(#11168,#11169)),.UNSPECIFIED.,.F.,.F.,
 .F.,(4,1,4),(2,2),(-0.225496796135211,-0.125354247813493,0.),(0.,0.2),
 .UNSPECIFIED.);
#673=B_SPLINE_SURFACE_WITH_KNOTS('',3,1,((#11177,#11178),(#11179,#11180),
(#11181,#11182),(#11183,#11184),(#11185,#11186)),.UNSPECIFIED.,.F.,.F.,
 .F.,(4,1,4),(2,2),(-0.176326737404145,-0.087871306990112,0.),(0.,0.2),
 .UNSPECIFIED.);
#674=B_SPLINE_SURFACE_WITH_KNOTS('',3,1,((#11194,#11195),(#11196,#11197),
(#11198,#11199),(#11200,#11201),(#11202,#11203)),.UNSPECIFIED.,.F.,.F.,
 .F.,(4,1,4),(2,2),(-0.1819930419251,-0.0901721958203958,0.),(0.,0.2),
 .UNSPECIFIED.);
#675=B_SPLINE_SURFACE_WITH_KNOTS('',3,1,((#11211,#11212),(#11213,#11214),
(#11215,#11216),(#11217,#11218),(#11219,#11220)),.UNSPECIFIED.,.F.,.F.,
 .F.,(4,1,4),(2,2),(-0.270434265760604,-0.139679248513255,0.),(0.,0.2),
 .UNSPECIFIED.);
#676=B_SPLINE_SURFACE_WITH_KNOTS('',3,1,((#11228,#11229),(#11230,#11231),
(#11232,#11233),(#11234,#11235),(#11236,#11237)),.UNSPECIFIED.,.F.,.F.,
 .F.,(4,1,4),(2,2),(-0.301957143953908,-0.13826355603767,0.),(0.,0.2),
 .UNSPECIFIED.);
#677=FACE_OUTER_BOUND('',#983,.T.);
#678=FACE_OUTER_BOUND('',#984,.T.);
#679=FACE_OUTER_BOUND('',#985,.T.);
#680=FACE_OUTER_BOUND('',#986,.T.);
#681=FACE_OUTER_BOUND('',#987,.T.);
#682=FACE_OUTER_BOUND('',#988,.T.);
#683=FACE_OUTER_BOUND('',#989,.T.);
#684=FACE_OUTER_BOUND('',#990,.T.);
#685=FACE_OUTER_BOUND('',#991,.T.);
#686=FACE_OUTER_BOUND('',#992,.T.);
#687=FACE_OUTER_BOUND('',#993,.T.);
#688=FACE_OUTER_BOUND('',#994,.T.);
#689=FACE_OUTER_BOUND('',#995,.T.);
#690=FACE_OUTER_BOUND('',#996,.T.);
#691=FACE_OUTER_BOUND('',#997,.T.);
#692=FACE_OUTER_BOUND('',#998,.T.);
#693=FACE_OUTER_BOUND('',#999,.T.);
#694=FACE_OUTER_BOUND('',#1000,.T.);
#695=FACE_OUTER_BOUND('',#1001,.T.);
#696=FACE_OUTER_BOUND('',#1002,.T.);
#697=FACE_OUTER_BOUND('',#1003,.T.);
#698=FACE_OUTER_BOUND('',#1004,.T.);
#699=FACE_OUTER_BOUND('',#1005,.T.);
#700=FACE_OUTER_BOUND('',#1006,.T.);
#701=FACE_OUTER_BOUND('',#1007,.T.);
#702=FACE_OUTER_BOUND('',#1008,.T.);
#703=FACE_OUTER_BOUND('',#1009,.T.);
#704=FACE_OUTER_BOUND('',#1010,.T.);
#705=FACE_OUTER_BOUND('',#1011,.T.);
#706=FACE_OUTER_BOUND('',#1012,.T.);
#707=FACE_OUTER_BOUND('',#1013,.T.);
#708=FACE_OUTER_BOUND('',#1014,.T.);
#709=FACE_OUTER_BOUND('',#1015,.T.);
#710=FACE_OUTER_BOUND('',#1016,.T.);
#711=FACE_OUTER_BOUND('',#1017,.T.);
#712=FACE_OUTER_BOUND('',#1018,.T.);
#713=FACE_OUTER_BOUND('',#1019,.T.);
#714=FACE_OUTER_BOUND('',#1020,.T.);
#715=FACE_OUTER_BOUND('',#1021,.T.);
#716=FACE_OUTER_BOUND('',#1022,.T.);
#717=FACE_OUTER_BOUND('',#1023,.T.);
#718=FACE_OUTER_BOUND('',#1024,.T.);
#719=FACE_OUTER_BOUND('',#1025,.T.);
#720=FACE_OUTER_BOUND('',#1026,.T.);
#721=FACE_OUTER_BOUND('',#1027,.T.);
#722=FACE_OUTER_BOUND('',#1028,.T.);
#723=FACE_OUTER_BOUND('',#1029,.T.);
#724=FACE_OUTER_BOUND('',#1030,.T.);
#725=FACE_OUTER_BOUND('',#1031,.T.);
#726=FACE_OUTER_BOUND('',#1032,.T.);
#727=FACE_OUTER_BOUND('',#1033,.T.);
#728=FACE_OUTER_BOUND('',#1034,.T.);
#729=FACE_OUTER_BOUND('',#1035,.T.);
#730=FACE_OUTER_BOUND('',#1036,.T.);
#731=FACE_OUTER_BOUND('',#1037,.T.);
#732=FACE_OUTER_BOUND('',#1038,.T.);
#733=FACE_OUTER_BOUND('',#1039,.T.);
#734=FACE_OUTER_BOUND('',#1040,.T.);
#735=FACE_OUTER_BOUND('',#1041,.T.);
#736=FACE_OUTER_BOUND('',#1042,.T.);
#737=FACE_OUTER_BOUND('',#1043,.T.);
#738=FACE_OUTER_BOUND('',#1044,.T.);
#739=FACE_OUTER_BOUND('',#1046,.T.);
#740=FACE_OUTER_BOUND('',#1047,.T.);
#741=FACE_OUTER_BOUND('',#1048,.T.);
#742=FACE_OUTER_BOUND('',#1049,.T.);
#743=FACE_OUTER_BOUND('',#1050,.T.);
#744=FACE_OUTER_BOUND('',#1051,.T.);
#745=FACE_OUTER_BOUND('',#1052,.T.);
#746=FACE_OUTER_BOUND('',#1053,.T.);
#747=FACE_OUTER_BOUND('',#1054,.T.);
#748=FACE_OUTER_BOUND('',#1055,.T.);
#749=FACE_OUTER_BOUND('',#1056,.T.);
#750=FACE_OUTER_BOUND('',#1057,.T.);
#751=FACE_OUTER_BOUND('',#1058,.T.);
#752=FACE_OUTER_BOUND('',#1059,.T.);
#753=FACE_OUTER_BOUND('',#1060,.T.);
#754=FACE_OUTER_BOUND('',#1061,.T.);
#755=FACE_OUTER_BOUND('',#1062,.T.);
#756=FACE_OUTER_BOUND('',#1063,.T.);
#757=FACE_OUTER_BOUND('',#1064,.T.);
#758=FACE_OUTER_BOUND('',#1065,.T.);
#759=FACE_OUTER_BOUND('',#1066,.T.);
#760=FACE_OUTER_BOUND('',#1067,.T.);
#761=FACE_OUTER_BOUND('',#1068,.T.);
#762=FACE_OUTER_BOUND('',#1069,.T.);
#763=FACE_OUTER_BOUND('',#1070,.T.);
#764=FACE_OUTER_BOUND('',#1071,.T.);
#765=FACE_OUTER_BOUND('',#1072,.T.);
#766=FACE_OUTER_BOUND('',#1073,.T.);
#767=FACE_OUTER_BOUND('',#1074,.T.);
#768=FACE_OUTER_BOUND('',#1075,.T.);
#769=FACE_OUTER_BOUND('',#1076,.T.);
#770=FACE_OUTER_BOUND('',#1077,.T.);
#771=FACE_OUTER_BOUND('',#1078,.T.);
#772=FACE_OUTER_BOUND('',#1079,.T.);
#773=FACE_OUTER_BOUND('',#1080,.T.);
#774=FACE_OUTER_BOUND('',#1081,.T.);
#775=FACE_OUTER_BOUND('',#1082,.T.);
#776=FACE_OUTER_BOUND('',#1083,.T.);
#777=FACE_OUTER_BOUND('',#1084,.T.);
#778=FACE_OUTER_BOUND('',#1085,.T.);
#779=FACE_OUTER_BOUND('',#1086,.T.);
#780=FACE_OUTER_BOUND('',#1087,.T.);
#781=FACE_OUTER_BOUND('',#1088,.T.);
#782=FACE_OUTER_BOUND('',#1089,.T.);
#783=FACE_OUTER_BOUND('',#1090,.T.);
#784=FACE_OUTER_BOUND('',#1091,.T.);
#785=FACE_OUTER_BOUND('',#1092,.T.);
#786=FACE_OUTER_BOUND('',#1093,.T.);
#787=FACE_OUTER_BOUND('',#1094,.T.);
#788=FACE_OUTER_BOUND('',#1095,.T.);
#789=FACE_OUTER_BOUND('',#1096,.T.);
#790=FACE_OUTER_BOUND('',#1097,.T.);
#791=FACE_OUTER_BOUND('',#1098,.T.);
#792=FACE_OUTER_BOUND('',#1099,.T.);
#793=FACE_OUTER_BOUND('',#1100,.T.);
#794=FACE_OUTER_BOUND('',#1101,.T.);
#795=FACE_OUTER_BOUND('',#1102,.T.);
#796=FACE_OUTER_BOUND('',#1103,.T.);
#797=FACE_OUTER_BOUND('',#1104,.T.);
#798=FACE_OUTER_BOUND('',#1105,.T.);
#799=FACE_OUTER_BOUND('',#1106,.T.);
#800=FACE_OUTER_BOUND('',#1107,.T.);
#801=FACE_OUTER_BOUND('',#1108,.T.);
#802=FACE_OUTER_BOUND('',#1109,.T.);
#803=FACE_OUTER_BOUND('',#1110,.T.);
#804=FACE_OUTER_BOUND('',#1111,.T.);
#805=FACE_OUTER_BOUND('',#1112,.T.);
#806=FACE_OUTER_BOUND('',#1113,.T.);
#807=FACE_OUTER_BOUND('',#1114,.T.);
#808=FACE_OUTER_BOUND('',#1115,.T.);
#809=FACE_OUTER_BOUND('',#1116,.T.);
#810=FACE_OUTER_BOUND('',#1117,.T.);
#811=FACE_OUTER_BOUND('',#1118,.T.);
#812=FACE_OUTER_BOUND('',#1119,.T.);
#813=FACE_OUTER_BOUND('',#1120,.T.);
#814=FACE_OUTER_BOUND('',#1121,.T.);
#815=FACE_OUTER_BOUND('',#1122,.T.);
#816=FACE_OUTER_BOUND('',#1123,.T.);
#817=FACE_OUTER_BOUND('',#1124,.T.);
#818=FACE_OUTER_BOUND('',#1125,.T.);
#819=FACE_OUTER_BOUND('',#1126,.T.);
#820=FACE_OUTER_BOUND('',#1127,.T.);
#821=FACE_OUTER_BOUND('',#1128,.T.);
#822=FACE_OUTER_BOUND('',#1129,.T.);
#823=FACE_OUTER_BOUND('',#1130,.T.);
#824=FACE_OUTER_BOUND('',#1131,.T.);
#825=FACE_OUTER_BOUND('',#1132,.T.);
#826=FACE_OUTER_BOUND('',#1133,.T.);
#827=FACE_OUTER_BOUND('',#1134,.T.);
#828=FACE_OUTER_BOUND('',#1135,.T.);
#829=FACE_OUTER_BOUND('',#1136,.T.);
#830=FACE_OUTER_BOUND('',#1137,.T.);
#831=FACE_OUTER_BOUND('',#1138,.T.);
#832=FACE_OUTER_BOUND('',#1139,.T.);
#833=FACE_OUTER_BOUND('',#1140,.T.);
#834=FACE_OUTER_BOUND('',#1141,.T.);
#835=FACE_OUTER_BOUND('',#1142,.T.);
#836=FACE_OUTER_BOUND('',#1143,.T.);
#837=FACE_OUTER_BOUND('',#1144,.T.);
#838=FACE_OUTER_BOUND('',#1145,.T.);
#839=FACE_OUTER_BOUND('',#1146,.T.);
#840=FACE_OUTER_BOUND('',#1147,.T.);
#841=FACE_OUTER_BOUND('',#1148,.T.);
#842=FACE_OUTER_BOUND('',#1149,.T.);
#843=FACE_OUTER_BOUND('',#1150,.T.);
#844=FACE_OUTER_BOUND('',#1151,.T.);
#845=FACE_OUTER_BOUND('',#1152,.T.);
#846=FACE_OUTER_BOUND('',#1153,.T.);
#847=FACE_OUTER_BOUND('',#1154,.T.);
#848=FACE_OUTER_BOUND('',#1155,.T.);
#849=FACE_OUTER_BOUND('',#1156,.T.);
#850=FACE_OUTER_BOUND('',#1157,.T.);
#851=FACE_OUTER_BOUND('',#1158,.T.);
#852=FACE_OUTER_BOUND('',#1159,.T.);
#853=FACE_OUTER_BOUND('',#1160,.T.);
#854=FACE_OUTER_BOUND('',#1161,.T.);
#855=FACE_OUTER_BOUND('',#1162,.T.);
#856=FACE_OUTER_BOUND('',#1163,.T.);
#857=FACE_OUTER_BOUND('',#1164,.T.);
#858=FACE_OUTER_BOUND('',#1165,.T.);
#859=FACE_OUTER_BOUND('',#1166,.T.);
#860=FACE_OUTER_BOUND('',#1167,.T.);
#861=FACE_OUTER_BOUND('',#1168,.T.);
#862=FACE_OUTER_BOUND('',#1169,.T.);
#863=FACE_OUTER_BOUND('',#1170,.T.);
#864=FACE_OUTER_BOUND('',#1171,.T.);
#865=FACE_OUTER_BOUND('',#1172,.T.);
#866=FACE_OUTER_BOUND('',#1173,.T.);
#867=FACE_OUTER_BOUND('',#1174,.T.);
#868=FACE_OUTER_BOUND('',#1175,.T.);
#869=FACE_OUTER_BOUND('',#1176,.T.);
#870=FACE_OUTER_BOUND('',#1177,.T.);
#871=FACE_OUTER_BOUND('',#1178,.T.);
#872=FACE_OUTER_BOUND('',#1179,.T.);
#873=FACE_OUTER_BOUND('',#1180,.T.);
#874=FACE_OUTER_BOUND('',#1181,.T.);
#875=FACE_OUTER_BOUND('',#1182,.T.);
#876=FACE_OUTER_BOUND('',#1183,.T.);
#877=FACE_OUTER_BOUND('',#1184,.T.);
#878=FACE_OUTER_BOUND('',#1185,.T.);
#879=FACE_OUTER_BOUND('',#1186,.T.);
#880=FACE_OUTER_BOUND('',#1187,.T.);
#881=FACE_OUTER_BOUND('',#1188,.T.);
#882=FACE_OUTER_BOUND('',#1189,.T.);
#883=FACE_OUTER_BOUND('',#1190,.T.);
#884=FACE_OUTER_BOUND('',#1191,.T.);
#885=FACE_OUTER_BOUND('',#1192,.T.);
#886=FACE_OUTER_BOUND('',#1193,.T.);
#887=FACE_OUTER_BOUND('',#1195,.T.);
#888=FACE_OUTER_BOUND('',#1209,.T.);
#889=FACE_OUTER_BOUND('',#1210,.T.);
#890=FACE_OUTER_BOUND('',#1211,.T.);
#891=FACE_OUTER_BOUND('',#1212,.T.);
#892=FACE_OUTER_BOUND('',#1213,.T.);
#893=FACE_OUTER_BOUND('',#1214,.T.);
#894=FACE_OUTER_BOUND('',#1215,.T.);
#895=FACE_OUTER_BOUND('',#1216,.T.);
#896=FACE_OUTER_BOUND('',#1217,.T.);
#897=FACE_OUTER_BOUND('',#1218,.T.);
#898=FACE_OUTER_BOUND('',#1219,.T.);
#899=FACE_OUTER_BOUND('',#1220,.T.);
#900=FACE_OUTER_BOUND('',#1221,.T.);
#901=FACE_OUTER_BOUND('',#1222,.T.);
#902=FACE_OUTER_BOUND('',#1223,.T.);
#903=FACE_OUTER_BOUND('',#1224,.T.);
#904=FACE_OUTER_BOUND('',#1225,.T.);
#905=FACE_OUTER_BOUND('',#1226,.T.);
#906=FACE_OUTER_BOUND('',#1227,.T.);
#907=FACE_OUTER_BOUND('',#1228,.T.);
#908=FACE_OUTER_BOUND('',#1229,.T.);
#909=FACE_OUTER_BOUND('',#1230,.T.);
#910=FACE_OUTER_BOUND('',#1231,.T.);
#911=FACE_OUTER_BOUND('',#1232,.T.);
#912=FACE_OUTER_BOUND('',#1233,.T.);
#913=FACE_OUTER_BOUND('',#1234,.T.);
#914=FACE_OUTER_BOUND('',#1235,.T.);
#915=FACE_OUTER_BOUND('',#1236,.T.);
#916=FACE_OUTER_BOUND('',#1237,.T.);
#917=FACE_OUTER_BOUND('',#1238,.T.);
#918=FACE_OUTER_BOUND('',#1239,.T.);
#919=FACE_OUTER_BOUND('',#1240,.T.);
#920=FACE_OUTER_BOUND('',#1241,.T.);
#921=FACE_OUTER_BOUND('',#1242,.T.);
#922=FACE_OUTER_BOUND('',#1243,.T.);
#923=FACE_OUTER_BOUND('',#1244,.T.);
#924=FACE_OUTER_BOUND('',#1245,.T.);
#925=FACE_OUTER_BOUND('',#1247,.T.);
#926=FACE_OUTER_BOUND('',#1248,.T.);
#927=FACE_OUTER_BOUND('',#1249,.T.);
#928=FACE_OUTER_BOUND('',#1250,.T.);
#929=FACE_OUTER_BOUND('',#1251,.T.);
#930=FACE_OUTER_BOUND('',#1252,.T.);
#931=FACE_OUTER_BOUND('',#1253,.T.);
#932=FACE_OUTER_BOUND('',#1254,.T.);
#933=FACE_OUTER_BOUND('',#1255,.T.);
#934=FACE_OUTER_BOUND('',#1256,.T.);
#935=FACE_OUTER_BOUND('',#1257,.T.);
#936=FACE_OUTER_BOUND('',#1258,.T.);
#937=FACE_OUTER_BOUND('',#1259,.T.);
#938=FACE_OUTER_BOUND('',#1260,.T.);
#939=FACE_OUTER_BOUND('',#1261,.T.);
#940=FACE_OUTER_BOUND('',#1262,.T.);
#941=FACE_OUTER_BOUND('',#1263,.T.);
#942=FACE_OUTER_BOUND('',#1264,.T.);
#943=FACE_OUTER_BOUND('',#1265,.T.);
#944=FACE_OUTER_BOUND('',#1267,.T.);
#945=FACE_OUTER_BOUND('',#1268,.T.);
#946=FACE_OUTER_BOUND('',#1269,.T.);
#947=FACE_OUTER_BOUND('',#1270,.T.);
#948=FACE_OUTER_BOUND('',#1271,.T.);
#949=FACE_OUTER_BOUND('',#1272,.T.);
#950=FACE_OUTER_BOUND('',#1273,.T.);
#951=FACE_OUTER_BOUND('',#1274,.T.);
#952=FACE_OUTER_BOUND('',#1276,.T.);
#953=FACE_OUTER_BOUND('',#1277,.T.);
#954=FACE_OUTER_BOUND('',#1278,.T.);
#955=FACE_OUTER_BOUND('',#1279,.T.);
#956=FACE_OUTER_BOUND('',#1281,.T.);
#957=FACE_OUTER_BOUND('',#1282,.T.);
#958=FACE_OUTER_BOUND('',#1284,.T.);
#959=FACE_OUTER_BOUND('',#1285,.T.);
#960=FACE_OUTER_BOUND('',#1286,.T.);
#961=FACE_OUTER_BOUND('',#1287,.T.);
#962=FACE_OUTER_BOUND('',#1288,.T.);
#963=FACE_OUTER_BOUND('',#1290,.T.);
#964=FACE_OUTER_BOUND('',#1291,.T.);
#965=FACE_OUTER_BOUND('',#1292,.T.);
#966=FACE_OUTER_BOUND('',#1293,.T.);
#967=FACE_OUTER_BOUND('',#1294,.T.);
#968=FACE_OUTER_BOUND('',#1295,.T.);
#969=FACE_OUTER_BOUND('',#1296,.T.);
#970=FACE_OUTER_BOUND('',#1297,.T.);
#971=FACE_OUTER_BOUND('',#1298,.T.);
#972=FACE_OUTER_BOUND('',#1299,.T.);
#973=FACE_OUTER_BOUND('',#1300,.T.);
#974=FACE_OUTER_BOUND('',#1301,.T.);
#975=FACE_OUTER_BOUND('',#1302,.T.);
#976=FACE_OUTER_BOUND('',#1303,.T.);
#977=FACE_OUTER_BOUND('',#1304,.T.);
#978=FACE_OUTER_BOUND('',#1305,.T.);
#979=FACE_OUTER_BOUND('',#1306,.T.);
#980=FACE_OUTER_BOUND('',#1307,.T.);
#981=FACE_OUTER_BOUND('',#1308,.T.);
#982=FACE_OUTER_BOUND('',#1309,.T.);
#983=EDGE_LOOP('',(#3503,#3504,#3505,#3506));
#984=EDGE_LOOP('',(#3507,#3508,#3509,#3510));
#985=EDGE_LOOP('',(#3511,#3512,#3513,#3514));
#986=EDGE_LOOP('',(#3515,#3516,#3517,#3518));
#987=EDGE_LOOP('',(#3519,#3520,#3521,#3522));
#988=EDGE_LOOP('',(#3523,#3524,#3525,#3526));
#989=EDGE_LOOP('',(#3527,#3528,#3529,#3530));
#990=EDGE_LOOP('',(#3531,#3532,#3533,#3534));
#991=EDGE_LOOP('',(#3535,#3536,#3537,#3538));
#992=EDGE_LOOP('',(#3539,#3540,#3541,#3542));
#993=EDGE_LOOP('',(#3543,#3544,#3545,#3546));
#994=EDGE_LOOP('',(#3547,#3548,#3549,#3550));
#995=EDGE_LOOP('',(#3551,#3552,#3553,#3554));
#996=EDGE_LOOP('',(#3555,#3556,#3557,#3558));
#997=EDGE_LOOP('',(#3559,#3560,#3561,#3562));
#998=EDGE_LOOP('',(#3563,#3564,#3565,#3566));
#999=EDGE_LOOP('',(#3567,#3568,#3569,#3570));
#1000=EDGE_LOOP('',(#3571,#3572,#3573,#3574));
#1001=EDGE_LOOP('',(#3575,#3576,#3577,#3578));
#1002=EDGE_LOOP('',(#3579,#3580,#3581,#3582));
#1003=EDGE_LOOP('',(#3583,#3584,#3585,#3586));
#1004=EDGE_LOOP('',(#3587,#3588,#3589,#3590));
#1005=EDGE_LOOP('',(#3591,#3592,#3593,#3594));
#1006=EDGE_LOOP('',(#3595,#3596,#3597,#3598));
#1007=EDGE_LOOP('',(#3599,#3600,#3601,#3602));
#1008=EDGE_LOOP('',(#3603,#3604,#3605,#3606));
#1009=EDGE_LOOP('',(#3607,#3608,#3609,#3610));
#1010=EDGE_LOOP('',(#3611,#3612,#3613,#3614));
#1011=EDGE_LOOP('',(#3615,#3616,#3617,#3618));
#1012=EDGE_LOOP('',(#3619,#3620,#3621,#3622));
#1013=EDGE_LOOP('',(#3623,#3624,#3625,#3626));
#1014=EDGE_LOOP('',(#3627,#3628,#3629,#3630));
#1015=EDGE_LOOP('',(#3631,#3632,#3633,#3634));
#1016=EDGE_LOOP('',(#3635,#3636,#3637,#3638));
#1017=EDGE_LOOP('',(#3639,#3640,#3641,#3642));
#1018=EDGE_LOOP('',(#3643,#3644,#3645,#3646,#3647,#3648,#3649,#3650,#3651,
#3652,#3653,#3654,#3655,#3656,#3657,#3658,#3659,#3660,#3661,#3662,#3663,
#3664,#3665,#3666,#3667,#3668,#3669,#3670,#3671,#3672,#3673,#3674,#3675,
#3676,#3677));
#1019=EDGE_LOOP('',(#3678,#3679,#3680,#3681));
#1020=EDGE_LOOP('',(#3682,#3683,#3684,#3685));
#1021=EDGE_LOOP('',(#3686,#3687,#3688,#3689));
#1022=EDGE_LOOP('',(#3690,#3691,#3692,#3693));
#1023=EDGE_LOOP('',(#3694,#3695,#3696,#3697));
#1024=EDGE_LOOP('',(#3698,#3699,#3700,#3701));
#1025=EDGE_LOOP('',(#3702,#3703,#3704,#3705));
#1026=EDGE_LOOP('',(#3706,#3707,#3708,#3709));
#1027=EDGE_LOOP('',(#3710,#3711,#3712,#3713));
#1028=EDGE_LOOP('',(#3714,#3715,#3716,#3717));
#1029=EDGE_LOOP('',(#3718,#3719,#3720,#3721));
#1030=EDGE_LOOP('',(#3722,#3723,#3724,#3725));
#1031=EDGE_LOOP('',(#3726,#3727,#3728,#3729));
#1032=EDGE_LOOP('',(#3730,#3731,#3732,#3733));
#1033=EDGE_LOOP('',(#3734,#3735,#3736,#3737));
#1034=EDGE_LOOP('',(#3738,#3739,#3740,#3741));
#1035=EDGE_LOOP('',(#3742,#3743,#3744,#3745));
#1036=EDGE_LOOP('',(#3746,#3747,#3748,#3749));
#1037=EDGE_LOOP('',(#3750,#3751,#3752,#3753));
#1038=EDGE_LOOP('',(#3754,#3755,#3756,#3757));
#1039=EDGE_LOOP('',(#3758,#3759,#3760,#3761));
#1040=EDGE_LOOP('',(#3762,#3763,#3764,#3765));
#1041=EDGE_LOOP('',(#3766,#3767,#3768,#3769));
#1042=EDGE_LOOP('',(#3770,#3771,#3772,#3773));
#1043=EDGE_LOOP('',(#3774,#3775,#3776,#3777));
#1044=EDGE_LOOP('',(#3778,#3779,#3780,#3781,#3782,#3783,#3784,#3785,#3786,
#3787,#3788,#3789,#3790,#3791,#3792));
#1045=EDGE_LOOP('',(#3793,#3794,#3795,#3796,#3797));
#1046=EDGE_LOOP('',(#3798,#3799,#3800,#3801,#3802));
#1047=EDGE_LOOP('',(#3803,#3804,#3805,#3806));
#1048=EDGE_LOOP('',(#3807,#3808,#3809,#3810));
#1049=EDGE_LOOP('',(#3811,#3812,#3813,#3814));
#1050=EDGE_LOOP('',(#3815,#3816,#3817,#3818));
#1051=EDGE_LOOP('',(#3819,#3820,#3821,#3822));
#1052=EDGE_LOOP('',(#3823,#3824,#3825,#3826));
#1053=EDGE_LOOP('',(#3827,#3828,#3829,#3830));
#1054=EDGE_LOOP('',(#3831,#3832,#3833,#3834));
#1055=EDGE_LOOP('',(#3835,#3836,#3837,#3838));
#1056=EDGE_LOOP('',(#3839,#3840,#3841,#3842));
#1057=EDGE_LOOP('',(#3843,#3844,#3845,#3846));
#1058=EDGE_LOOP('',(#3847,#3848,#3849,#3850));
#1059=EDGE_LOOP('',(#3851,#3852,#3853,#3854));
#1060=EDGE_LOOP('',(#3855,#3856,#3857,#3858));
#1061=EDGE_LOOP('',(#3859,#3860,#3861,#3862));
#1062=EDGE_LOOP('',(#3863,#3864,#3865,#3866));
#1063=EDGE_LOOP('',(#3867,#3868,#3869,#3870));
#1064=EDGE_LOOP('',(#3871,#3872,#3873,#3874));
#1065=EDGE_LOOP('',(#3875,#3876,#3877,#3878));
#1066=EDGE_LOOP('',(#3879,#3880,#3881,#3882));
#1067=EDGE_LOOP('',(#3883,#3884,#3885,#3886,#3887,#3888,#3889,#3890,#3891,
#3892,#3893,#3894,#3895,#3896,#3897,#3898,#3899,#3900,#3901,#3902));
#1068=EDGE_LOOP('',(#3903,#3904,#3905,#3906));
#1069=EDGE_LOOP('',(#3907,#3908,#3909,#3910));
#1070=EDGE_LOOP('',(#3911,#3912,#3913,#3914));
#1071=EDGE_LOOP('',(#3915,#3916,#3917,#3918));
#1072=EDGE_LOOP('',(#3919,#3920,#3921,#3922));
#1073=EDGE_LOOP('',(#3923,#3924,#3925,#3926));
#1074=EDGE_LOOP('',(#3927,#3928,#3929,#3930));
#1075=EDGE_LOOP('',(#3931,#3932,#3933,#3934));
#1076=EDGE_LOOP('',(#3935,#3936,#3937,#3938));
#1077=EDGE_LOOP('',(#3939,#3940,#3941,#3942));
#1078=EDGE_LOOP('',(#3943,#3944,#3945,#3946));
#1079=EDGE_LOOP('',(#3947,#3948,#3949,#3950));
#1080=EDGE_LOOP('',(#3951,#3952,#3953,#3954));
#1081=EDGE_LOOP('',(#3955,#3956,#3957,#3958));
#1082=EDGE_LOOP('',(#3959,#3960,#3961,#3962));
#1083=EDGE_LOOP('',(#3963,#3964,#3965,#3966));
#1084=EDGE_LOOP('',(#3967,#3968,#3969,#3970));
#1085=EDGE_LOOP('',(#3971,#3972,#3973,#3974));
#1086=EDGE_LOOP('',(#3975,#3976,#3977,#3978));
#1087=EDGE_LOOP('',(#3979,#3980,#3981,#3982));
#1088=EDGE_LOOP('',(#3983,#3984,#3985,#3986));
#1089=EDGE_LOOP('',(#3987,#3988,#3989,#3990));
#1090=EDGE_LOOP('',(#3991,#3992,#3993,#3994));
#1091=EDGE_LOOP('',(#3995,#3996,#3997,#3998));
#1092=EDGE_LOOP('',(#3999,#4000,#4001,#4002));
#1093=EDGE_LOOP('',(#4003,#4004,#4005,#4006));
#1094=EDGE_LOOP('',(#4007,#4008,#4009,#4010));
#1095=EDGE_LOOP('',(#4011,#4012,#4013,#4014));
#1096=EDGE_LOOP('',(#4015,#4016,#4017,#4018));
#1097=EDGE_LOOP('',(#4019,#4020,#4021,#4022));
#1098=EDGE_LOOP('',(#4023,#4024,#4025,#4026));
#1099=EDGE_LOOP('',(#4027,#4028,#4029,#4030));
#1100=EDGE_LOOP('',(#4031,#4032,#4033,#4034));
#1101=EDGE_LOOP('',(#4035,#4036,#4037,#4038,#4039,#4040,#4041,#4042,#4043,
#4044,#4045,#4046,#4047,#4048,#4049,#4050,#4051,#4052,#4053,#4054,#4055,
#4056,#4057,#4058,#4059,#4060,#4061,#4062,#4063,#4064,#4065,#4066,#4067));
#1102=EDGE_LOOP('',(#4068,#4069,#4070,#4071));
#1103=EDGE_LOOP('',(#4072,#4073,#4074,#4075));
#1104=EDGE_LOOP('',(#4076,#4077,#4078,#4079));
#1105=EDGE_LOOP('',(#4080,#4081,#4082,#4083));
#1106=EDGE_LOOP('',(#4084,#4085,#4086,#4087));
#1107=EDGE_LOOP('',(#4088,#4089,#4090,#4091));
#1108=EDGE_LOOP('',(#4092,#4093,#4094,#4095));
#1109=EDGE_LOOP('',(#4096,#4097,#4098,#4099));
#1110=EDGE_LOOP('',(#4100,#4101,#4102,#4103));
#1111=EDGE_LOOP('',(#4104,#4105,#4106,#4107));
#1112=EDGE_LOOP('',(#4108,#4109,#4110,#4111));
#1113=EDGE_LOOP('',(#4112,#4113,#4114,#4115));
#1114=EDGE_LOOP('',(#4116,#4117,#4118,#4119));
#1115=EDGE_LOOP('',(#4120,#4121,#4122,#4123));
#1116=EDGE_LOOP('',(#4124,#4125,#4126,#4127));
#1117=EDGE_LOOP('',(#4128,#4129,#4130,#4131));
#1118=EDGE_LOOP('',(#4132,#4133,#4134,#4135));
#1119=EDGE_LOOP('',(#4136,#4137,#4138,#4139));
#1120=EDGE_LOOP('',(#4140,#4141,#4142,#4143));
#1121=EDGE_LOOP('',(#4144,#4145,#4146,#4147));
#1122=EDGE_LOOP('',(#4148,#4149,#4150,#4151));
#1123=EDGE_LOOP('',(#4152,#4153,#4154,#4155));
#1124=EDGE_LOOP('',(#4156,#4157,#4158,#4159));
#1125=EDGE_LOOP('',(#4160,#4161,#4162,#4163));
#1126=EDGE_LOOP('',(#4164,#4165,#4166,#4167));
#1127=EDGE_LOOP('',(#4168,#4169,#4170,#4171));
#1128=EDGE_LOOP('',(#4172,#4173,#4174,#4175));
#1129=EDGE_LOOP('',(#4176,#4177,#4178,#4179));
#1130=EDGE_LOOP('',(#4180,#4181,#4182,#4183));
#1131=EDGE_LOOP('',(#4184,#4185,#4186,#4187));
#1132=EDGE_LOOP('',(#4188,#4189,#4190,#4191));
#1133=EDGE_LOOP('',(#4192,#4193,#4194,#4195));
#1134=EDGE_LOOP('',(#4196,#4197,#4198,#4199));
#1135=EDGE_LOOP('',(#4200,#4201,#4202,#4203));
#1136=EDGE_LOOP('',(#4204,#4205,#4206,#4207));
#1137=EDGE_LOOP('',(#4208,#4209,#4210,#4211));
#1138=EDGE_LOOP('',(#4212,#4213,#4214,#4215));
#1139=EDGE_LOOP('',(#4216,#4217,#4218,#4219));
#1140=EDGE_LOOP('',(#4220,#4221,#4222,#4223,#4224,#4225,#4226,#4227,#4228,
#4229,#4230,#4231,#4232,#4233,#4234,#4235,#4236,#4237,#4238,#4239,#4240,
#4241,#4242,#4243,#4244,#4245,#4246,#4247,#4248,#4249,#4250,#4251,#4252));
#1141=EDGE_LOOP('',(#4253,#4254,#4255,#4256));
#1142=EDGE_LOOP('',(#4257,#4258,#4259,#4260));
#1143=EDGE_LOOP('',(#4261,#4262,#4263,#4264));
#1144=EDGE_LOOP('',(#4265,#4266,#4267,#4268));
#1145=EDGE_LOOP('',(#4269,#4270,#4271,#4272));
#1146=EDGE_LOOP('',(#4273,#4274,#4275,#4276));
#1147=EDGE_LOOP('',(#4277,#4278,#4279,#4280));
#1148=EDGE_LOOP('',(#4281,#4282,#4283,#4284));
#1149=EDGE_LOOP('',(#4285,#4286,#4287,#4288));
#1150=EDGE_LOOP('',(#4289,#4290,#4291,#4292));
#1151=EDGE_LOOP('',(#4293,#4294,#4295,#4296));
#1152=EDGE_LOOP('',(#4297,#4298,#4299,#4300));
#1153=EDGE_LOOP('',(#4301,#4302,#4303,#4304));
#1154=EDGE_LOOP('',(#4305,#4306,#4307,#4308));
#1155=EDGE_LOOP('',(#4309,#4310,#4311,#4312));
#1156=EDGE_LOOP('',(#4313,#4314,#4315,#4316));
#1157=EDGE_LOOP('',(#4317,#4318,#4319,#4320));
#1158=EDGE_LOOP('',(#4321,#4322,#4323,#4324));
#1159=EDGE_LOOP('',(#4325,#4326,#4327,#4328));
#1160=EDGE_LOOP('',(#4329,#4330,#4331,#4332));
#1161=EDGE_LOOP('',(#4333,#4334,#4335,#4336));
#1162=EDGE_LOOP('',(#4337,#4338,#4339,#4340));
#1163=EDGE_LOOP('',(#4341,#4342,#4343,#4344));
#1164=EDGE_LOOP('',(#4345,#4346,#4347,#4348));
#1165=EDGE_LOOP('',(#4349,#4350,#4351,#4352));
#1166=EDGE_LOOP('',(#4353,#4354,#4355,#4356));
#1167=EDGE_LOOP('',(#4357,#4358,#4359,#4360));
#1168=EDGE_LOOP('',(#4361,#4362,#4363,#4364));
#1169=EDGE_LOOP('',(#4365,#4366,#4367,#4368));
#1170=EDGE_LOOP('',(#4369,#4370,#4371,#4372));
#1171=EDGE_LOOP('',(#4373,#4374,#4375,#4376));
#1172=EDGE_LOOP('',(#4377,#4378,#4379,#4380));
#1173=EDGE_LOOP('',(#4381,#4382,#4383,#4384));
#1174=EDGE_LOOP('',(#4385,#4386,#4387,#4388));
#1175=EDGE_LOOP('',(#4389,#4390,#4391,#4392));
#1176=EDGE_LOOP('',(#4393,#4394,#4395,#4396));
#1177=EDGE_LOOP('',(#4397,#4398,#4399,#4400));
#1178=EDGE_LOOP('',(#4401,#4402,#4403,#4404));
#1179=EDGE_LOOP('',(#4405,#4406,#4407,#4408,#4409,#4410,#4411,#4412,#4413,
#4414,#4415,#4416,#4417,#4418,#4419,#4420,#4421,#4422,#4423,#4424,#4425,
#4426,#4427,#4428,#4429,#4430,#4431,#4432,#4433,#4434,#4435,#4436,#4437));
#1180=EDGE_LOOP('',(#4438,#4439,#4440,#4441));
#1181=EDGE_LOOP('',(#4442,#4443,#4444,#4445));
#1182=EDGE_LOOP('',(#4446,#4447,#4448,#4449));
#1183=EDGE_LOOP('',(#4450,#4451,#4452,#4453));
#1184=EDGE_LOOP('',(#4454,#4455,#4456,#4457));
#1185=EDGE_LOOP('',(#4458,#4459,#4460,#4461));
#1186=EDGE_LOOP('',(#4462,#4463,#4464,#4465));
#1187=EDGE_LOOP('',(#4466,#4467,#4468,#4469));
#1188=EDGE_LOOP('',(#4470,#4471,#4472,#4473));
#1189=EDGE_LOOP('',(#4474,#4475,#4476,#4477));
#1190=EDGE_LOOP('',(#4478,#4479,#4480,#4481));
#1191=EDGE_LOOP('',(#4482,#4483,#4484,#4485));
#1192=EDGE_LOOP('',(#4486,#4487,#4488,#4489));
#1193=EDGE_LOOP('',(#4490,#4491,#4492,#4493,#4494,#4495,#4496,#4497));
#1194=EDGE_LOOP('',(#4498,#4499,#4500,#4501,#4502));
#1195=EDGE_LOOP('',(#4503,#4504,#4505,#4506));
#1196=EDGE_LOOP('',(#4507,#4508,#4509,#4510));
#1197=EDGE_LOOP('',(#4511,#4512,#4513,#4514,#4515,#4516,#4517,#4518,#4519,
#4520,#4521,#4522,#4523,#4524,#4525,#4526,#4527,#4528,#4529,#4530));
#1198=EDGE_LOOP('',(#4531,#4532,#4533,#4534));
#1199=EDGE_LOOP('',(#4535,#4536,#4537,#4538,#4539,#4540,#4541,#4542,#4543,
#4544,#4545,#4546,#4547,#4548,#4549,#4550,#4551,#4552,#4553,#4554,#4555,
#4556,#4557,#4558,#4559,#4560,#4561,#4562,#4563,#4564,#4565,#4566,#4567));
#1200=EDGE_LOOP('',(#4568,#4569,#4570,#4571));
#1201=EDGE_LOOP('',(#4572,#4573,#4574,#4575,#4576,#4577,#4578,#4579,#4580,
#4581,#4582,#4583,#4584,#4585,#4586,#4587,#4588,#4589,#4590,#4591,#4592,
#4593,#4594,#4595,#4596,#4597,#4598,#4599,#4600,#4601,#4602,#4603,#4604));
#1202=EDGE_LOOP('',(#4605,#4606,#4607,#4608,#4609,#4610,#4611,#4612,#4613,
#4614,#4615,#4616,#4617,#4618));
#1203=EDGE_LOOP('',(#4619,#4620,#4621,#4622,#4623,#4624,#4625,#4626,#4627));
#1204=EDGE_LOOP('',(#4628,#4629,#4630,#4631,#4632,#4633,#4634,#4635,#4636,
#4637,#4638,#4639,#4640));
#1205=EDGE_LOOP('',(#4641,#4642,#4643,#4644,#4645,#4646,#4647,#4648));
#1206=EDGE_LOOP('',(#4649,#4650,#4651,#4652,#4653,#4654,#4655,#4656,#4657,
#4658,#4659,#4660,#4661,#4662,#4663,#4664,#4665,#4666,#4667,#4668,#4669,
#4670,#4671,#4672,#4673,#4674,#4675,#4676,#4677,#4678,#4679,#4680,#4681));
#1207=EDGE_LOOP('',(#4682,#4683,#4684,#4685,#4686,#4687,#4688,#4689,#4690,
#4691,#4692,#4693,#4694,#4695,#4696));
#1208=EDGE_LOOP('',(#4697,#4698,#4699,#4700,#4701,#4702,#4703,#4704,#4705,
#4706,#4707,#4708,#4709,#4710,#4711,#4712,#4713,#4714,#4715,#4716,#4717,
#4718,#4719,#4720,#4721,#4722,#4723,#4724,#4725,#4726,#4727,#4728,#4729,
#4730,#4731));
#1209=EDGE_LOOP('',(#4732,#4733,#4734,#4735));
#1210=EDGE_LOOP('',(#4736,#4737,#4738,#4739));
#1211=EDGE_LOOP('',(#4740,#4741,#4742,#4743));
#1212=EDGE_LOOP('',(#4744,#4745,#4746,#4747));
#1213=EDGE_LOOP('',(#4748,#4749,#4750,#4751));
#1214=EDGE_LOOP('',(#4752,#4753,#4754,#4755));
#1215=EDGE_LOOP('',(#4756,#4757,#4758,#4759));
#1216=EDGE_LOOP('',(#4760,#4761,#4762,#4763));
#1217=EDGE_LOOP('',(#4764,#4765,#4766,#4767));
#1218=EDGE_LOOP('',(#4768,#4769,#4770,#4771));
#1219=EDGE_LOOP('',(#4772,#4773,#4774,#4775));
#1220=EDGE_LOOP('',(#4776,#4777,#4778,#4779));
#1221=EDGE_LOOP('',(#4780,#4781,#4782,#4783));
#1222=EDGE_LOOP('',(#4784,#4785,#4786,#4787,#4788,#4789,#4790,#4791,#4792,
#4793,#4794,#4795,#4796));
#1223=EDGE_LOOP('',(#4797,#4798,#4799,#4800));
#1224=EDGE_LOOP('',(#4801,#4802,#4803,#4804));
#1225=EDGE_LOOP('',(#4805,#4806,#4807,#4808));
#1226=EDGE_LOOP('',(#4809,#4810,#4811,#4812));
#1227=EDGE_LOOP('',(#4813,#4814,#4815,#4816));
#1228=EDGE_LOOP('',(#4817,#4818,#4819,#4820));
#1229=EDGE_LOOP('',(#4821,#4822,#4823,#4824));
#1230=EDGE_LOOP('',(#4825,#4826,#4827,#4828));
#1231=EDGE_LOOP('',(#4829,#4830,#4831,#4832));
#1232=EDGE_LOOP('',(#4833,#4834,#4835,#4836));
#1233=EDGE_LOOP('',(#4837,#4838,#4839,#4840));
#1234=EDGE_LOOP('',(#4841,#4842,#4843,#4844));
#1235=EDGE_LOOP('',(#4845,#4846,#4847,#4848));
#1236=EDGE_LOOP('',(#4849,#4850,#4851,#4852));
#1237=EDGE_LOOP('',(#4853,#4854,#4855,#4856));
#1238=EDGE_LOOP('',(#4857,#4858,#4859,#4860));
#1239=EDGE_LOOP('',(#4861,#4862,#4863,#4864));
#1240=EDGE_LOOP('',(#4865,#4866,#4867,#4868));
#1241=EDGE_LOOP('',(#4869,#4870,#4871,#4872));
#1242=EDGE_LOOP('',(#4873,#4874,#4875,#4876));
#1243=EDGE_LOOP('',(#4877,#4878,#4879,#4880));
#1244=EDGE_LOOP('',(#4881,#4882,#4883,#4884));
#1245=EDGE_LOOP('',(#4885,#4886,#4887,#4888,#4889,#4890,#4891,#4892,#4893,
#4894,#4895,#4896,#4897,#4898));
#1246=EDGE_LOOP('',(#4899,#4900,#4901,#4902,#4903,#4904,#4905,#4906));
#1247=EDGE_LOOP('',(#4907,#4908,#4909,#4910,#4911));
#1248=EDGE_LOOP('',(#4912,#4913,#4914,#4915));
#1249=EDGE_LOOP('',(#4916,#4917,#4918,#4919));
#1250=EDGE_LOOP('',(#4920,#4921,#4922,#4923));
#1251=EDGE_LOOP('',(#4924,#4925,#4926,#4927));
#1252=EDGE_LOOP('',(#4928,#4929,#4930,#4931));
#1253=EDGE_LOOP('',(#4932,#4933,#4934,#4935));
#1254=EDGE_LOOP('',(#4936,#4937,#4938,#4939));
#1255=EDGE_LOOP('',(#4940,#4941,#4942,#4943));
#1256=EDGE_LOOP('',(#4944,#4945,#4946,#4947));
#1257=EDGE_LOOP('',(#4948,#4949,#4950,#4951));
#1258=EDGE_LOOP('',(#4952,#4953,#4954,#4955));
#1259=EDGE_LOOP('',(#4956,#4957,#4958,#4959));
#1260=EDGE_LOOP('',(#4960,#4961,#4962,#4963));
#1261=EDGE_LOOP('',(#4964,#4965,#4966,#4967));
#1262=EDGE_LOOP('',(#4968,#4969,#4970,#4971));
#1263=EDGE_LOOP('',(#4972,#4973,#4974,#4975));
#1264=EDGE_LOOP('',(#4976,#4977,#4978,#4979));
#1265=EDGE_LOOP('',(#4980,#4981,#4982,#4983,#4984,#4985,#4986,#4987,#4988));
#1266=EDGE_LOOP('',(#4989,#4990,#4991,#4992,#4993,#4994,#4995,#4996));
#1267=EDGE_LOOP('',(#4997,#4998,#4999,#5000,#5001,#5002,#5003,#5004));
#1268=EDGE_LOOP('',(#5005,#5006,#5007,#5008));
#1269=EDGE_LOOP('',(#5009,#5010,#5011,#5012));
#1270=EDGE_LOOP('',(#5013,#5014,#5015,#5016));
#1271=EDGE_LOOP('',(#5017,#5018,#5019,#5020));
#1272=EDGE_LOOP('',(#5021,#5022,#5023,#5024));
#1273=EDGE_LOOP('',(#5025,#5026,#5027,#5028));
#1274=EDGE_LOOP('',(#5029,#5030,#5031,#5032));
#1275=EDGE_LOOP('',(#5033));
#1276=EDGE_LOOP('',(#5034,#5035,#5036,#5037));
#1277=EDGE_LOOP('',(#5038,#5039,#5040,#5041));
#1278=EDGE_LOOP('',(#5042,#5043,#5044,#5045,#5046));
#1279=EDGE_LOOP('',(#5047,#5048,#5049,#5050));
#1280=EDGE_LOOP('',(#5051));
#1281=EDGE_LOOP('',(#5052,#5053,#5054,#5055,#5056));
#1282=EDGE_LOOP('',(#5057));
#1283=EDGE_LOOP('',(#5058));
#1284=EDGE_LOOP('',(#5059,#5060,#5061,#5062));
#1285=EDGE_LOOP('',(#5063,#5064,#5065,#5066));
#1286=EDGE_LOOP('',(#5067,#5068,#5069,#5070));
#1287=EDGE_LOOP('',(#5071,#5072,#5073,#5074));
#1288=EDGE_LOOP('',(#5075,#5076,#5077,#5078));
#1289=EDGE_LOOP('',(#5079,#5080,#5081,#5082));
#1290=EDGE_LOOP('',(#5083,#5084,#5085,#5086));
#1291=EDGE_LOOP('',(#5087,#5088,#5089));
#1292=EDGE_LOOP('',(#5090,#5091,#5092));
#1293=EDGE_LOOP('',(#5093,#5094,#5095,#5096));
#1294=EDGE_LOOP('',(#5097,#5098,#5099,#5100));
#1295=EDGE_LOOP('',(#5101,#5102,#5103));
#1296=EDGE_LOOP('',(#5104,#5105,#5106,#5107));
#1297=EDGE_LOOP('',(#5108,#5109,#5110));
#1298=EDGE_LOOP('',(#5111,#5112,#5113,#5114));
#1299=EDGE_LOOP('',(#5115,#5116,#5117,#5118));
#1300=EDGE_LOOP('',(#5119,#5120,#5121,#5122));
#1301=EDGE_LOOP('',(#5123,#5124,#5125,#5126));
#1302=EDGE_LOOP('',(#5127,#5128,#5129,#5130));
#1303=EDGE_LOOP('',(#5131,#5132,#5133,#5134));
#1304=EDGE_LOOP('',(#5135,#5136,#5137,#5138));
#1305=EDGE_LOOP('',(#5139,#5140,#5141,#5142,#5143,#5144,#5145,#5146));
#1306=EDGE_LOOP('',(#5147,#5148,#5149,#5150));
#1307=EDGE_LOOP('',(#5151,#5152,#5153,#5154));
#1308=EDGE_LOOP('',(#5155,#5156,#5157,#5158));
#1309=EDGE_LOOP('',(#5159,#5160,#5161,#5162));
#1310=LINE('',#6419,#1719);
#1311=LINE('',#6421,#1720);
#1312=LINE('',#6423,#1721);
#1313=LINE('',#6424,#1722);
#1314=LINE('',#6447,#1723);
#1315=LINE('',#6470,#1724);
#1316=LINE('',#6493,#1725);
#1317=LINE('',#6516,#1726);
#1318=LINE('',#6539,#1727);
#1319=LINE('',#6562,#1728);
#1320=LINE('',#6585,#1729);
#1321=LINE('',#6608,#1730);
#1322=LINE('',#6631,#1731);
#1323=LINE('',#6654,#1732);
#1324=LINE('',#6677,#1733);
#1325=LINE('',#6700,#1734);
#1326=LINE('',#6723,#1735);
#1327=LINE('',#6746,#1736);
#1328=LINE('',#6769,#1737);
#1329=LINE('',#6792,#1738);
#1330=LINE('',#6815,#1739);
#1331=LINE('',#6838,#1740);
#1332=LINE('',#6841,#1741);
#1333=LINE('',#6843,#1742);
#1334=LINE('',#6844,#1743);
#1335=LINE('',#6867,#1744);
#1336=LINE('',#6890,#1745);
#1337=LINE('',#6913,#1746);
#1338=LINE('',#6936,#1747);
#1339=LINE('',#6959,#1748);
#1340=LINE('',#6982,#1749);
#1341=LINE('',#7005,#1750);
#1342=LINE('',#7028,#1751);
#1343=LINE('',#7051,#1752);
#1344=LINE('',#7074,#1753);
#1345=LINE('',#7097,#1754);
#1346=LINE('',#7120,#1755);
#1347=LINE('',#7143,#1756);
#1348=LINE('',#7166,#1757);
#1349=LINE('',#7191,#1758);
#1350=LINE('',#7193,#1759);
#1351=LINE('',#7195,#1760);
#1352=LINE('',#7196,#1761);
#1353=LINE('',#7199,#1762);
#1354=LINE('',#7201,#1763);
#1355=LINE('',#7202,#1764);
#1356=LINE('',#7205,#1765);
#1357=LINE('',#7207,#1766);
#1358=LINE('',#7208,#1767);
#1359=LINE('',#7210,#1768);
#1360=LINE('',#7211,#1769);
#1361=LINE('',#7216,#1770);
#1362=LINE('',#7218,#1771);
#1363=LINE('',#7220,#1772);
#1364=LINE('',#7221,#1773);
#1365=LINE('',#7244,#1774);
#1366=LINE('',#7267,#1775);
#1367=LINE('',#7290,#1776);
#1368=LINE('',#7314,#1777);
#1369=LINE('',#7316,#1778);
#1370=LINE('',#7318,#1779);
#1371=LINE('',#7319,#1780);
#1372=LINE('',#7342,#1781);
#1373=LINE('',#7365,#1782);
#1374=LINE('',#7388,#1783);
#1375=LINE('',#7411,#1784);
#1376=LINE('',#7434,#1785);
#1377=LINE('',#7457,#1786);
#1378=LINE('',#7480,#1787);
#1379=LINE('',#7503,#1788);
#1380=LINE('',#7526,#1789);
#1381=LINE('',#7529,#1790);
#1382=LINE('',#7531,#1791);
#1383=LINE('',#7532,#1792);
#1384=LINE('',#7555,#1793);
#1385=LINE('',#7578,#1794);
#1386=LINE('',#7601,#1795);
#1387=LINE('',#7627,#1796);
#1388=LINE('',#7629,#1797);
#1389=LINE('',#7631,#1798);
#1390=LINE('',#7632,#1799);
#1391=LINE('',#7655,#1800);
#1392=LINE('',#7678,#1801);
#1393=LINE('',#7701,#1802);
#1394=LINE('',#7724,#1803);
#1395=LINE('',#7727,#1804);
#1396=LINE('',#7729,#1805);
#1397=LINE('',#7730,#1806);
#1398=LINE('',#7733,#1807);
#1399=LINE('',#7735,#1808);
#1400=LINE('',#7736,#1809);
#1401=LINE('',#7739,#1810);
#1402=LINE('',#7741,#1811);
#1403=LINE('',#7742,#1812);
#1404=LINE('',#7745,#1813);
#1405=LINE('',#7747,#1814);
#1406=LINE('',#7748,#1815);
#1407=LINE('',#7751,#1816);
#1408=LINE('',#7753,#1817);
#1409=LINE('',#7754,#1818);
#1410=LINE('',#7757,#1819);
#1411=LINE('',#7759,#1820);
#1412=LINE('',#7760,#1821);
#1413=LINE('',#7763,#1822);
#1414=LINE('',#7765,#1823);
#1415=LINE('',#7766,#1824);
#1416=LINE('',#7769,#1825);
#1417=LINE('',#7771,#1826);
#1418=LINE('',#7772,#1827);
#1419=LINE('',#7775,#1828);
#1420=LINE('',#7777,#1829);
#1421=LINE('',#7778,#1830);
#1422=LINE('',#7781,#1831);
#1423=LINE('',#7783,#1832);
#1424=LINE('',#7784,#1833);
#1425=LINE('',#7787,#1834);
#1426=LINE('',#7789,#1835);
#1427=LINE('',#7790,#1836);
#1428=LINE('',#7813,#1837);
#1429=LINE('',#7836,#1838);
#1430=LINE('',#7859,#1839);
#1431=LINE('',#7884,#1840);
#1432=LINE('',#7886,#1841);
#1433=LINE('',#7888,#1842);
#1434=LINE('',#7889,#1843);
#1435=LINE('',#7912,#1844);
#1436=LINE('',#7935,#1845);
#1437=LINE('',#7958,#1846);
#1438=LINE('',#7981,#1847);
#1439=LINE('',#8004,#1848);
#1440=LINE('',#8027,#1849);
#1441=LINE('',#8050,#1850);
#1442=LINE('',#8073,#1851);
#1443=LINE('',#8096,#1852);
#1444=LINE('',#8119,#1853);
#1445=LINE('',#8142,#1854);
#1446=LINE('',#8165,#1855);
#1447=LINE('',#8188,#1856);
#1448=LINE('',#8211,#1857);
#1449=LINE('',#8234,#1858);
#1450=LINE('',#8257,#1859);
#1451=LINE('',#8260,#1860);
#1452=LINE('',#8262,#1861);
#1453=LINE('',#8263,#1862);
#1454=LINE('',#8286,#1863);
#1455=LINE('',#8309,#1864);
#1456=LINE('',#8332,#1865);
#1457=LINE('',#8355,#1866);
#1458=LINE('',#8378,#1867);
#1459=LINE('',#8401,#1868);
#1460=LINE('',#8424,#1869);
#1461=LINE('',#8447,#1870);
#1462=LINE('',#8470,#1871);
#1463=LINE('',#8493,#1872);
#1464=LINE('',#8516,#1873);
#1465=LINE('',#8539,#1874);
#1466=LINE('',#8562,#1875);
#1467=LINE('',#8585,#1876);
#1468=LINE('',#8610,#1877);
#1469=LINE('',#8612,#1878);
#1470=LINE('',#8614,#1879);
#1471=LINE('',#8615,#1880);
#1472=LINE('',#8618,#1881);
#1473=LINE('',#8620,#1882);
#1474=LINE('',#8621,#1883);
#1475=LINE('',#8624,#1884);
#1476=LINE('',#8626,#1885);
#1477=LINE('',#8627,#1886);
#1478=LINE('',#8629,#1887);
#1479=LINE('',#8630,#1888);
#1480=LINE('',#8635,#1889);
#1481=LINE('',#8637,#1890);
#1482=LINE('',#8639,#1891);
#1483=LINE('',#8640,#1892);
#1484=LINE('',#8663,#1893);
#1485=LINE('',#8686,#1894);
#1486=LINE('',#8709,#1895);
#1487=LINE('',#8732,#1896);
#1488=LINE('',#8755,#1897);
#1489=LINE('',#8778,#1898);
#1490=LINE('',#8801,#1899);
#1491=LINE('',#8824,#1900);
#1492=LINE('',#8847,#1901);
#1493=LINE('',#8870,#1902);
#1494=LINE('',#8893,#1903);
#1495=LINE('',#8916,#1904);
#1496=LINE('',#8939,#1905);
#1497=LINE('',#8962,#1906);
#1498=LINE('',#8985,#1907);
#1499=LINE('',#9008,#1908);
#1500=LINE('',#9011,#1909);
#1501=LINE('',#9013,#1910);
#1502=LINE('',#9014,#1911);
#1503=LINE('',#9037,#1912);
#1504=LINE('',#9060,#1913);
#1505=LINE('',#9083,#1914);
#1506=LINE('',#9106,#1915);
#1507=LINE('',#9129,#1916);
#1508=LINE('',#9152,#1917);
#1509=LINE('',#9175,#1918);
#1510=LINE('',#9198,#1919);
#1511=LINE('',#9221,#1920);
#1512=LINE('',#9244,#1921);
#1513=LINE('',#9267,#1922);
#1514=LINE('',#9290,#1923);
#1515=LINE('',#9313,#1924);
#1516=LINE('',#9336,#1925);
#1517=LINE('',#9361,#1926);
#1518=LINE('',#9363,#1927);
#1519=LINE('',#9365,#1928);
#1520=LINE('',#9366,#1929);
#1521=LINE('',#9369,#1930);
#1522=LINE('',#9371,#1931);
#1523=LINE('',#9372,#1932);
#1524=LINE('',#9375,#1933);
#1525=LINE('',#9377,#1934);
#1526=LINE('',#9378,#1935);
#1527=LINE('',#9380,#1936);
#1528=LINE('',#9381,#1937);
#1529=LINE('',#9386,#1938);
#1530=LINE('',#9388,#1939);
#1531=LINE('',#9390,#1940);
#1532=LINE('',#9391,#1941);
#1533=LINE('',#9414,#1942);
#1534=LINE('',#9437,#1943);
#1535=LINE('',#9460,#1944);
#1536=LINE('',#9483,#1945);
#1537=LINE('',#9506,#1946);
#1538=LINE('',#9529,#1947);
#1539=LINE('',#9552,#1948);
#1540=LINE('',#9575,#1949);
#1541=LINE('',#9598,#1950);
#1542=LINE('',#9621,#1951);
#1543=LINE('',#9644,#1952);
#1544=LINE('',#9667,#1953);
#1545=LINE('',#9690,#1954);
#1546=LINE('',#9713,#1955);
#1547=LINE('',#9736,#1956);
#1548=LINE('',#9759,#1957);
#1549=LINE('',#9762,#1958);
#1550=LINE('',#9764,#1959);
#1551=LINE('',#9765,#1960);
#1552=LINE('',#9788,#1961);
#1553=LINE('',#9811,#1962);
#1554=LINE('',#9834,#1963);
#1555=LINE('',#9857,#1964);
#1556=LINE('',#9880,#1965);
#1557=LINE('',#9903,#1966);
#1558=LINE('',#9926,#1967);
#1559=LINE('',#9949,#1968);
#1560=LINE('',#9972,#1969);
#1561=LINE('',#9995,#1970);
#1562=LINE('',#10018,#1971);
#1563=LINE('',#10041,#1972);
#1564=LINE('',#10064,#1973);
#1565=LINE('',#10087,#1974);
#1566=LINE('',#10112,#1975);
#1567=LINE('',#10114,#1976);
#1568=LINE('',#10116,#1977);
#1569=LINE('',#10117,#1978);
#1570=LINE('',#10120,#1979);
#1571=LINE('',#10122,#1980);
#1572=LINE('',#10123,#1981);
#1573=LINE('',#10146,#1982);
#1574=LINE('',#10169,#1983);
#1575=LINE('',#10171,#1984);
#1576=LINE('',#10172,#1985);
#1577=LINE('',#10176,#1986);
#1578=LINE('',#10178,#1987);
#1579=LINE('',#10180,#1988);
#1580=LINE('',#10181,#1989);
#1581=LINE('',#10184,#1990);
#1582=LINE('',#10186,#1991);
#1583=LINE('',#10187,#1992);
#1584=LINE('',#10190,#1993);
#1585=LINE('',#10192,#1994);
#1586=LINE('',#10193,#1995);
#1587=LINE('',#10196,#1996);
#1588=LINE('',#10198,#1997);
#1589=LINE('',#10199,#1998);
#1590=LINE('',#10202,#1999);
#1591=LINE('',#10204,#2000);
#1592=LINE('',#10205,#2001);
#1593=LINE('',#10208,#2002);
#1594=LINE('',#10210,#2003);
#1595=LINE('',#10211,#2004);
#1596=LINE('',#10214,#2005);
#1597=LINE('',#10216,#2006);
#1598=LINE('',#10217,#2007);
#1599=LINE('',#10219,#2008);
#1600=LINE('',#10220,#2009);
#1601=LINE('',#10225,#2010);
#1602=LINE('',#10227,#2011);
#1603=LINE('',#10229,#2012);
#1604=LINE('',#10230,#2013);
#1605=LINE('',#10233,#2014);
#1606=LINE('',#10289,#2015);
#1607=LINE('',#10291,#2016);
#1608=LINE('',#10293,#2017);
#1609=LINE('',#10294,#2018);
#1610=LINE('',#10351,#2019);
#1611=LINE('',#10353,#2020);
#1612=LINE('',#10355,#2021);
#1613=LINE('',#10375,#2022);
#1614=LINE('',#10401,#2023);
#1615=LINE('',#10402,#2024);
#1616=LINE('',#10405,#2025);
#1617=LINE('',#10407,#2026);
#1618=LINE('',#10408,#2027);
#1619=LINE('',#10411,#2028);
#1620=LINE('',#10412,#2029);
#1621=LINE('',#10415,#2030);
#1622=LINE('',#10416,#2031);
#1623=LINE('',#10433,#2032);
#1624=LINE('',#10450,#2033);
#1625=LINE('',#10467,#2034);
#1626=LINE('',#10470,#2035);
#1627=LINE('',#10471,#2036);
#1628=LINE('',#10488,#2037);
#1629=LINE('',#10505,#2038);
#1630=LINE('',#10522,#2039);
#1631=LINE('',#10539,#2040);
#1632=LINE('',#10542,#2041);
#1633=LINE('',#10543,#2042);
#1634=LINE('',#10545,#2043);
#1635=LINE('',#10565,#2044);
#1636=LINE('',#10572,#2045);
#1637=LINE('',#10595,#2046);
#1638=LINE('',#10618,#2047);
#1639=LINE('',#10641,#2048);
#1640=LINE('',#10664,#2049);
#1641=LINE('',#10687,#2050);
#1642=LINE('',#10710,#2051);
#1643=LINE('',#10733,#2052);
#1644=LINE('',#10735,#2053);
#1645=LINE('',#10736,#2054);
#1646=LINE('',#10753,#2055);
#1647=LINE('',#10770,#2056);
#1648=LINE('',#10787,#2057);
#1649=LINE('',#10804,#2058);
#1650=LINE('',#10821,#2059);
#1651=LINE('',#10838,#2060);
#1652=LINE('',#10855,#2061);
#1653=LINE('',#10872,#2062);
#1654=LINE('',#10889,#2063);
#1655=LINE('',#10892,#2064);
#1656=LINE('',#10893,#2065);
#1657=LINE('',#10896,#2066);
#1658=LINE('',#10897,#2067);
#1659=LINE('',#10900,#2068);
#1660=LINE('',#10901,#2069);
#1661=LINE('',#10903,#2070);
#1662=LINE('',#10924,#2071);
#1663=LINE('',#10931,#2072);
#1664=LINE('',#10954,#2073);
#1665=LINE('',#10977,#2074);
#1666=LINE('',#11000,#2075);
#1667=LINE('',#11023,#2076);
#1668=LINE('',#11046,#2077);
#1669=LINE('',#11069,#2078);
#1670=LINE('',#11101,#2079);
#1671=LINE('',#11108,#2080);
#1672=LINE('',#11125,#2081);
#1673=LINE('',#11142,#2082);
#1674=LINE('',#11159,#2083);
#1675=LINE('',#11176,#2084);
#1676=LINE('',#11193,#2085);
#1677=LINE('',#11210,#2086);
#1678=LINE('',#11227,#2087);
#1679=LINE('',#11248,#2088);
#1680=LINE('',#11252,#2089);
#1681=LINE('',#11256,#2090);
#1682=LINE('',#11258,#2091);
#1683=LINE('',#11262,#2092);
#1684=LINE('',#11264,#2093);
#1685=LINE('',#11267,#2094);
#1686=LINE('',#11268,#2095);
#1687=LINE('',#11271,#2096);
#1688=LINE('',#11273,#2097);
#1689=LINE('',#11274,#2098);
#1690=LINE('',#11277,#2099);
#1691=LINE('',#11278,#2100);
#1692=LINE('',#11285,#2101);
#1693=LINE('',#11296,#2102);
#1694=LINE('',#11301,#2103);
#1695=LINE('',#11303,#2104);
#1696=LINE('',#11305,#2105);
#1697=LINE('',#11306,#2106);
#1698=LINE('',#11315,#2107);
#1699=LINE('',#11318,#2108);
#1700=LINE('',#11323,#2109);
#1701=LINE('',#11327,#2110);
#1702=LINE('',#11328,#2111);
#1703=LINE('',#11330,#2112);
#1704=LINE('',#11334,#2113);
#1705=LINE('',#11336,#2114);
#1706=LINE('',#11338,#2115);
#1707=LINE('',#11339,#2116);
#1708=LINE('',#11342,#2117);
#1709=LINE('',#11357,#2118);
#1710=LINE('',#11359,#2119);
#1711=LINE('',#11366,#2120);
#1712=LINE('',#11374,#2121);
#1713=LINE('',#11375,#2122);
#1714=LINE('',#11377,#2123);
#1715=LINE('',#11380,#2124);
#1716=LINE('',#11383,#2125);
#1717=LINE('',#11388,#2126);
#1718=LINE('',#11392,#2127);
#1719=VECTOR('',#5718,10.);
#1720=VECTOR('',#5719,10.);
#1721=VECTOR('',#5720,10.);
#1722=VECTOR('',#5721,10.);
#1723=VECTOR('',#5722,10.);
#1724=VECTOR('',#5723,10.);
#1725=VECTOR('',#5724,10.);
#1726=VECTOR('',#5725,10.);
#1727=VECTOR('',#5726,10.);
#1728=VECTOR('',#5727,10.);
#1729=VECTOR('',#5728,10.);
#1730=VECTOR('',#5729,10.);
#1731=VECTOR('',#5730,10.);
#1732=VECTOR('',#5731,10.);
#1733=VECTOR('',#5732,10.);
#1734=VECTOR('',#5733,10.);
#1735=VECTOR('',#5734,10.);
#1736=VECTOR('',#5735,10.);
#1737=VECTOR('',#5736,10.);
#1738=VECTOR('',#5737,10.);
#1739=VECTOR('',#5738,10.);
#1740=VECTOR('',#5739,10.);
#1741=VECTOR('',#5742,10.);
#1742=VECTOR('',#5743,10.);
#1743=VECTOR('',#5744,10.);
#1744=VECTOR('',#5745,10.);
#1745=VECTOR('',#5746,10.);
#1746=VECTOR('',#5747,10.);
#1747=VECTOR('',#5748,10.);
#1748=VECTOR('',#5749,10.);
#1749=VECTOR('',#5750,10.);
#1750=VECTOR('',#5751,10.);
#1751=VECTOR('',#5752,10.);
#1752=VECTOR('',#5753,10.);
#1753=VECTOR('',#5754,10.);
#1754=VECTOR('',#5755,10.);
#1755=VECTOR('',#5756,10.);
#1756=VECTOR('',#5757,10.);
#1757=VECTOR('',#5758,10.);
#1758=VECTOR('',#5763,10.);
#1759=VECTOR('',#5764,10.);
#1760=VECTOR('',#5765,10.);
#1761=VECTOR('',#5766,10.);
#1762=VECTOR('',#5769,10.);
#1763=VECTOR('',#5770,10.);
#1764=VECTOR('',#5771,10.);
#1765=VECTOR('',#5774,10.);
#1766=VECTOR('',#5775,10.);
#1767=VECTOR('',#5776,10.);
#1768=VECTOR('',#5779,10.);
#1769=VECTOR('',#5780,10.);
#1770=VECTOR('',#5785,10.);
#1771=VECTOR('',#5786,10.);
#1772=VECTOR('',#5787,10.);
#1773=VECTOR('',#5788,10.);
#1774=VECTOR('',#5789,10.);
#1775=VECTOR('',#5790,10.);
#1776=VECTOR('',#5791,10.);
#1777=VECTOR('',#5794,10.);
#1778=VECTOR('',#5795,10.);
#1779=VECTOR('',#5796,10.);
#1780=VECTOR('',#5797,10.);
#1781=VECTOR('',#5798,10.);
#1782=VECTOR('',#5799,10.);
#1783=VECTOR('',#5800,10.);
#1784=VECTOR('',#5801,10.);
#1785=VECTOR('',#5802,10.);
#1786=VECTOR('',#5803,10.);
#1787=VECTOR('',#5804,10.);
#1788=VECTOR('',#5805,10.);
#1789=VECTOR('',#5806,10.);
#1790=VECTOR('',#5809,10.);
#1791=VECTOR('',#5810,10.);
#1792=VECTOR('',#5811,10.);
#1793=VECTOR('',#5812,10.);
#1794=VECTOR('',#5813,10.);
#1795=VECTOR('',#5814,10.);
#1796=VECTOR('',#5821,10.);
#1797=VECTOR('',#5822,10.);
#1798=VECTOR('',#5823,10.);
#1799=VECTOR('',#5824,10.);
#1800=VECTOR('',#5825,10.);
#1801=VECTOR('',#5826,10.);
#1802=VECTOR('',#5827,10.);
#1803=VECTOR('',#5828,10.);
#1804=VECTOR('',#5831,10.);
#1805=VECTOR('',#5832,10.);
#1806=VECTOR('',#5833,10.);
#1807=VECTOR('',#5836,10.);
#1808=VECTOR('',#5837,10.);
#1809=VECTOR('',#5838,10.);
#1810=VECTOR('',#5841,10.);
#1811=VECTOR('',#5842,10.);
#1812=VECTOR('',#5843,10.);
#1813=VECTOR('',#5846,10.);
#1814=VECTOR('',#5847,10.);
#1815=VECTOR('',#5848,10.);
#1816=VECTOR('',#5851,10.);
#1817=VECTOR('',#5852,10.);
#1818=VECTOR('',#5853,10.);
#1819=VECTOR('',#5856,10.);
#1820=VECTOR('',#5857,10.);
#1821=VECTOR('',#5858,10.);
#1822=VECTOR('',#5861,10.);
#1823=VECTOR('',#5862,10.);
#1824=VECTOR('',#5863,10.);
#1825=VECTOR('',#5866,10.);
#1826=VECTOR('',#5867,10.);
#1827=VECTOR('',#5868,10.);
#1828=VECTOR('',#5871,10.);
#1829=VECTOR('',#5872,10.);
#1830=VECTOR('',#5873,10.);
#1831=VECTOR('',#5876,10.);
#1832=VECTOR('',#5877,10.);
#1833=VECTOR('',#5878,10.);
#1834=VECTOR('',#5881,10.);
#1835=VECTOR('',#5882,10.);
#1836=VECTOR('',#5883,10.);
#1837=VECTOR('',#5884,10.);
#1838=VECTOR('',#5885,10.);
#1839=VECTOR('',#5886,10.);
#1840=VECTOR('',#5891,10.);
#1841=VECTOR('',#5892,10.);
#1842=VECTOR('',#5893,10.);
#1843=VECTOR('',#5894,10.);
#1844=VECTOR('',#5895,10.);
#1845=VECTOR('',#5896,10.);
#1846=VECTOR('',#5897,10.);
#1847=VECTOR('',#5898,10.);
#1848=VECTOR('',#5899,10.);
#1849=VECTOR('',#5900,10.);
#1850=VECTOR('',#5901,10.);
#1851=VECTOR('',#5902,10.);
#1852=VECTOR('',#5903,10.);
#1853=VECTOR('',#5904,10.);
#1854=VECTOR('',#5905,10.);
#1855=VECTOR('',#5906,10.);
#1856=VECTOR('',#5907,10.);
#1857=VECTOR('',#5908,10.);
#1858=VECTOR('',#5909,10.);
#1859=VECTOR('',#5910,10.);
#1860=VECTOR('',#5913,10.);
#1861=VECTOR('',#5914,10.);
#1862=VECTOR('',#5915,10.);
#1863=VECTOR('',#5916,10.);
#1864=VECTOR('',#5917,10.);
#1865=VECTOR('',#5918,10.);
#1866=VECTOR('',#5919,10.);
#1867=VECTOR('',#5920,10.);
#1868=VECTOR('',#5921,10.);
#1869=VECTOR('',#5922,10.);
#1870=VECTOR('',#5923,10.);
#1871=VECTOR('',#5924,10.);
#1872=VECTOR('',#5925,10.);
#1873=VECTOR('',#5926,10.);
#1874=VECTOR('',#5927,10.);
#1875=VECTOR('',#5928,10.);
#1876=VECTOR('',#5929,10.);
#1877=VECTOR('',#5934,10.);
#1878=VECTOR('',#5935,10.);
#1879=VECTOR('',#5936,10.);
#1880=VECTOR('',#5937,10.);
#1881=VECTOR('',#5940,10.);
#1882=VECTOR('',#5941,10.);
#1883=VECTOR('',#5942,10.);
#1884=VECTOR('',#5945,10.);
#1885=VECTOR('',#5946,10.);
#1886=VECTOR('',#5947,10.);
#1887=VECTOR('',#5950,10.);
#1888=VECTOR('',#5951,10.);
#1889=VECTOR('',#5956,10.);
#1890=VECTOR('',#5957,10.);
#1891=VECTOR('',#5958,10.);
#1892=VECTOR('',#5959,10.);
#1893=VECTOR('',#5960,10.);
#1894=VECTOR('',#5961,10.);
#1895=VECTOR('',#5962,10.);
#1896=VECTOR('',#5963,10.);
#1897=VECTOR('',#5964,10.);
#1898=VECTOR('',#5965,10.);
#1899=VECTOR('',#5966,10.);
#1900=VECTOR('',#5967,10.);
#1901=VECTOR('',#5968,10.);
#1902=VECTOR('',#5969,10.);
#1903=VECTOR('',#5970,10.);
#1904=VECTOR('',#5971,10.);
#1905=VECTOR('',#5972,10.);
#1906=VECTOR('',#5973,10.);
#1907=VECTOR('',#5974,10.);
#1908=VECTOR('',#5975,10.);
#1909=VECTOR('',#5978,10.);
#1910=VECTOR('',#5979,10.);
#1911=VECTOR('',#5980,10.);
#1912=VECTOR('',#5981,10.);
#1913=VECTOR('',#5982,10.);
#1914=VECTOR('',#5983,10.);
#1915=VECTOR('',#5984,10.);
#1916=VECTOR('',#5985,10.);
#1917=VECTOR('',#5986,10.);
#1918=VECTOR('',#5987,10.);
#1919=VECTOR('',#5988,10.);
#1920=VECTOR('',#5989,10.);
#1921=VECTOR('',#5990,10.);
#1922=VECTOR('',#5991,10.);
#1923=VECTOR('',#5992,10.);
#1924=VECTOR('',#5993,10.);
#1925=VECTOR('',#5994,10.);
#1926=VECTOR('',#5999,10.);
#1927=VECTOR('',#6000,10.);
#1928=VECTOR('',#6001,10.);
#1929=VECTOR('',#6002,10.);
#1930=VECTOR('',#6005,10.);
#1931=VECTOR('',#6006,10.);
#1932=VECTOR('',#6007,10.);
#1933=VECTOR('',#6010,10.);
#1934=VECTOR('',#6011,10.);
#1935=VECTOR('',#6012,10.);
#1936=VECTOR('',#6015,10.);
#1937=VECTOR('',#6016,10.);
#1938=VECTOR('',#6021,10.);
#1939=VECTOR('',#6022,10.);
#1940=VECTOR('',#6023,10.);
#1941=VECTOR('',#6024,10.);
#1942=VECTOR('',#6025,10.);
#1943=VECTOR('',#6026,10.);
#1944=VECTOR('',#6027,10.);
#1945=VECTOR('',#6028,10.);
#1946=VECTOR('',#6029,10.);
#1947=VECTOR('',#6030,10.);
#1948=VECTOR('',#6031,10.);
#1949=VECTOR('',#6032,10.);
#1950=VECTOR('',#6033,10.);
#1951=VECTOR('',#6034,10.);
#1952=VECTOR('',#6035,10.);
#1953=VECTOR('',#6036,10.);
#1954=VECTOR('',#6037,10.);
#1955=VECTOR('',#6038,10.);
#1956=VECTOR('',#6039,10.);
#1957=VECTOR('',#6040,10.);
#1958=VECTOR('',#6043,10.);
#1959=VECTOR('',#6044,10.);
#1960=VECTOR('',#6045,10.);
#1961=VECTOR('',#6046,10.);
#1962=VECTOR('',#6047,10.);
#1963=VECTOR('',#6048,10.);
#1964=VECTOR('',#6049,10.);
#1965=VECTOR('',#6050,10.);
#1966=VECTOR('',#6051,10.);
#1967=VECTOR('',#6052,10.);
#1968=VECTOR('',#6053,10.);
#1969=VECTOR('',#6054,10.);
#1970=VECTOR('',#6055,10.);
#1971=VECTOR('',#6056,10.);
#1972=VECTOR('',#6057,10.);
#1973=VECTOR('',#6058,10.);
#1974=VECTOR('',#6059,10.);
#1975=VECTOR('',#6064,10.);
#1976=VECTOR('',#6065,10.);
#1977=VECTOR('',#6066,10.);
#1978=VECTOR('',#6067,10.);
#1979=VECTOR('',#6070,10.);
#1980=VECTOR('',#6071,10.);
#1981=VECTOR('',#6072,10.);
#1982=VECTOR('',#6073,10.);
#1983=VECTOR('',#6074,10.);
#1984=VECTOR('',#6077,10.);
#1985=VECTOR('',#6078,10.);
#1986=VECTOR('',#6081,10.);
#1987=VECTOR('',#6082,10.);
#1988=VECTOR('',#6083,10.);
#1989=VECTOR('',#6084,10.);
#1990=VECTOR('',#6087,10.);
#1991=VECTOR('',#6088,10.);
#1992=VECTOR('',#6089,10.);
#1993=VECTOR('',#6092,10.);
#1994=VECTOR('',#6093,10.);
#1995=VECTOR('',#6094,10.);
#1996=VECTOR('',#6097,10.);
#1997=VECTOR('',#6098,10.);
#1998=VECTOR('',#6099,10.);
#1999=VECTOR('',#6102,10.);
#2000=VECTOR('',#6103,10.);
#2001=VECTOR('',#6104,10.);
#2002=VECTOR('',#6107,10.);
#2003=VECTOR('',#6108,10.);
#2004=VECTOR('',#6109,10.);
#2005=VECTOR('',#6112,10.);
#2006=VECTOR('',#6113,10.);
#2007=VECTOR('',#6114,10.);
#2008=VECTOR('',#6117,10.);
#2009=VECTOR('',#6118,10.);
#2010=VECTOR('',#6123,10.);
#2011=VECTOR('',#6124,10.);
#2012=VECTOR('',#6125,10.);
#2013=VECTOR('',#6126,10.);
#2014=VECTOR('',#6127,10.);
#2015=VECTOR('',#6128,10.);
#2016=VECTOR('',#6129,10.);
#2017=VECTOR('',#6130,10.);
#2018=VECTOR('',#6131,10.);
#2019=VECTOR('',#6132,10.);
#2020=VECTOR('',#6133,10.);
#2021=VECTOR('',#6134,10.);
#2022=VECTOR('',#6135,10.);
#2023=VECTOR('',#6136,10.);
#2024=VECTOR('',#6137,10.);
#2025=VECTOR('',#6140,10.);
#2026=VECTOR('',#6141,10.);
#2027=VECTOR('',#6142,10.);
#2028=VECTOR('',#6145,10.);
#2029=VECTOR('',#6146,10.);
#2030=VECTOR('',#6149,10.);
#2031=VECTOR('',#6150,10.);
#2032=VECTOR('',#6151,10.);
#2033=VECTOR('',#6152,10.);
#2034=VECTOR('',#6153,10.);
#2035=VECTOR('',#6156,10.);
#2036=VECTOR('',#6157,10.);
#2037=VECTOR('',#6158,10.);
#2038=VECTOR('',#6159,10.);
#2039=VECTOR('',#6160,10.);
#2040=VECTOR('',#6161,10.);
#2041=VECTOR('',#6164,10.);
#2042=VECTOR('',#6165,10.);
#2043=VECTOR('',#6168,10.);
#2044=VECTOR('',#6171,10.);
#2045=VECTOR('',#6172,10.);
#2046=VECTOR('',#6173,10.);
#2047=VECTOR('',#6174,10.);
#2048=VECTOR('',#6175,10.);
#2049=VECTOR('',#6176,10.);
#2050=VECTOR('',#6177,10.);
#2051=VECTOR('',#6178,10.);
#2052=VECTOR('',#6181,10.);
#2053=VECTOR('',#6182,10.);
#2054=VECTOR('',#6183,10.);
#2055=VECTOR('',#6184,10.);
#2056=VECTOR('',#6185,10.);
#2057=VECTOR('',#6186,10.);
#2058=VECTOR('',#6187,10.);
#2059=VECTOR('',#6188,10.);
#2060=VECTOR('',#6189,10.);
#2061=VECTOR('',#6190,10.);
#2062=VECTOR('',#6191,10.);
#2063=VECTOR('',#6192,10.);
#2064=VECTOR('',#6195,10.);
#2065=VECTOR('',#6196,10.);
#2066=VECTOR('',#6199,10.);
#2067=VECTOR('',#6200,10.);
#2068=VECTOR('',#6203,10.);
#2069=VECTOR('',#6204,10.);
#2070=VECTOR('',#6207,10.);
#2071=VECTOR('',#6212,10.);
#2072=VECTOR('',#6213,10.);
#2073=VECTOR('',#6214,10.);
#2074=VECTOR('',#6215,10.);
#2075=VECTOR('',#6216,10.);
#2076=VECTOR('',#6217,10.);
#2077=VECTOR('',#6218,10.);
#2078=VECTOR('',#6219,10.);
#2079=VECTOR('',#6220,10.);
#2080=VECTOR('',#6221,10.);
#2081=VECTOR('',#6222,10.);
#2082=VECTOR('',#6223,10.);
#2083=VECTOR('',#6224,10.);
#2084=VECTOR('',#6225,10.);
#2085=VECTOR('',#6226,10.);
#2086=VECTOR('',#6227,10.);
#2087=VECTOR('',#6228,10.);
#2088=VECTOR('',#6235,10.);
#2089=VECTOR('',#6238,10.);
#2090=VECTOR('',#6243,10.);
#2091=VECTOR('',#6244,10.);
#2092=VECTOR('',#6249,10.);
#2093=VECTOR('',#6250,10.);
#2094=VECTOR('',#6255,10.);
#2095=VECTOR('',#6256,10.);
#2096=VECTOR('',#6259,10.);
#2097=VECTOR('',#6260,10.);
#2098=VECTOR('',#6261,10.);
#2099=VECTOR('',#6264,10.);
#2100=VECTOR('',#6265,10.);
#2101=VECTOR('',#6274,1.65);
#2102=VECTOR('',#6287,20.);
#2103=VECTOR('',#6292,10.);
#2104=VECTOR('',#6293,10.);
#2105=VECTOR('',#6294,10.);
#2106=VECTOR('',#6295,10.);
#2107=VECTOR('',#6306,10.);
#2108=VECTOR('',#6309,10.);
#2109=VECTOR('',#6314,10.);
#2110=VECTOR('',#6321,10.);
#2111=VECTOR('',#6322,10.);
#2112=VECTOR('',#6325,10.);
#2113=VECTOR('',#6328,10.);
#2114=VECTOR('',#6329,10.);
#2115=VECTOR('',#6330,10.);
#2116=VECTOR('',#6331,10.);
#2117=VECTOR('',#6334,10.);
#2118=VECTOR('',#6357,10.);
#2119=VECTOR('',#6360,10.);
#2120=VECTOR('',#6371,10.);
#2121=VECTOR('',#6382,10.);
#2122=VECTOR('',#6383,10.);
#2123=VECTOR('',#6386,10.);
#2124=VECTOR('',#6389,10.);
#2125=VECTOR('',#6394,10.);
#2126=VECTOR('',#6403,10.);
#2127=VECTOR('',#6410,10.);
#2128=VERTEX_POINT('',#6417);
#2129=VERTEX_POINT('',#6418);
#2130=VERTEX_POINT('',#6420);
#2131=VERTEX_POINT('',#6422);
#2132=VERTEX_POINT('',#6435);
#2133=VERTEX_POINT('',#6441);
#2134=VERTEX_POINT('',#6458);
#2135=VERTEX_POINT('',#6464);
#2136=VERTEX_POINT('',#6481);
#2137=VERTEX_POINT('',#6487);
#2138=VERTEX_POINT('',#6504);
#2139=VERTEX_POINT('',#6510);
#2140=VERTEX_POINT('',#6527);
#2141=VERTEX_POINT('',#6533);
#2142=VERTEX_POINT('',#6550);
#2143=VERTEX_POINT('',#6556);
#2144=VERTEX_POINT('',#6573);
#2145=VERTEX_POINT('',#6579);
#2146=VERTEX_POINT('',#6596);
#2147=VERTEX_POINT('',#6602);
#2148=VERTEX_POINT('',#6619);
#2149=VERTEX_POINT('',#6625);
#2150=VERTEX_POINT('',#6642);
#2151=VERTEX_POINT('',#6648);
#2152=VERTEX_POINT('',#6665);
#2153=VERTEX_POINT('',#6671);
#2154=VERTEX_POINT('',#6688);
#2155=VERTEX_POINT('',#6694);
#2156=VERTEX_POINT('',#6711);
#2157=VERTEX_POINT('',#6717);
#2158=VERTEX_POINT('',#6734);
#2159=VERTEX_POINT('',#6740);
#2160=VERTEX_POINT('',#6757);
#2161=VERTEX_POINT('',#6763);
#2162=VERTEX_POINT('',#6780);
#2163=VERTEX_POINT('',#6786);
#2164=VERTEX_POINT('',#6803);
#2165=VERTEX_POINT('',#6809);
#2166=VERTEX_POINT('',#6826);
#2167=VERTEX_POINT('',#6832);
#2168=VERTEX_POINT('',#6840);
#2169=VERTEX_POINT('',#6842);
#2170=VERTEX_POINT('',#6855);
#2171=VERTEX_POINT('',#6861);
#2172=VERTEX_POINT('',#6878);
#2173=VERTEX_POINT('',#6884);
#2174=VERTEX_POINT('',#6901);
#2175=VERTEX_POINT('',#6907);
#2176=VERTEX_POINT('',#6924);
#2177=VERTEX_POINT('',#6930);
#2178=VERTEX_POINT('',#6947);
#2179=VERTEX_POINT('',#6953);
#2180=VERTEX_POINT('',#6970);
#2181=VERTEX_POINT('',#6976);
#2182=VERTEX_POINT('',#6993);
#2183=VERTEX_POINT('',#6999);
#2184=VERTEX_POINT('',#7016);
#2185=VERTEX_POINT('',#7022);
#2186=VERTEX_POINT('',#7039);
#2187=VERTEX_POINT('',#7045);
#2188=VERTEX_POINT('',#7062);
#2189=VERTEX_POINT('',#7068);
#2190=VERTEX_POINT('',#7085);
#2191=VERTEX_POINT('',#7091);
#2192=VERTEX_POINT('',#7108);
#2193=VERTEX_POINT('',#7114);
#2194=VERTEX_POINT('',#7131);
#2195=VERTEX_POINT('',#7137);
#2196=VERTEX_POINT('',#7154);
#2197=VERTEX_POINT('',#7160);
#2198=VERTEX_POINT('',#7189);
#2199=VERTEX_POINT('',#7190);
#2200=VERTEX_POINT('',#7192);
#2201=VERTEX_POINT('',#7194);
#2202=VERTEX_POINT('',#7198);
#2203=VERTEX_POINT('',#7200);
#2204=VERTEX_POINT('',#7204);
#2205=VERTEX_POINT('',#7206);
#2206=VERTEX_POINT('',#7214);
#2207=VERTEX_POINT('',#7215);
#2208=VERTEX_POINT('',#7217);
#2209=VERTEX_POINT('',#7219);
#2210=VERTEX_POINT('',#7232);
#2211=VERTEX_POINT('',#7238);
#2212=VERTEX_POINT('',#7255);
#2213=VERTEX_POINT('',#7261);
#2214=VERTEX_POINT('',#7278);
#2215=VERTEX_POINT('',#7284);
#2216=VERTEX_POINT('',#7312);
#2217=VERTEX_POINT('',#7313);
#2218=VERTEX_POINT('',#7315);
#2219=VERTEX_POINT('',#7317);
#2220=VERTEX_POINT('',#7330);
#2221=VERTEX_POINT('',#7336);
#2222=VERTEX_POINT('',#7353);
#2223=VERTEX_POINT('',#7359);
#2224=VERTEX_POINT('',#7376);
#2225=VERTEX_POINT('',#7382);
#2226=VERTEX_POINT('',#7399);
#2227=VERTEX_POINT('',#7405);
#2228=VERTEX_POINT('',#7422);
#2229=VERTEX_POINT('',#7428);
#2230=VERTEX_POINT('',#7445);
#2231=VERTEX_POINT('',#7451);
#2232=VERTEX_POINT('',#7468);
#2233=VERTEX_POINT('',#7474);
#2234=VERTEX_POINT('',#7491);
#2235=VERTEX_POINT('',#7497);
#2236=VERTEX_POINT('',#7514);
#2237=VERTEX_POINT('',#7520);
#2238=VERTEX_POINT('',#7528);
#2239=VERTEX_POINT('',#7530);
#2240=VERTEX_POINT('',#7543);
#2241=VERTEX_POINT('',#7549);
#2242=VERTEX_POINT('',#7566);
#2243=VERTEX_POINT('',#7572);
#2244=VERTEX_POINT('',#7589);
#2245=VERTEX_POINT('',#7595);
#2246=VERTEX_POINT('',#7625);
#2247=VERTEX_POINT('',#7626);
#2248=VERTEX_POINT('',#7628);
#2249=VERTEX_POINT('',#7630);
#2250=VERTEX_POINT('',#7643);
#2251=VERTEX_POINT('',#7649);
#2252=VERTEX_POINT('',#7666);
#2253=VERTEX_POINT('',#7672);
#2254=VERTEX_POINT('',#7689);
#2255=VERTEX_POINT('',#7695);
#2256=VERTEX_POINT('',#7712);
#2257=VERTEX_POINT('',#7718);
#2258=VERTEX_POINT('',#7726);
#2259=VERTEX_POINT('',#7728);
#2260=VERTEX_POINT('',#7732);
#2261=VERTEX_POINT('',#7734);
#2262=VERTEX_POINT('',#7738);
#2263=VERTEX_POINT('',#7740);
#2264=VERTEX_POINT('',#7744);
#2265=VERTEX_POINT('',#7746);
#2266=VERTEX_POINT('',#7750);
#2267=VERTEX_POINT('',#7752);
#2268=VERTEX_POINT('',#7756);
#2269=VERTEX_POINT('',#7758);
#2270=VERTEX_POINT('',#7762);
#2271=VERTEX_POINT('',#7764);
#2272=VERTEX_POINT('',#7768);
#2273=VERTEX_POINT('',#7770);
#2274=VERTEX_POINT('',#7774);
#2275=VERTEX_POINT('',#7776);
#2276=VERTEX_POINT('',#7780);
#2277=VERTEX_POINT('',#7782);
#2278=VERTEX_POINT('',#7786);
#2279=VERTEX_POINT('',#7788);
#2280=VERTEX_POINT('',#7801);
#2281=VERTEX_POINT('',#7807);
#2282=VERTEX_POINT('',#7824);
#2283=VERTEX_POINT('',#7830);
#2284=VERTEX_POINT('',#7847);
#2285=VERTEX_POINT('',#7853);
#2286=VERTEX_POINT('',#7882);
#2287=VERTEX_POINT('',#7883);
#2288=VERTEX_POINT('',#7885);
#2289=VERTEX_POINT('',#7887);
#2290=VERTEX_POINT('',#7900);
#2291=VERTEX_POINT('',#7906);
#2292=VERTEX_POINT('',#7923);
#2293=VERTEX_POINT('',#7929);
#2294=VERTEX_POINT('',#7946);
#2295=VERTEX_POINT('',#7952);
#2296=VERTEX_POINT('',#7969);
#2297=VERTEX_POINT('',#7975);
#2298=VERTEX_POINT('',#7992);
#2299=VERTEX_POINT('',#7998);
#2300=VERTEX_POINT('',#8015);
#2301=VERTEX_POINT('',#8021);
#2302=VERTEX_POINT('',#8038);
#2303=VERTEX_POINT('',#8044);
#2304=VERTEX_POINT('',#8061);
#2305=VERTEX_POINT('',#8067);
#2306=VERTEX_POINT('',#8084);
#2307=VERTEX_POINT('',#8090);
#2308=VERTEX_POINT('',#8107);
#2309=VERTEX_POINT('',#8113);
#2310=VERTEX_POINT('',#8130);
#2311=VERTEX_POINT('',#8136);
#2312=VERTEX_POINT('',#8153);
#2313=VERTEX_POINT('',#8159);
#2314=VERTEX_POINT('',#8176);
#2315=VERTEX_POINT('',#8182);
#2316=VERTEX_POINT('',#8199);
#2317=VERTEX_POINT('',#8205);
#2318=VERTEX_POINT('',#8222);
#2319=VERTEX_POINT('',#8228);
#2320=VERTEX_POINT('',#8245);
#2321=VERTEX_POINT('',#8251);
#2322=VERTEX_POINT('',#8259);
#2323=VERTEX_POINT('',#8261);
#2324=VERTEX_POINT('',#8274);
#2325=VERTEX_POINT('',#8280);
#2326=VERTEX_POINT('',#8297);
#2327=VERTEX_POINT('',#8303);
#2328=VERTEX_POINT('',#8320);
#2329=VERTEX_POINT('',#8326);
#2330=VERTEX_POINT('',#8343);
#2331=VERTEX_POINT('',#8349);
#2332=VERTEX_POINT('',#8366);
#2333=VERTEX_POINT('',#8372);
#2334=VERTEX_POINT('',#8389);
#2335=VERTEX_POINT('',#8395);
#2336=VERTEX_POINT('',#8412);
#2337=VERTEX_POINT('',#8418);
#2338=VERTEX_POINT('',#8435);
#2339=VERTEX_POINT('',#8441);
#2340=VERTEX_POINT('',#8458);
#2341=VERTEX_POINT('',#8464);
#2342=VERTEX_POINT('',#8481);
#2343=VERTEX_POINT('',#8487);
#2344=VERTEX_POINT('',#8504);
#2345=VERTEX_POINT('',#8510);
#2346=VERTEX_POINT('',#8527);
#2347=VERTEX_POINT('',#8533);
#2348=VERTEX_POINT('',#8550);
#2349=VERTEX_POINT('',#8556);
#2350=VERTEX_POINT('',#8573);
#2351=VERTEX_POINT('',#8579);
#2352=VERTEX_POINT('',#8608);
#2353=VERTEX_POINT('',#8609);
#2354=VERTEX_POINT('',#8611);
#2355=VERTEX_POINT('',#8613);
#2356=VERTEX_POINT('',#8617);
#2357=VERTEX_POINT('',#8619);
#2358=VERTEX_POINT('',#8623);
#2359=VERTEX_POINT('',#8625);
#2360=VERTEX_POINT('',#8633);
#2361=VERTEX_POINT('',#8634);
#2362=VERTEX_POINT('',#8636);
#2363=VERTEX_POINT('',#8638);
#2364=VERTEX_POINT('',#8651);
#2365=VERTEX_POINT('',#8657);
#2366=VERTEX_POINT('',#8674);
#2367=VERTEX_POINT('',#8680);
#2368=VERTEX_POINT('',#8697);
#2369=VERTEX_POINT('',#8703);
#2370=VERTEX_POINT('',#8720);
#2371=VERTEX_POINT('',#8726);
#2372=VERTEX_POINT('',#8743);
#2373=VERTEX_POINT('',#8749);
#2374=VERTEX_POINT('',#8766);
#2375=VERTEX_POINT('',#8772);
#2376=VERTEX_POINT('',#8789);
#2377=VERTEX_POINT('',#8795);
#2378=VERTEX_POINT('',#8812);
#2379=VERTEX_POINT('',#8818);
#2380=VERTEX_POINT('',#8835);
#2381=VERTEX_POINT('',#8841);
#2382=VERTEX_POINT('',#8858);
#2383=VERTEX_POINT('',#8864);
#2384=VERTEX_POINT('',#8881);
#2385=VERTEX_POINT('',#8887);
#2386=VERTEX_POINT('',#8904);
#2387=VERTEX_POINT('',#8910);
#2388=VERTEX_POINT('',#8927);
#2389=VERTEX_POINT('',#8933);
#2390=VERTEX_POINT('',#8950);
#2391=VERTEX_POINT('',#8956);
#2392=VERTEX_POINT('',#8973);
#2393=VERTEX_POINT('',#8979);
#2394=VERTEX_POINT('',#8996);
#2395=VERTEX_POINT('',#9002);
#2396=VERTEX_POINT('',#9010);
#2397=VERTEX_POINT('',#9012);
#2398=VERTEX_POINT('',#9025);
#2399=VERTEX_POINT('',#9031);
#2400=VERTEX_POINT('',#9048);
#2401=VERTEX_POINT('',#9054);
#2402=VERTEX_POINT('',#9071);
#2403=VERTEX_POINT('',#9077);
#2404=VERTEX_POINT('',#9094);
#2405=VERTEX_POINT('',#9100);
#2406=VERTEX_POINT('',#9117);
#2407=VERTEX_POINT('',#9123);
#2408=VERTEX_POINT('',#9140);
#2409=VERTEX_POINT('',#9146);
#2410=VERTEX_POINT('',#9163);
#2411=VERTEX_POINT('',#9169);
#2412=VERTEX_POINT('',#9186);
#2413=VERTEX_POINT('',#9192);
#2414=VERTEX_POINT('',#9209);
#2415=VERTEX_POINT('',#9215);
#2416=VERTEX_POINT('',#9232);
#2417=VERTEX_POINT('',#9238);
#2418=VERTEX_POINT('',#9255);
#2419=VERTEX_POINT('',#9261);
#2420=VERTEX_POINT('',#9278);
#2421=VERTEX_POINT('',#9284);
#2422=VERTEX_POINT('',#9301);
#2423=VERTEX_POINT('',#9307);
#2424=VERTEX_POINT('',#9324);
#2425=VERTEX_POINT('',#9330);
#2426=VERTEX_POINT('',#9359);
#2427=VERTEX_POINT('',#9360);
#2428=VERTEX_POINT('',#9362);
#2429=VERTEX_POINT('',#9364);
#2430=VERTEX_POINT('',#9368);
#2431=VERTEX_POINT('',#9370);
#2432=VERTEX_POINT('',#9374);
#2433=VERTEX_POINT('',#9376);
#2434=VERTEX_POINT('',#9384);
#2435=VERTEX_POINT('',#9385);
#2436=VERTEX_POINT('',#9387);
#2437=VERTEX_POINT('',#9389);
#2438=VERTEX_POINT('',#9402);
#2439=VERTEX_POINT('',#9408);
#2440=VERTEX_POINT('',#9425);
#2441=VERTEX_POINT('',#9431);
#2442=VERTEX_POINT('',#9448);
#2443=VERTEX_POINT('',#9454);
#2444=VERTEX_POINT('',#9471);
#2445=VERTEX_POINT('',#9477);
#2446=VERTEX_POINT('',#9494);
#2447=VERTEX_POINT('',#9500);
#2448=VERTEX_POINT('',#9517);
#2449=VERTEX_POINT('',#9523);
#2450=VERTEX_POINT('',#9540);
#2451=VERTEX_POINT('',#9546);
#2452=VERTEX_POINT('',#9563);
#2453=VERTEX_POINT('',#9569);
#2454=VERTEX_POINT('',#9586);
#2455=VERTEX_POINT('',#9592);
#2456=VERTEX_POINT('',#9609);
#2457=VERTEX_POINT('',#9615);
#2458=VERTEX_POINT('',#9632);
#2459=VERTEX_POINT('',#9638);
#2460=VERTEX_POINT('',#9655);
#2461=VERTEX_POINT('',#9661);
#2462=VERTEX_POINT('',#9678);
#2463=VERTEX_POINT('',#9684);
#2464=VERTEX_POINT('',#9701);
#2465=VERTEX_POINT('',#9707);
#2466=VERTEX_POINT('',#9724);
#2467=VERTEX_POINT('',#9730);
#2468=VERTEX_POINT('',#9747);
#2469=VERTEX_POINT('',#9753);
#2470=VERTEX_POINT('',#9761);
#2471=VERTEX_POINT('',#9763);
#2472=VERTEX_POINT('',#9776);
#2473=VERTEX_POINT('',#9782);
#2474=VERTEX_POINT('',#9799);
#2475=VERTEX_POINT('',#9805);
#2476=VERTEX_POINT('',#9822);
#2477=VERTEX_POINT('',#9828);
#2478=VERTEX_POINT('',#9845);
#2479=VERTEX_POINT('',#9851);
#2480=VERTEX_POINT('',#9868);
#2481=VERTEX_POINT('',#9874);
#2482=VERTEX_POINT('',#9891);
#2483=VERTEX_POINT('',#9897);
#2484=VERTEX_POINT('',#9914);
#2485=VERTEX_POINT('',#9920);
#2486=VERTEX_POINT('',#9937);
#2487=VERTEX_POINT('',#9943);
#2488=VERTEX_POINT('',#9960);
#2489=VERTEX_POINT('',#9966);
#2490=VERTEX_POINT('',#9983);
#2491=VERTEX_POINT('',#9989);
#2492=VERTEX_POINT('',#10006);
#2493=VERTEX_POINT('',#10012);
#2494=VERTEX_POINT('',#10029);
#2495=VERTEX_POINT('',#10035);
#2496=VERTEX_POINT('',#10052);
#2497=VERTEX_POINT('',#10058);
#2498=VERTEX_POINT('',#10075);
#2499=VERTEX_POINT('',#10081);
#2500=VERTEX_POINT('',#10110);
#2501=VERTEX_POINT('',#10111);
#2502=VERTEX_POINT('',#10113);
#2503=VERTEX_POINT('',#10115);
#2504=VERTEX_POINT('',#10119);
#2505=VERTEX_POINT('',#10121);
#2506=VERTEX_POINT('',#10134);
#2507=VERTEX_POINT('',#10140);
#2508=VERTEX_POINT('',#10157);
#2509=VERTEX_POINT('',#10163);
#2510=VERTEX_POINT('',#10174);
#2511=VERTEX_POINT('',#10175);
#2512=VERTEX_POINT('',#10177);
#2513=VERTEX_POINT('',#10179);
#2514=VERTEX_POINT('',#10183);
#2515=VERTEX_POINT('',#10185);
#2516=VERTEX_POINT('',#10189);
#2517=VERTEX_POINT('',#10191);
#2518=VERTEX_POINT('',#10195);
#2519=VERTEX_POINT('',#10197);
#2520=VERTEX_POINT('',#10201);
#2521=VERTEX_POINT('',#10203);
#2522=VERTEX_POINT('',#10207);
#2523=VERTEX_POINT('',#10209);
#2524=VERTEX_POINT('',#10213);
#2525=VERTEX_POINT('',#10215);
#2526=VERTEX_POINT('',#10223);
#2527=VERTEX_POINT('',#10224);
#2528=VERTEX_POINT('',#10226);
#2529=VERTEX_POINT('',#10228);
#2530=VERTEX_POINT('',#10231);
#2531=VERTEX_POINT('',#10232);
#2532=VERTEX_POINT('',#10234);
#2533=VERTEX_POINT('',#10240);
#2534=VERTEX_POINT('',#10246);
#2535=VERTEX_POINT('',#10252);
#2536=VERTEX_POINT('',#10258);
#2537=VERTEX_POINT('',#10264);
#2538=VERTEX_POINT('',#10270);
#2539=VERTEX_POINT('',#10276);
#2540=VERTEX_POINT('',#10282);
#2541=VERTEX_POINT('',#10288);
#2542=VERTEX_POINT('',#10290);
#2543=VERTEX_POINT('',#10292);
#2544=VERTEX_POINT('',#10295);
#2545=VERTEX_POINT('',#10296);
#2546=VERTEX_POINT('',#10302);
#2547=VERTEX_POINT('',#10308);
#2548=VERTEX_POINT('',#10314);
#2549=VERTEX_POINT('',#10320);
#2550=VERTEX_POINT('',#10326);
#2551=VERTEX_POINT('',#10332);
#2552=VERTEX_POINT('',#10338);
#2553=VERTEX_POINT('',#10349);
#2554=VERTEX_POINT('',#10350);
#2555=VERTEX_POINT('',#10352);
#2556=VERTEX_POINT('',#10354);
#2557=VERTEX_POINT('',#10356);
#2558=VERTEX_POINT('',#10362);
#2559=VERTEX_POINT('',#10368);
#2560=VERTEX_POINT('',#10374);
#2561=VERTEX_POINT('',#10376);
#2562=VERTEX_POINT('',#10382);
#2563=VERTEX_POINT('',#10388);
#2564=VERTEX_POINT('',#10394);
#2565=VERTEX_POINT('',#10400);
#2566=VERTEX_POINT('',#10404);
#2567=VERTEX_POINT('',#10406);
#2568=VERTEX_POINT('',#10410);
#2569=VERTEX_POINT('',#10414);
#2570=VERTEX_POINT('',#10427);
#2571=VERTEX_POINT('',#10444);
#2572=VERTEX_POINT('',#10461);
#2573=VERTEX_POINT('',#10469);
#2574=VERTEX_POINT('',#10482);
#2575=VERTEX_POINT('',#10499);
#2576=VERTEX_POINT('',#10516);
#2577=VERTEX_POINT('',#10533);
#2578=VERTEX_POINT('',#10541);
#2579=VERTEX_POINT('',#10557);
#2580=VERTEX_POINT('',#10558);
#2581=VERTEX_POINT('',#10564);
#2582=VERTEX_POINT('',#10566);
#2583=VERTEX_POINT('',#10583);
#2584=VERTEX_POINT('',#10589);
#2585=VERTEX_POINT('',#10606);
#2586=VERTEX_POINT('',#10612);
#2587=VERTEX_POINT('',#10629);
#2588=VERTEX_POINT('',#10635);
#2589=VERTEX_POINT('',#10652);
#2590=VERTEX_POINT('',#10658);
#2591=VERTEX_POINT('',#10675);
#2592=VERTEX_POINT('',#10681);
#2593=VERTEX_POINT('',#10698);
#2594=VERTEX_POINT('',#10704);
#2595=VERTEX_POINT('',#10732);
#2596=VERTEX_POINT('',#10734);
#2597=VERTEX_POINT('',#10747);
#2598=VERTEX_POINT('',#10764);
#2599=VERTEX_POINT('',#10781);
#2600=VERTEX_POINT('',#10798);
#2601=VERTEX_POINT('',#10815);
#2602=VERTEX_POINT('',#10832);
#2603=VERTEX_POINT('',#10849);
#2604=VERTEX_POINT('',#10866);
#2605=VERTEX_POINT('',#10883);
#2606=VERTEX_POINT('',#10891);
#2607=VERTEX_POINT('',#10895);
#2608=VERTEX_POINT('',#10899);
#2609=VERTEX_POINT('',#10916);
#2610=VERTEX_POINT('',#10917);
#2611=VERTEX_POINT('',#10923);
#2612=VERTEX_POINT('',#10925);
#2613=VERTEX_POINT('',#10942);
#2614=VERTEX_POINT('',#10948);
#2615=VERTEX_POINT('',#10965);
#2616=VERTEX_POINT('',#10971);
#2617=VERTEX_POINT('',#10988);
#2618=VERTEX_POINT('',#10994);
#2619=VERTEX_POINT('',#11011);
#2620=VERTEX_POINT('',#11017);
#2621=VERTEX_POINT('',#11034);
#2622=VERTEX_POINT('',#11040);
#2623=VERTEX_POINT('',#11057);
#2624=VERTEX_POINT('',#11063);
#2625=VERTEX_POINT('',#11100);
#2626=VERTEX_POINT('',#11102);
#2627=VERTEX_POINT('',#11119);
#2628=VERTEX_POINT('',#11136);
#2629=VERTEX_POINT('',#11153);
#2630=VERTEX_POINT('',#11170);
#2631=VERTEX_POINT('',#11187);
#2632=VERTEX_POINT('',#11204);
#2633=VERTEX_POINT('',#11221);
#2634=VERTEX_POINT('',#11246);
#2635=VERTEX_POINT('',#11247);
#2636=VERTEX_POINT('',#11249);
#2637=VERTEX_POINT('',#11251);
#2638=VERTEX_POINT('',#11255);
#2639=VERTEX_POINT('',#11257);
#2640=VERTEX_POINT('',#11261);
#2641=VERTEX_POINT('',#11263);
#2642=VERTEX_POINT('',#11270);
#2643=VERTEX_POINT('',#11272);
#2644=VERTEX_POINT('',#11276);
#2645=VERTEX_POINT('',#11280);
#2646=VERTEX_POINT('',#11283);
#2647=VERTEX_POINT('',#11287);
#2648=VERTEX_POINT('',#11289);
#2649=VERTEX_POINT('',#11293);
#2650=VERTEX_POINT('',#11294);
#2651=VERTEX_POINT('',#11299);
#2652=VERTEX_POINT('',#11300);
#2653=VERTEX_POINT('',#11302);
#2654=VERTEX_POINT('',#11304);
#2655=VERTEX_POINT('',#11308);
#2656=VERTEX_POINT('',#11313);
#2657=VERTEX_POINT('',#11314);
#2658=VERTEX_POINT('',#11317);
#2659=VERTEX_POINT('',#11321);
#2660=VERTEX_POINT('',#11322);
#2661=VERTEX_POINT('',#11332);
#2662=VERTEX_POINT('',#11333);
#2663=VERTEX_POINT('',#11335);
#2664=VERTEX_POINT('',#11337);
#2665=VERTEX_POINT('',#11341);
#2666=VERTEX_POINT('',#11346);
#2667=VERTEX_POINT('',#11351);
#2668=VERTEX_POINT('',#11352);
#2669=VERTEX_POINT('',#11361);
#2670=VERTEX_POINT('',#11368);
#2671=VERTEX_POINT('',#11370);
#2672=VERTEX_POINT('',#11379);
#2673=EDGE_CURVE('',#2128,#2129,#1310,.T.);
#2674=EDGE_CURVE('',#2128,#2130,#1311,.T.);
#2675=EDGE_CURVE('',#2131,#2130,#1312,.T.);
#2676=EDGE_CURVE('',#2129,#2131,#1313,.T.);
#2677=EDGE_CURVE('',#2129,#2132,#95,.T.);
#2678=EDGE_CURVE('',#2133,#2131,#96,.T.);
#2679=EDGE_CURVE('',#2132,#2133,#1314,.T.);
#2680=EDGE_CURVE('',#2132,#2134,#97,.T.);
#2681=EDGE_CURVE('',#2135,#2133,#98,.T.);
#2682=EDGE_CURVE('',#2134,#2135,#1315,.T.);
#2683=EDGE_CURVE('',#2134,#2136,#99,.T.);
#2684=EDGE_CURVE('',#2137,#2135,#100,.T.);
#2685=EDGE_CURVE('',#2136,#2137,#1316,.T.);
#2686=EDGE_CURVE('',#2136,#2138,#101,.T.);
#2687=EDGE_CURVE('',#2139,#2137,#102,.T.);
#2688=EDGE_CURVE('',#2138,#2139,#1317,.T.);
#2689=EDGE_CURVE('',#2138,#2140,#103,.T.);
#2690=EDGE_CURVE('',#2141,#2139,#104,.T.);
#2691=EDGE_CURVE('',#2140,#2141,#1318,.T.);
#2692=EDGE_CURVE('',#2140,#2142,#105,.T.);
#2693=EDGE_CURVE('',#2143,#2141,#106,.T.);
#2694=EDGE_CURVE('',#2142,#2143,#1319,.T.);
#2695=EDGE_CURVE('',#2142,#2144,#107,.T.);
#2696=EDGE_CURVE('',#2145,#2143,#108,.T.);
#2697=EDGE_CURVE('',#2144,#2145,#1320,.T.);
#2698=EDGE_CURVE('',#2144,#2146,#109,.T.);
#2699=EDGE_CURVE('',#2147,#2145,#110,.T.);
#2700=EDGE_CURVE('',#2146,#2147,#1321,.T.);
#2701=EDGE_CURVE('',#2146,#2148,#111,.T.);
#2702=EDGE_CURVE('',#2149,#2147,#112,.T.);
#2703=EDGE_CURVE('',#2148,#2149,#1322,.T.);
#2704=EDGE_CURVE('',#2148,#2150,#113,.T.);
#2705=EDGE_CURVE('',#2151,#2149,#114,.T.);
#2706=EDGE_CURVE('',#2150,#2151,#1323,.T.);
#2707=EDGE_CURVE('',#2150,#2152,#115,.T.);
#2708=EDGE_CURVE('',#2153,#2151,#116,.T.);
#2709=EDGE_CURVE('',#2152,#2153,#1324,.T.);
#2710=EDGE_CURVE('',#2152,#2154,#117,.T.);
#2711=EDGE_CURVE('',#2155,#2153,#118,.T.);
#2712=EDGE_CURVE('',#2154,#2155,#1325,.T.);
#2713=EDGE_CURVE('',#2154,#2156,#119,.T.);
#2714=EDGE_CURVE('',#2157,#2155,#120,.T.);
#2715=EDGE_CURVE('',#2156,#2157,#1326,.T.);
#2716=EDGE_CURVE('',#2156,#2158,#121,.T.);
#2717=EDGE_CURVE('',#2159,#2157,#122,.T.);
#2718=EDGE_CURVE('',#2158,#2159,#1327,.T.);
#2719=EDGE_CURVE('',#2158,#2160,#123,.T.);
#2720=EDGE_CURVE('',#2161,#2159,#124,.T.);
#2721=EDGE_CURVE('',#2160,#2161,#1328,.T.);
#2722=EDGE_CURVE('',#2160,#2162,#125,.T.);
#2723=EDGE_CURVE('',#2163,#2161,#126,.T.);
#2724=EDGE_CURVE('',#2162,#2163,#1329,.T.);
#2725=EDGE_CURVE('',#2162,#2164,#127,.T.);
#2726=EDGE_CURVE('',#2165,#2163,#128,.T.);
#2727=EDGE_CURVE('',#2164,#2165,#1330,.T.);
#2728=EDGE_CURVE('',#2164,#2166,#129,.T.);
#2729=EDGE_CURVE('',#2167,#2165,#130,.T.);
#2730=EDGE_CURVE('',#2166,#2167,#1331,.T.);
#2731=EDGE_CURVE('',#2166,#2168,#1332,.T.);
#2732=EDGE_CURVE('',#2169,#2167,#1333,.T.);
#2733=EDGE_CURVE('',#2168,#2169,#1334,.T.);
#2734=EDGE_CURVE('',#2168,#2170,#131,.T.);
#2735=EDGE_CURVE('',#2171,#2169,#132,.T.);
#2736=EDGE_CURVE('',#2170,#2171,#1335,.T.);
#2737=EDGE_CURVE('',#2170,#2172,#133,.T.);
#2738=EDGE_CURVE('',#2173,#2171,#134,.T.);
#2739=EDGE_CURVE('',#2172,#2173,#1336,.T.);
#2740=EDGE_CURVE('',#2172,#2174,#135,.T.);
#2741=EDGE_CURVE('',#2175,#2173,#136,.T.);
#2742=EDGE_CURVE('',#2174,#2175,#1337,.T.);
#2743=EDGE_CURVE('',#2174,#2176,#137,.T.);
#2744=EDGE_CURVE('',#2177,#2175,#138,.T.);
#2745=EDGE_CURVE('',#2176,#2177,#1338,.T.);
#2746=EDGE_CURVE('',#2176,#2178,#139,.T.);
#2747=EDGE_CURVE('',#2179,#2177,#140,.T.);
#2748=EDGE_CURVE('',#2178,#2179,#1339,.T.);
#2749=EDGE_CURVE('',#2178,#2180,#141,.T.);
#2750=EDGE_CURVE('',#2181,#2179,#142,.T.);
#2751=EDGE_CURVE('',#2180,#2181,#1340,.T.);
#2752=EDGE_CURVE('',#2180,#2182,#143,.T.);
#2753=EDGE_CURVE('',#2183,#2181,#144,.T.);
#2754=EDGE_CURVE('',#2182,#2183,#1341,.T.);
#2755=EDGE_CURVE('',#2182,#2184,#145,.T.);
#2756=EDGE_CURVE('',#2185,#2183,#146,.T.);
#2757=EDGE_CURVE('',#2184,#2185,#1342,.T.);
#2758=EDGE_CURVE('',#2184,#2186,#147,.T.);
#2759=EDGE_CURVE('',#2187,#2185,#148,.T.);
#2760=EDGE_CURVE('',#2186,#2187,#1343,.T.);
#2761=EDGE_CURVE('',#2186,#2188,#149,.T.);
#2762=EDGE_CURVE('',#2189,#2187,#150,.T.);
#2763=EDGE_CURVE('',#2188,#2189,#1344,.T.);
#2764=EDGE_CURVE('',#2188,#2190,#151,.T.);
#2765=EDGE_CURVE('',#2191,#2189,#152,.T.);
#2766=EDGE_CURVE('',#2190,#2191,#1345,.T.);
#2767=EDGE_CURVE('',#2190,#2192,#153,.T.);
#2768=EDGE_CURVE('',#2193,#2191,#154,.T.);
#2769=EDGE_CURVE('',#2192,#2193,#1346,.T.);
#2770=EDGE_CURVE('',#2192,#2194,#155,.T.);
#2771=EDGE_CURVE('',#2195,#2193,#156,.T.);
#2772=EDGE_CURVE('',#2194,#2195,#1347,.T.);
#2773=EDGE_CURVE('',#2194,#2196,#157,.T.);
#2774=EDGE_CURVE('',#2197,#2195,#158,.T.);
#2775=EDGE_CURVE('',#2196,#2197,#1348,.T.);
#2776=EDGE_CURVE('',#2196,#2128,#159,.T.);
#2777=EDGE_CURVE('',#2130,#2197,#160,.T.);
#2778=EDGE_CURVE('',#2198,#2199,#1349,.T.);
#2779=EDGE_CURVE('',#2198,#2200,#1350,.T.);
#2780=EDGE_CURVE('',#2201,#2200,#1351,.T.);
#2781=EDGE_CURVE('',#2199,#2201,#1352,.T.);
#2782=EDGE_CURVE('',#2199,#2202,#1353,.T.);
#2783=EDGE_CURVE('',#2203,#2201,#1354,.T.);
#2784=EDGE_CURVE('',#2202,#2203,#1355,.T.);
#2785=EDGE_CURVE('',#2202,#2204,#1356,.T.);
#2786=EDGE_CURVE('',#2205,#2203,#1357,.T.);
#2787=EDGE_CURVE('',#2204,#2205,#1358,.T.);
#2788=EDGE_CURVE('',#2204,#2198,#1359,.T.);
#2789=EDGE_CURVE('',#2200,#2205,#1360,.T.);
#2790=EDGE_CURVE('',#2206,#2207,#1361,.T.);
#2791=EDGE_CURVE('',#2206,#2208,#1362,.T.);
#2792=EDGE_CURVE('',#2209,#2208,#1363,.T.);
#2793=EDGE_CURVE('',#2207,#2209,#1364,.T.);
#2794=EDGE_CURVE('',#2207,#2210,#161,.T.);
#2795=EDGE_CURVE('',#2211,#2209,#162,.T.);
#2796=EDGE_CURVE('',#2210,#2211,#1365,.T.);
#2797=EDGE_CURVE('',#2210,#2212,#163,.T.);
#2798=EDGE_CURVE('',#2213,#2211,#164,.T.);
#2799=EDGE_CURVE('',#2212,#2213,#1366,.T.);
#2800=EDGE_CURVE('',#2212,#2214,#165,.T.);
#2801=EDGE_CURVE('',#2215,#2213,#166,.T.);
#2802=EDGE_CURVE('',#2214,#2215,#1367,.T.);
#2803=EDGE_CURVE('',#2214,#2206,#167,.T.);
#2804=EDGE_CURVE('',#2208,#2215,#168,.T.);
#2805=EDGE_CURVE('',#2216,#2217,#1368,.T.);
#2806=EDGE_CURVE('',#2216,#2218,#1369,.T.);
#2807=EDGE_CURVE('',#2219,#2218,#1370,.T.);
#2808=EDGE_CURVE('',#2217,#2219,#1371,.T.);
#2809=EDGE_CURVE('',#2217,#2220,#169,.T.);
#2810=EDGE_CURVE('',#2221,#2219,#170,.T.);
#2811=EDGE_CURVE('',#2220,#2221,#1372,.T.);
#2812=EDGE_CURVE('',#2220,#2222,#171,.T.);
#2813=EDGE_CURVE('',#2223,#2221,#172,.T.);
#2814=EDGE_CURVE('',#2222,#2223,#1373,.T.);
#2815=EDGE_CURVE('',#2222,#2224,#173,.T.);
#2816=EDGE_CURVE('',#2225,#2223,#174,.T.);
#2817=EDGE_CURVE('',#2224,#2225,#1374,.T.);
#2818=EDGE_CURVE('',#2224,#2226,#175,.T.);
#2819=EDGE_CURVE('',#2227,#2225,#176,.T.);
#2820=EDGE_CURVE('',#2226,#2227,#1375,.T.);
#2821=EDGE_CURVE('',#2226,#2228,#177,.T.);
#2822=EDGE_CURVE('',#2229,#2227,#178,.T.);
#2823=EDGE_CURVE('',#2228,#2229,#1376,.T.);
#2824=EDGE_CURVE('',#2228,#2230,#179,.T.);
#2825=EDGE_CURVE('',#2231,#2229,#180,.T.);
#2826=EDGE_CURVE('',#2230,#2231,#1377,.T.);
#2827=EDGE_CURVE('',#2230,#2232,#181,.T.);
#2828=EDGE_CURVE('',#2233,#2231,#182,.T.);
#2829=EDGE_CURVE('',#2232,#2233,#1378,.T.);
#2830=EDGE_CURVE('',#2232,#2234,#183,.T.);
#2831=EDGE_CURVE('',#2235,#2233,#184,.T.);
#2832=EDGE_CURVE('',#2234,#2235,#1379,.T.);
#2833=EDGE_CURVE('',#2234,#2236,#185,.T.);
#2834=EDGE_CURVE('',#2237,#2235,#186,.T.);
#2835=EDGE_CURVE('',#2236,#2237,#1380,.T.);
#2836=EDGE_CURVE('',#2236,#2238,#1381,.T.);
#2837=EDGE_CURVE('',#2239,#2237,#1382,.T.);
#2838=EDGE_CURVE('',#2238,#2239,#1383,.T.);
#2839=EDGE_CURVE('',#2238,#2240,#187,.T.);
#2840=EDGE_CURVE('',#2241,#2239,#188,.T.);
#2841=EDGE_CURVE('',#2240,#2241,#1384,.T.);
#2842=EDGE_CURVE('',#2240,#2242,#189,.T.);
#2843=EDGE_CURVE('',#2243,#2241,#190,.T.);
#2844=EDGE_CURVE('',#2242,#2243,#1385,.T.);
#2845=EDGE_CURVE('',#2242,#2244,#191,.T.);
#2846=EDGE_CURVE('',#2245,#2243,#192,.T.);
#2847=EDGE_CURVE('',#2244,#2245,#1386,.T.);
#2848=EDGE_CURVE('',#2244,#2216,#193,.T.);
#2849=EDGE_CURVE('',#2218,#2245,#194,.T.);
#2850=EDGE_CURVE('',#2246,#2247,#1387,.T.);
#2851=EDGE_CURVE('',#2246,#2248,#1388,.T.);
#2852=EDGE_CURVE('',#2249,#2248,#1389,.T.);
#2853=EDGE_CURVE('',#2247,#2249,#1390,.T.);
#2854=EDGE_CURVE('',#2247,#2250,#195,.T.);
#2855=EDGE_CURVE('',#2251,#2249,#196,.T.);
#2856=EDGE_CURVE('',#2250,#2251,#1391,.T.);
#2857=EDGE_CURVE('',#2250,#2252,#197,.T.);
#2858=EDGE_CURVE('',#2253,#2251,#198,.T.);
#2859=EDGE_CURVE('',#2252,#2253,#1392,.T.);
#2860=EDGE_CURVE('',#2252,#2254,#199,.T.);
#2861=EDGE_CURVE('',#2255,#2253,#200,.T.);
#2862=EDGE_CURVE('',#2254,#2255,#1393,.T.);
#2863=EDGE_CURVE('',#2254,#2256,#201,.T.);
#2864=EDGE_CURVE('',#2257,#2255,#202,.T.);
#2865=EDGE_CURVE('',#2256,#2257,#1394,.T.);
#2866=EDGE_CURVE('',#2256,#2258,#1395,.T.);
#2867=EDGE_CURVE('',#2259,#2257,#1396,.T.);
#2868=EDGE_CURVE('',#2258,#2259,#1397,.T.);
#2869=EDGE_CURVE('',#2258,#2260,#1398,.T.);
#2870=EDGE_CURVE('',#2261,#2259,#1399,.T.);
#2871=EDGE_CURVE('',#2260,#2261,#1400,.T.);
#2872=EDGE_CURVE('',#2260,#2262,#1401,.T.);
#2873=EDGE_CURVE('',#2263,#2261,#1402,.T.);
#2874=EDGE_CURVE('',#2262,#2263,#1403,.T.);
#2875=EDGE_CURVE('',#2262,#2264,#1404,.T.);
#2876=EDGE_CURVE('',#2265,#2263,#1405,.T.);
#2877=EDGE_CURVE('',#2264,#2265,#1406,.T.);
#2878=EDGE_CURVE('',#2264,#2266,#1407,.T.);
#2879=EDGE_CURVE('',#2267,#2265,#1408,.T.);
#2880=EDGE_CURVE('',#2266,#2267,#1409,.T.);
#2881=EDGE_CURVE('',#2266,#2268,#1410,.T.);
#2882=EDGE_CURVE('',#2269,#2267,#1411,.T.);
#2883=EDGE_CURVE('',#2268,#2269,#1412,.T.);
#2884=EDGE_CURVE('',#2268,#2270,#1413,.T.);
#2885=EDGE_CURVE('',#2271,#2269,#1414,.T.);
#2886=EDGE_CURVE('',#2270,#2271,#1415,.T.);
#2887=EDGE_CURVE('',#2270,#2272,#1416,.T.);
#2888=EDGE_CURVE('',#2273,#2271,#1417,.T.);
#2889=EDGE_CURVE('',#2272,#2273,#1418,.T.);
#2890=EDGE_CURVE('',#2272,#2274,#1419,.T.);
#2891=EDGE_CURVE('',#2275,#2273,#1420,.T.);
#2892=EDGE_CURVE('',#2274,#2275,#1421,.T.);
#2893=EDGE_CURVE('',#2274,#2276,#1422,.T.);
#2894=EDGE_CURVE('',#2277,#2275,#1423,.T.);
#2895=EDGE_CURVE('',#2276,#2277,#1424,.T.);
#2896=EDGE_CURVE('',#2276,#2278,#1425,.T.);
#2897=EDGE_CURVE('',#2279,#2277,#1426,.T.);
#2898=EDGE_CURVE('',#2278,#2279,#1427,.T.);
#2899=EDGE_CURVE('',#2278,#2280,#203,.T.);
#2900=EDGE_CURVE('',#2281,#2279,#204,.T.);
#2901=EDGE_CURVE('',#2280,#2281,#1428,.T.);
#2902=EDGE_CURVE('',#2280,#2282,#205,.T.);
#2903=EDGE_CURVE('',#2283,#2281,#206,.T.);
#2904=EDGE_CURVE('',#2282,#2283,#1429,.T.);
#2905=EDGE_CURVE('',#2282,#2284,#207,.T.);
#2906=EDGE_CURVE('',#2285,#2283,#208,.T.);
#2907=EDGE_CURVE('',#2284,#2285,#1430,.T.);
#2908=EDGE_CURVE('',#2284,#2246,#209,.T.);
#2909=EDGE_CURVE('',#2248,#2285,#210,.T.);
#2910=EDGE_CURVE('',#2286,#2287,#1431,.T.);
#2911=EDGE_CURVE('',#2286,#2288,#1432,.T.);
#2912=EDGE_CURVE('',#2289,#2288,#1433,.T.);
#2913=EDGE_CURVE('',#2287,#2289,#1434,.T.);
#2914=EDGE_CURVE('',#2287,#2290,#211,.T.);
#2915=EDGE_CURVE('',#2291,#2289,#212,.T.);
#2916=EDGE_CURVE('',#2290,#2291,#1435,.T.);
#2917=EDGE_CURVE('',#2290,#2292,#213,.T.);
#2918=EDGE_CURVE('',#2293,#2291,#214,.T.);
#2919=EDGE_CURVE('',#2292,#2293,#1436,.T.);
#2920=EDGE_CURVE('',#2292,#2294,#215,.T.);
#2921=EDGE_CURVE('',#2295,#2293,#216,.T.);
#2922=EDGE_CURVE('',#2294,#2295,#1437,.T.);
#2923=EDGE_CURVE('',#2294,#2296,#217,.T.);
#2924=EDGE_CURVE('',#2297,#2295,#218,.T.);
#2925=EDGE_CURVE('',#2296,#2297,#1438,.T.);
#2926=EDGE_CURVE('',#2296,#2298,#219,.T.);
#2927=EDGE_CURVE('',#2299,#2297,#220,.T.);
#2928=EDGE_CURVE('',#2298,#2299,#1439,.T.);
#2929=EDGE_CURVE('',#2298,#2300,#221,.T.);
#2930=EDGE_CURVE('',#2301,#2299,#222,.T.);
#2931=EDGE_CURVE('',#2300,#2301,#1440,.T.);
#2932=EDGE_CURVE('',#2300,#2302,#223,.T.);
#2933=EDGE_CURVE('',#2303,#2301,#224,.T.);
#2934=EDGE_CURVE('',#2302,#2303,#1441,.T.);
#2935=EDGE_CURVE('',#2302,#2304,#225,.T.);
#2936=EDGE_CURVE('',#2305,#2303,#226,.T.);
#2937=EDGE_CURVE('',#2304,#2305,#1442,.T.);
#2938=EDGE_CURVE('',#2304,#2306,#227,.T.);
#2939=EDGE_CURVE('',#2307,#2305,#228,.T.);
#2940=EDGE_CURVE('',#2306,#2307,#1443,.T.);
#2941=EDGE_CURVE('',#2306,#2308,#229,.T.);
#2942=EDGE_CURVE('',#2309,#2307,#230,.T.);
#2943=EDGE_CURVE('',#2308,#2309,#1444,.T.);
#2944=EDGE_CURVE('',#2308,#2310,#231,.T.);
#2945=EDGE_CURVE('',#2311,#2309,#232,.T.);
#2946=EDGE_CURVE('',#2310,#2311,#1445,.T.);
#2947=EDGE_CURVE('',#2310,#2312,#233,.T.);
#2948=EDGE_CURVE('',#2313,#2311,#234,.T.);
#2949=EDGE_CURVE('',#2312,#2313,#1446,.T.);
#2950=EDGE_CURVE('',#2312,#2314,#235,.T.);
#2951=EDGE_CURVE('',#2315,#2313,#236,.T.);
#2952=EDGE_CURVE('',#2314,#2315,#1447,.T.);
#2953=EDGE_CURVE('',#2314,#2316,#237,.T.);
#2954=EDGE_CURVE('',#2317,#2315,#238,.T.);
#2955=EDGE_CURVE('',#2316,#2317,#1448,.T.);
#2956=EDGE_CURVE('',#2316,#2318,#239,.T.);
#2957=EDGE_CURVE('',#2319,#2317,#240,.T.);
#2958=EDGE_CURVE('',#2318,#2319,#1449,.T.);
#2959=EDGE_CURVE('',#2318,#2320,#241,.T.);
#2960=EDGE_CURVE('',#2321,#2319,#242,.T.);
#2961=EDGE_CURVE('',#2320,#2321,#1450,.T.);
#2962=EDGE_CURVE('',#2320,#2322,#1451,.T.);
#2963=EDGE_CURVE('',#2323,#2321,#1452,.T.);
#2964=EDGE_CURVE('',#2322,#2323,#1453,.T.);
#2965=EDGE_CURVE('',#2322,#2324,#243,.T.);
#2966=EDGE_CURVE('',#2325,#2323,#244,.T.);
#2967=EDGE_CURVE('',#2324,#2325,#1454,.T.);
#2968=EDGE_CURVE('',#2324,#2326,#245,.T.);
#2969=EDGE_CURVE('',#2327,#2325,#246,.T.);
#2970=EDGE_CURVE('',#2326,#2327,#1455,.T.);
#2971=EDGE_CURVE('',#2326,#2328,#247,.T.);
#2972=EDGE_CURVE('',#2329,#2327,#248,.T.);
#2973=EDGE_CURVE('',#2328,#2329,#1456,.T.);
#2974=EDGE_CURVE('',#2328,#2330,#249,.T.);
#2975=EDGE_CURVE('',#2331,#2329,#250,.T.);
#2976=EDGE_CURVE('',#2330,#2331,#1457,.T.);
#2977=EDGE_CURVE('',#2330,#2332,#251,.T.);
#2978=EDGE_CURVE('',#2333,#2331,#252,.T.);
#2979=EDGE_CURVE('',#2332,#2333,#1458,.T.);
#2980=EDGE_CURVE('',#2332,#2334,#253,.T.);
#2981=EDGE_CURVE('',#2335,#2333,#254,.T.);
#2982=EDGE_CURVE('',#2334,#2335,#1459,.T.);
#2983=EDGE_CURVE('',#2334,#2336,#255,.T.);
#2984=EDGE_CURVE('',#2337,#2335,#256,.T.);
#2985=EDGE_CURVE('',#2336,#2337,#1460,.T.);
#2986=EDGE_CURVE('',#2336,#2338,#257,.T.);
#2987=EDGE_CURVE('',#2339,#2337,#258,.T.);
#2988=EDGE_CURVE('',#2338,#2339,#1461,.T.);
#2989=EDGE_CURVE('',#2338,#2340,#259,.T.);
#2990=EDGE_CURVE('',#2341,#2339,#260,.T.);
#2991=EDGE_CURVE('',#2340,#2341,#1462,.T.);
#2992=EDGE_CURVE('',#2340,#2342,#261,.T.);
#2993=EDGE_CURVE('',#2343,#2341,#262,.T.);
#2994=EDGE_CURVE('',#2342,#2343,#1463,.T.);
#2995=EDGE_CURVE('',#2342,#2344,#263,.T.);
#2996=EDGE_CURVE('',#2345,#2343,#264,.T.);
#2997=EDGE_CURVE('',#2344,#2345,#1464,.T.);
#2998=EDGE_CURVE('',#2344,#2346,#265,.T.);
#2999=EDGE_CURVE('',#2347,#2345,#266,.T.);
#3000=EDGE_CURVE('',#2346,#2347,#1465,.T.);
#3001=EDGE_CURVE('',#2346,#2348,#267,.T.);
#3002=EDGE_CURVE('',#2349,#2347,#268,.T.);
#3003=EDGE_CURVE('',#2348,#2349,#1466,.T.);
#3004=EDGE_CURVE('',#2348,#2350,#269,.T.);
#3005=EDGE_CURVE('',#2351,#2349,#270,.T.);
#3006=EDGE_CURVE('',#2350,#2351,#1467,.T.);
#3007=EDGE_CURVE('',#2350,#2286,#271,.T.);
#3008=EDGE_CURVE('',#2288,#2351,#272,.T.);
#3009=EDGE_CURVE('',#2352,#2353,#1468,.T.);
#3010=EDGE_CURVE('',#2352,#2354,#1469,.T.);
#3011=EDGE_CURVE('',#2355,#2354,#1470,.T.);
#3012=EDGE_CURVE('',#2353,#2355,#1471,.T.);
#3013=EDGE_CURVE('',#2353,#2356,#1472,.T.);
#3014=EDGE_CURVE('',#2357,#2355,#1473,.T.);
#3015=EDGE_CURVE('',#2356,#2357,#1474,.T.);
#3016=EDGE_CURVE('',#2356,#2358,#1475,.T.);
#3017=EDGE_CURVE('',#2359,#2357,#1476,.T.);
#3018=EDGE_CURVE('',#2358,#2359,#1477,.T.);
#3019=EDGE_CURVE('',#2358,#2352,#1478,.T.);
#3020=EDGE_CURVE('',#2354,#2359,#1479,.T.);
#3021=EDGE_CURVE('',#2360,#2361,#1480,.T.);
#3022=EDGE_CURVE('',#2360,#2362,#1481,.T.);
#3023=EDGE_CURVE('',#2363,#2362,#1482,.T.);
#3024=EDGE_CURVE('',#2361,#2363,#1483,.T.);
#3025=EDGE_CURVE('',#2361,#2364,#273,.T.);
#3026=EDGE_CURVE('',#2365,#2363,#274,.T.);
#3027=EDGE_CURVE('',#2364,#2365,#1484,.T.);
#3028=EDGE_CURVE('',#2364,#2366,#275,.T.);
#3029=EDGE_CURVE('',#2367,#2365,#276,.T.);
#3030=EDGE_CURVE('',#2366,#2367,#1485,.T.);
#3031=EDGE_CURVE('',#2366,#2368,#277,.T.);
#3032=EDGE_CURVE('',#2369,#2367,#278,.T.);
#3033=EDGE_CURVE('',#2368,#2369,#1486,.T.);
#3034=EDGE_CURVE('',#2368,#2370,#279,.T.);
#3035=EDGE_CURVE('',#2371,#2369,#280,.T.);
#3036=EDGE_CURVE('',#2370,#2371,#1487,.T.);
#3037=EDGE_CURVE('',#2370,#2372,#281,.T.);
#3038=EDGE_CURVE('',#2373,#2371,#282,.T.);
#3039=EDGE_CURVE('',#2372,#2373,#1488,.T.);
#3040=EDGE_CURVE('',#2372,#2374,#283,.T.);
#3041=EDGE_CURVE('',#2375,#2373,#284,.T.);
#3042=EDGE_CURVE('',#2374,#2375,#1489,.T.);
#3043=EDGE_CURVE('',#2374,#2376,#285,.T.);
#3044=EDGE_CURVE('',#2377,#2375,#286,.T.);
#3045=EDGE_CURVE('',#2376,#2377,#1490,.T.);
#3046=EDGE_CURVE('',#2376,#2378,#287,.T.);
#3047=EDGE_CURVE('',#2379,#2377,#288,.T.);
#3048=EDGE_CURVE('',#2378,#2379,#1491,.T.);
#3049=EDGE_CURVE('',#2378,#2380,#289,.T.);
#3050=EDGE_CURVE('',#2381,#2379,#290,.T.);
#3051=EDGE_CURVE('',#2380,#2381,#1492,.T.);
#3052=EDGE_CURVE('',#2380,#2382,#291,.T.);
#3053=EDGE_CURVE('',#2383,#2381,#292,.T.);
#3054=EDGE_CURVE('',#2382,#2383,#1493,.T.);
#3055=EDGE_CURVE('',#2382,#2384,#293,.T.);
#3056=EDGE_CURVE('',#2385,#2383,#294,.T.);
#3057=EDGE_CURVE('',#2384,#2385,#1494,.T.);
#3058=EDGE_CURVE('',#2384,#2386,#295,.T.);
#3059=EDGE_CURVE('',#2387,#2385,#296,.T.);
#3060=EDGE_CURVE('',#2386,#2387,#1495,.T.);
#3061=EDGE_CURVE('',#2386,#2388,#297,.T.);
#3062=EDGE_CURVE('',#2389,#2387,#298,.T.);
#3063=EDGE_CURVE('',#2388,#2389,#1496,.T.);
#3064=EDGE_CURVE('',#2388,#2390,#299,.T.);
#3065=EDGE_CURVE('',#2391,#2389,#300,.T.);
#3066=EDGE_CURVE('',#2390,#2391,#1497,.T.);
#3067=EDGE_CURVE('',#2390,#2392,#301,.T.);
#3068=EDGE_CURVE('',#2393,#2391,#302,.T.);
#3069=EDGE_CURVE('',#2392,#2393,#1498,.T.);
#3070=EDGE_CURVE('',#2392,#2394,#303,.T.);
#3071=EDGE_CURVE('',#2395,#2393,#304,.T.);
#3072=EDGE_CURVE('',#2394,#2395,#1499,.T.);
#3073=EDGE_CURVE('',#2394,#2396,#1500,.T.);
#3074=EDGE_CURVE('',#2397,#2395,#1501,.T.);
#3075=EDGE_CURVE('',#2396,#2397,#1502,.T.);
#3076=EDGE_CURVE('',#2396,#2398,#305,.T.);
#3077=EDGE_CURVE('',#2399,#2397,#306,.T.);
#3078=EDGE_CURVE('',#2398,#2399,#1503,.T.);
#3079=EDGE_CURVE('',#2398,#2400,#307,.T.);
#3080=EDGE_CURVE('',#2401,#2399,#308,.T.);
#3081=EDGE_CURVE('',#2400,#2401,#1504,.T.);
#3082=EDGE_CURVE('',#2400,#2402,#309,.T.);
#3083=EDGE_CURVE('',#2403,#2401,#310,.T.);
#3084=EDGE_CURVE('',#2402,#2403,#1505,.T.);
#3085=EDGE_CURVE('',#2402,#2404,#311,.T.);
#3086=EDGE_CURVE('',#2405,#2403,#312,.T.);
#3087=EDGE_CURVE('',#2404,#2405,#1506,.T.);
#3088=EDGE_CURVE('',#2404,#2406,#313,.T.);
#3089=EDGE_CURVE('',#2407,#2405,#314,.T.);
#3090=EDGE_CURVE('',#2406,#2407,#1507,.T.);
#3091=EDGE_CURVE('',#2406,#2408,#315,.T.);
#3092=EDGE_CURVE('',#2409,#2407,#316,.T.);
#3093=EDGE_CURVE('',#2408,#2409,#1508,.T.);
#3094=EDGE_CURVE('',#2408,#2410,#317,.T.);
#3095=EDGE_CURVE('',#2411,#2409,#318,.T.);
#3096=EDGE_CURVE('',#2410,#2411,#1509,.T.);
#3097=EDGE_CURVE('',#2410,#2412,#319,.T.);
#3098=EDGE_CURVE('',#2413,#2411,#320,.T.);
#3099=EDGE_CURVE('',#2412,#2413,#1510,.T.);
#3100=EDGE_CURVE('',#2412,#2414,#321,.T.);
#3101=EDGE_CURVE('',#2415,#2413,#322,.T.);
#3102=EDGE_CURVE('',#2414,#2415,#1511,.T.);
#3103=EDGE_CURVE('',#2414,#2416,#323,.T.);
#3104=EDGE_CURVE('',#2417,#2415,#324,.T.);
#3105=EDGE_CURVE('',#2416,#2417,#1512,.T.);
#3106=EDGE_CURVE('',#2416,#2418,#325,.T.);
#3107=EDGE_CURVE('',#2419,#2417,#326,.T.);
#3108=EDGE_CURVE('',#2418,#2419,#1513,.T.);
#3109=EDGE_CURVE('',#2418,#2420,#327,.T.);
#3110=EDGE_CURVE('',#2421,#2419,#328,.T.);
#3111=EDGE_CURVE('',#2420,#2421,#1514,.T.);
#3112=EDGE_CURVE('',#2420,#2422,#329,.T.);
#3113=EDGE_CURVE('',#2423,#2421,#330,.T.);
#3114=EDGE_CURVE('',#2422,#2423,#1515,.T.);
#3115=EDGE_CURVE('',#2422,#2424,#331,.T.);
#3116=EDGE_CURVE('',#2425,#2423,#332,.T.);
#3117=EDGE_CURVE('',#2424,#2425,#1516,.T.);
#3118=EDGE_CURVE('',#2424,#2360,#333,.T.);
#3119=EDGE_CURVE('',#2362,#2425,#334,.T.);
#3120=EDGE_CURVE('',#2426,#2427,#1517,.T.);
#3121=EDGE_CURVE('',#2426,#2428,#1518,.T.);
#3122=EDGE_CURVE('',#2429,#2428,#1519,.T.);
#3123=EDGE_CURVE('',#2427,#2429,#1520,.T.);
#3124=EDGE_CURVE('',#2427,#2430,#1521,.T.);
#3125=EDGE_CURVE('',#2431,#2429,#1522,.T.);
#3126=EDGE_CURVE('',#2430,#2431,#1523,.T.);
#3127=EDGE_CURVE('',#2430,#2432,#1524,.T.);
#3128=EDGE_CURVE('',#2433,#2431,#1525,.T.);
#3129=EDGE_CURVE('',#2432,#2433,#1526,.T.);
#3130=EDGE_CURVE('',#2432,#2426,#1527,.T.);
#3131=EDGE_CURVE('',#2428,#2433,#1528,.T.);
#3132=EDGE_CURVE('',#2434,#2435,#1529,.T.);
#3133=EDGE_CURVE('',#2434,#2436,#1530,.T.);
#3134=EDGE_CURVE('',#2437,#2436,#1531,.T.);
#3135=EDGE_CURVE('',#2435,#2437,#1532,.T.);
#3136=EDGE_CURVE('',#2435,#2438,#335,.T.);
#3137=EDGE_CURVE('',#2439,#2437,#336,.T.);
#3138=EDGE_CURVE('',#2438,#2439,#1533,.T.);
#3139=EDGE_CURVE('',#2438,#2440,#337,.T.);
#3140=EDGE_CURVE('',#2441,#2439,#338,.T.);
#3141=EDGE_CURVE('',#2440,#2441,#1534,.T.);
#3142=EDGE_CURVE('',#2440,#2442,#339,.T.);
#3143=EDGE_CURVE('',#2443,#2441,#340,.T.);
#3144=EDGE_CURVE('',#2442,#2443,#1535,.T.);
#3145=EDGE_CURVE('',#2442,#2444,#341,.T.);
#3146=EDGE_CURVE('',#2445,#2443,#342,.T.);
#3147=EDGE_CURVE('',#2444,#2445,#1536,.T.);
#3148=EDGE_CURVE('',#2444,#2446,#343,.T.);
#3149=EDGE_CURVE('',#2447,#2445,#344,.T.);
#3150=EDGE_CURVE('',#2446,#2447,#1537,.T.);
#3151=EDGE_CURVE('',#2446,#2448,#345,.T.);
#3152=EDGE_CURVE('',#2449,#2447,#346,.T.);
#3153=EDGE_CURVE('',#2448,#2449,#1538,.T.);
#3154=EDGE_CURVE('',#2448,#2450,#347,.T.);
#3155=EDGE_CURVE('',#2451,#2449,#348,.T.);
#3156=EDGE_CURVE('',#2450,#2451,#1539,.T.);
#3157=EDGE_CURVE('',#2450,#2452,#349,.T.);
#3158=EDGE_CURVE('',#2453,#2451,#350,.T.);
#3159=EDGE_CURVE('',#2452,#2453,#1540,.T.);
#3160=EDGE_CURVE('',#2452,#2454,#351,.T.);
#3161=EDGE_CURVE('',#2455,#2453,#352,.T.);
#3162=EDGE_CURVE('',#2454,#2455,#1541,.T.);
#3163=EDGE_CURVE('',#2454,#2456,#353,.T.);
#3164=EDGE_CURVE('',#2457,#2455,#354,.T.);
#3165=EDGE_CURVE('',#2456,#2457,#1542,.T.);
#3166=EDGE_CURVE('',#2456,#2458,#355,.T.);
#3167=EDGE_CURVE('',#2459,#2457,#356,.T.);
#3168=EDGE_CURVE('',#2458,#2459,#1543,.T.);
#3169=EDGE_CURVE('',#2458,#2460,#357,.T.);
#3170=EDGE_CURVE('',#2461,#2459,#358,.T.);
#3171=EDGE_CURVE('',#2460,#2461,#1544,.T.);
#3172=EDGE_CURVE('',#2460,#2462,#359,.T.);
#3173=EDGE_CURVE('',#2463,#2461,#360,.T.);
#3174=EDGE_CURVE('',#2462,#2463,#1545,.T.);
#3175=EDGE_CURVE('',#2462,#2464,#361,.T.);
#3176=EDGE_CURVE('',#2465,#2463,#362,.T.);
#3177=EDGE_CURVE('',#2464,#2465,#1546,.T.);
#3178=EDGE_CURVE('',#2464,#2466,#363,.T.);
#3179=EDGE_CURVE('',#2467,#2465,#364,.T.);
#3180=EDGE_CURVE('',#2466,#2467,#1547,.T.);
#3181=EDGE_CURVE('',#2466,#2468,#365,.T.);
#3182=EDGE_CURVE('',#2469,#2467,#366,.T.);
#3183=EDGE_CURVE('',#2468,#2469,#1548,.T.);
#3184=EDGE_CURVE('',#2468,#2470,#1549,.T.);
#3185=EDGE_CURVE('',#2471,#2469,#1550,.T.);
#3186=EDGE_CURVE('',#2470,#2471,#1551,.T.);
#3187=EDGE_CURVE('',#2470,#2472,#367,.T.);
#3188=EDGE_CURVE('',#2473,#2471,#368,.T.);
#3189=EDGE_CURVE('',#2472,#2473,#1552,.T.);
#3190=EDGE_CURVE('',#2472,#2474,#369,.T.);
#3191=EDGE_CURVE('',#2475,#2473,#370,.T.);
#3192=EDGE_CURVE('',#2474,#2475,#1553,.T.);
#3193=EDGE_CURVE('',#2474,#2476,#371,.T.);
#3194=EDGE_CURVE('',#2477,#2475,#372,.T.);
#3195=EDGE_CURVE('',#2476,#2477,#1554,.T.);
#3196=EDGE_CURVE('',#2476,#2478,#373,.T.);
#3197=EDGE_CURVE('',#2479,#2477,#374,.T.);
#3198=EDGE_CURVE('',#2478,#2479,#1555,.T.);
#3199=EDGE_CURVE('',#2478,#2480,#375,.T.);
#3200=EDGE_CURVE('',#2481,#2479,#376,.T.);
#3201=EDGE_CURVE('',#2480,#2481,#1556,.T.);
#3202=EDGE_CURVE('',#2480,#2482,#377,.T.);
#3203=EDGE_CURVE('',#2483,#2481,#378,.T.);
#3204=EDGE_CURVE('',#2482,#2483,#1557,.T.);
#3205=EDGE_CURVE('',#2482,#2484,#379,.T.);
#3206=EDGE_CURVE('',#2485,#2483,#380,.T.);
#3207=EDGE_CURVE('',#2484,#2485,#1558,.T.);
#3208=EDGE_CURVE('',#2484,#2486,#381,.T.);
#3209=EDGE_CURVE('',#2487,#2485,#382,.T.);
#3210=EDGE_CURVE('',#2486,#2487,#1559,.T.);
#3211=EDGE_CURVE('',#2486,#2488,#383,.T.);
#3212=EDGE_CURVE('',#2489,#2487,#384,.T.);
#3213=EDGE_CURVE('',#2488,#2489,#1560,.T.);
#3214=EDGE_CURVE('',#2488,#2490,#385,.T.);
#3215=EDGE_CURVE('',#2491,#2489,#386,.T.);
#3216=EDGE_CURVE('',#2490,#2491,#1561,.T.);
#3217=EDGE_CURVE('',#2490,#2492,#387,.T.);
#3218=EDGE_CURVE('',#2493,#2491,#388,.T.);
#3219=EDGE_CURVE('',#2492,#2493,#1562,.T.);
#3220=EDGE_CURVE('',#2492,#2494,#389,.T.);
#3221=EDGE_CURVE('',#2495,#2493,#390,.T.);
#3222=EDGE_CURVE('',#2494,#2495,#1563,.T.);
#3223=EDGE_CURVE('',#2494,#2496,#391,.T.);
#3224=EDGE_CURVE('',#2497,#2495,#392,.T.);
#3225=EDGE_CURVE('',#2496,#2497,#1564,.T.);
#3226=EDGE_CURVE('',#2496,#2498,#393,.T.);
#3227=EDGE_CURVE('',#2499,#2497,#394,.T.);
#3228=EDGE_CURVE('',#2498,#2499,#1565,.T.);
#3229=EDGE_CURVE('',#2498,#2434,#395,.T.);
#3230=EDGE_CURVE('',#2436,#2499,#396,.T.);
#3231=EDGE_CURVE('',#2500,#2501,#1566,.T.);
#3232=EDGE_CURVE('',#2500,#2502,#1567,.T.);
#3233=EDGE_CURVE('',#2503,#2502,#1568,.T.);
#3234=EDGE_CURVE('',#2501,#2503,#1569,.T.);
#3235=EDGE_CURVE('',#2501,#2504,#1570,.T.);
#3236=EDGE_CURVE('',#2505,#2503,#1571,.T.);
#3237=EDGE_CURVE('',#2504,#2505,#1572,.T.);
#3238=EDGE_CURVE('',#2504,#2506,#397,.T.);
#3239=EDGE_CURVE('',#2507,#2505,#398,.T.);
#3240=EDGE_CURVE('',#2506,#2507,#1573,.T.);
#3241=EDGE_CURVE('',#2506,#2508,#399,.T.);
#3242=EDGE_CURVE('',#2509,#2507,#400,.T.);
#3243=EDGE_CURVE('',#2508,#2509,#1574,.T.);
#3244=EDGE_CURVE('',#2508,#2500,#1575,.T.);
#3245=EDGE_CURVE('',#2502,#2509,#1576,.T.);
#3246=EDGE_CURVE('',#2510,#2511,#1577,.T.);
#3247=EDGE_CURVE('',#2510,#2512,#1578,.T.);
#3248=EDGE_CURVE('',#2513,#2512,#1579,.T.);
#3249=EDGE_CURVE('',#2511,#2513,#1580,.T.);
#3250=EDGE_CURVE('',#2511,#2514,#1581,.T.);
#3251=EDGE_CURVE('',#2515,#2513,#1582,.T.);
#3252=EDGE_CURVE('',#2514,#2515,#1583,.T.);
#3253=EDGE_CURVE('',#2514,#2516,#1584,.T.);
#3254=EDGE_CURVE('',#2517,#2515,#1585,.T.);
#3255=EDGE_CURVE('',#2516,#2517,#1586,.T.);
#3256=EDGE_CURVE('',#2516,#2518,#1587,.T.);
#3257=EDGE_CURVE('',#2519,#2517,#1588,.T.);
#3258=EDGE_CURVE('',#2518,#2519,#1589,.T.);
#3259=EDGE_CURVE('',#2518,#2520,#1590,.T.);
#3260=EDGE_CURVE('',#2521,#2519,#1591,.T.);
#3261=EDGE_CURVE('',#2520,#2521,#1592,.T.);
#3262=EDGE_CURVE('',#2520,#2522,#1593,.T.);
#3263=EDGE_CURVE('',#2523,#2521,#1594,.T.);
#3264=EDGE_CURVE('',#2522,#2523,#1595,.T.);
#3265=EDGE_CURVE('',#2522,#2524,#1596,.T.);
#3266=EDGE_CURVE('',#2525,#2523,#1597,.T.);
#3267=EDGE_CURVE('',#2524,#2525,#1598,.T.);
#3268=EDGE_CURVE('',#2524,#2510,#1599,.T.);
#3269=EDGE_CURVE('',#2512,#2525,#1600,.T.);
#3270=EDGE_CURVE('',#2526,#2527,#1601,.T.);
#3271=EDGE_CURVE('',#2528,#2526,#1602,.T.);
#3272=EDGE_CURVE('',#2529,#2528,#1603,.T.);
#3273=EDGE_CURVE('',#2529,#2527,#1604,.T.);
#3274=EDGE_CURVE('',#2530,#2531,#1605,.T.);
#3275=EDGE_CURVE('',#2531,#2532,#401,.T.);
#3276=EDGE_CURVE('',#2532,#2533,#402,.T.);
#3277=EDGE_CURVE('',#2533,#2534,#403,.T.);
#3278=EDGE_CURVE('',#2534,#2535,#404,.T.);
#3279=EDGE_CURVE('',#2535,#2536,#405,.T.);
#3280=EDGE_CURVE('',#2536,#2537,#406,.T.);
#3281=EDGE_CURVE('',#2537,#2538,#407,.T.);
#3282=EDGE_CURVE('',#2538,#2539,#408,.T.);
#3283=EDGE_CURVE('',#2539,#2540,#409,.T.);
#3284=EDGE_CURVE('',#2540,#2541,#1606,.T.);
#3285=EDGE_CURVE('',#2541,#2542,#1607,.T.);
#3286=EDGE_CURVE('',#2542,#2543,#1608,.T.);
#3287=EDGE_CURVE('',#2543,#2530,#1609,.T.);
#3288=EDGE_CURVE('',#2544,#2545,#410,.T.);
#3289=EDGE_CURVE('',#2545,#2546,#411,.T.);
#3290=EDGE_CURVE('',#2546,#2547,#412,.T.);
#3291=EDGE_CURVE('',#2547,#2548,#413,.T.);
#3292=EDGE_CURVE('',#2548,#2549,#414,.T.);
#3293=EDGE_CURVE('',#2549,#2550,#415,.T.);
#3294=EDGE_CURVE('',#2550,#2551,#416,.T.);
#3295=EDGE_CURVE('',#2551,#2552,#417,.T.);
#3296=EDGE_CURVE('',#2552,#2544,#418,.T.);
#3297=EDGE_CURVE('',#2553,#2554,#1610,.T.);
#3298=EDGE_CURVE('',#2554,#2555,#1611,.T.);
#3299=EDGE_CURVE('',#2555,#2556,#1612,.T.);
#3300=EDGE_CURVE('',#2556,#2557,#419,.T.);
#3301=EDGE_CURVE('',#2557,#2558,#420,.T.);
#3302=EDGE_CURVE('',#2558,#2559,#421,.T.);
#3303=EDGE_CURVE('',#2559,#2560,#1613,.T.);
#3304=EDGE_CURVE('',#2560,#2561,#422,.T.);
#3305=EDGE_CURVE('',#2561,#2562,#423,.T.);
#3306=EDGE_CURVE('',#2562,#2563,#424,.T.);
#3307=EDGE_CURVE('',#2563,#2564,#425,.T.);
#3308=EDGE_CURVE('',#2564,#2565,#1614,.T.);
#3309=EDGE_CURVE('',#2565,#2553,#1615,.T.);
#3310=EDGE_CURVE('',#2553,#2566,#1616,.T.);
#3311=EDGE_CURVE('',#2567,#2566,#1617,.T.);
#3312=EDGE_CURVE('',#2554,#2567,#1618,.T.);
#3313=EDGE_CURVE('',#2568,#2567,#1619,.T.);
#3314=EDGE_CURVE('',#2555,#2568,#1620,.T.);
#3315=EDGE_CURVE('',#2569,#2568,#1621,.T.);
#3316=EDGE_CURVE('',#2556,#2569,#1622,.T.);
#3317=EDGE_CURVE('',#2570,#2569,#426,.T.);
#3318=EDGE_CURVE('',#2557,#2570,#1623,.T.);
#3319=EDGE_CURVE('',#2571,#2570,#427,.T.);
#3320=EDGE_CURVE('',#2558,#2571,#1624,.T.);
#3321=EDGE_CURVE('',#2572,#2571,#428,.T.);
#3322=EDGE_CURVE('',#2559,#2572,#1625,.T.);
#3323=EDGE_CURVE('',#2573,#2572,#1626,.T.);
#3324=EDGE_CURVE('',#2560,#2573,#1627,.T.);
#3325=EDGE_CURVE('',#2574,#2573,#429,.T.);
#3326=EDGE_CURVE('',#2561,#2574,#1628,.T.);
#3327=EDGE_CURVE('',#2575,#2574,#430,.T.);
#3328=EDGE_CURVE('',#2562,#2575,#1629,.T.);
#3329=EDGE_CURVE('',#2576,#2575,#431,.T.);
#3330=EDGE_CURVE('',#2563,#2576,#1630,.T.);
#3331=EDGE_CURVE('',#2577,#2576,#432,.T.);
#3332=EDGE_CURVE('',#2564,#2577,#1631,.T.);
#3333=EDGE_CURVE('',#2578,#2577,#1632,.T.);
#3334=EDGE_CURVE('',#2565,#2578,#1633,.T.);
#3335=EDGE_CURVE('',#2566,#2578,#1634,.T.);
#3336=EDGE_CURVE('',#2579,#2580,#433,.T.);
#3337=EDGE_CURVE('',#2579,#2581,#1635,.T.);
#3338=EDGE_CURVE('',#2582,#2581,#434,.T.);
#3339=EDGE_CURVE('',#2580,#2582,#1636,.T.);
#3340=EDGE_CURVE('',#2580,#2583,#435,.T.);
#3341=EDGE_CURVE('',#2584,#2582,#436,.T.);
#3342=EDGE_CURVE('',#2583,#2584,#1637,.T.);
#3343=EDGE_CURVE('',#2583,#2585,#437,.T.);
#3344=EDGE_CURVE('',#2586,#2584,#438,.T.);
#3345=EDGE_CURVE('',#2585,#2586,#1638,.T.);
#3346=EDGE_CURVE('',#2585,#2587,#439,.T.);
#3347=EDGE_CURVE('',#2588,#2586,#440,.T.);
#3348=EDGE_CURVE('',#2587,#2588,#1639,.T.);
#3349=EDGE_CURVE('',#2587,#2589,#441,.T.);
#3350=EDGE_CURVE('',#2590,#2588,#442,.T.);
#3351=EDGE_CURVE('',#2589,#2590,#1640,.T.);
#3352=EDGE_CURVE('',#2589,#2591,#443,.T.);
#3353=EDGE_CURVE('',#2592,#2590,#444,.T.);
#3354=EDGE_CURVE('',#2591,#2592,#1641,.T.);
#3355=EDGE_CURVE('',#2591,#2593,#445,.T.);
#3356=EDGE_CURVE('',#2594,#2592,#446,.T.);
#3357=EDGE_CURVE('',#2593,#2594,#1642,.T.);
#3358=EDGE_CURVE('',#2593,#2579,#447,.T.);
#3359=EDGE_CURVE('',#2581,#2594,#448,.T.);
#3360=EDGE_CURVE('',#2530,#2595,#1643,.T.);
#3361=EDGE_CURVE('',#2596,#2595,#1644,.T.);
#3362=EDGE_CURVE('',#2531,#2596,#1645,.T.);
#3363=EDGE_CURVE('',#2597,#2596,#449,.T.);
#3364=EDGE_CURVE('',#2532,#2597,#1646,.T.);
#3365=EDGE_CURVE('',#2598,#2597,#450,.T.);
#3366=EDGE_CURVE('',#2533,#2598,#1647,.T.);
#3367=EDGE_CURVE('',#2599,#2598,#451,.T.);
#3368=EDGE_CURVE('',#2534,#2599,#1648,.T.);
#3369=EDGE_CURVE('',#2600,#2599,#452,.T.);
#3370=EDGE_CURVE('',#2535,#2600,#1649,.T.);
#3371=EDGE_CURVE('',#2601,#2600,#453,.T.);
#3372=EDGE_CURVE('',#2536,#2601,#1650,.T.);
#3373=EDGE_CURVE('',#2602,#2601,#454,.T.);
#3374=EDGE_CURVE('',#2537,#2602,#1651,.T.);
#3375=EDGE_CURVE('',#2603,#2602,#455,.T.);
#3376=EDGE_CURVE('',#2538,#2603,#1652,.T.);
#3377=EDGE_CURVE('',#2604,#2603,#456,.T.);
#3378=EDGE_CURVE('',#2539,#2604,#1653,.T.);
#3379=EDGE_CURVE('',#2605,#2604,#457,.T.);
#3380=EDGE_CURVE('',#2540,#2605,#1654,.T.);
#3381=EDGE_CURVE('',#2606,#2605,#1655,.T.);
#3382=EDGE_CURVE('',#2541,#2606,#1656,.T.);
#3383=EDGE_CURVE('',#2607,#2606,#1657,.T.);
#3384=EDGE_CURVE('',#2542,#2607,#1658,.T.);
#3385=EDGE_CURVE('',#2608,#2607,#1659,.T.);
#3386=EDGE_CURVE('',#2543,#2608,#1660,.T.);
#3387=EDGE_CURVE('',#2595,#2608,#1661,.T.);
#3388=EDGE_CURVE('',#2609,#2610,#458,.T.);
#3389=EDGE_CURVE('',#2609,#2611,#1662,.T.);
#3390=EDGE_CURVE('',#2612,#2611,#459,.T.);
#3391=EDGE_CURVE('',#2610,#2612,#1663,.T.);
#3392=EDGE_CURVE('',#2610,#2613,#460,.T.);
#3393=EDGE_CURVE('',#2614,#2612,#461,.T.);
#3394=EDGE_CURVE('',#2613,#2614,#1664,.T.);
#3395=EDGE_CURVE('',#2613,#2615,#462,.T.);
#3396=EDGE_CURVE('',#2616,#2614,#463,.T.);
#3397=EDGE_CURVE('',#2615,#2616,#1665,.T.);
#3398=EDGE_CURVE('',#2615,#2617,#464,.T.);
#3399=EDGE_CURVE('',#2618,#2616,#465,.T.);
#3400=EDGE_CURVE('',#2617,#2618,#1666,.T.);
#3401=EDGE_CURVE('',#2617,#2619,#466,.T.);
#3402=EDGE_CURVE('',#2620,#2618,#467,.T.);
#3403=EDGE_CURVE('',#2619,#2620,#1667,.T.);
#3404=EDGE_CURVE('',#2619,#2621,#468,.T.);
#3405=EDGE_CURVE('',#2622,#2620,#469,.T.);
#3406=EDGE_CURVE('',#2621,#2622,#1668,.T.);
#3407=EDGE_CURVE('',#2621,#2623,#470,.T.);
#3408=EDGE_CURVE('',#2624,#2622,#471,.T.);
#3409=EDGE_CURVE('',#2623,#2624,#1669,.T.);
#3410=EDGE_CURVE('',#2623,#2609,#472,.T.);
#3411=EDGE_CURVE('',#2611,#2624,#473,.T.);
#3412=EDGE_CURVE('',#2544,#2625,#1670,.T.);
#3413=EDGE_CURVE('',#2626,#2625,#474,.T.);
#3414=EDGE_CURVE('',#2545,#2626,#1671,.T.);
#3415=EDGE_CURVE('',#2627,#2626,#475,.T.);
#3416=EDGE_CURVE('',#2546,#2627,#1672,.T.);
#3417=EDGE_CURVE('',#2628,#2627,#476,.T.);
#3418=EDGE_CURVE('',#2547,#2628,#1673,.T.);
#3419=EDGE_CURVE('',#2629,#2628,#477,.T.);
#3420=EDGE_CURVE('',#2548,#2629,#1674,.T.);
#3421=EDGE_CURVE('',#2630,#2629,#478,.T.);
#3422=EDGE_CURVE('',#2549,#2630,#1675,.T.);
#3423=EDGE_CURVE('',#2631,#2630,#479,.T.);
#3424=EDGE_CURVE('',#2550,#2631,#1676,.T.);
#3425=EDGE_CURVE('',#2632,#2631,#480,.T.);
#3426=EDGE_CURVE('',#2551,#2632,#1677,.T.);
#3427=EDGE_CURVE('',#2633,#2632,#481,.T.);
#3428=EDGE_CURVE('',#2552,#2633,#1678,.T.);
#3429=EDGE_CURVE('',#2625,#2633,#482,.T.);
#3430=EDGE_CURVE('',#2634,#2635,#1679,.T.);
#3431=EDGE_CURVE('',#2635,#2636,#42,.T.);
#3432=EDGE_CURVE('',#2636,#2637,#1680,.T.);
#3433=EDGE_CURVE('',#2634,#2637,#43,.T.);
#3434=EDGE_CURVE('',#2638,#2636,#1681,.T.);
#3435=EDGE_CURVE('',#2635,#2639,#1682,.T.);
#3436=EDGE_CURVE('',#2639,#2638,#44,.T.);
#3437=EDGE_CURVE('',#2640,#2638,#1683,.T.);
#3438=EDGE_CURVE('',#2639,#2641,#1684,.T.);
#3439=EDGE_CURVE('',#2641,#2640,#45,.T.);
#3440=EDGE_CURVE('',#2637,#2640,#1685,.T.);
#3441=EDGE_CURVE('',#2641,#2634,#1686,.T.);
#3442=EDGE_CURVE('',#2642,#2637,#1687,.T.);
#3443=EDGE_CURVE('',#2643,#2642,#1688,.T.);
#3444=EDGE_CURVE('',#2643,#2640,#1689,.T.);
#3445=EDGE_CURVE('',#2644,#2636,#1690,.T.);
#3446=EDGE_CURVE('',#2642,#2644,#1691,.T.);
#3447=EDGE_CURVE('',#2645,#2645,#21,.T.);
#3448=EDGE_CURVE('',#2646,#2646,#22,.T.);
#3449=EDGE_CURVE('',#2646,#2645,#1692,.T.);
#3450=EDGE_CURVE('',#2647,#2647,#23,.T.);
#3451=EDGE_CURVE('',#2647,#2648,#24,.T.);
#3452=EDGE_CURVE('',#2648,#2648,#25,.T.);
#3453=EDGE_CURVE('',#2649,#2650,#26,.T.);
#3454=EDGE_CURVE('',#2649,#2647,#1693,.T.);
#3455=EDGE_CURVE('',#2650,#2649,#27,.T.);
#3456=EDGE_CURVE('',#2651,#2652,#1694,.T.);
#3457=EDGE_CURVE('',#2653,#2651,#1695,.T.);
#3458=EDGE_CURVE('',#2654,#2653,#1696,.T.);
#3459=EDGE_CURVE('',#2652,#2654,#1697,.T.);
#3460=EDGE_CURVE('',#2655,#2655,#28,.T.);
#3461=EDGE_CURVE('',#2655,#2650,#29,.T.);
#3462=EDGE_CURVE('',#2656,#2657,#1698,.T.);
#3463=EDGE_CURVE('',#2657,#2644,#46,.T.);
#3464=EDGE_CURVE('',#2644,#2658,#1699,.T.);
#3465=EDGE_CURVE('',#2656,#2658,#47,.T.);
#3466=EDGE_CURVE('',#2659,#2660,#1700,.T.);
#3467=EDGE_CURVE('',#2660,#2643,#48,.T.);
#3468=EDGE_CURVE('',#2642,#2659,#49,.T.);
#3469=EDGE_CURVE('',#2658,#2643,#1701,.T.);
#3470=EDGE_CURVE('',#2660,#2656,#1702,.T.);
#3471=EDGE_CURVE('',#2657,#2659,#1703,.T.);
#3472=EDGE_CURVE('',#2661,#2662,#1704,.T.);
#3473=EDGE_CURVE('',#2663,#2661,#1705,.T.);
#3474=EDGE_CURVE('',#2664,#2663,#1706,.T.);
#3475=EDGE_CURVE('',#2662,#2664,#1707,.T.);
#3476=EDGE_CURVE('',#2665,#2529,#1708,.T.);
#3477=EDGE_CURVE('',#2529,#2661,#50,.T.);
#3478=EDGE_CURVE('',#2662,#2665,#51,.T.);
#3479=EDGE_CURVE('',#2666,#2528,#30,.F.);
#3480=EDGE_CURVE('',#2663,#2666,#31,.F.);
#3481=EDGE_CURVE('',#2528,#2663,#32,.F.);
#3482=EDGE_CURVE('',#2667,#2668,#33,.F.);
#3483=EDGE_CURVE('',#2664,#2667,#34,.F.);
#3484=EDGE_CURVE('',#2668,#2664,#35,.F.);
#3485=EDGE_CURVE('',#2667,#2665,#1709,.T.);
#3486=EDGE_CURVE('',#2666,#2668,#1710,.T.);
#3487=EDGE_CURVE('',#2669,#2651,#36,.F.);
#3488=EDGE_CURVE('',#2526,#2669,#37,.F.);
#3489=EDGE_CURVE('',#2651,#2526,#38,.F.);
#3490=EDGE_CURVE('',#2669,#2666,#1711,.T.);
#3491=EDGE_CURVE('',#2670,#2652,#39,.F.);
#3492=EDGE_CURVE('',#2671,#2670,#40,.F.);
#3493=EDGE_CURVE('',#2652,#2671,#41,.F.);
#3494=EDGE_CURVE('',#2670,#2667,#1712,.T.);
#3495=EDGE_CURVE('',#2668,#2671,#1713,.T.);
#3496=EDGE_CURVE('',#2671,#2669,#1714,.T.);
#3497=EDGE_CURVE('',#2672,#2670,#1715,.T.);
#3498=EDGE_CURVE('',#2654,#2672,#52,.T.);
#3499=EDGE_CURVE('',#2527,#2672,#1716,.T.);
#3500=EDGE_CURVE('',#2653,#2527,#53,.T.);
#3501=EDGE_CURVE('',#2665,#2672,#1717,.T.);
#3502=EDGE_CURVE('',#2658,#2638,#1718,.T.);
#3503=ORIENTED_EDGE('',*,*,#2673,.F.);
#3504=ORIENTED_EDGE('',*,*,#2674,.T.);
#3505=ORIENTED_EDGE('',*,*,#2675,.F.);
#3506=ORIENTED_EDGE('',*,*,#2676,.F.);
#3507=ORIENTED_EDGE('',*,*,#2677,.F.);
#3508=ORIENTED_EDGE('',*,*,#2676,.T.);
#3509=ORIENTED_EDGE('',*,*,#2678,.F.);
#3510=ORIENTED_EDGE('',*,*,#2679,.F.);
#3511=ORIENTED_EDGE('',*,*,#2680,.F.);
#3512=ORIENTED_EDGE('',*,*,#2679,.T.);
#3513=ORIENTED_EDGE('',*,*,#2681,.F.);
#3514=ORIENTED_EDGE('',*,*,#2682,.F.);
#3515=ORIENTED_EDGE('',*,*,#2683,.F.);
#3516=ORIENTED_EDGE('',*,*,#2682,.T.);
#3517=ORIENTED_EDGE('',*,*,#2684,.F.);
#3518=ORIENTED_EDGE('',*,*,#2685,.F.);
#3519=ORIENTED_EDGE('',*,*,#2686,.F.);
#3520=ORIENTED_EDGE('',*,*,#2685,.T.);
#3521=ORIENTED_EDGE('',*,*,#2687,.F.);
#3522=ORIENTED_EDGE('',*,*,#2688,.F.);
#3523=ORIENTED_EDGE('',*,*,#2689,.F.);
#3524=ORIENTED_EDGE('',*,*,#2688,.T.);
#3525=ORIENTED_EDGE('',*,*,#2690,.F.);
#3526=ORIENTED_EDGE('',*,*,#2691,.F.);
#3527=ORIENTED_EDGE('',*,*,#2692,.F.);
#3528=ORIENTED_EDGE('',*,*,#2691,.T.);
#3529=ORIENTED_EDGE('',*,*,#2693,.F.);
#3530=ORIENTED_EDGE('',*,*,#2694,.F.);
#3531=ORIENTED_EDGE('',*,*,#2695,.F.);
#3532=ORIENTED_EDGE('',*,*,#2694,.T.);
#3533=ORIENTED_EDGE('',*,*,#2696,.F.);
#3534=ORIENTED_EDGE('',*,*,#2697,.F.);
#3535=ORIENTED_EDGE('',*,*,#2698,.F.);
#3536=ORIENTED_EDGE('',*,*,#2697,.T.);
#3537=ORIENTED_EDGE('',*,*,#2699,.F.);
#3538=ORIENTED_EDGE('',*,*,#2700,.F.);
#3539=ORIENTED_EDGE('',*,*,#2701,.F.);
#3540=ORIENTED_EDGE('',*,*,#2700,.T.);
#3541=ORIENTED_EDGE('',*,*,#2702,.F.);
#3542=ORIENTED_EDGE('',*,*,#2703,.F.);
#3543=ORIENTED_EDGE('',*,*,#2704,.F.);
#3544=ORIENTED_EDGE('',*,*,#2703,.T.);
#3545=ORIENTED_EDGE('',*,*,#2705,.F.);
#3546=ORIENTED_EDGE('',*,*,#2706,.F.);
#3547=ORIENTED_EDGE('',*,*,#2707,.F.);
#3548=ORIENTED_EDGE('',*,*,#2706,.T.);
#3549=ORIENTED_EDGE('',*,*,#2708,.F.);
#3550=ORIENTED_EDGE('',*,*,#2709,.F.);
#3551=ORIENTED_EDGE('',*,*,#2710,.F.);
#3552=ORIENTED_EDGE('',*,*,#2709,.T.);
#3553=ORIENTED_EDGE('',*,*,#2711,.F.);
#3554=ORIENTED_EDGE('',*,*,#2712,.F.);
#3555=ORIENTED_EDGE('',*,*,#2713,.F.);
#3556=ORIENTED_EDGE('',*,*,#2712,.T.);
#3557=ORIENTED_EDGE('',*,*,#2714,.F.);
#3558=ORIENTED_EDGE('',*,*,#2715,.F.);
#3559=ORIENTED_EDGE('',*,*,#2716,.F.);
#3560=ORIENTED_EDGE('',*,*,#2715,.T.);
#3561=ORIENTED_EDGE('',*,*,#2717,.F.);
#3562=ORIENTED_EDGE('',*,*,#2718,.F.);
#3563=ORIENTED_EDGE('',*,*,#2719,.F.);
#3564=ORIENTED_EDGE('',*,*,#2718,.T.);
#3565=ORIENTED_EDGE('',*,*,#2720,.F.);
#3566=ORIENTED_EDGE('',*,*,#2721,.F.);
#3567=ORIENTED_EDGE('',*,*,#2722,.F.);
#3568=ORIENTED_EDGE('',*,*,#2721,.T.);
#3569=ORIENTED_EDGE('',*,*,#2723,.F.);
#3570=ORIENTED_EDGE('',*,*,#2724,.F.);
#3571=ORIENTED_EDGE('',*,*,#2725,.F.);
#3572=ORIENTED_EDGE('',*,*,#2724,.T.);
#3573=ORIENTED_EDGE('',*,*,#2726,.F.);
#3574=ORIENTED_EDGE('',*,*,#2727,.F.);
#3575=ORIENTED_EDGE('',*,*,#2728,.F.);
#3576=ORIENTED_EDGE('',*,*,#2727,.T.);
#3577=ORIENTED_EDGE('',*,*,#2729,.F.);
#3578=ORIENTED_EDGE('',*,*,#2730,.F.);
#3579=ORIENTED_EDGE('',*,*,#2731,.F.);
#3580=ORIENTED_EDGE('',*,*,#2730,.T.);
#3581=ORIENTED_EDGE('',*,*,#2732,.F.);
#3582=ORIENTED_EDGE('',*,*,#2733,.F.);
#3583=ORIENTED_EDGE('',*,*,#2734,.F.);
#3584=ORIENTED_EDGE('',*,*,#2733,.T.);
#3585=ORIENTED_EDGE('',*,*,#2735,.F.);
#3586=ORIENTED_EDGE('',*,*,#2736,.F.);
#3587=ORIENTED_EDGE('',*,*,#2737,.F.);
#3588=ORIENTED_EDGE('',*,*,#2736,.T.);
#3589=ORIENTED_EDGE('',*,*,#2738,.F.);
#3590=ORIENTED_EDGE('',*,*,#2739,.F.);
#3591=ORIENTED_EDGE('',*,*,#2740,.F.);
#3592=ORIENTED_EDGE('',*,*,#2739,.T.);
#3593=ORIENTED_EDGE('',*,*,#2741,.F.);
#3594=ORIENTED_EDGE('',*,*,#2742,.F.);
#3595=ORIENTED_EDGE('',*,*,#2743,.F.);
#3596=ORIENTED_EDGE('',*,*,#2742,.T.);
#3597=ORIENTED_EDGE('',*,*,#2744,.F.);
#3598=ORIENTED_EDGE('',*,*,#2745,.F.);
#3599=ORIENTED_EDGE('',*,*,#2746,.F.);
#3600=ORIENTED_EDGE('',*,*,#2745,.T.);
#3601=ORIENTED_EDGE('',*,*,#2747,.F.);
#3602=ORIENTED_EDGE('',*,*,#2748,.F.);
#3603=ORIENTED_EDGE('',*,*,#2749,.F.);
#3604=ORIENTED_EDGE('',*,*,#2748,.T.);
#3605=ORIENTED_EDGE('',*,*,#2750,.F.);
#3606=ORIENTED_EDGE('',*,*,#2751,.F.);
#3607=ORIENTED_EDGE('',*,*,#2752,.F.);
#3608=ORIENTED_EDGE('',*,*,#2751,.T.);
#3609=ORIENTED_EDGE('',*,*,#2753,.F.);
#3610=ORIENTED_EDGE('',*,*,#2754,.F.);
#3611=ORIENTED_EDGE('',*,*,#2755,.F.);
#3612=ORIENTED_EDGE('',*,*,#2754,.T.);
#3613=ORIENTED_EDGE('',*,*,#2756,.F.);
#3614=ORIENTED_EDGE('',*,*,#2757,.F.);
#3615=ORIENTED_EDGE('',*,*,#2758,.F.);
#3616=ORIENTED_EDGE('',*,*,#2757,.T.);
#3617=ORIENTED_EDGE('',*,*,#2759,.F.);
#3618=ORIENTED_EDGE('',*,*,#2760,.F.);
#3619=ORIENTED_EDGE('',*,*,#2761,.F.);
#3620=ORIENTED_EDGE('',*,*,#2760,.T.);
#3621=ORIENTED_EDGE('',*,*,#2762,.F.);
#3622=ORIENTED_EDGE('',*,*,#2763,.F.);
#3623=ORIENTED_EDGE('',*,*,#2764,.F.);
#3624=ORIENTED_EDGE('',*,*,#2763,.T.);
#3625=ORIENTED_EDGE('',*,*,#2765,.F.);
#3626=ORIENTED_EDGE('',*,*,#2766,.F.);
#3627=ORIENTED_EDGE('',*,*,#2767,.F.);
#3628=ORIENTED_EDGE('',*,*,#2766,.T.);
#3629=ORIENTED_EDGE('',*,*,#2768,.F.);
#3630=ORIENTED_EDGE('',*,*,#2769,.F.);
#3631=ORIENTED_EDGE('',*,*,#2770,.F.);
#3632=ORIENTED_EDGE('',*,*,#2769,.T.);
#3633=ORIENTED_EDGE('',*,*,#2771,.F.);
#3634=ORIENTED_EDGE('',*,*,#2772,.F.);
#3635=ORIENTED_EDGE('',*,*,#2773,.F.);
#3636=ORIENTED_EDGE('',*,*,#2772,.T.);
#3637=ORIENTED_EDGE('',*,*,#2774,.F.);
#3638=ORIENTED_EDGE('',*,*,#2775,.F.);
#3639=ORIENTED_EDGE('',*,*,#2776,.F.);
#3640=ORIENTED_EDGE('',*,*,#2775,.T.);
#3641=ORIENTED_EDGE('',*,*,#2777,.F.);
#3642=ORIENTED_EDGE('',*,*,#2674,.F.);
#3643=ORIENTED_EDGE('',*,*,#2777,.T.);
#3644=ORIENTED_EDGE('',*,*,#2774,.T.);
#3645=ORIENTED_EDGE('',*,*,#2771,.T.);
#3646=ORIENTED_EDGE('',*,*,#2768,.T.);
#3647=ORIENTED_EDGE('',*,*,#2765,.T.);
#3648=ORIENTED_EDGE('',*,*,#2762,.T.);
#3649=ORIENTED_EDGE('',*,*,#2759,.T.);
#3650=ORIENTED_EDGE('',*,*,#2756,.T.);
#3651=ORIENTED_EDGE('',*,*,#2753,.T.);
#3652=ORIENTED_EDGE('',*,*,#2750,.T.);
#3653=ORIENTED_EDGE('',*,*,#2747,.T.);
#3654=ORIENTED_EDGE('',*,*,#2744,.T.);
#3655=ORIENTED_EDGE('',*,*,#2741,.T.);
#3656=ORIENTED_EDGE('',*,*,#2738,.T.);
#3657=ORIENTED_EDGE('',*,*,#2735,.T.);
#3658=ORIENTED_EDGE('',*,*,#2732,.T.);
#3659=ORIENTED_EDGE('',*,*,#2729,.T.);
#3660=ORIENTED_EDGE('',*,*,#2726,.T.);
#3661=ORIENTED_EDGE('',*,*,#2723,.T.);
#3662=ORIENTED_EDGE('',*,*,#2720,.T.);
#3663=ORIENTED_EDGE('',*,*,#2717,.T.);
#3664=ORIENTED_EDGE('',*,*,#2714,.T.);
#3665=ORIENTED_EDGE('',*,*,#2711,.T.);
#3666=ORIENTED_EDGE('',*,*,#2708,.T.);
#3667=ORIENTED_EDGE('',*,*,#2705,.T.);
#3668=ORIENTED_EDGE('',*,*,#2702,.T.);
#3669=ORIENTED_EDGE('',*,*,#2699,.T.);
#3670=ORIENTED_EDGE('',*,*,#2696,.T.);
#3671=ORIENTED_EDGE('',*,*,#2693,.T.);
#3672=ORIENTED_EDGE('',*,*,#2690,.T.);
#3673=ORIENTED_EDGE('',*,*,#2687,.T.);
#3674=ORIENTED_EDGE('',*,*,#2684,.T.);
#3675=ORIENTED_EDGE('',*,*,#2681,.T.);
#3676=ORIENTED_EDGE('',*,*,#2678,.T.);
#3677=ORIENTED_EDGE('',*,*,#2675,.T.);
#3678=ORIENTED_EDGE('',*,*,#2778,.F.);
#3679=ORIENTED_EDGE('',*,*,#2779,.T.);
#3680=ORIENTED_EDGE('',*,*,#2780,.F.);
#3681=ORIENTED_EDGE('',*,*,#2781,.F.);
#3682=ORIENTED_EDGE('',*,*,#2782,.F.);
#3683=ORIENTED_EDGE('',*,*,#2781,.T.);
#3684=ORIENTED_EDGE('',*,*,#2783,.F.);
#3685=ORIENTED_EDGE('',*,*,#2784,.F.);
#3686=ORIENTED_EDGE('',*,*,#2785,.F.);
#3687=ORIENTED_EDGE('',*,*,#2784,.T.);
#3688=ORIENTED_EDGE('',*,*,#2786,.F.);
#3689=ORIENTED_EDGE('',*,*,#2787,.F.);
#3690=ORIENTED_EDGE('',*,*,#2788,.F.);
#3691=ORIENTED_EDGE('',*,*,#2787,.T.);
#3692=ORIENTED_EDGE('',*,*,#2789,.F.);
#3693=ORIENTED_EDGE('',*,*,#2779,.F.);
#3694=ORIENTED_EDGE('',*,*,#2789,.T.);
#3695=ORIENTED_EDGE('',*,*,#2786,.T.);
#3696=ORIENTED_EDGE('',*,*,#2783,.T.);
#3697=ORIENTED_EDGE('',*,*,#2780,.T.);
#3698=ORIENTED_EDGE('',*,*,#2790,.F.);
#3699=ORIENTED_EDGE('',*,*,#2791,.T.);
#3700=ORIENTED_EDGE('',*,*,#2792,.F.);
#3701=ORIENTED_EDGE('',*,*,#2793,.F.);
#3702=ORIENTED_EDGE('',*,*,#2794,.F.);
#3703=ORIENTED_EDGE('',*,*,#2793,.T.);
#3704=ORIENTED_EDGE('',*,*,#2795,.F.);
#3705=ORIENTED_EDGE('',*,*,#2796,.F.);
#3706=ORIENTED_EDGE('',*,*,#2797,.F.);
#3707=ORIENTED_EDGE('',*,*,#2796,.T.);
#3708=ORIENTED_EDGE('',*,*,#2798,.F.);
#3709=ORIENTED_EDGE('',*,*,#2799,.F.);
#3710=ORIENTED_EDGE('',*,*,#2800,.F.);
#3711=ORIENTED_EDGE('',*,*,#2799,.T.);
#3712=ORIENTED_EDGE('',*,*,#2801,.F.);
#3713=ORIENTED_EDGE('',*,*,#2802,.F.);
#3714=ORIENTED_EDGE('',*,*,#2803,.F.);
#3715=ORIENTED_EDGE('',*,*,#2802,.T.);
#3716=ORIENTED_EDGE('',*,*,#2804,.F.);
#3717=ORIENTED_EDGE('',*,*,#2791,.F.);
#3718=ORIENTED_EDGE('',*,*,#2805,.F.);
#3719=ORIENTED_EDGE('',*,*,#2806,.T.);
#3720=ORIENTED_EDGE('',*,*,#2807,.F.);
#3721=ORIENTED_EDGE('',*,*,#2808,.F.);
#3722=ORIENTED_EDGE('',*,*,#2809,.F.);
#3723=ORIENTED_EDGE('',*,*,#2808,.T.);
#3724=ORIENTED_EDGE('',*,*,#2810,.F.);
#3725=ORIENTED_EDGE('',*,*,#2811,.F.);
#3726=ORIENTED_EDGE('',*,*,#2812,.F.);
#3727=ORIENTED_EDGE('',*,*,#2811,.T.);
#3728=ORIENTED_EDGE('',*,*,#2813,.F.);
#3729=ORIENTED_EDGE('',*,*,#2814,.F.);
#3730=ORIENTED_EDGE('',*,*,#2815,.F.);
#3731=ORIENTED_EDGE('',*,*,#2814,.T.);
#3732=ORIENTED_EDGE('',*,*,#2816,.F.);
#3733=ORIENTED_EDGE('',*,*,#2817,.F.);
#3734=ORIENTED_EDGE('',*,*,#2818,.F.);
#3735=ORIENTED_EDGE('',*,*,#2817,.T.);
#3736=ORIENTED_EDGE('',*,*,#2819,.F.);
#3737=ORIENTED_EDGE('',*,*,#2820,.F.);
#3738=ORIENTED_EDGE('',*,*,#2821,.F.);
#3739=ORIENTED_EDGE('',*,*,#2820,.T.);
#3740=ORIENTED_EDGE('',*,*,#2822,.F.);
#3741=ORIENTED_EDGE('',*,*,#2823,.F.);
#3742=ORIENTED_EDGE('',*,*,#2824,.F.);
#3743=ORIENTED_EDGE('',*,*,#2823,.T.);
#3744=ORIENTED_EDGE('',*,*,#2825,.F.);
#3745=ORIENTED_EDGE('',*,*,#2826,.F.);
#3746=ORIENTED_EDGE('',*,*,#2827,.F.);
#3747=ORIENTED_EDGE('',*,*,#2826,.T.);
#3748=ORIENTED_EDGE('',*,*,#2828,.F.);
#3749=ORIENTED_EDGE('',*,*,#2829,.F.);
#3750=ORIENTED_EDGE('',*,*,#2830,.F.);
#3751=ORIENTED_EDGE('',*,*,#2829,.T.);
#3752=ORIENTED_EDGE('',*,*,#2831,.F.);
#3753=ORIENTED_EDGE('',*,*,#2832,.F.);
#3754=ORIENTED_EDGE('',*,*,#2833,.F.);
#3755=ORIENTED_EDGE('',*,*,#2832,.T.);
#3756=ORIENTED_EDGE('',*,*,#2834,.F.);
#3757=ORIENTED_EDGE('',*,*,#2835,.F.);
#3758=ORIENTED_EDGE('',*,*,#2836,.F.);
#3759=ORIENTED_EDGE('',*,*,#2835,.T.);
#3760=ORIENTED_EDGE('',*,*,#2837,.F.);
#3761=ORIENTED_EDGE('',*,*,#2838,.F.);
#3762=ORIENTED_EDGE('',*,*,#2839,.F.);
#3763=ORIENTED_EDGE('',*,*,#2838,.T.);
#3764=ORIENTED_EDGE('',*,*,#2840,.F.);
#3765=ORIENTED_EDGE('',*,*,#2841,.F.);
#3766=ORIENTED_EDGE('',*,*,#2842,.F.);
#3767=ORIENTED_EDGE('',*,*,#2841,.T.);
#3768=ORIENTED_EDGE('',*,*,#2843,.F.);
#3769=ORIENTED_EDGE('',*,*,#2844,.F.);
#3770=ORIENTED_EDGE('',*,*,#2845,.F.);
#3771=ORIENTED_EDGE('',*,*,#2844,.T.);
#3772=ORIENTED_EDGE('',*,*,#2846,.F.);
#3773=ORIENTED_EDGE('',*,*,#2847,.F.);
#3774=ORIENTED_EDGE('',*,*,#2848,.F.);
#3775=ORIENTED_EDGE('',*,*,#2847,.T.);
#3776=ORIENTED_EDGE('',*,*,#2849,.F.);
#3777=ORIENTED_EDGE('',*,*,#2806,.F.);
#3778=ORIENTED_EDGE('',*,*,#2849,.T.);
#3779=ORIENTED_EDGE('',*,*,#2846,.T.);
#3780=ORIENTED_EDGE('',*,*,#2843,.T.);
#3781=ORIENTED_EDGE('',*,*,#2840,.T.);
#3782=ORIENTED_EDGE('',*,*,#2837,.T.);
#3783=ORIENTED_EDGE('',*,*,#2834,.T.);
#3784=ORIENTED_EDGE('',*,*,#2831,.T.);
#3785=ORIENTED_EDGE('',*,*,#2828,.T.);
#3786=ORIENTED_EDGE('',*,*,#2825,.T.);
#3787=ORIENTED_EDGE('',*,*,#2822,.T.);
#3788=ORIENTED_EDGE('',*,*,#2819,.T.);
#3789=ORIENTED_EDGE('',*,*,#2816,.T.);
#3790=ORIENTED_EDGE('',*,*,#2813,.T.);
#3791=ORIENTED_EDGE('',*,*,#2810,.T.);
#3792=ORIENTED_EDGE('',*,*,#2807,.T.);
#3793=ORIENTED_EDGE('',*,*,#2804,.T.);
#3794=ORIENTED_EDGE('',*,*,#2801,.T.);
#3795=ORIENTED_EDGE('',*,*,#2798,.T.);
#3796=ORIENTED_EDGE('',*,*,#2795,.T.);
#3797=ORIENTED_EDGE('',*,*,#2792,.T.);
#3798=ORIENTED_EDGE('',*,*,#2790,.T.);
#3799=ORIENTED_EDGE('',*,*,#2794,.T.);
#3800=ORIENTED_EDGE('',*,*,#2797,.T.);
#3801=ORIENTED_EDGE('',*,*,#2800,.T.);
#3802=ORIENTED_EDGE('',*,*,#2803,.T.);
#3803=ORIENTED_EDGE('',*,*,#2850,.F.);
#3804=ORIENTED_EDGE('',*,*,#2851,.T.);
#3805=ORIENTED_EDGE('',*,*,#2852,.F.);
#3806=ORIENTED_EDGE('',*,*,#2853,.F.);
#3807=ORIENTED_EDGE('',*,*,#2854,.F.);
#3808=ORIENTED_EDGE('',*,*,#2853,.T.);
#3809=ORIENTED_EDGE('',*,*,#2855,.F.);
#3810=ORIENTED_EDGE('',*,*,#2856,.F.);
#3811=ORIENTED_EDGE('',*,*,#2857,.F.);
#3812=ORIENTED_EDGE('',*,*,#2856,.T.);
#3813=ORIENTED_EDGE('',*,*,#2858,.F.);
#3814=ORIENTED_EDGE('',*,*,#2859,.F.);
#3815=ORIENTED_EDGE('',*,*,#2860,.F.);
#3816=ORIENTED_EDGE('',*,*,#2859,.T.);
#3817=ORIENTED_EDGE('',*,*,#2861,.F.);
#3818=ORIENTED_EDGE('',*,*,#2862,.F.);
#3819=ORIENTED_EDGE('',*,*,#2863,.F.);
#3820=ORIENTED_EDGE('',*,*,#2862,.T.);
#3821=ORIENTED_EDGE('',*,*,#2864,.F.);
#3822=ORIENTED_EDGE('',*,*,#2865,.F.);
#3823=ORIENTED_EDGE('',*,*,#2866,.F.);
#3824=ORIENTED_EDGE('',*,*,#2865,.T.);
#3825=ORIENTED_EDGE('',*,*,#2867,.F.);
#3826=ORIENTED_EDGE('',*,*,#2868,.F.);
#3827=ORIENTED_EDGE('',*,*,#2869,.F.);
#3828=ORIENTED_EDGE('',*,*,#2868,.T.);
#3829=ORIENTED_EDGE('',*,*,#2870,.F.);
#3830=ORIENTED_EDGE('',*,*,#2871,.F.);
#3831=ORIENTED_EDGE('',*,*,#2872,.F.);
#3832=ORIENTED_EDGE('',*,*,#2871,.T.);
#3833=ORIENTED_EDGE('',*,*,#2873,.F.);
#3834=ORIENTED_EDGE('',*,*,#2874,.F.);
#3835=ORIENTED_EDGE('',*,*,#2875,.F.);
#3836=ORIENTED_EDGE('',*,*,#2874,.T.);
#3837=ORIENTED_EDGE('',*,*,#2876,.F.);
#3838=ORIENTED_EDGE('',*,*,#2877,.F.);
#3839=ORIENTED_EDGE('',*,*,#2878,.F.);
#3840=ORIENTED_EDGE('',*,*,#2877,.T.);
#3841=ORIENTED_EDGE('',*,*,#2879,.F.);
#3842=ORIENTED_EDGE('',*,*,#2880,.F.);
#3843=ORIENTED_EDGE('',*,*,#2881,.F.);
#3844=ORIENTED_EDGE('',*,*,#2880,.T.);
#3845=ORIENTED_EDGE('',*,*,#2882,.F.);
#3846=ORIENTED_EDGE('',*,*,#2883,.F.);
#3847=ORIENTED_EDGE('',*,*,#2884,.F.);
#3848=ORIENTED_EDGE('',*,*,#2883,.T.);
#3849=ORIENTED_EDGE('',*,*,#2885,.F.);
#3850=ORIENTED_EDGE('',*,*,#2886,.F.);
#3851=ORIENTED_EDGE('',*,*,#2887,.F.);
#3852=ORIENTED_EDGE('',*,*,#2886,.T.);
#3853=ORIENTED_EDGE('',*,*,#2888,.F.);
#3854=ORIENTED_EDGE('',*,*,#2889,.F.);
#3855=ORIENTED_EDGE('',*,*,#2890,.F.);
#3856=ORIENTED_EDGE('',*,*,#2889,.T.);
#3857=ORIENTED_EDGE('',*,*,#2891,.F.);
#3858=ORIENTED_EDGE('',*,*,#2892,.F.);
#3859=ORIENTED_EDGE('',*,*,#2893,.F.);
#3860=ORIENTED_EDGE('',*,*,#2892,.T.);
#3861=ORIENTED_EDGE('',*,*,#2894,.F.);
#3862=ORIENTED_EDGE('',*,*,#2895,.F.);
#3863=ORIENTED_EDGE('',*,*,#2896,.F.);
#3864=ORIENTED_EDGE('',*,*,#2895,.T.);
#3865=ORIENTED_EDGE('',*,*,#2897,.F.);
#3866=ORIENTED_EDGE('',*,*,#2898,.F.);
#3867=ORIENTED_EDGE('',*,*,#2899,.F.);
#3868=ORIENTED_EDGE('',*,*,#2898,.T.);
#3869=ORIENTED_EDGE('',*,*,#2900,.F.);
#3870=ORIENTED_EDGE('',*,*,#2901,.F.);
#3871=ORIENTED_EDGE('',*,*,#2902,.F.);
#3872=ORIENTED_EDGE('',*,*,#2901,.T.);
#3873=ORIENTED_EDGE('',*,*,#2903,.F.);
#3874=ORIENTED_EDGE('',*,*,#2904,.F.);
#3875=ORIENTED_EDGE('',*,*,#2905,.F.);
#3876=ORIENTED_EDGE('',*,*,#2904,.T.);
#3877=ORIENTED_EDGE('',*,*,#2906,.F.);
#3878=ORIENTED_EDGE('',*,*,#2907,.F.);
#3879=ORIENTED_EDGE('',*,*,#2908,.F.);
#3880=ORIENTED_EDGE('',*,*,#2907,.T.);
#3881=ORIENTED_EDGE('',*,*,#2909,.F.);
#3882=ORIENTED_EDGE('',*,*,#2851,.F.);
#3883=ORIENTED_EDGE('',*,*,#2909,.T.);
#3884=ORIENTED_EDGE('',*,*,#2906,.T.);
#3885=ORIENTED_EDGE('',*,*,#2903,.T.);
#3886=ORIENTED_EDGE('',*,*,#2900,.T.);
#3887=ORIENTED_EDGE('',*,*,#2897,.T.);
#3888=ORIENTED_EDGE('',*,*,#2894,.T.);
#3889=ORIENTED_EDGE('',*,*,#2891,.T.);
#3890=ORIENTED_EDGE('',*,*,#2888,.T.);
#3891=ORIENTED_EDGE('',*,*,#2885,.T.);
#3892=ORIENTED_EDGE('',*,*,#2882,.T.);
#3893=ORIENTED_EDGE('',*,*,#2879,.T.);
#3894=ORIENTED_EDGE('',*,*,#2876,.T.);
#3895=ORIENTED_EDGE('',*,*,#2873,.T.);
#3896=ORIENTED_EDGE('',*,*,#2870,.T.);
#3897=ORIENTED_EDGE('',*,*,#2867,.T.);
#3898=ORIENTED_EDGE('',*,*,#2864,.T.);
#3899=ORIENTED_EDGE('',*,*,#2861,.T.);
#3900=ORIENTED_EDGE('',*,*,#2858,.T.);
#3901=ORIENTED_EDGE('',*,*,#2855,.T.);
#3902=ORIENTED_EDGE('',*,*,#2852,.T.);
#3903=ORIENTED_EDGE('',*,*,#2910,.F.);
#3904=ORIENTED_EDGE('',*,*,#2911,.T.);
#3905=ORIENTED_EDGE('',*,*,#2912,.F.);
#3906=ORIENTED_EDGE('',*,*,#2913,.F.);
#3907=ORIENTED_EDGE('',*,*,#2914,.F.);
#3908=ORIENTED_EDGE('',*,*,#2913,.T.);
#3909=ORIENTED_EDGE('',*,*,#2915,.F.);
#3910=ORIENTED_EDGE('',*,*,#2916,.F.);
#3911=ORIENTED_EDGE('',*,*,#2917,.F.);
#3912=ORIENTED_EDGE('',*,*,#2916,.T.);
#3913=ORIENTED_EDGE('',*,*,#2918,.F.);
#3914=ORIENTED_EDGE('',*,*,#2919,.F.);
#3915=ORIENTED_EDGE('',*,*,#2920,.F.);
#3916=ORIENTED_EDGE('',*,*,#2919,.T.);
#3917=ORIENTED_EDGE('',*,*,#2921,.F.);
#3918=ORIENTED_EDGE('',*,*,#2922,.F.);
#3919=ORIENTED_EDGE('',*,*,#2923,.F.);
#3920=ORIENTED_EDGE('',*,*,#2922,.T.);
#3921=ORIENTED_EDGE('',*,*,#2924,.F.);
#3922=ORIENTED_EDGE('',*,*,#2925,.F.);
#3923=ORIENTED_EDGE('',*,*,#2926,.F.);
#3924=ORIENTED_EDGE('',*,*,#2925,.T.);
#3925=ORIENTED_EDGE('',*,*,#2927,.F.);
#3926=ORIENTED_EDGE('',*,*,#2928,.F.);
#3927=ORIENTED_EDGE('',*,*,#2929,.F.);
#3928=ORIENTED_EDGE('',*,*,#2928,.T.);
#3929=ORIENTED_EDGE('',*,*,#2930,.F.);
#3930=ORIENTED_EDGE('',*,*,#2931,.F.);
#3931=ORIENTED_EDGE('',*,*,#2932,.F.);
#3932=ORIENTED_EDGE('',*,*,#2931,.T.);
#3933=ORIENTED_EDGE('',*,*,#2933,.F.);
#3934=ORIENTED_EDGE('',*,*,#2934,.F.);
#3935=ORIENTED_EDGE('',*,*,#2935,.F.);
#3936=ORIENTED_EDGE('',*,*,#2934,.T.);
#3937=ORIENTED_EDGE('',*,*,#2936,.F.);
#3938=ORIENTED_EDGE('',*,*,#2937,.F.);
#3939=ORIENTED_EDGE('',*,*,#2938,.F.);
#3940=ORIENTED_EDGE('',*,*,#2937,.T.);
#3941=ORIENTED_EDGE('',*,*,#2939,.F.);
#3942=ORIENTED_EDGE('',*,*,#2940,.F.);
#3943=ORIENTED_EDGE('',*,*,#2941,.F.);
#3944=ORIENTED_EDGE('',*,*,#2940,.T.);
#3945=ORIENTED_EDGE('',*,*,#2942,.F.);
#3946=ORIENTED_EDGE('',*,*,#2943,.F.);
#3947=ORIENTED_EDGE('',*,*,#2944,.F.);
#3948=ORIENTED_EDGE('',*,*,#2943,.T.);
#3949=ORIENTED_EDGE('',*,*,#2945,.F.);
#3950=ORIENTED_EDGE('',*,*,#2946,.F.);
#3951=ORIENTED_EDGE('',*,*,#2947,.F.);
#3952=ORIENTED_EDGE('',*,*,#2946,.T.);
#3953=ORIENTED_EDGE('',*,*,#2948,.F.);
#3954=ORIENTED_EDGE('',*,*,#2949,.F.);
#3955=ORIENTED_EDGE('',*,*,#2950,.F.);
#3956=ORIENTED_EDGE('',*,*,#2949,.T.);
#3957=ORIENTED_EDGE('',*,*,#2951,.F.);
#3958=ORIENTED_EDGE('',*,*,#2952,.F.);
#3959=ORIENTED_EDGE('',*,*,#2953,.F.);
#3960=ORIENTED_EDGE('',*,*,#2952,.T.);
#3961=ORIENTED_EDGE('',*,*,#2954,.F.);
#3962=ORIENTED_EDGE('',*,*,#2955,.F.);
#3963=ORIENTED_EDGE('',*,*,#2956,.F.);
#3964=ORIENTED_EDGE('',*,*,#2955,.T.);
#3965=ORIENTED_EDGE('',*,*,#2957,.F.);
#3966=ORIENTED_EDGE('',*,*,#2958,.F.);
#3967=ORIENTED_EDGE('',*,*,#2959,.F.);
#3968=ORIENTED_EDGE('',*,*,#2958,.T.);
#3969=ORIENTED_EDGE('',*,*,#2960,.F.);
#3970=ORIENTED_EDGE('',*,*,#2961,.F.);
#3971=ORIENTED_EDGE('',*,*,#2962,.F.);
#3972=ORIENTED_EDGE('',*,*,#2961,.T.);
#3973=ORIENTED_EDGE('',*,*,#2963,.F.);
#3974=ORIENTED_EDGE('',*,*,#2964,.F.);
#3975=ORIENTED_EDGE('',*,*,#2965,.F.);
#3976=ORIENTED_EDGE('',*,*,#2964,.T.);
#3977=ORIENTED_EDGE('',*,*,#2966,.F.);
#3978=ORIENTED_EDGE('',*,*,#2967,.F.);
#3979=ORIENTED_EDGE('',*,*,#2968,.F.);
#3980=ORIENTED_EDGE('',*,*,#2967,.T.);
#3981=ORIENTED_EDGE('',*,*,#2969,.F.);
#3982=ORIENTED_EDGE('',*,*,#2970,.F.);
#3983=ORIENTED_EDGE('',*,*,#2971,.F.);
#3984=ORIENTED_EDGE('',*,*,#2970,.T.);
#3985=ORIENTED_EDGE('',*,*,#2972,.F.);
#3986=ORIENTED_EDGE('',*,*,#2973,.F.);
#3987=ORIENTED_EDGE('',*,*,#2974,.F.);
#3988=ORIENTED_EDGE('',*,*,#2973,.T.);
#3989=ORIENTED_EDGE('',*,*,#2975,.F.);
#3990=ORIENTED_EDGE('',*,*,#2976,.F.);
#3991=ORIENTED_EDGE('',*,*,#2977,.F.);
#3992=ORIENTED_EDGE('',*,*,#2976,.T.);
#3993=ORIENTED_EDGE('',*,*,#2978,.F.);
#3994=ORIENTED_EDGE('',*,*,#2979,.F.);
#3995=ORIENTED_EDGE('',*,*,#2980,.F.);
#3996=ORIENTED_EDGE('',*,*,#2979,.T.);
#3997=ORIENTED_EDGE('',*,*,#2981,.F.);
#3998=ORIENTED_EDGE('',*,*,#2982,.F.);
#3999=ORIENTED_EDGE('',*,*,#2983,.F.);
#4000=ORIENTED_EDGE('',*,*,#2982,.T.);
#4001=ORIENTED_EDGE('',*,*,#2984,.F.);
#4002=ORIENTED_EDGE('',*,*,#2985,.F.);
#4003=ORIENTED_EDGE('',*,*,#2986,.F.);
#4004=ORIENTED_EDGE('',*,*,#2985,.T.);
#4005=ORIENTED_EDGE('',*,*,#2987,.F.);
#4006=ORIENTED_EDGE('',*,*,#2988,.F.);
#4007=ORIENTED_EDGE('',*,*,#2989,.F.);
#4008=ORIENTED_EDGE('',*,*,#2988,.T.);
#4009=ORIENTED_EDGE('',*,*,#2990,.F.);
#4010=ORIENTED_EDGE('',*,*,#2991,.F.);
#4011=ORIENTED_EDGE('',*,*,#2992,.F.);
#4012=ORIENTED_EDGE('',*,*,#2991,.T.);
#4013=ORIENTED_EDGE('',*,*,#2993,.F.);
#4014=ORIENTED_EDGE('',*,*,#2994,.F.);
#4015=ORIENTED_EDGE('',*,*,#2995,.F.);
#4016=ORIENTED_EDGE('',*,*,#2994,.T.);
#4017=ORIENTED_EDGE('',*,*,#2996,.F.);
#4018=ORIENTED_EDGE('',*,*,#2997,.F.);
#4019=ORIENTED_EDGE('',*,*,#2998,.F.);
#4020=ORIENTED_EDGE('',*,*,#2997,.T.);
#4021=ORIENTED_EDGE('',*,*,#2999,.F.);
#4022=ORIENTED_EDGE('',*,*,#3000,.F.);
#4023=ORIENTED_EDGE('',*,*,#3001,.F.);
#4024=ORIENTED_EDGE('',*,*,#3000,.T.);
#4025=ORIENTED_EDGE('',*,*,#3002,.F.);
#4026=ORIENTED_EDGE('',*,*,#3003,.F.);
#4027=ORIENTED_EDGE('',*,*,#3004,.F.);
#4028=ORIENTED_EDGE('',*,*,#3003,.T.);
#4029=ORIENTED_EDGE('',*,*,#3005,.F.);
#4030=ORIENTED_EDGE('',*,*,#3006,.F.);
#4031=ORIENTED_EDGE('',*,*,#3007,.F.);
#4032=ORIENTED_EDGE('',*,*,#3006,.T.);
#4033=ORIENTED_EDGE('',*,*,#3008,.F.);
#4034=ORIENTED_EDGE('',*,*,#2911,.F.);
#4035=ORIENTED_EDGE('',*,*,#3008,.T.);
#4036=ORIENTED_EDGE('',*,*,#3005,.T.);
#4037=ORIENTED_EDGE('',*,*,#3002,.T.);
#4038=ORIENTED_EDGE('',*,*,#2999,.T.);
#4039=ORIENTED_EDGE('',*,*,#2996,.T.);
#4040=ORIENTED_EDGE('',*,*,#2993,.T.);
#4041=ORIENTED_EDGE('',*,*,#2990,.T.);
#4042=ORIENTED_EDGE('',*,*,#2987,.T.);
#4043=ORIENTED_EDGE('',*,*,#2984,.T.);
#4044=ORIENTED_EDGE('',*,*,#2981,.T.);
#4045=ORIENTED_EDGE('',*,*,#2978,.T.);
#4046=ORIENTED_EDGE('',*,*,#2975,.T.);
#4047=ORIENTED_EDGE('',*,*,#2972,.T.);
#4048=ORIENTED_EDGE('',*,*,#2969,.T.);
#4049=ORIENTED_EDGE('',*,*,#2966,.T.);
#4050=ORIENTED_EDGE('',*,*,#2963,.T.);
#4051=ORIENTED_EDGE('',*,*,#2960,.T.);
#4052=ORIENTED_EDGE('',*,*,#2957,.T.);
#4053=ORIENTED_EDGE('',*,*,#2954,.T.);
#4054=ORIENTED_EDGE('',*,*,#2951,.T.);
#4055=ORIENTED_EDGE('',*,*,#2948,.T.);
#4056=ORIENTED_EDGE('',*,*,#2945,.T.);
#4057=ORIENTED_EDGE('',*,*,#2942,.T.);
#4058=ORIENTED_EDGE('',*,*,#2939,.T.);
#4059=ORIENTED_EDGE('',*,*,#2936,.T.);
#4060=ORIENTED_EDGE('',*,*,#2933,.T.);
#4061=ORIENTED_EDGE('',*,*,#2930,.T.);
#4062=ORIENTED_EDGE('',*,*,#2927,.T.);
#4063=ORIENTED_EDGE('',*,*,#2924,.T.);
#4064=ORIENTED_EDGE('',*,*,#2921,.T.);
#4065=ORIENTED_EDGE('',*,*,#2918,.T.);
#4066=ORIENTED_EDGE('',*,*,#2915,.T.);
#4067=ORIENTED_EDGE('',*,*,#2912,.T.);
#4068=ORIENTED_EDGE('',*,*,#3009,.F.);
#4069=ORIENTED_EDGE('',*,*,#3010,.T.);
#4070=ORIENTED_EDGE('',*,*,#3011,.F.);
#4071=ORIENTED_EDGE('',*,*,#3012,.F.);
#4072=ORIENTED_EDGE('',*,*,#3013,.F.);
#4073=ORIENTED_EDGE('',*,*,#3012,.T.);
#4074=ORIENTED_EDGE('',*,*,#3014,.F.);
#4075=ORIENTED_EDGE('',*,*,#3015,.F.);
#4076=ORIENTED_EDGE('',*,*,#3016,.F.);
#4077=ORIENTED_EDGE('',*,*,#3015,.T.);
#4078=ORIENTED_EDGE('',*,*,#3017,.F.);
#4079=ORIENTED_EDGE('',*,*,#3018,.F.);
#4080=ORIENTED_EDGE('',*,*,#3019,.F.);
#4081=ORIENTED_EDGE('',*,*,#3018,.T.);
#4082=ORIENTED_EDGE('',*,*,#3020,.F.);
#4083=ORIENTED_EDGE('',*,*,#3010,.F.);
#4084=ORIENTED_EDGE('',*,*,#3020,.T.);
#4085=ORIENTED_EDGE('',*,*,#3017,.T.);
#4086=ORIENTED_EDGE('',*,*,#3014,.T.);
#4087=ORIENTED_EDGE('',*,*,#3011,.T.);
#4088=ORIENTED_EDGE('',*,*,#3021,.F.);
#4089=ORIENTED_EDGE('',*,*,#3022,.T.);
#4090=ORIENTED_EDGE('',*,*,#3023,.F.);
#4091=ORIENTED_EDGE('',*,*,#3024,.F.);
#4092=ORIENTED_EDGE('',*,*,#3025,.F.);
#4093=ORIENTED_EDGE('',*,*,#3024,.T.);
#4094=ORIENTED_EDGE('',*,*,#3026,.F.);
#4095=ORIENTED_EDGE('',*,*,#3027,.F.);
#4096=ORIENTED_EDGE('',*,*,#3028,.F.);
#4097=ORIENTED_EDGE('',*,*,#3027,.T.);
#4098=ORIENTED_EDGE('',*,*,#3029,.F.);
#4099=ORIENTED_EDGE('',*,*,#3030,.F.);
#4100=ORIENTED_EDGE('',*,*,#3031,.F.);
#4101=ORIENTED_EDGE('',*,*,#3030,.T.);
#4102=ORIENTED_EDGE('',*,*,#3032,.F.);
#4103=ORIENTED_EDGE('',*,*,#3033,.F.);
#4104=ORIENTED_EDGE('',*,*,#3034,.F.);
#4105=ORIENTED_EDGE('',*,*,#3033,.T.);
#4106=ORIENTED_EDGE('',*,*,#3035,.F.);
#4107=ORIENTED_EDGE('',*,*,#3036,.F.);
#4108=ORIENTED_EDGE('',*,*,#3037,.F.);
#4109=ORIENTED_EDGE('',*,*,#3036,.T.);
#4110=ORIENTED_EDGE('',*,*,#3038,.F.);
#4111=ORIENTED_EDGE('',*,*,#3039,.F.);
#4112=ORIENTED_EDGE('',*,*,#3040,.F.);
#4113=ORIENTED_EDGE('',*,*,#3039,.T.);
#4114=ORIENTED_EDGE('',*,*,#3041,.F.);
#4115=ORIENTED_EDGE('',*,*,#3042,.F.);
#4116=ORIENTED_EDGE('',*,*,#3043,.F.);
#4117=ORIENTED_EDGE('',*,*,#3042,.T.);
#4118=ORIENTED_EDGE('',*,*,#3044,.F.);
#4119=ORIENTED_EDGE('',*,*,#3045,.F.);
#4120=ORIENTED_EDGE('',*,*,#3046,.F.);
#4121=ORIENTED_EDGE('',*,*,#3045,.T.);
#4122=ORIENTED_EDGE('',*,*,#3047,.F.);
#4123=ORIENTED_EDGE('',*,*,#3048,.F.);
#4124=ORIENTED_EDGE('',*,*,#3049,.F.);
#4125=ORIENTED_EDGE('',*,*,#3048,.T.);
#4126=ORIENTED_EDGE('',*,*,#3050,.F.);
#4127=ORIENTED_EDGE('',*,*,#3051,.F.);
#4128=ORIENTED_EDGE('',*,*,#3052,.F.);
#4129=ORIENTED_EDGE('',*,*,#3051,.T.);
#4130=ORIENTED_EDGE('',*,*,#3053,.F.);
#4131=ORIENTED_EDGE('',*,*,#3054,.F.);
#4132=ORIENTED_EDGE('',*,*,#3055,.F.);
#4133=ORIENTED_EDGE('',*,*,#3054,.T.);
#4134=ORIENTED_EDGE('',*,*,#3056,.F.);
#4135=ORIENTED_EDGE('',*,*,#3057,.F.);
#4136=ORIENTED_EDGE('',*,*,#3058,.F.);
#4137=ORIENTED_EDGE('',*,*,#3057,.T.);
#4138=ORIENTED_EDGE('',*,*,#3059,.F.);
#4139=ORIENTED_EDGE('',*,*,#3060,.F.);
#4140=ORIENTED_EDGE('',*,*,#3061,.F.);
#4141=ORIENTED_EDGE('',*,*,#3060,.T.);
#4142=ORIENTED_EDGE('',*,*,#3062,.F.);
#4143=ORIENTED_EDGE('',*,*,#3063,.F.);
#4144=ORIENTED_EDGE('',*,*,#3064,.F.);
#4145=ORIENTED_EDGE('',*,*,#3063,.T.);
#4146=ORIENTED_EDGE('',*,*,#3065,.F.);
#4147=ORIENTED_EDGE('',*,*,#3066,.F.);
#4148=ORIENTED_EDGE('',*,*,#3067,.F.);
#4149=ORIENTED_EDGE('',*,*,#3066,.T.);
#4150=ORIENTED_EDGE('',*,*,#3068,.F.);
#4151=ORIENTED_EDGE('',*,*,#3069,.F.);
#4152=ORIENTED_EDGE('',*,*,#3070,.F.);
#4153=ORIENTED_EDGE('',*,*,#3069,.T.);
#4154=ORIENTED_EDGE('',*,*,#3071,.F.);
#4155=ORIENTED_EDGE('',*,*,#3072,.F.);
#4156=ORIENTED_EDGE('',*,*,#3073,.F.);
#4157=ORIENTED_EDGE('',*,*,#3072,.T.);
#4158=ORIENTED_EDGE('',*,*,#3074,.F.);
#4159=ORIENTED_EDGE('',*,*,#3075,.F.);
#4160=ORIENTED_EDGE('',*,*,#3076,.F.);
#4161=ORIENTED_EDGE('',*,*,#3075,.T.);
#4162=ORIENTED_EDGE('',*,*,#3077,.F.);
#4163=ORIENTED_EDGE('',*,*,#3078,.F.);
#4164=ORIENTED_EDGE('',*,*,#3079,.F.);
#4165=ORIENTED_EDGE('',*,*,#3078,.T.);
#4166=ORIENTED_EDGE('',*,*,#3080,.F.);
#4167=ORIENTED_EDGE('',*,*,#3081,.F.);
#4168=ORIENTED_EDGE('',*,*,#3082,.F.);
#4169=ORIENTED_EDGE('',*,*,#3081,.T.);
#4170=ORIENTED_EDGE('',*,*,#3083,.F.);
#4171=ORIENTED_EDGE('',*,*,#3084,.F.);
#4172=ORIENTED_EDGE('',*,*,#3085,.F.);
#4173=ORIENTED_EDGE('',*,*,#3084,.T.);
#4174=ORIENTED_EDGE('',*,*,#3086,.F.);
#4175=ORIENTED_EDGE('',*,*,#3087,.F.);
#4176=ORIENTED_EDGE('',*,*,#3088,.F.);
#4177=ORIENTED_EDGE('',*,*,#3087,.T.);
#4178=ORIENTED_EDGE('',*,*,#3089,.F.);
#4179=ORIENTED_EDGE('',*,*,#3090,.F.);
#4180=ORIENTED_EDGE('',*,*,#3091,.F.);
#4181=ORIENTED_EDGE('',*,*,#3090,.T.);
#4182=ORIENTED_EDGE('',*,*,#3092,.F.);
#4183=ORIENTED_EDGE('',*,*,#3093,.F.);
#4184=ORIENTED_EDGE('',*,*,#3094,.F.);
#4185=ORIENTED_EDGE('',*,*,#3093,.T.);
#4186=ORIENTED_EDGE('',*,*,#3095,.F.);
#4187=ORIENTED_EDGE('',*,*,#3096,.F.);
#4188=ORIENTED_EDGE('',*,*,#3097,.F.);
#4189=ORIENTED_EDGE('',*,*,#3096,.T.);
#4190=ORIENTED_EDGE('',*,*,#3098,.F.);
#4191=ORIENTED_EDGE('',*,*,#3099,.F.);
#4192=ORIENTED_EDGE('',*,*,#3100,.F.);
#4193=ORIENTED_EDGE('',*,*,#3099,.T.);
#4194=ORIENTED_EDGE('',*,*,#3101,.F.);
#4195=ORIENTED_EDGE('',*,*,#3102,.F.);
#4196=ORIENTED_EDGE('',*,*,#3103,.F.);
#4197=ORIENTED_EDGE('',*,*,#3102,.T.);
#4198=ORIENTED_EDGE('',*,*,#3104,.F.);
#4199=ORIENTED_EDGE('',*,*,#3105,.F.);
#4200=ORIENTED_EDGE('',*,*,#3106,.F.);
#4201=ORIENTED_EDGE('',*,*,#3105,.T.);
#4202=ORIENTED_EDGE('',*,*,#3107,.F.);
#4203=ORIENTED_EDGE('',*,*,#3108,.F.);
#4204=ORIENTED_EDGE('',*,*,#3109,.F.);
#4205=ORIENTED_EDGE('',*,*,#3108,.T.);
#4206=ORIENTED_EDGE('',*,*,#3110,.F.);
#4207=ORIENTED_EDGE('',*,*,#3111,.F.);
#4208=ORIENTED_EDGE('',*,*,#3112,.F.);
#4209=ORIENTED_EDGE('',*,*,#3111,.T.);
#4210=ORIENTED_EDGE('',*,*,#3113,.F.);
#4211=ORIENTED_EDGE('',*,*,#3114,.F.);
#4212=ORIENTED_EDGE('',*,*,#3115,.F.);
#4213=ORIENTED_EDGE('',*,*,#3114,.T.);
#4214=ORIENTED_EDGE('',*,*,#3116,.F.);
#4215=ORIENTED_EDGE('',*,*,#3117,.F.);
#4216=ORIENTED_EDGE('',*,*,#3118,.F.);
#4217=ORIENTED_EDGE('',*,*,#3117,.T.);
#4218=ORIENTED_EDGE('',*,*,#3119,.F.);
#4219=ORIENTED_EDGE('',*,*,#3022,.F.);
#4220=ORIENTED_EDGE('',*,*,#3119,.T.);
#4221=ORIENTED_EDGE('',*,*,#3116,.T.);
#4222=ORIENTED_EDGE('',*,*,#3113,.T.);
#4223=ORIENTED_EDGE('',*,*,#3110,.T.);
#4224=ORIENTED_EDGE('',*,*,#3107,.T.);
#4225=ORIENTED_EDGE('',*,*,#3104,.T.);
#4226=ORIENTED_EDGE('',*,*,#3101,.T.);
#4227=ORIENTED_EDGE('',*,*,#3098,.T.);
#4228=ORIENTED_EDGE('',*,*,#3095,.T.);
#4229=ORIENTED_EDGE('',*,*,#3092,.T.);
#4230=ORIENTED_EDGE('',*,*,#3089,.T.);
#4231=ORIENTED_EDGE('',*,*,#3086,.T.);
#4232=ORIENTED_EDGE('',*,*,#3083,.T.);
#4233=ORIENTED_EDGE('',*,*,#3080,.T.);
#4234=ORIENTED_EDGE('',*,*,#3077,.T.);
#4235=ORIENTED_EDGE('',*,*,#3074,.T.);
#4236=ORIENTED_EDGE('',*,*,#3071,.T.);
#4237=ORIENTED_EDGE('',*,*,#3068,.T.);
#4238=ORIENTED_EDGE('',*,*,#3065,.T.);
#4239=ORIENTED_EDGE('',*,*,#3062,.T.);
#4240=ORIENTED_EDGE('',*,*,#3059,.T.);
#4241=ORIENTED_EDGE('',*,*,#3056,.T.);
#4242=ORIENTED_EDGE('',*,*,#3053,.T.);
#4243=ORIENTED_EDGE('',*,*,#3050,.T.);
#4244=ORIENTED_EDGE('',*,*,#3047,.T.);
#4245=ORIENTED_EDGE('',*,*,#3044,.T.);
#4246=ORIENTED_EDGE('',*,*,#3041,.T.);
#4247=ORIENTED_EDGE('',*,*,#3038,.T.);
#4248=ORIENTED_EDGE('',*,*,#3035,.T.);
#4249=ORIENTED_EDGE('',*,*,#3032,.T.);
#4250=ORIENTED_EDGE('',*,*,#3029,.T.);
#4251=ORIENTED_EDGE('',*,*,#3026,.T.);
#4252=ORIENTED_EDGE('',*,*,#3023,.T.);
#4253=ORIENTED_EDGE('',*,*,#3120,.F.);
#4254=ORIENTED_EDGE('',*,*,#3121,.T.);
#4255=ORIENTED_EDGE('',*,*,#3122,.F.);
#4256=ORIENTED_EDGE('',*,*,#3123,.F.);
#4257=ORIENTED_EDGE('',*,*,#3124,.F.);
#4258=ORIENTED_EDGE('',*,*,#3123,.T.);
#4259=ORIENTED_EDGE('',*,*,#3125,.F.);
#4260=ORIENTED_EDGE('',*,*,#3126,.F.);
#4261=ORIENTED_EDGE('',*,*,#3127,.F.);
#4262=ORIENTED_EDGE('',*,*,#3126,.T.);
#4263=ORIENTED_EDGE('',*,*,#3128,.F.);
#4264=ORIENTED_EDGE('',*,*,#3129,.F.);
#4265=ORIENTED_EDGE('',*,*,#3130,.F.);
#4266=ORIENTED_EDGE('',*,*,#3129,.T.);
#4267=ORIENTED_EDGE('',*,*,#3131,.F.);
#4268=ORIENTED_EDGE('',*,*,#3121,.F.);
#4269=ORIENTED_EDGE('',*,*,#3131,.T.);
#4270=ORIENTED_EDGE('',*,*,#3128,.T.);
#4271=ORIENTED_EDGE('',*,*,#3125,.T.);
#4272=ORIENTED_EDGE('',*,*,#3122,.T.);
#4273=ORIENTED_EDGE('',*,*,#3132,.F.);
#4274=ORIENTED_EDGE('',*,*,#3133,.T.);
#4275=ORIENTED_EDGE('',*,*,#3134,.F.);
#4276=ORIENTED_EDGE('',*,*,#3135,.F.);
#4277=ORIENTED_EDGE('',*,*,#3136,.F.);
#4278=ORIENTED_EDGE('',*,*,#3135,.T.);
#4279=ORIENTED_EDGE('',*,*,#3137,.F.);
#4280=ORIENTED_EDGE('',*,*,#3138,.F.);
#4281=ORIENTED_EDGE('',*,*,#3139,.F.);
#4282=ORIENTED_EDGE('',*,*,#3138,.T.);
#4283=ORIENTED_EDGE('',*,*,#3140,.F.);
#4284=ORIENTED_EDGE('',*,*,#3141,.F.);
#4285=ORIENTED_EDGE('',*,*,#3142,.F.);
#4286=ORIENTED_EDGE('',*,*,#3141,.T.);
#4287=ORIENTED_EDGE('',*,*,#3143,.F.);
#4288=ORIENTED_EDGE('',*,*,#3144,.F.);
#4289=ORIENTED_EDGE('',*,*,#3145,.F.);
#4290=ORIENTED_EDGE('',*,*,#3144,.T.);
#4291=ORIENTED_EDGE('',*,*,#3146,.F.);
#4292=ORIENTED_EDGE('',*,*,#3147,.F.);
#4293=ORIENTED_EDGE('',*,*,#3148,.F.);
#4294=ORIENTED_EDGE('',*,*,#3147,.T.);
#4295=ORIENTED_EDGE('',*,*,#3149,.F.);
#4296=ORIENTED_EDGE('',*,*,#3150,.F.);
#4297=ORIENTED_EDGE('',*,*,#3151,.F.);
#4298=ORIENTED_EDGE('',*,*,#3150,.T.);
#4299=ORIENTED_EDGE('',*,*,#3152,.F.);
#4300=ORIENTED_EDGE('',*,*,#3153,.F.);
#4301=ORIENTED_EDGE('',*,*,#3154,.F.);
#4302=ORIENTED_EDGE('',*,*,#3153,.T.);
#4303=ORIENTED_EDGE('',*,*,#3155,.F.);
#4304=ORIENTED_EDGE('',*,*,#3156,.F.);
#4305=ORIENTED_EDGE('',*,*,#3157,.F.);
#4306=ORIENTED_EDGE('',*,*,#3156,.T.);
#4307=ORIENTED_EDGE('',*,*,#3158,.F.);
#4308=ORIENTED_EDGE('',*,*,#3159,.F.);
#4309=ORIENTED_EDGE('',*,*,#3160,.F.);
#4310=ORIENTED_EDGE('',*,*,#3159,.T.);
#4311=ORIENTED_EDGE('',*,*,#3161,.F.);
#4312=ORIENTED_EDGE('',*,*,#3162,.F.);
#4313=ORIENTED_EDGE('',*,*,#3163,.F.);
#4314=ORIENTED_EDGE('',*,*,#3162,.T.);
#4315=ORIENTED_EDGE('',*,*,#3164,.F.);
#4316=ORIENTED_EDGE('',*,*,#3165,.F.);
#4317=ORIENTED_EDGE('',*,*,#3166,.F.);
#4318=ORIENTED_EDGE('',*,*,#3165,.T.);
#4319=ORIENTED_EDGE('',*,*,#3167,.F.);
#4320=ORIENTED_EDGE('',*,*,#3168,.F.);
#4321=ORIENTED_EDGE('',*,*,#3169,.F.);
#4322=ORIENTED_EDGE('',*,*,#3168,.T.);
#4323=ORIENTED_EDGE('',*,*,#3170,.F.);
#4324=ORIENTED_EDGE('',*,*,#3171,.F.);
#4325=ORIENTED_EDGE('',*,*,#3172,.F.);
#4326=ORIENTED_EDGE('',*,*,#3171,.T.);
#4327=ORIENTED_EDGE('',*,*,#3173,.F.);
#4328=ORIENTED_EDGE('',*,*,#3174,.F.);
#4329=ORIENTED_EDGE('',*,*,#3175,.F.);
#4330=ORIENTED_EDGE('',*,*,#3174,.T.);
#4331=ORIENTED_EDGE('',*,*,#3176,.F.);
#4332=ORIENTED_EDGE('',*,*,#3177,.F.);
#4333=ORIENTED_EDGE('',*,*,#3178,.F.);
#4334=ORIENTED_EDGE('',*,*,#3177,.T.);
#4335=ORIENTED_EDGE('',*,*,#3179,.F.);
#4336=ORIENTED_EDGE('',*,*,#3180,.F.);
#4337=ORIENTED_EDGE('',*,*,#3181,.F.);
#4338=ORIENTED_EDGE('',*,*,#3180,.T.);
#4339=ORIENTED_EDGE('',*,*,#3182,.F.);
#4340=ORIENTED_EDGE('',*,*,#3183,.F.);
#4341=ORIENTED_EDGE('',*,*,#3184,.F.);
#4342=ORIENTED_EDGE('',*,*,#3183,.T.);
#4343=ORIENTED_EDGE('',*,*,#3185,.F.);
#4344=ORIENTED_EDGE('',*,*,#3186,.F.);
#4345=ORIENTED_EDGE('',*,*,#3187,.F.);
#4346=ORIENTED_EDGE('',*,*,#3186,.T.);
#4347=ORIENTED_EDGE('',*,*,#3188,.F.);
#4348=ORIENTED_EDGE('',*,*,#3189,.F.);
#4349=ORIENTED_EDGE('',*,*,#3190,.F.);
#4350=ORIENTED_EDGE('',*,*,#3189,.T.);
#4351=ORIENTED_EDGE('',*,*,#3191,.F.);
#4352=ORIENTED_EDGE('',*,*,#3192,.F.);
#4353=ORIENTED_EDGE('',*,*,#3193,.F.);
#4354=ORIENTED_EDGE('',*,*,#3192,.T.);
#4355=ORIENTED_EDGE('',*,*,#3194,.F.);
#4356=ORIENTED_EDGE('',*,*,#3195,.F.);
#4357=ORIENTED_EDGE('',*,*,#3196,.F.);
#4358=ORIENTED_EDGE('',*,*,#3195,.T.);
#4359=ORIENTED_EDGE('',*,*,#3197,.F.);
#4360=ORIENTED_EDGE('',*,*,#3198,.F.);
#4361=ORIENTED_EDGE('',*,*,#3199,.F.);
#4362=ORIENTED_EDGE('',*,*,#3198,.T.);
#4363=ORIENTED_EDGE('',*,*,#3200,.F.);
#4364=ORIENTED_EDGE('',*,*,#3201,.F.);
#4365=ORIENTED_EDGE('',*,*,#3202,.F.);
#4366=ORIENTED_EDGE('',*,*,#3201,.T.);
#4367=ORIENTED_EDGE('',*,*,#3203,.F.);
#4368=ORIENTED_EDGE('',*,*,#3204,.F.);
#4369=ORIENTED_EDGE('',*,*,#3205,.F.);
#4370=ORIENTED_EDGE('',*,*,#3204,.T.);
#4371=ORIENTED_EDGE('',*,*,#3206,.F.);
#4372=ORIENTED_EDGE('',*,*,#3207,.F.);
#4373=ORIENTED_EDGE('',*,*,#3208,.F.);
#4374=ORIENTED_EDGE('',*,*,#3207,.T.);
#4375=ORIENTED_EDGE('',*,*,#3209,.F.);
#4376=ORIENTED_EDGE('',*,*,#3210,.F.);
#4377=ORIENTED_EDGE('',*,*,#3211,.F.);
#4378=ORIENTED_EDGE('',*,*,#3210,.T.);
#4379=ORIENTED_EDGE('',*,*,#3212,.F.);
#4380=ORIENTED_EDGE('',*,*,#3213,.F.);
#4381=ORIENTED_EDGE('',*,*,#3214,.F.);
#4382=ORIENTED_EDGE('',*,*,#3213,.T.);
#4383=ORIENTED_EDGE('',*,*,#3215,.F.);
#4384=ORIENTED_EDGE('',*,*,#3216,.F.);
#4385=ORIENTED_EDGE('',*,*,#3217,.F.);
#4386=ORIENTED_EDGE('',*,*,#3216,.T.);
#4387=ORIENTED_EDGE('',*,*,#3218,.F.);
#4388=ORIENTED_EDGE('',*,*,#3219,.F.);
#4389=ORIENTED_EDGE('',*,*,#3220,.F.);
#4390=ORIENTED_EDGE('',*,*,#3219,.T.);
#4391=ORIENTED_EDGE('',*,*,#3221,.F.);
#4392=ORIENTED_EDGE('',*,*,#3222,.F.);
#4393=ORIENTED_EDGE('',*,*,#3223,.F.);
#4394=ORIENTED_EDGE('',*,*,#3222,.T.);
#4395=ORIENTED_EDGE('',*,*,#3224,.F.);
#4396=ORIENTED_EDGE('',*,*,#3225,.F.);
#4397=ORIENTED_EDGE('',*,*,#3226,.F.);
#4398=ORIENTED_EDGE('',*,*,#3225,.T.);
#4399=ORIENTED_EDGE('',*,*,#3227,.F.);
#4400=ORIENTED_EDGE('',*,*,#3228,.F.);
#4401=ORIENTED_EDGE('',*,*,#3229,.F.);
#4402=ORIENTED_EDGE('',*,*,#3228,.T.);
#4403=ORIENTED_EDGE('',*,*,#3230,.F.);
#4404=ORIENTED_EDGE('',*,*,#3133,.F.);
#4405=ORIENTED_EDGE('',*,*,#3230,.T.);
#4406=ORIENTED_EDGE('',*,*,#3227,.T.);
#4407=ORIENTED_EDGE('',*,*,#3224,.T.);
#4408=ORIENTED_EDGE('',*,*,#3221,.T.);
#4409=ORIENTED_EDGE('',*,*,#3218,.T.);
#4410=ORIENTED_EDGE('',*,*,#3215,.T.);
#4411=ORIENTED_EDGE('',*,*,#3212,.T.);
#4412=ORIENTED_EDGE('',*,*,#3209,.T.);
#4413=ORIENTED_EDGE('',*,*,#3206,.T.);
#4414=ORIENTED_EDGE('',*,*,#3203,.T.);
#4415=ORIENTED_EDGE('',*,*,#3200,.T.);
#4416=ORIENTED_EDGE('',*,*,#3197,.T.);
#4417=ORIENTED_EDGE('',*,*,#3194,.T.);
#4418=ORIENTED_EDGE('',*,*,#3191,.T.);
#4419=ORIENTED_EDGE('',*,*,#3188,.T.);
#4420=ORIENTED_EDGE('',*,*,#3185,.T.);
#4421=ORIENTED_EDGE('',*,*,#3182,.T.);
#4422=ORIENTED_EDGE('',*,*,#3179,.T.);
#4423=ORIENTED_EDGE('',*,*,#3176,.T.);
#4424=ORIENTED_EDGE('',*,*,#3173,.T.);
#4425=ORIENTED_EDGE('',*,*,#3170,.T.);
#4426=ORIENTED_EDGE('',*,*,#3167,.T.);
#4427=ORIENTED_EDGE('',*,*,#3164,.T.);
#4428=ORIENTED_EDGE('',*,*,#3161,.T.);
#4429=ORIENTED_EDGE('',*,*,#3158,.T.);
#4430=ORIENTED_EDGE('',*,*,#3155,.T.);
#4431=ORIENTED_EDGE('',*,*,#3152,.T.);
#4432=ORIENTED_EDGE('',*,*,#3149,.T.);
#4433=ORIENTED_EDGE('',*,*,#3146,.T.);
#4434=ORIENTED_EDGE('',*,*,#3143,.T.);
#4435=ORIENTED_EDGE('',*,*,#3140,.T.);
#4436=ORIENTED_EDGE('',*,*,#3137,.T.);
#4437=ORIENTED_EDGE('',*,*,#3134,.T.);
#4438=ORIENTED_EDGE('',*,*,#3231,.F.);
#4439=ORIENTED_EDGE('',*,*,#3232,.T.);
#4440=ORIENTED_EDGE('',*,*,#3233,.F.);
#4441=ORIENTED_EDGE('',*,*,#3234,.F.);
#4442=ORIENTED_EDGE('',*,*,#3235,.F.);
#4443=ORIENTED_EDGE('',*,*,#3234,.T.);
#4444=ORIENTED_EDGE('',*,*,#3236,.F.);
#4445=ORIENTED_EDGE('',*,*,#3237,.F.);
#4446=ORIENTED_EDGE('',*,*,#3238,.F.);
#4447=ORIENTED_EDGE('',*,*,#3237,.T.);
#4448=ORIENTED_EDGE('',*,*,#3239,.F.);
#4449=ORIENTED_EDGE('',*,*,#3240,.F.);
#4450=ORIENTED_EDGE('',*,*,#3241,.F.);
#4451=ORIENTED_EDGE('',*,*,#3240,.T.);
#4452=ORIENTED_EDGE('',*,*,#3242,.F.);
#4453=ORIENTED_EDGE('',*,*,#3243,.F.);
#4454=ORIENTED_EDGE('',*,*,#3244,.F.);
#4455=ORIENTED_EDGE('',*,*,#3243,.T.);
#4456=ORIENTED_EDGE('',*,*,#3245,.F.);
#4457=ORIENTED_EDGE('',*,*,#3232,.F.);
#4458=ORIENTED_EDGE('',*,*,#3246,.F.);
#4459=ORIENTED_EDGE('',*,*,#3247,.T.);
#4460=ORIENTED_EDGE('',*,*,#3248,.F.);
#4461=ORIENTED_EDGE('',*,*,#3249,.F.);
#4462=ORIENTED_EDGE('',*,*,#3250,.F.);
#4463=ORIENTED_EDGE('',*,*,#3249,.T.);
#4464=ORIENTED_EDGE('',*,*,#3251,.F.);
#4465=ORIENTED_EDGE('',*,*,#3252,.F.);
#4466=ORIENTED_EDGE('',*,*,#3253,.F.);
#4467=ORIENTED_EDGE('',*,*,#3252,.T.);
#4468=ORIENTED_EDGE('',*,*,#3254,.F.);
#4469=ORIENTED_EDGE('',*,*,#3255,.F.);
#4470=ORIENTED_EDGE('',*,*,#3256,.F.);
#4471=ORIENTED_EDGE('',*,*,#3255,.T.);
#4472=ORIENTED_EDGE('',*,*,#3257,.F.);
#4473=ORIENTED_EDGE('',*,*,#3258,.F.);
#4474=ORIENTED_EDGE('',*,*,#3259,.F.);
#4475=ORIENTED_EDGE('',*,*,#3258,.T.);
#4476=ORIENTED_EDGE('',*,*,#3260,.F.);
#4477=ORIENTED_EDGE('',*,*,#3261,.F.);
#4478=ORIENTED_EDGE('',*,*,#3262,.F.);
#4479=ORIENTED_EDGE('',*,*,#3261,.T.);
#4480=ORIENTED_EDGE('',*,*,#3263,.F.);
#4481=ORIENTED_EDGE('',*,*,#3264,.F.);
#4482=ORIENTED_EDGE('',*,*,#3265,.F.);
#4483=ORIENTED_EDGE('',*,*,#3264,.T.);
#4484=ORIENTED_EDGE('',*,*,#3266,.F.);
#4485=ORIENTED_EDGE('',*,*,#3267,.F.);
#4486=ORIENTED_EDGE('',*,*,#3268,.F.);
#4487=ORIENTED_EDGE('',*,*,#3267,.T.);
#4488=ORIENTED_EDGE('',*,*,#3269,.F.);
#4489=ORIENTED_EDGE('',*,*,#3247,.F.);
#4490=ORIENTED_EDGE('',*,*,#3269,.T.);
#4491=ORIENTED_EDGE('',*,*,#3266,.T.);
#4492=ORIENTED_EDGE('',*,*,#3263,.T.);
#4493=ORIENTED_EDGE('',*,*,#3260,.T.);
#4494=ORIENTED_EDGE('',*,*,#3257,.T.);
#4495=ORIENTED_EDGE('',*,*,#3254,.T.);
#4496=ORIENTED_EDGE('',*,*,#3251,.T.);
#4497=ORIENTED_EDGE('',*,*,#3248,.T.);
#4498=ORIENTED_EDGE('',*,*,#3245,.T.);
#4499=ORIENTED_EDGE('',*,*,#3242,.T.);
#4500=ORIENTED_EDGE('',*,*,#3239,.T.);
#4501=ORIENTED_EDGE('',*,*,#3236,.T.);
#4502=ORIENTED_EDGE('',*,*,#3233,.T.);
#4503=ORIENTED_EDGE('',*,*,#3270,.F.);
#4504=ORIENTED_EDGE('',*,*,#3271,.F.);
#4505=ORIENTED_EDGE('',*,*,#3272,.F.);
#4506=ORIENTED_EDGE('',*,*,#3273,.T.);
#4507=ORIENTED_EDGE('',*,*,#2778,.T.);
#4508=ORIENTED_EDGE('',*,*,#2782,.T.);
#4509=ORIENTED_EDGE('',*,*,#2785,.T.);
#4510=ORIENTED_EDGE('',*,*,#2788,.T.);
#4511=ORIENTED_EDGE('',*,*,#2850,.T.);
#4512=ORIENTED_EDGE('',*,*,#2854,.T.);
#4513=ORIENTED_EDGE('',*,*,#2857,.T.);
#4514=ORIENTED_EDGE('',*,*,#2860,.T.);
#4515=ORIENTED_EDGE('',*,*,#2863,.T.);
#4516=ORIENTED_EDGE('',*,*,#2866,.T.);
#4517=ORIENTED_EDGE('',*,*,#2869,.T.);
#4518=ORIENTED_EDGE('',*,*,#2872,.T.);
#4519=ORIENTED_EDGE('',*,*,#2875,.T.);
#4520=ORIENTED_EDGE('',*,*,#2878,.T.);
#4521=ORIENTED_EDGE('',*,*,#2881,.T.);
#4522=ORIENTED_EDGE('',*,*,#2884,.T.);
#4523=ORIENTED_EDGE('',*,*,#2887,.T.);
#4524=ORIENTED_EDGE('',*,*,#2890,.T.);
#4525=ORIENTED_EDGE('',*,*,#2893,.T.);
#4526=ORIENTED_EDGE('',*,*,#2896,.T.);
#4527=ORIENTED_EDGE('',*,*,#2899,.T.);
#4528=ORIENTED_EDGE('',*,*,#2902,.T.);
#4529=ORIENTED_EDGE('',*,*,#2905,.T.);
#4530=ORIENTED_EDGE('',*,*,#2908,.T.);
#4531=ORIENTED_EDGE('',*,*,#3009,.T.);
#4532=ORIENTED_EDGE('',*,*,#3013,.T.);
#4533=ORIENTED_EDGE('',*,*,#3016,.T.);
#4534=ORIENTED_EDGE('',*,*,#3019,.T.);
#4535=ORIENTED_EDGE('',*,*,#3021,.T.);
#4536=ORIENTED_EDGE('',*,*,#3025,.T.);
#4537=ORIENTED_EDGE('',*,*,#3028,.T.);
#4538=ORIENTED_EDGE('',*,*,#3031,.T.);
#4539=ORIENTED_EDGE('',*,*,#3034,.T.);
#4540=ORIENTED_EDGE('',*,*,#3037,.T.);
#4541=ORIENTED_EDGE('',*,*,#3040,.T.);
#4542=ORIENTED_EDGE('',*,*,#3043,.T.);
#4543=ORIENTED_EDGE('',*,*,#3046,.T.);
#4544=ORIENTED_EDGE('',*,*,#3049,.T.);
#4545=ORIENTED_EDGE('',*,*,#3052,.T.);
#4546=ORIENTED_EDGE('',*,*,#3055,.T.);
#4547=ORIENTED_EDGE('',*,*,#3058,.T.);
#4548=ORIENTED_EDGE('',*,*,#3061,.T.);
#4549=ORIENTED_EDGE('',*,*,#3064,.T.);
#4550=ORIENTED_EDGE('',*,*,#3067,.T.);
#4551=ORIENTED_EDGE('',*,*,#3070,.T.);
#4552=ORIENTED_EDGE('',*,*,#3073,.T.);
#4553=ORIENTED_EDGE('',*,*,#3076,.T.);
#4554=ORIENTED_EDGE('',*,*,#3079,.T.);
#4555=ORIENTED_EDGE('',*,*,#3082,.T.);
#4556=ORIENTED_EDGE('',*,*,#3085,.T.);
#4557=ORIENTED_EDGE('',*,*,#3088,.T.);
#4558=ORIENTED_EDGE('',*,*,#3091,.T.);
#4559=ORIENTED_EDGE('',*,*,#3094,.T.);
#4560=ORIENTED_EDGE('',*,*,#3097,.T.);
#4561=ORIENTED_EDGE('',*,*,#3100,.T.);
#4562=ORIENTED_EDGE('',*,*,#3103,.T.);
#4563=ORIENTED_EDGE('',*,*,#3106,.T.);
#4564=ORIENTED_EDGE('',*,*,#3109,.T.);
#4565=ORIENTED_EDGE('',*,*,#3112,.T.);
#4566=ORIENTED_EDGE('',*,*,#3115,.T.);
#4567=ORIENTED_EDGE('',*,*,#3118,.T.);
#4568=ORIENTED_EDGE('',*,*,#3120,.T.);
#4569=ORIENTED_EDGE('',*,*,#3124,.T.);
#4570=ORIENTED_EDGE('',*,*,#3127,.T.);
#4571=ORIENTED_EDGE('',*,*,#3130,.T.);
#4572=ORIENTED_EDGE('',*,*,#3132,.T.);
#4573=ORIENTED_EDGE('',*,*,#3136,.T.);
#4574=ORIENTED_EDGE('',*,*,#3139,.T.);
#4575=ORIENTED_EDGE('',*,*,#3142,.T.);
#4576=ORIENTED_EDGE('',*,*,#3145,.T.);
#4577=ORIENTED_EDGE('',*,*,#3148,.T.);
#4578=ORIENTED_EDGE('',*,*,#3151,.T.);
#4579=ORIENTED_EDGE('',*,*,#3154,.T.);
#4580=ORIENTED_EDGE('',*,*,#3157,.T.);
#4581=ORIENTED_EDGE('',*,*,#3160,.T.);
#4582=ORIENTED_EDGE('',*,*,#3163,.T.);
#4583=ORIENTED_EDGE('',*,*,#3166,.T.);
#4584=ORIENTED_EDGE('',*,*,#3169,.T.);
#4585=ORIENTED_EDGE('',*,*,#3172,.T.);
#4586=ORIENTED_EDGE('',*,*,#3175,.T.);
#4587=ORIENTED_EDGE('',*,*,#3178,.T.);
#4588=ORIENTED_EDGE('',*,*,#3181,.T.);
#4589=ORIENTED_EDGE('',*,*,#3184,.T.);
#4590=ORIENTED_EDGE('',*,*,#3187,.T.);
#4591=ORIENTED_EDGE('',*,*,#3190,.T.);
#4592=ORIENTED_EDGE('',*,*,#3193,.T.);
#4593=ORIENTED_EDGE('',*,*,#3196,.T.);
#4594=ORIENTED_EDGE('',*,*,#3199,.T.);
#4595=ORIENTED_EDGE('',*,*,#3202,.T.);
#4596=ORIENTED_EDGE('',*,*,#3205,.T.);
#4597=ORIENTED_EDGE('',*,*,#3208,.T.);
#4598=ORIENTED_EDGE('',*,*,#3211,.T.);
#4599=ORIENTED_EDGE('',*,*,#3214,.T.);
#4600=ORIENTED_EDGE('',*,*,#3217,.T.);
#4601=ORIENTED_EDGE('',*,*,#3220,.T.);
#4602=ORIENTED_EDGE('',*,*,#3223,.T.);
#4603=ORIENTED_EDGE('',*,*,#3226,.T.);
#4604=ORIENTED_EDGE('',*,*,#3229,.T.);
#4605=ORIENTED_EDGE('',*,*,#3274,.T.);
#4606=ORIENTED_EDGE('',*,*,#3275,.T.);
#4607=ORIENTED_EDGE('',*,*,#3276,.T.);
#4608=ORIENTED_EDGE('',*,*,#3277,.T.);
#4609=ORIENTED_EDGE('',*,*,#3278,.T.);
#4610=ORIENTED_EDGE('',*,*,#3279,.T.);
#4611=ORIENTED_EDGE('',*,*,#3280,.T.);
#4612=ORIENTED_EDGE('',*,*,#3281,.T.);
#4613=ORIENTED_EDGE('',*,*,#3282,.T.);
#4614=ORIENTED_EDGE('',*,*,#3283,.T.);
#4615=ORIENTED_EDGE('',*,*,#3284,.T.);
#4616=ORIENTED_EDGE('',*,*,#3285,.T.);
#4617=ORIENTED_EDGE('',*,*,#3286,.T.);
#4618=ORIENTED_EDGE('',*,*,#3287,.T.);
#4619=ORIENTED_EDGE('',*,*,#3288,.T.);
#4620=ORIENTED_EDGE('',*,*,#3289,.T.);
#4621=ORIENTED_EDGE('',*,*,#3290,.T.);
#4622=ORIENTED_EDGE('',*,*,#3291,.T.);
#4623=ORIENTED_EDGE('',*,*,#3292,.T.);
#4624=ORIENTED_EDGE('',*,*,#3293,.T.);
#4625=ORIENTED_EDGE('',*,*,#3294,.T.);
#4626=ORIENTED_EDGE('',*,*,#3295,.T.);
#4627=ORIENTED_EDGE('',*,*,#3296,.T.);
#4628=ORIENTED_EDGE('',*,*,#3297,.T.);
#4629=ORIENTED_EDGE('',*,*,#3298,.T.);
#4630=ORIENTED_EDGE('',*,*,#3299,.T.);
#4631=ORIENTED_EDGE('',*,*,#3300,.T.);
#4632=ORIENTED_EDGE('',*,*,#3301,.T.);
#4633=ORIENTED_EDGE('',*,*,#3302,.T.);
#4634=ORIENTED_EDGE('',*,*,#3303,.T.);
#4635=ORIENTED_EDGE('',*,*,#3304,.T.);
#4636=ORIENTED_EDGE('',*,*,#3305,.T.);
#4637=ORIENTED_EDGE('',*,*,#3306,.T.);
#4638=ORIENTED_EDGE('',*,*,#3307,.T.);
#4639=ORIENTED_EDGE('',*,*,#3308,.T.);
#4640=ORIENTED_EDGE('',*,*,#3309,.T.);
#4641=ORIENTED_EDGE('',*,*,#3246,.T.);
#4642=ORIENTED_EDGE('',*,*,#3250,.T.);
#4643=ORIENTED_EDGE('',*,*,#3253,.T.);
#4644=ORIENTED_EDGE('',*,*,#3256,.T.);
#4645=ORIENTED_EDGE('',*,*,#3259,.T.);
#4646=ORIENTED_EDGE('',*,*,#3262,.T.);
#4647=ORIENTED_EDGE('',*,*,#3265,.T.);
#4648=ORIENTED_EDGE('',*,*,#3268,.T.);
#4649=ORIENTED_EDGE('',*,*,#2910,.T.);
#4650=ORIENTED_EDGE('',*,*,#2914,.T.);
#4651=ORIENTED_EDGE('',*,*,#2917,.T.);
#4652=ORIENTED_EDGE('',*,*,#2920,.T.);
#4653=ORIENTED_EDGE('',*,*,#2923,.T.);
#4654=ORIENTED_EDGE('',*,*,#2926,.T.);
#4655=ORIENTED_EDGE('',*,*,#2929,.T.);
#4656=ORIENTED_EDGE('',*,*,#2932,.T.);
#4657=ORIENTED_EDGE('',*,*,#2935,.T.);
#4658=ORIENTED_EDGE('',*,*,#2938,.T.);
#4659=ORIENTED_EDGE('',*,*,#2941,.T.);
#4660=ORIENTED_EDGE('',*,*,#2944,.T.);
#4661=ORIENTED_EDGE('',*,*,#2947,.T.);
#4662=ORIENTED_EDGE('',*,*,#2950,.T.);
#4663=ORIENTED_EDGE('',*,*,#2953,.T.);
#4664=ORIENTED_EDGE('',*,*,#2956,.T.);
#4665=ORIENTED_EDGE('',*,*,#2959,.T.);
#4666=ORIENTED_EDGE('',*,*,#2962,.T.);
#4667=ORIENTED_EDGE('',*,*,#2965,.T.);
#4668=ORIENTED_EDGE('',*,*,#2968,.T.);
#4669=ORIENTED_EDGE('',*,*,#2971,.T.);
#4670=ORIENTED_EDGE('',*,*,#2974,.T.);
#4671=ORIENTED_EDGE('',*,*,#2977,.T.);
#4672=ORIENTED_EDGE('',*,*,#2980,.T.);
#4673=ORIENTED_EDGE('',*,*,#2983,.T.);
#4674=ORIENTED_EDGE('',*,*,#2986,.T.);
#4675=ORIENTED_EDGE('',*,*,#2989,.T.);
#4676=ORIENTED_EDGE('',*,*,#2992,.T.);
#4677=ORIENTED_EDGE('',*,*,#2995,.T.);
#4678=ORIENTED_EDGE('',*,*,#2998,.T.);
#4679=ORIENTED_EDGE('',*,*,#3001,.T.);
#4680=ORIENTED_EDGE('',*,*,#3004,.T.);
#4681=ORIENTED_EDGE('',*,*,#3007,.T.);
#4682=ORIENTED_EDGE('',*,*,#2805,.T.);
#4683=ORIENTED_EDGE('',*,*,#2809,.T.);
#4684=ORIENTED_EDGE('',*,*,#2812,.T.);
#4685=ORIENTED_EDGE('',*,*,#2815,.T.);
#4686=ORIENTED_EDGE('',*,*,#2818,.T.);
#4687=ORIENTED_EDGE('',*,*,#2821,.T.);
#4688=ORIENTED_EDGE('',*,*,#2824,.T.);
#4689=ORIENTED_EDGE('',*,*,#2827,.T.);
#4690=ORIENTED_EDGE('',*,*,#2830,.T.);
#4691=ORIENTED_EDGE('',*,*,#2833,.T.);
#4692=ORIENTED_EDGE('',*,*,#2836,.T.);
#4693=ORIENTED_EDGE('',*,*,#2839,.T.);
#4694=ORIENTED_EDGE('',*,*,#2842,.T.);
#4695=ORIENTED_EDGE('',*,*,#2845,.T.);
#4696=ORIENTED_EDGE('',*,*,#2848,.T.);
#4697=ORIENTED_EDGE('',*,*,#2673,.T.);
#4698=ORIENTED_EDGE('',*,*,#2677,.T.);
#4699=ORIENTED_EDGE('',*,*,#2680,.T.);
#4700=ORIENTED_EDGE('',*,*,#2683,.T.);
#4701=ORIENTED_EDGE('',*,*,#2686,.T.);
#4702=ORIENTED_EDGE('',*,*,#2689,.T.);
#4703=ORIENTED_EDGE('',*,*,#2692,.T.);
#4704=ORIENTED_EDGE('',*,*,#2695,.T.);
#4705=ORIENTED_EDGE('',*,*,#2698,.T.);
#4706=ORIENTED_EDGE('',*,*,#2701,.T.);
#4707=ORIENTED_EDGE('',*,*,#2704,.T.);
#4708=ORIENTED_EDGE('',*,*,#2707,.T.);
#4709=ORIENTED_EDGE('',*,*,#2710,.T.);
#4710=ORIENTED_EDGE('',*,*,#2713,.T.);
#4711=ORIENTED_EDGE('',*,*,#2716,.T.);
#4712=ORIENTED_EDGE('',*,*,#2719,.T.);
#4713=ORIENTED_EDGE('',*,*,#2722,.T.);
#4714=ORIENTED_EDGE('',*,*,#2725,.T.);
#4715=ORIENTED_EDGE('',*,*,#2728,.T.);
#4716=ORIENTED_EDGE('',*,*,#2731,.T.);
#4717=ORIENTED_EDGE('',*,*,#2734,.T.);
#4718=ORIENTED_EDGE('',*,*,#2737,.T.);
#4719=ORIENTED_EDGE('',*,*,#2740,.T.);
#4720=ORIENTED_EDGE('',*,*,#2743,.T.);
#4721=ORIENTED_EDGE('',*,*,#2746,.T.);
#4722=ORIENTED_EDGE('',*,*,#2749,.T.);
#4723=ORIENTED_EDGE('',*,*,#2752,.T.);
#4724=ORIENTED_EDGE('',*,*,#2755,.T.);
#4725=ORIENTED_EDGE('',*,*,#2758,.T.);
#4726=ORIENTED_EDGE('',*,*,#2761,.T.);
#4727=ORIENTED_EDGE('',*,*,#2764,.T.);
#4728=ORIENTED_EDGE('',*,*,#2767,.T.);
#4729=ORIENTED_EDGE('',*,*,#2770,.T.);
#4730=ORIENTED_EDGE('',*,*,#2773,.T.);
#4731=ORIENTED_EDGE('',*,*,#2776,.T.);
#4732=ORIENTED_EDGE('',*,*,#3297,.F.);
#4733=ORIENTED_EDGE('',*,*,#3310,.T.);
#4734=ORIENTED_EDGE('',*,*,#3311,.F.);
#4735=ORIENTED_EDGE('',*,*,#3312,.F.);
#4736=ORIENTED_EDGE('',*,*,#3298,.F.);
#4737=ORIENTED_EDGE('',*,*,#3312,.T.);
#4738=ORIENTED_EDGE('',*,*,#3313,.F.);
#4739=ORIENTED_EDGE('',*,*,#3314,.F.);
#4740=ORIENTED_EDGE('',*,*,#3299,.F.);
#4741=ORIENTED_EDGE('',*,*,#3314,.T.);
#4742=ORIENTED_EDGE('',*,*,#3315,.F.);
#4743=ORIENTED_EDGE('',*,*,#3316,.F.);
#4744=ORIENTED_EDGE('',*,*,#3300,.F.);
#4745=ORIENTED_EDGE('',*,*,#3316,.T.);
#4746=ORIENTED_EDGE('',*,*,#3317,.F.);
#4747=ORIENTED_EDGE('',*,*,#3318,.F.);
#4748=ORIENTED_EDGE('',*,*,#3301,.F.);
#4749=ORIENTED_EDGE('',*,*,#3318,.T.);
#4750=ORIENTED_EDGE('',*,*,#3319,.F.);
#4751=ORIENTED_EDGE('',*,*,#3320,.F.);
#4752=ORIENTED_EDGE('',*,*,#3302,.F.);
#4753=ORIENTED_EDGE('',*,*,#3320,.T.);
#4754=ORIENTED_EDGE('',*,*,#3321,.F.);
#4755=ORIENTED_EDGE('',*,*,#3322,.F.);
#4756=ORIENTED_EDGE('',*,*,#3303,.F.);
#4757=ORIENTED_EDGE('',*,*,#3322,.T.);
#4758=ORIENTED_EDGE('',*,*,#3323,.F.);
#4759=ORIENTED_EDGE('',*,*,#3324,.F.);
#4760=ORIENTED_EDGE('',*,*,#3304,.F.);
#4761=ORIENTED_EDGE('',*,*,#3324,.T.);
#4762=ORIENTED_EDGE('',*,*,#3325,.F.);
#4763=ORIENTED_EDGE('',*,*,#3326,.F.);
#4764=ORIENTED_EDGE('',*,*,#3305,.F.);
#4765=ORIENTED_EDGE('',*,*,#3326,.T.);
#4766=ORIENTED_EDGE('',*,*,#3327,.F.);
#4767=ORIENTED_EDGE('',*,*,#3328,.F.);
#4768=ORIENTED_EDGE('',*,*,#3306,.F.);
#4769=ORIENTED_EDGE('',*,*,#3328,.T.);
#4770=ORIENTED_EDGE('',*,*,#3329,.F.);
#4771=ORIENTED_EDGE('',*,*,#3330,.F.);
#4772=ORIENTED_EDGE('',*,*,#3307,.F.);
#4773=ORIENTED_EDGE('',*,*,#3330,.T.);
#4774=ORIENTED_EDGE('',*,*,#3331,.F.);
#4775=ORIENTED_EDGE('',*,*,#3332,.F.);
#4776=ORIENTED_EDGE('',*,*,#3308,.F.);
#4777=ORIENTED_EDGE('',*,*,#3332,.T.);
#4778=ORIENTED_EDGE('',*,*,#3333,.F.);
#4779=ORIENTED_EDGE('',*,*,#3334,.F.);
#4780=ORIENTED_EDGE('',*,*,#3309,.F.);
#4781=ORIENTED_EDGE('',*,*,#3334,.T.);
#4782=ORIENTED_EDGE('',*,*,#3335,.F.);
#4783=ORIENTED_EDGE('',*,*,#3310,.F.);
#4784=ORIENTED_EDGE('',*,*,#3335,.T.);
#4785=ORIENTED_EDGE('',*,*,#3333,.T.);
#4786=ORIENTED_EDGE('',*,*,#3331,.T.);
#4787=ORIENTED_EDGE('',*,*,#3329,.T.);
#4788=ORIENTED_EDGE('',*,*,#3327,.T.);
#4789=ORIENTED_EDGE('',*,*,#3325,.T.);
#4790=ORIENTED_EDGE('',*,*,#3323,.T.);
#4791=ORIENTED_EDGE('',*,*,#3321,.T.);
#4792=ORIENTED_EDGE('',*,*,#3319,.T.);
#4793=ORIENTED_EDGE('',*,*,#3317,.T.);
#4794=ORIENTED_EDGE('',*,*,#3315,.T.);
#4795=ORIENTED_EDGE('',*,*,#3313,.T.);
#4796=ORIENTED_EDGE('',*,*,#3311,.T.);
#4797=ORIENTED_EDGE('',*,*,#3336,.F.);
#4798=ORIENTED_EDGE('',*,*,#3337,.T.);
#4799=ORIENTED_EDGE('',*,*,#3338,.F.);
#4800=ORIENTED_EDGE('',*,*,#3339,.F.);
#4801=ORIENTED_EDGE('',*,*,#3340,.F.);
#4802=ORIENTED_EDGE('',*,*,#3339,.T.);
#4803=ORIENTED_EDGE('',*,*,#3341,.F.);
#4804=ORIENTED_EDGE('',*,*,#3342,.F.);
#4805=ORIENTED_EDGE('',*,*,#3343,.F.);
#4806=ORIENTED_EDGE('',*,*,#3342,.T.);
#4807=ORIENTED_EDGE('',*,*,#3344,.F.);
#4808=ORIENTED_EDGE('',*,*,#3345,.F.);
#4809=ORIENTED_EDGE('',*,*,#3346,.F.);
#4810=ORIENTED_EDGE('',*,*,#3345,.T.);
#4811=ORIENTED_EDGE('',*,*,#3347,.F.);
#4812=ORIENTED_EDGE('',*,*,#3348,.F.);
#4813=ORIENTED_EDGE('',*,*,#3349,.F.);
#4814=ORIENTED_EDGE('',*,*,#3348,.T.);
#4815=ORIENTED_EDGE('',*,*,#3350,.F.);
#4816=ORIENTED_EDGE('',*,*,#3351,.F.);
#4817=ORIENTED_EDGE('',*,*,#3352,.F.);
#4818=ORIENTED_EDGE('',*,*,#3351,.T.);
#4819=ORIENTED_EDGE('',*,*,#3353,.F.);
#4820=ORIENTED_EDGE('',*,*,#3354,.F.);
#4821=ORIENTED_EDGE('',*,*,#3355,.F.);
#4822=ORIENTED_EDGE('',*,*,#3354,.T.);
#4823=ORIENTED_EDGE('',*,*,#3356,.F.);
#4824=ORIENTED_EDGE('',*,*,#3357,.F.);
#4825=ORIENTED_EDGE('',*,*,#3358,.F.);
#4826=ORIENTED_EDGE('',*,*,#3357,.T.);
#4827=ORIENTED_EDGE('',*,*,#3359,.F.);
#4828=ORIENTED_EDGE('',*,*,#3337,.F.);
#4829=ORIENTED_EDGE('',*,*,#3274,.F.);
#4830=ORIENTED_EDGE('',*,*,#3360,.T.);
#4831=ORIENTED_EDGE('',*,*,#3361,.F.);
#4832=ORIENTED_EDGE('',*,*,#3362,.F.);
#4833=ORIENTED_EDGE('',*,*,#3275,.F.);
#4834=ORIENTED_EDGE('',*,*,#3362,.T.);
#4835=ORIENTED_EDGE('',*,*,#3363,.F.);
#4836=ORIENTED_EDGE('',*,*,#3364,.F.);
#4837=ORIENTED_EDGE('',*,*,#3276,.F.);
#4838=ORIENTED_EDGE('',*,*,#3364,.T.);
#4839=ORIENTED_EDGE('',*,*,#3365,.F.);
#4840=ORIENTED_EDGE('',*,*,#3366,.F.);
#4841=ORIENTED_EDGE('',*,*,#3277,.F.);
#4842=ORIENTED_EDGE('',*,*,#3366,.T.);
#4843=ORIENTED_EDGE('',*,*,#3367,.F.);
#4844=ORIENTED_EDGE('',*,*,#3368,.F.);
#4845=ORIENTED_EDGE('',*,*,#3278,.F.);
#4846=ORIENTED_EDGE('',*,*,#3368,.T.);
#4847=ORIENTED_EDGE('',*,*,#3369,.F.);
#4848=ORIENTED_EDGE('',*,*,#3370,.F.);
#4849=ORIENTED_EDGE('',*,*,#3279,.F.);
#4850=ORIENTED_EDGE('',*,*,#3370,.T.);
#4851=ORIENTED_EDGE('',*,*,#3371,.F.);
#4852=ORIENTED_EDGE('',*,*,#3372,.F.);
#4853=ORIENTED_EDGE('',*,*,#3280,.F.);
#4854=ORIENTED_EDGE('',*,*,#3372,.T.);
#4855=ORIENTED_EDGE('',*,*,#3373,.F.);
#4856=ORIENTED_EDGE('',*,*,#3374,.F.);
#4857=ORIENTED_EDGE('',*,*,#3281,.F.);
#4858=ORIENTED_EDGE('',*,*,#3374,.T.);
#4859=ORIENTED_EDGE('',*,*,#3375,.F.);
#4860=ORIENTED_EDGE('',*,*,#3376,.F.);
#4861=ORIENTED_EDGE('',*,*,#3282,.F.);
#4862=ORIENTED_EDGE('',*,*,#3376,.T.);
#4863=ORIENTED_EDGE('',*,*,#3377,.F.);
#4864=ORIENTED_EDGE('',*,*,#3378,.F.);
#4865=ORIENTED_EDGE('',*,*,#3283,.F.);
#4866=ORIENTED_EDGE('',*,*,#3378,.T.);
#4867=ORIENTED_EDGE('',*,*,#3379,.F.);
#4868=ORIENTED_EDGE('',*,*,#3380,.F.);
#4869=ORIENTED_EDGE('',*,*,#3284,.F.);
#4870=ORIENTED_EDGE('',*,*,#3380,.T.);
#4871=ORIENTED_EDGE('',*,*,#3381,.F.);
#4872=ORIENTED_EDGE('',*,*,#3382,.F.);
#4873=ORIENTED_EDGE('',*,*,#3285,.F.);
#4874=ORIENTED_EDGE('',*,*,#3382,.T.);
#4875=ORIENTED_EDGE('',*,*,#3383,.F.);
#4876=ORIENTED_EDGE('',*,*,#3384,.F.);
#4877=ORIENTED_EDGE('',*,*,#3286,.F.);
#4878=ORIENTED_EDGE('',*,*,#3384,.T.);
#4879=ORIENTED_EDGE('',*,*,#3385,.F.);
#4880=ORIENTED_EDGE('',*,*,#3386,.F.);
#4881=ORIENTED_EDGE('',*,*,#3287,.F.);
#4882=ORIENTED_EDGE('',*,*,#3386,.T.);
#4883=ORIENTED_EDGE('',*,*,#3387,.F.);
#4884=ORIENTED_EDGE('',*,*,#3360,.F.);
#4885=ORIENTED_EDGE('',*,*,#3387,.T.);
#4886=ORIENTED_EDGE('',*,*,#3385,.T.);
#4887=ORIENTED_EDGE('',*,*,#3383,.T.);
#4888=ORIENTED_EDGE('',*,*,#3381,.T.);
#4889=ORIENTED_EDGE('',*,*,#3379,.T.);
#4890=ORIENTED_EDGE('',*,*,#3377,.T.);
#4891=ORIENTED_EDGE('',*,*,#3375,.T.);
#4892=ORIENTED_EDGE('',*,*,#3373,.T.);
#4893=ORIENTED_EDGE('',*,*,#3371,.T.);
#4894=ORIENTED_EDGE('',*,*,#3369,.T.);
#4895=ORIENTED_EDGE('',*,*,#3367,.T.);
#4896=ORIENTED_EDGE('',*,*,#3365,.T.);
#4897=ORIENTED_EDGE('',*,*,#3363,.T.);
#4898=ORIENTED_EDGE('',*,*,#3361,.T.);
#4899=ORIENTED_EDGE('',*,*,#3359,.T.);
#4900=ORIENTED_EDGE('',*,*,#3356,.T.);
#4901=ORIENTED_EDGE('',*,*,#3353,.T.);
#4902=ORIENTED_EDGE('',*,*,#3350,.T.);
#4903=ORIENTED_EDGE('',*,*,#3347,.T.);
#4904=ORIENTED_EDGE('',*,*,#3344,.T.);
#4905=ORIENTED_EDGE('',*,*,#3341,.T.);
#4906=ORIENTED_EDGE('',*,*,#3338,.T.);
#4907=ORIENTED_EDGE('',*,*,#3231,.T.);
#4908=ORIENTED_EDGE('',*,*,#3235,.T.);
#4909=ORIENTED_EDGE('',*,*,#3238,.T.);
#4910=ORIENTED_EDGE('',*,*,#3241,.T.);
#4911=ORIENTED_EDGE('',*,*,#3244,.T.);
#4912=ORIENTED_EDGE('',*,*,#3388,.F.);
#4913=ORIENTED_EDGE('',*,*,#3389,.T.);
#4914=ORIENTED_EDGE('',*,*,#3390,.F.);
#4915=ORIENTED_EDGE('',*,*,#3391,.F.);
#4916=ORIENTED_EDGE('',*,*,#3392,.F.);
#4917=ORIENTED_EDGE('',*,*,#3391,.T.);
#4918=ORIENTED_EDGE('',*,*,#3393,.F.);
#4919=ORIENTED_EDGE('',*,*,#3394,.F.);
#4920=ORIENTED_EDGE('',*,*,#3395,.F.);
#4921=ORIENTED_EDGE('',*,*,#3394,.T.);
#4922=ORIENTED_EDGE('',*,*,#3396,.F.);
#4923=ORIENTED_EDGE('',*,*,#3397,.F.);
#4924=ORIENTED_EDGE('',*,*,#3398,.F.);
#4925=ORIENTED_EDGE('',*,*,#3397,.T.);
#4926=ORIENTED_EDGE('',*,*,#3399,.F.);
#4927=ORIENTED_EDGE('',*,*,#3400,.F.);
#4928=ORIENTED_EDGE('',*,*,#3401,.F.);
#4929=ORIENTED_EDGE('',*,*,#3400,.T.);
#4930=ORIENTED_EDGE('',*,*,#3402,.F.);
#4931=ORIENTED_EDGE('',*,*,#3403,.F.);
#4932=ORIENTED_EDGE('',*,*,#3404,.F.);
#4933=ORIENTED_EDGE('',*,*,#3403,.T.);
#4934=ORIENTED_EDGE('',*,*,#3405,.F.);
#4935=ORIENTED_EDGE('',*,*,#3406,.F.);
#4936=ORIENTED_EDGE('',*,*,#3407,.F.);
#4937=ORIENTED_EDGE('',*,*,#3406,.T.);
#4938=ORIENTED_EDGE('',*,*,#3408,.F.);
#4939=ORIENTED_EDGE('',*,*,#3409,.F.);
#4940=ORIENTED_EDGE('',*,*,#3410,.F.);
#4941=ORIENTED_EDGE('',*,*,#3409,.T.);
#4942=ORIENTED_EDGE('',*,*,#3411,.F.);
#4943=ORIENTED_EDGE('',*,*,#3389,.F.);
#4944=ORIENTED_EDGE('',*,*,#3288,.F.);
#4945=ORIENTED_EDGE('',*,*,#3412,.T.);
#4946=ORIENTED_EDGE('',*,*,#3413,.F.);
#4947=ORIENTED_EDGE('',*,*,#3414,.F.);
#4948=ORIENTED_EDGE('',*,*,#3289,.F.);
#4949=ORIENTED_EDGE('',*,*,#3414,.T.);
#4950=ORIENTED_EDGE('',*,*,#3415,.F.);
#4951=ORIENTED_EDGE('',*,*,#3416,.F.);
#4952=ORIENTED_EDGE('',*,*,#3290,.F.);
#4953=ORIENTED_EDGE('',*,*,#3416,.T.);
#4954=ORIENTED_EDGE('',*,*,#3417,.F.);
#4955=ORIENTED_EDGE('',*,*,#3418,.F.);
#4956=ORIENTED_EDGE('',*,*,#3291,.F.);
#4957=ORIENTED_EDGE('',*,*,#3418,.T.);
#4958=ORIENTED_EDGE('',*,*,#3419,.F.);
#4959=ORIENTED_EDGE('',*,*,#3420,.F.);
#4960=ORIENTED_EDGE('',*,*,#3292,.F.);
#4961=ORIENTED_EDGE('',*,*,#3420,.T.);
#4962=ORIENTED_EDGE('',*,*,#3421,.F.);
#4963=ORIENTED_EDGE('',*,*,#3422,.F.);
#4964=ORIENTED_EDGE('',*,*,#3293,.F.);
#4965=ORIENTED_EDGE('',*,*,#3422,.T.);
#4966=ORIENTED_EDGE('',*,*,#3423,.F.);
#4967=ORIENTED_EDGE('',*,*,#3424,.F.);
#4968=ORIENTED_EDGE('',*,*,#3294,.F.);
#4969=ORIENTED_EDGE('',*,*,#3424,.T.);
#4970=ORIENTED_EDGE('',*,*,#3425,.F.);
#4971=ORIENTED_EDGE('',*,*,#3426,.F.);
#4972=ORIENTED_EDGE('',*,*,#3295,.F.);
#4973=ORIENTED_EDGE('',*,*,#3426,.T.);
#4974=ORIENTED_EDGE('',*,*,#3427,.F.);
#4975=ORIENTED_EDGE('',*,*,#3428,.F.);
#4976=ORIENTED_EDGE('',*,*,#3296,.F.);
#4977=ORIENTED_EDGE('',*,*,#3428,.T.);
#4978=ORIENTED_EDGE('',*,*,#3429,.F.);
#4979=ORIENTED_EDGE('',*,*,#3412,.F.);
#4980=ORIENTED_EDGE('',*,*,#3429,.T.);
#4981=ORIENTED_EDGE('',*,*,#3427,.T.);
#4982=ORIENTED_EDGE('',*,*,#3425,.T.);
#4983=ORIENTED_EDGE('',*,*,#3423,.T.);
#4984=ORIENTED_EDGE('',*,*,#3421,.T.);
#4985=ORIENTED_EDGE('',*,*,#3419,.T.);
#4986=ORIENTED_EDGE('',*,*,#3417,.T.);
#4987=ORIENTED_EDGE('',*,*,#3415,.T.);
#4988=ORIENTED_EDGE('',*,*,#3413,.T.);
#4989=ORIENTED_EDGE('',*,*,#3411,.T.);
#4990=ORIENTED_EDGE('',*,*,#3408,.T.);
#4991=ORIENTED_EDGE('',*,*,#3405,.T.);
#4992=ORIENTED_EDGE('',*,*,#3402,.T.);
#4993=ORIENTED_EDGE('',*,*,#3399,.T.);
#4994=ORIENTED_EDGE('',*,*,#3396,.T.);
#4995=ORIENTED_EDGE('',*,*,#3393,.T.);
#4996=ORIENTED_EDGE('',*,*,#3390,.T.);
#4997=ORIENTED_EDGE('',*,*,#3336,.T.);
#4998=ORIENTED_EDGE('',*,*,#3340,.T.);
#4999=ORIENTED_EDGE('',*,*,#3343,.T.);
#5000=ORIENTED_EDGE('',*,*,#3346,.T.);
#5001=ORIENTED_EDGE('',*,*,#3349,.T.);
#5002=ORIENTED_EDGE('',*,*,#3352,.T.);
#5003=ORIENTED_EDGE('',*,*,#3355,.T.);
#5004=ORIENTED_EDGE('',*,*,#3358,.T.);
#5005=ORIENTED_EDGE('',*,*,#3430,.T.);
#5006=ORIENTED_EDGE('',*,*,#3431,.T.);
#5007=ORIENTED_EDGE('',*,*,#3432,.T.);
#5008=ORIENTED_EDGE('',*,*,#3433,.F.);
#5009=ORIENTED_EDGE('',*,*,#3434,.T.);
#5010=ORIENTED_EDGE('',*,*,#3431,.F.);
#5011=ORIENTED_EDGE('',*,*,#3435,.T.);
#5012=ORIENTED_EDGE('',*,*,#3436,.T.);
#5013=ORIENTED_EDGE('',*,*,#3437,.T.);
#5014=ORIENTED_EDGE('',*,*,#3436,.F.);
#5015=ORIENTED_EDGE('',*,*,#3438,.T.);
#5016=ORIENTED_EDGE('',*,*,#3439,.T.);
#5017=ORIENTED_EDGE('',*,*,#3440,.T.);
#5018=ORIENTED_EDGE('',*,*,#3439,.F.);
#5019=ORIENTED_EDGE('',*,*,#3441,.T.);
#5020=ORIENTED_EDGE('',*,*,#3433,.T.);
#5021=ORIENTED_EDGE('',*,*,#3440,.F.);
#5022=ORIENTED_EDGE('',*,*,#3442,.F.);
#5023=ORIENTED_EDGE('',*,*,#3443,.F.);
#5024=ORIENTED_EDGE('',*,*,#3444,.T.);
#5025=ORIENTED_EDGE('',*,*,#3432,.F.);
#5026=ORIENTED_EDGE('',*,*,#3445,.F.);
#5027=ORIENTED_EDGE('',*,*,#3446,.F.);
#5028=ORIENTED_EDGE('',*,*,#3442,.T.);
#5029=ORIENTED_EDGE('',*,*,#3430,.F.);
#5030=ORIENTED_EDGE('',*,*,#3441,.F.);
#5031=ORIENTED_EDGE('',*,*,#3438,.F.);
#5032=ORIENTED_EDGE('',*,*,#3435,.F.);
#5033=ORIENTED_EDGE('',*,*,#3447,.F.);
#5034=ORIENTED_EDGE('',*,*,#3448,.F.);
#5035=ORIENTED_EDGE('',*,*,#3449,.T.);
#5036=ORIENTED_EDGE('',*,*,#3447,.T.);
#5037=ORIENTED_EDGE('',*,*,#3449,.F.);
#5038=ORIENTED_EDGE('',*,*,#3450,.T.);
#5039=ORIENTED_EDGE('',*,*,#3451,.T.);
#5040=ORIENTED_EDGE('',*,*,#3452,.T.);
#5041=ORIENTED_EDGE('',*,*,#3451,.F.);
#5042=ORIENTED_EDGE('',*,*,#3453,.F.);
#5043=ORIENTED_EDGE('',*,*,#3454,.T.);
#5044=ORIENTED_EDGE('',*,*,#3450,.F.);
#5045=ORIENTED_EDGE('',*,*,#3454,.F.);
#5046=ORIENTED_EDGE('',*,*,#3455,.F.);
#5047=ORIENTED_EDGE('',*,*,#3456,.F.);
#5048=ORIENTED_EDGE('',*,*,#3457,.F.);
#5049=ORIENTED_EDGE('',*,*,#3458,.F.);
#5050=ORIENTED_EDGE('',*,*,#3459,.F.);
#5051=ORIENTED_EDGE('',*,*,#3452,.F.);
#5052=ORIENTED_EDGE('',*,*,#3460,.T.);
#5053=ORIENTED_EDGE('',*,*,#3461,.T.);
#5054=ORIENTED_EDGE('',*,*,#3455,.T.);
#5055=ORIENTED_EDGE('',*,*,#3453,.T.);
#5056=ORIENTED_EDGE('',*,*,#3461,.F.);
#5057=ORIENTED_EDGE('',*,*,#3460,.F.);
#5058=ORIENTED_EDGE('',*,*,#3448,.T.);
#5059=ORIENTED_EDGE('',*,*,#3462,.T.);
#5060=ORIENTED_EDGE('',*,*,#3463,.T.);
#5061=ORIENTED_EDGE('',*,*,#3464,.T.);
#5062=ORIENTED_EDGE('',*,*,#3465,.F.);
#5063=ORIENTED_EDGE('',*,*,#3466,.T.);
#5064=ORIENTED_EDGE('',*,*,#3467,.T.);
#5065=ORIENTED_EDGE('',*,*,#3443,.T.);
#5066=ORIENTED_EDGE('',*,*,#3468,.T.);
#5067=ORIENTED_EDGE('',*,*,#3469,.T.);
#5068=ORIENTED_EDGE('',*,*,#3467,.F.);
#5069=ORIENTED_EDGE('',*,*,#3470,.T.);
#5070=ORIENTED_EDGE('',*,*,#3465,.T.);
#5071=ORIENTED_EDGE('',*,*,#3471,.T.);
#5072=ORIENTED_EDGE('',*,*,#3468,.F.);
#5073=ORIENTED_EDGE('',*,*,#3446,.T.);
#5074=ORIENTED_EDGE('',*,*,#3463,.F.);
#5075=ORIENTED_EDGE('',*,*,#3472,.F.);
#5076=ORIENTED_EDGE('',*,*,#3473,.F.);
#5077=ORIENTED_EDGE('',*,*,#3474,.F.);
#5078=ORIENTED_EDGE('',*,*,#3475,.F.);
#5079=ORIENTED_EDGE('',*,*,#3466,.F.);
#5080=ORIENTED_EDGE('',*,*,#3471,.F.);
#5081=ORIENTED_EDGE('',*,*,#3462,.F.);
#5082=ORIENTED_EDGE('',*,*,#3470,.F.);
#5083=ORIENTED_EDGE('',*,*,#3476,.T.);
#5084=ORIENTED_EDGE('',*,*,#3477,.T.);
#5085=ORIENTED_EDGE('',*,*,#3472,.T.);
#5086=ORIENTED_EDGE('',*,*,#3478,.T.);
#5087=ORIENTED_EDGE('',*,*,#3479,.F.);
#5088=ORIENTED_EDGE('',*,*,#3480,.F.);
#5089=ORIENTED_EDGE('',*,*,#3481,.F.);
#5090=ORIENTED_EDGE('',*,*,#3482,.F.);
#5091=ORIENTED_EDGE('',*,*,#3483,.F.);
#5092=ORIENTED_EDGE('',*,*,#3484,.F.);
#5093=ORIENTED_EDGE('',*,*,#3475,.T.);
#5094=ORIENTED_EDGE('',*,*,#3483,.T.);
#5095=ORIENTED_EDGE('',*,*,#3485,.T.);
#5096=ORIENTED_EDGE('',*,*,#3478,.F.);
#5097=ORIENTED_EDGE('',*,*,#3480,.T.);
#5098=ORIENTED_EDGE('',*,*,#3486,.T.);
#5099=ORIENTED_EDGE('',*,*,#3484,.T.);
#5100=ORIENTED_EDGE('',*,*,#3474,.T.);
#5101=ORIENTED_EDGE('',*,*,#3487,.F.);
#5102=ORIENTED_EDGE('',*,*,#3488,.F.);
#5103=ORIENTED_EDGE('',*,*,#3489,.F.);
#5104=ORIENTED_EDGE('',*,*,#3488,.T.);
#5105=ORIENTED_EDGE('',*,*,#3490,.T.);
#5106=ORIENTED_EDGE('',*,*,#3479,.T.);
#5107=ORIENTED_EDGE('',*,*,#3271,.T.);
#5108=ORIENTED_EDGE('',*,*,#3491,.F.);
#5109=ORIENTED_EDGE('',*,*,#3492,.F.);
#5110=ORIENTED_EDGE('',*,*,#3493,.F.);
#5111=ORIENTED_EDGE('',*,*,#3492,.T.);
#5112=ORIENTED_EDGE('',*,*,#3494,.T.);
#5113=ORIENTED_EDGE('',*,*,#3482,.T.);
#5114=ORIENTED_EDGE('',*,*,#3495,.T.);
#5115=ORIENTED_EDGE('',*,*,#3487,.T.);
#5116=ORIENTED_EDGE('',*,*,#3456,.T.);
#5117=ORIENTED_EDGE('',*,*,#3493,.T.);
#5118=ORIENTED_EDGE('',*,*,#3496,.T.);
#5119=ORIENTED_EDGE('',*,*,#3497,.T.);
#5120=ORIENTED_EDGE('',*,*,#3491,.T.);
#5121=ORIENTED_EDGE('',*,*,#3459,.T.);
#5122=ORIENTED_EDGE('',*,*,#3498,.T.);
#5123=ORIENTED_EDGE('',*,*,#3499,.T.);
#5124=ORIENTED_EDGE('',*,*,#3498,.F.);
#5125=ORIENTED_EDGE('',*,*,#3458,.T.);
#5126=ORIENTED_EDGE('',*,*,#3500,.T.);
#5127=ORIENTED_EDGE('',*,*,#3457,.T.);
#5128=ORIENTED_EDGE('',*,*,#3489,.T.);
#5129=ORIENTED_EDGE('',*,*,#3270,.T.);
#5130=ORIENTED_EDGE('',*,*,#3500,.F.);
#5131=ORIENTED_EDGE('',*,*,#3272,.T.);
#5132=ORIENTED_EDGE('',*,*,#3481,.T.);
#5133=ORIENTED_EDGE('',*,*,#3473,.T.);
#5134=ORIENTED_EDGE('',*,*,#3477,.F.);
#5135=ORIENTED_EDGE('',*,*,#3499,.F.);
#5136=ORIENTED_EDGE('',*,*,#3273,.F.);
#5137=ORIENTED_EDGE('',*,*,#3476,.F.);
#5138=ORIENTED_EDGE('',*,*,#3501,.T.);
#5139=ORIENTED_EDGE('',*,*,#3388,.T.);
#5140=ORIENTED_EDGE('',*,*,#3392,.T.);
#5141=ORIENTED_EDGE('',*,*,#3395,.T.);
#5142=ORIENTED_EDGE('',*,*,#3398,.T.);
#5143=ORIENTED_EDGE('',*,*,#3401,.T.);
#5144=ORIENTED_EDGE('',*,*,#3404,.T.);
#5145=ORIENTED_EDGE('',*,*,#3407,.T.);
#5146=ORIENTED_EDGE('',*,*,#3410,.T.);
#5147=ORIENTED_EDGE('',*,*,#3486,.F.);
#5148=ORIENTED_EDGE('',*,*,#3490,.F.);
#5149=ORIENTED_EDGE('',*,*,#3496,.F.);
#5150=ORIENTED_EDGE('',*,*,#3495,.F.);
#5151=ORIENTED_EDGE('',*,*,#3437,.F.);
#5152=ORIENTED_EDGE('',*,*,#3444,.F.);
#5153=ORIENTED_EDGE('',*,*,#3469,.F.);
#5154=ORIENTED_EDGE('',*,*,#3502,.T.);
#5155=ORIENTED_EDGE('',*,*,#3434,.F.);
#5156=ORIENTED_EDGE('',*,*,#3502,.F.);
#5157=ORIENTED_EDGE('',*,*,#3464,.F.);
#5158=ORIENTED_EDGE('',*,*,#3445,.T.);
#5159=ORIENTED_EDGE('',*,*,#3497,.F.);
#5160=ORIENTED_EDGE('',*,*,#3501,.F.);
#5161=ORIENTED_EDGE('',*,*,#3485,.F.);
#5162=ORIENTED_EDGE('',*,*,#3494,.F.);
#5163=PLANE('',#5569);
#5164=PLANE('',#5570);
#5165=PLANE('',#5571);
#5166=PLANE('',#5572);
#5167=PLANE('',#5573);
#5168=PLANE('',#5574);
#5169=PLANE('',#5575);
#5170=PLANE('',#5576);
#5171=PLANE('',#5577);
#5172=PLANE('',#5578);
#5173=PLANE('',#5579);
#5174=PLANE('',#5580);
#5175=PLANE('',#5581);
#5176=PLANE('',#5582);
#5177=PLANE('',#5583);
#5178=PLANE('',#5584);
#5179=PLANE('',#5585);
#5180=PLANE('',#5586);
#5181=PLANE('',#5587);
#5182=PLANE('',#5588);
#5183=PLANE('',#5589);
#5184=PLANE('',#5590);
#5185=PLANE('',#5591);
#5186=PLANE('',#5592);
#5187=PLANE('',#5593);
#5188=PLANE('',#5594);
#5189=PLANE('',#5595);
#5190=PLANE('',#5596);
#5191=PLANE('',#5597);
#5192=PLANE('',#5598);
#5193=PLANE('',#5599);
#5194=PLANE('',#5600);
#5195=PLANE('',#5601);
#5196=PLANE('',#5602);
#5197=PLANE('',#5603);
#5198=PLANE('',#5604);
#5199=PLANE('',#5605);
#5200=PLANE('',#5606);
#5201=PLANE('',#5607);
#5202=PLANE('',#5608);
#5203=PLANE('',#5609);
#5204=PLANE('',#5610);
#5205=PLANE('',#5611);
#5206=PLANE('',#5612);
#5207=PLANE('',#5613);
#5208=PLANE('',#5614);
#5209=PLANE('',#5615);
#5210=PLANE('',#5616);
#5211=PLANE('',#5617);
#5212=PLANE('',#5618);
#5213=PLANE('',#5619);
#5214=PLANE('',#5620);
#5215=PLANE('',#5621);
#5216=PLANE('',#5622);
#5217=PLANE('',#5623);
#5218=PLANE('',#5624);
#5219=PLANE('',#5625);
#5220=PLANE('',#5626);
#5221=PLANE('',#5627);
#5222=PLANE('',#5628);
#5223=PLANE('',#5629);
#5224=PLANE('',#5630);
#5225=PLANE('',#5631);
#5226=PLANE('',#5632);
#5227=PLANE('',#5633);
#5228=PLANE('',#5634);
#5229=PLANE('',#5635);
#5230=PLANE('',#5636);
#5231=PLANE('',#5637);
#5232=PLANE('',#5638);
#5233=PLANE('',#5639);
#5234=PLANE('',#5640);
#5235=PLANE('',#5641);
#5236=PLANE('',#5642);
#5237=PLANE('',#5651);
#5238=PLANE('',#5652);
#5239=PLANE('',#5653);
#5240=PLANE('',#5664);
#5241=PLANE('',#5668);
#5242=PLANE('',#5677);
#5243=PLANE('',#5708);
#5244=PLANE('',#5709);
#5245=PLANE('',#5710);
#5246=PLANE('',#5711);
#5247=PLANE('',#5712);
#5248=PLANE('',#5713);
#5249=ADVANCED_FACE('',(#677),#5163,.T.);
#5250=ADVANCED_FACE('',(#678),#483,.T.);
#5251=ADVANCED_FACE('',(#679),#484,.T.);
#5252=ADVANCED_FACE('',(#680),#485,.T.);
#5253=ADVANCED_FACE('',(#681),#486,.T.);
#5254=ADVANCED_FACE('',(#682),#487,.T.);
#5255=ADVANCED_FACE('',(#683),#488,.T.);
#5256=ADVANCED_FACE('',(#684),#489,.T.);
#5257=ADVANCED_FACE('',(#685),#490,.T.);
#5258=ADVANCED_FACE('',(#686),#491,.T.);
#5259=ADVANCED_FACE('',(#687),#492,.T.);
#5260=ADVANCED_FACE('',(#688),#493,.T.);
#5261=ADVANCED_FACE('',(#689),#494,.T.);
#5262=ADVANCED_FACE('',(#690),#495,.T.);
#5263=ADVANCED_FACE('',(#691),#496,.T.);
#5264=ADVANCED_FACE('',(#692),#497,.T.);
#5265=ADVANCED_FACE('',(#693),#498,.T.);
#5266=ADVANCED_FACE('',(#694),#499,.T.);
#5267=ADVANCED_FACE('',(#695),#500,.T.);
#5268=ADVANCED_FACE('',(#696),#5164,.T.);
#5269=ADVANCED_FACE('',(#697),#501,.T.);
#5270=ADVANCED_FACE('',(#698),#502,.T.);
#5271=ADVANCED_FACE('',(#699),#503,.T.);
#5272=ADVANCED_FACE('',(#700),#504,.T.);
#5273=ADVANCED_FACE('',(#701),#505,.T.);
#5274=ADVANCED_FACE('',(#702),#506,.T.);
#5275=ADVANCED_FACE('',(#703),#507,.T.);
#5276=ADVANCED_FACE('',(#704),#508,.T.);
#5277=ADVANCED_FACE('',(#705),#509,.T.);
#5278=ADVANCED_FACE('',(#706),#510,.T.);
#5279=ADVANCED_FACE('',(#707),#511,.T.);
#5280=ADVANCED_FACE('',(#708),#512,.T.);
#5281=ADVANCED_FACE('',(#709),#513,.T.);
#5282=ADVANCED_FACE('',(#710),#514,.T.);
#5283=ADVANCED_FACE('',(#711),#515,.T.);
#5284=ADVANCED_FACE('',(#712),#5165,.T.);
#5285=ADVANCED_FACE('',(#713),#5166,.T.);
#5286=ADVANCED_FACE('',(#714),#5167,.T.);
#5287=ADVANCED_FACE('',(#715),#5168,.T.);
#5288=ADVANCED_FACE('',(#716),#5169,.T.);
#5289=ADVANCED_FACE('',(#717),#5170,.T.);
#5290=ADVANCED_FACE('',(#718),#5171,.T.);
#5291=ADVANCED_FACE('',(#719),#516,.T.);
#5292=ADVANCED_FACE('',(#720),#517,.T.);
#5293=ADVANCED_FACE('',(#721),#518,.T.);
#5294=ADVANCED_FACE('',(#722),#519,.T.);
#5295=ADVANCED_FACE('',(#723),#5172,.T.);
#5296=ADVANCED_FACE('',(#724),#520,.T.);
#5297=ADVANCED_FACE('',(#725),#521,.T.);
#5298=ADVANCED_FACE('',(#726),#522,.T.);
#5299=ADVANCED_FACE('',(#727),#523,.T.);
#5300=ADVANCED_FACE('',(#728),#524,.T.);
#5301=ADVANCED_FACE('',(#729),#525,.T.);
#5302=ADVANCED_FACE('',(#730),#526,.T.);
#5303=ADVANCED_FACE('',(#731),#527,.T.);
#5304=ADVANCED_FACE('',(#732),#528,.T.);
#5305=ADVANCED_FACE('',(#733),#5173,.T.);
#5306=ADVANCED_FACE('',(#734),#529,.T.);
#5307=ADVANCED_FACE('',(#735),#530,.T.);
#5308=ADVANCED_FACE('',(#736),#531,.T.);
#5309=ADVANCED_FACE('',(#737),#532,.T.);
#5310=ADVANCED_FACE('',(#738,#74),#5174,.T.);
#5311=ADVANCED_FACE('',(#739),#5175,.T.);
#5312=ADVANCED_FACE('',(#740),#5176,.T.);
#5313=ADVANCED_FACE('',(#741),#533,.T.);
#5314=ADVANCED_FACE('',(#742),#534,.T.);
#5315=ADVANCED_FACE('',(#743),#535,.T.);
#5316=ADVANCED_FACE('',(#744),#536,.T.);
#5317=ADVANCED_FACE('',(#745),#5177,.T.);
#5318=ADVANCED_FACE('',(#746),#5178,.T.);
#5319=ADVANCED_FACE('',(#747),#5179,.T.);
#5320=ADVANCED_FACE('',(#748),#5180,.T.);
#5321=ADVANCED_FACE('',(#749),#5181,.T.);
#5322=ADVANCED_FACE('',(#750),#5182,.T.);
#5323=ADVANCED_FACE('',(#751),#5183,.T.);
#5324=ADVANCED_FACE('',(#752),#5184,.T.);
#5325=ADVANCED_FACE('',(#753),#5185,.T.);
#5326=ADVANCED_FACE('',(#754),#5186,.T.);
#5327=ADVANCED_FACE('',(#755),#5187,.T.);
#5328=ADVANCED_FACE('',(#756),#537,.T.);
#5329=ADVANCED_FACE('',(#757),#538,.T.);
#5330=ADVANCED_FACE('',(#758),#539,.T.);
#5331=ADVANCED_FACE('',(#759),#540,.T.);
#5332=ADVANCED_FACE('',(#760),#5188,.T.);
#5333=ADVANCED_FACE('',(#761),#5189,.T.);
#5334=ADVANCED_FACE('',(#762),#541,.T.);
#5335=ADVANCED_FACE('',(#763),#542,.T.);
#5336=ADVANCED_FACE('',(#764),#543,.T.);
#5337=ADVANCED_FACE('',(#765),#544,.T.);
#5338=ADVANCED_FACE('',(#766),#545,.T.);
#5339=ADVANCED_FACE('',(#767),#546,.T.);
#5340=ADVANCED_FACE('',(#768),#547,.T.);
#5341=ADVANCED_FACE('',(#769),#548,.T.);
#5342=ADVANCED_FACE('',(#770),#549,.T.);
#5343=ADVANCED_FACE('',(#771),#550,.T.);
#5344=ADVANCED_FACE('',(#772),#551,.T.);
#5345=ADVANCED_FACE('',(#773),#552,.T.);
#5346=ADVANCED_FACE('',(#774),#553,.T.);
#5347=ADVANCED_FACE('',(#775),#554,.T.);
#5348=ADVANCED_FACE('',(#776),#555,.T.);
#5349=ADVANCED_FACE('',(#777),#556,.T.);
#5350=ADVANCED_FACE('',(#778),#5190,.T.);
#5351=ADVANCED_FACE('',(#779),#557,.T.);
#5352=ADVANCED_FACE('',(#780),#558,.T.);
#5353=ADVANCED_FACE('',(#781),#559,.T.);
#5354=ADVANCED_FACE('',(#782),#560,.T.);
#5355=ADVANCED_FACE('',(#783),#561,.T.);
#5356=ADVANCED_FACE('',(#784),#562,.T.);
#5357=ADVANCED_FACE('',(#785),#563,.T.);
#5358=ADVANCED_FACE('',(#786),#564,.T.);
#5359=ADVANCED_FACE('',(#787),#565,.T.);
#5360=ADVANCED_FACE('',(#788),#566,.T.);
#5361=ADVANCED_FACE('',(#789),#567,.T.);
#5362=ADVANCED_FACE('',(#790),#568,.T.);
#5363=ADVANCED_FACE('',(#791),#569,.T.);
#5364=ADVANCED_FACE('',(#792),#570,.T.);
#5365=ADVANCED_FACE('',(#793),#571,.T.);
#5366=ADVANCED_FACE('',(#794),#5191,.T.);
#5367=ADVANCED_FACE('',(#795),#5192,.T.);
#5368=ADVANCED_FACE('',(#796),#5193,.T.);
#5369=ADVANCED_FACE('',(#797),#5194,.T.);
#5370=ADVANCED_FACE('',(#798),#5195,.T.);
#5371=ADVANCED_FACE('',(#799),#5196,.T.);
#5372=ADVANCED_FACE('',(#800),#5197,.T.);
#5373=ADVANCED_FACE('',(#801),#572,.T.);
#5374=ADVANCED_FACE('',(#802),#573,.T.);
#5375=ADVANCED_FACE('',(#803),#574,.T.);
#5376=ADVANCED_FACE('',(#804),#575,.T.);
#5377=ADVANCED_FACE('',(#805),#576,.T.);
#5378=ADVANCED_FACE('',(#806),#577,.T.);
#5379=ADVANCED_FACE('',(#807),#578,.T.);
#5380=ADVANCED_FACE('',(#808),#579,.T.);
#5381=ADVANCED_FACE('',(#809),#580,.T.);
#5382=ADVANCED_FACE('',(#810),#581,.T.);
#5383=ADVANCED_FACE('',(#811),#582,.T.);
#5384=ADVANCED_FACE('',(#812),#583,.T.);
#5385=ADVANCED_FACE('',(#813),#584,.T.);
#5386=ADVANCED_FACE('',(#814),#585,.T.);
#5387=ADVANCED_FACE('',(#815),#586,.T.);
#5388=ADVANCED_FACE('',(#816),#587,.T.);
#5389=ADVANCED_FACE('',(#817),#5198,.T.);
#5390=ADVANCED_FACE('',(#818),#588,.T.);
#5391=ADVANCED_FACE('',(#819),#589,.T.);
#5392=ADVANCED_FACE('',(#820),#590,.T.);
#5393=ADVANCED_FACE('',(#821),#591,.T.);
#5394=ADVANCED_FACE('',(#822),#592,.T.);
#5395=ADVANCED_FACE('',(#823),#593,.T.);
#5396=ADVANCED_FACE('',(#824),#594,.T.);
#5397=ADVANCED_FACE('',(#825),#595,.T.);
#5398=ADVANCED_FACE('',(#826),#596,.T.);
#5399=ADVANCED_FACE('',(#827),#597,.T.);
#5400=ADVANCED_FACE('',(#828),#598,.T.);
#5401=ADVANCED_FACE('',(#829),#599,.T.);
#5402=ADVANCED_FACE('',(#830),#600,.T.);
#5403=ADVANCED_FACE('',(#831),#601,.T.);
#5404=ADVANCED_FACE('',(#832),#602,.T.);
#5405=ADVANCED_FACE('',(#833),#5199,.T.);
#5406=ADVANCED_FACE('',(#834),#5200,.T.);
#5407=ADVANCED_FACE('',(#835),#5201,.T.);
#5408=ADVANCED_FACE('',(#836),#5202,.T.);
#5409=ADVANCED_FACE('',(#837),#5203,.T.);
#5410=ADVANCED_FACE('',(#838),#5204,.T.);
#5411=ADVANCED_FACE('',(#839),#5205,.T.);
#5412=ADVANCED_FACE('',(#840),#603,.T.);
#5413=ADVANCED_FACE('',(#841),#604,.T.);
#5414=ADVANCED_FACE('',(#842),#605,.T.);
#5415=ADVANCED_FACE('',(#843),#606,.T.);
#5416=ADVANCED_FACE('',(#844),#607,.T.);
#5417=ADVANCED_FACE('',(#845),#608,.T.);
#5418=ADVANCED_FACE('',(#846),#609,.T.);
#5419=ADVANCED_FACE('',(#847),#610,.T.);
#5420=ADVANCED_FACE('',(#848),#611,.T.);
#5421=ADVANCED_FACE('',(#849),#612,.T.);
#5422=ADVANCED_FACE('',(#850),#613,.T.);
#5423=ADVANCED_FACE('',(#851),#614,.T.);
#5424=ADVANCED_FACE('',(#852),#615,.T.);
#5425=ADVANCED_FACE('',(#853),#616,.T.);
#5426=ADVANCED_FACE('',(#854),#617,.T.);
#5427=ADVANCED_FACE('',(#855),#618,.T.);
#5428=ADVANCED_FACE('',(#856),#5206,.T.);
#5429=ADVANCED_FACE('',(#857),#619,.T.);
#5430=ADVANCED_FACE('',(#858),#620,.T.);
#5431=ADVANCED_FACE('',(#859),#621,.T.);
#5432=ADVANCED_FACE('',(#860),#622,.T.);
#5433=ADVANCED_FACE('',(#861),#623,.T.);
#5434=ADVANCED_FACE('',(#862),#624,.T.);
#5435=ADVANCED_FACE('',(#863),#625,.T.);
#5436=ADVANCED_FACE('',(#864),#626,.T.);
#5437=ADVANCED_FACE('',(#865),#627,.T.);
#5438=ADVANCED_FACE('',(#866),#628,.T.);
#5439=ADVANCED_FACE('',(#867),#629,.T.);
#5440=ADVANCED_FACE('',(#868),#630,.T.);
#5441=ADVANCED_FACE('',(#869),#631,.T.);
#5442=ADVANCED_FACE('',(#870),#632,.T.);
#5443=ADVANCED_FACE('',(#871),#633,.T.);
#5444=ADVANCED_FACE('',(#872),#5207,.T.);
#5445=ADVANCED_FACE('',(#873),#5208,.T.);
#5446=ADVANCED_FACE('',(#874),#5209,.T.);
#5447=ADVANCED_FACE('',(#875),#634,.T.);
#5448=ADVANCED_FACE('',(#876),#635,.T.);
#5449=ADVANCED_FACE('',(#877),#5210,.T.);
#5450=ADVANCED_FACE('',(#878),#5211,.T.);
#5451=ADVANCED_FACE('',(#879),#5212,.T.);
#5452=ADVANCED_FACE('',(#880),#5213,.T.);
#5453=ADVANCED_FACE('',(#881),#5214,.T.);
#5454=ADVANCED_FACE('',(#882),#5215,.T.);
#5455=ADVANCED_FACE('',(#883),#5216,.T.);
#5456=ADVANCED_FACE('',(#884),#5217,.T.);
#5457=ADVANCED_FACE('',(#885),#5218,.T.);
#5458=ADVANCED_FACE('',(#886,#75),#5219,.T.);
#5459=ADVANCED_FACE('',(#887,#76,#77,#78,#79,#80,#81,#82,#83,#84,#85,#86,
#87,#88),#5220,.T.);
#5460=ADVANCED_FACE('',(#888),#5221,.T.);
#5461=ADVANCED_FACE('',(#889),#5222,.T.);
#5462=ADVANCED_FACE('',(#890),#5223,.T.);
#5463=ADVANCED_FACE('',(#891),#636,.T.);
#5464=ADVANCED_FACE('',(#892),#637,.T.);
#5465=ADVANCED_FACE('',(#893),#638,.T.);
#5466=ADVANCED_FACE('',(#894),#5224,.T.);
#5467=ADVANCED_FACE('',(#895),#639,.T.);
#5468=ADVANCED_FACE('',(#896),#640,.T.);
#5469=ADVANCED_FACE('',(#897),#641,.T.);
#5470=ADVANCED_FACE('',(#898),#642,.T.);
#5471=ADVANCED_FACE('',(#899),#5225,.T.);
#5472=ADVANCED_FACE('',(#900),#5226,.T.);
#5473=ADVANCED_FACE('',(#901),#5227,.T.);
#5474=ADVANCED_FACE('',(#902),#643,.T.);
#5475=ADVANCED_FACE('',(#903),#644,.T.);
#5476=ADVANCED_FACE('',(#904),#645,.T.);
#5477=ADVANCED_FACE('',(#905),#646,.T.);
#5478=ADVANCED_FACE('',(#906),#647,.T.);
#5479=ADVANCED_FACE('',(#907),#648,.T.);
#5480=ADVANCED_FACE('',(#908),#649,.T.);
#5481=ADVANCED_FACE('',(#909),#650,.T.);
#5482=ADVANCED_FACE('',(#910),#5228,.T.);
#5483=ADVANCED_FACE('',(#911),#651,.T.);
#5484=ADVANCED_FACE('',(#912),#652,.T.);
#5485=ADVANCED_FACE('',(#913),#653,.T.);
#5486=ADVANCED_FACE('',(#914),#654,.T.);
#5487=ADVANCED_FACE('',(#915),#655,.T.);
#5488=ADVANCED_FACE('',(#916),#656,.T.);
#5489=ADVANCED_FACE('',(#917),#657,.T.);
#5490=ADVANCED_FACE('',(#918),#658,.T.);
#5491=ADVANCED_FACE('',(#919),#659,.T.);
#5492=ADVANCED_FACE('',(#920),#5229,.T.);
#5493=ADVANCED_FACE('',(#921),#5230,.T.);
#5494=ADVANCED_FACE('',(#922),#5231,.T.);
#5495=ADVANCED_FACE('',(#923),#5232,.T.);
#5496=ADVANCED_FACE('',(#924,#89),#5233,.T.);
#5497=ADVANCED_FACE('',(#925),#5234,.T.);
#5498=ADVANCED_FACE('',(#926),#660,.T.);
#5499=ADVANCED_FACE('',(#927),#661,.T.);
#5500=ADVANCED_FACE('',(#928),#662,.T.);
#5501=ADVANCED_FACE('',(#929),#663,.T.);
#5502=ADVANCED_FACE('',(#930),#664,.T.);
#5503=ADVANCED_FACE('',(#931),#665,.T.);
#5504=ADVANCED_FACE('',(#932),#666,.T.);
#5505=ADVANCED_FACE('',(#933),#667,.T.);
#5506=ADVANCED_FACE('',(#934),#668,.T.);
#5507=ADVANCED_FACE('',(#935),#669,.T.);
#5508=ADVANCED_FACE('',(#936),#670,.T.);
#5509=ADVANCED_FACE('',(#937),#671,.T.);
#5510=ADVANCED_FACE('',(#938),#672,.T.);
#5511=ADVANCED_FACE('',(#939),#673,.T.);
#5512=ADVANCED_FACE('',(#940),#674,.T.);
#5513=ADVANCED_FACE('',(#941),#675,.T.);
#5514=ADVANCED_FACE('',(#942),#676,.T.);
#5515=ADVANCED_FACE('',(#943,#90),#5235,.T.);
#5516=ADVANCED_FACE('',(#944),#5236,.T.);
#5517=ADVANCED_FACE('',(#945),#54,.F.);
#5518=ADVANCED_FACE('',(#946),#55,.F.);
#5519=ADVANCED_FACE('',(#947),#56,.F.);
#5520=ADVANCED_FACE('',(#948),#57,.F.);
#5521=ADVANCED_FACE('',(#949),#5237,.F.);
#5522=ADVANCED_FACE('',(#950),#5238,.F.);
#5523=ADVANCED_FACE('',(#951,#91),#5239,.F.);
#5524=ADVANCED_FACE('',(#952),#58,.F.);
#5525=ADVANCED_FACE('',(#953),#19,.F.);
#5526=ADVANCED_FACE('',(#954),#59,.T.);
#5527=ADVANCED_FACE('',(#955,#92),#5240,.T.);
#5528=ADVANCED_FACE('',(#956),#20,.T.);
#5529=ADVANCED_FACE('',(#957,#93),#5241,.T.);
#5530=ADVANCED_FACE('',(#958),#60,.T.);
#5531=ADVANCED_FACE('',(#959),#61,.T.);
#5532=ADVANCED_FACE('',(#960),#62,.T.);
#5533=ADVANCED_FACE('',(#961),#63,.T.);
#5534=ADVANCED_FACE('',(#962,#94),#5242,.F.);
#5535=ADVANCED_FACE('',(#963),#64,.T.);
#5536=ADVANCED_FACE('',(#964),#15,.T.);
#5537=ADVANCED_FACE('',(#965),#16,.T.);
#5538=ADVANCED_FACE('',(#966),#65,.T.);
#5539=ADVANCED_FACE('',(#967),#66,.T.);
#5540=ADVANCED_FACE('',(#968),#17,.T.);
#5541=ADVANCED_FACE('',(#969),#67,.T.);
#5542=ADVANCED_FACE('',(#970),#18,.T.);
#5543=ADVANCED_FACE('',(#971),#68,.T.);
#5544=ADVANCED_FACE('',(#972),#69,.T.);
#5545=ADVANCED_FACE('',(#973),#70,.T.);
#5546=ADVANCED_FACE('',(#974),#71,.T.);
#5547=ADVANCED_FACE('',(#975),#72,.T.);
#5548=ADVANCED_FACE('',(#976),#73,.T.);
#5549=ADVANCED_FACE('',(#977),#5243,.T.);
#5550=ADVANCED_FACE('',(#978),#5244,.T.);
#5551=ADVANCED_FACE('',(#979),#5245,.T.);
#5552=ADVANCED_FACE('',(#980),#5246,.F.);
#5553=ADVANCED_FACE('',(#981),#5247,.F.);
#5554=ADVANCED_FACE('',(#982),#5248,.T.);
#5555=CLOSED_SHELL('',(#5249,#5250,#5251,#5252,#5253,#5254,#5255,#5256,
#5257,#5258,#5259,#5260,#5261,#5262,#5263,#5264,#5265,#5266,#5267,#5268,
#5269,#5270,#5271,#5272,#5273,#5274,#5275,#5276,#5277,#5278,#5279,#5280,
#5281,#5282,#5283,#5284,#5285,#5286,#5287,#5288,#5289,#5290,#5291,#5292,
#5293,#5294,#5295,#5296,#5297,#5298,#5299,#5300,#5301,#5302,#5303,#5304,
#5305,#5306,#5307,#5308,#5309,#5310,#5311,#5312,#5313,#5314,#5315,#5316,
#5317,#5318,#5319,#5320,#5321,#5322,#5323,#5324,#5325,#5326,#5327,#5328,
#5329,#5330,#5331,#5332,#5333,#5334,#5335,#5336,#5337,#5338,#5339,#5340,
#5341,#5342,#5343,#5344,#5345,#5346,#5347,#5348,#5349,#5350,#5351,#5352,
#5353,#5354,#5355,#5356,#5357,#5358,#5359,#5360,#5361,#5362,#5363,#5364,
#5365,#5366,#5367,#5368,#5369,#5370,#5371,#5372,#5373,#5374,#5375,#5376,
#5377,#5378,#5379,#5380,#5381,#5382,#5383,#5384,#5385,#5386,#5387,#5388,
#5389,#5390,#5391,#5392,#5393,#5394,#5395,#5396,#5397,#5398,#5399,#5400,
#5401,#5402,#5403,#5404,#5405,#5406,#5407,#5408,#5409,#5410,#5411,#5412,
#5413,#5414,#5415,#5416,#5417,#5418,#5419,#5420,#5421,#5422,#5423,#5424,
#5425,#5426,#5427,#5428,#5429,#5430,#5431,#5432,#5433,#5434,#5435,#5436,
#5437,#5438,#5439,#5440,#5441,#5442,#5443,#5444,#5445,#5446,#5447,#5448,
#5449,#5450,#5451,#5452,#5453,#5454,#5455,#5456,#5457,#5458,#5459,#5460,
#5461,#5462,#5463,#5464,#5465,#5466,#5467,#5468,#5469,#5470,#5471,#5472,
#5473,#5474,#5475,#5476,#5477,#5478,#5479,#5480,#5481,#5482,#5483,#5484,
#5485,#5486,#5487,#5488,#5489,#5490,#5491,#5492,#5493,#5494,#5495,#5496,
#5497,#5498,#5499,#5500,#5501,#5502,#5503,#5504,#5505,#5506,#5507,#5508,
#5509,#5510,#5511,#5512,#5513,#5514,#5515,#5516,#5517,#5518,#5519,#5520,
#5521,#5522,#5523,#5524,#5525,#5526,#5527,#5528,#5529,#5530,#5531,#5532,
#5533,#5534,#5535,#5536,#5537,#5538,#5539,#5540,#5541,#5542,#5543,#5544,
#5545,#5546,#5547,#5548,#5549,#5550,#5551,#5552,#5553,#5554));
#5556=DERIVED_UNIT_ELEMENT(#5558,1.);
#5557=DERIVED_UNIT_ELEMENT(#11400,-3.);
#5558=(
MASS_UNIT()
NAMED_UNIT(*)
SI_UNIT(.KILO.,.GRAM.)
);
#5559=DERIVED_UNIT((#5556,#5557));
#5560=MEASURE_REPRESENTATION_ITEM('density measure',
POSITIVE_RATIO_MEASURE(7850.),#5559);
#5561=PROPERTY_DEFINITION_REPRESENTATION(#5566,#5563);
#5562=PROPERTY_DEFINITION_REPRESENTATION(#5567,#5564);
#5563=REPRESENTATION('material name',(#5565),#11397);
#5564=REPRESENTATION('density',(#5560),#11397);
#5565=DESCRIPTIVE_REPRESENTATION_ITEM('Steel','Steel');
#5566=PROPERTY_DEFINITION('material property','material name',#11407);
#5567=PROPERTY_DEFINITION('material property','density of part',#11407);
#5568=AXIS2_PLACEMENT_3D('',#6415,#5714,#5715);
#5569=AXIS2_PLACEMENT_3D('',#6416,#5716,#5717);
#5570=AXIS2_PLACEMENT_3D('',#6839,#5740,#5741);
#5571=AXIS2_PLACEMENT_3D('',#7187,#5759,#5760);
#5572=AXIS2_PLACEMENT_3D('',#7188,#5761,#5762);
#5573=AXIS2_PLACEMENT_3D('',#7197,#5767,#5768);
#5574=AXIS2_PLACEMENT_3D('',#7203,#5772,#5773);
#5575=AXIS2_PLACEMENT_3D('',#7209,#5777,#5778);
#5576=AXIS2_PLACEMENT_3D('',#7212,#5781,#5782);
#5577=AXIS2_PLACEMENT_3D('',#7213,#5783,#5784);
#5578=AXIS2_PLACEMENT_3D('',#7311,#5792,#5793);
#5579=AXIS2_PLACEMENT_3D('',#7527,#5807,#5808);
#5580=AXIS2_PLACEMENT_3D('',#7622,#5815,#5816);
#5581=AXIS2_PLACEMENT_3D('',#7623,#5817,#5818);
#5582=AXIS2_PLACEMENT_3D('',#7624,#5819,#5820);
#5583=AXIS2_PLACEMENT_3D('',#7725,#5829,#5830);
#5584=AXIS2_PLACEMENT_3D('',#7731,#5834,#5835);
#5585=AXIS2_PLACEMENT_3D('',#7737,#5839,#5840);
#5586=AXIS2_PLACEMENT_3D('',#7743,#5844,#5845);
#5587=AXIS2_PLACEMENT_3D('',#7749,#5849,#5850);
#5588=AXIS2_PLACEMENT_3D('',#7755,#5854,#5855);
#5589=AXIS2_PLACEMENT_3D('',#7761,#5859,#5860);
#5590=AXIS2_PLACEMENT_3D('',#7767,#5864,#5865);
#5591=AXIS2_PLACEMENT_3D('',#7773,#5869,#5870);
#5592=AXIS2_PLACEMENT_3D('',#7779,#5874,#5875);
#5593=AXIS2_PLACEMENT_3D('',#7785,#5879,#5880);
#5594=AXIS2_PLACEMENT_3D('',#7880,#5887,#5888);
#5595=AXIS2_PLACEMENT_3D('',#7881,#5889,#5890);
#5596=AXIS2_PLACEMENT_3D('',#8258,#5911,#5912);
#5597=AXIS2_PLACEMENT_3D('',#8606,#5930,#5931);
#5598=AXIS2_PLACEMENT_3D('',#8607,#5932,#5933);
#5599=AXIS2_PLACEMENT_3D('',#8616,#5938,#5939);
#5600=AXIS2_PLACEMENT_3D('',#8622,#5943,#5944);
#5601=AXIS2_PLACEMENT_3D('',#8628,#5948,#5949);
#5602=AXIS2_PLACEMENT_3D('',#8631,#5952,#5953);
#5603=AXIS2_PLACEMENT_3D('',#8632,#5954,#5955);
#5604=AXIS2_PLACEMENT_3D('',#9009,#5976,#5977);
#5605=AXIS2_PLACEMENT_3D('',#9357,#5995,#5996);
#5606=AXIS2_PLACEMENT_3D('',#9358,#5997,#5998);
#5607=AXIS2_PLACEMENT_3D('',#9367,#6003,#6004);
#5608=AXIS2_PLACEMENT_3D('',#9373,#6008,#6009);
#5609=AXIS2_PLACEMENT_3D('',#9379,#6013,#6014);
#5610=AXIS2_PLACEMENT_3D('',#9382,#6017,#6018);
#5611=AXIS2_PLACEMENT_3D('',#9383,#6019,#6020);
#5612=AXIS2_PLACEMENT_3D('',#9760,#6041,#6042);
#5613=AXIS2_PLACEMENT_3D('',#10108,#6060,#6061);
#5614=AXIS2_PLACEMENT_3D('',#10109,#6062,#6063);
#5615=AXIS2_PLACEMENT_3D('',#10118,#6068,#6069);
#5616=AXIS2_PLACEMENT_3D('',#10170,#6075,#6076);
#5617=AXIS2_PLACEMENT_3D('',#10173,#6079,#6080);
#5618=AXIS2_PLACEMENT_3D('',#10182,#6085,#6086);
#5619=AXIS2_PLACEMENT_3D('',#10188,#6090,#6091);
#5620=AXIS2_PLACEMENT_3D('',#10194,#6095,#6096);
#5621=AXIS2_PLACEMENT_3D('',#10200,#6100,#6101);
#5622=AXIS2_PLACEMENT_3D('',#10206,#6105,#6106);
#5623=AXIS2_PLACEMENT_3D('',#10212,#6110,#6111);
#5624=AXIS2_PLACEMENT_3D('',#10218,#6115,#6116);
#5625=AXIS2_PLACEMENT_3D('',#10221,#6119,#6120);
#5626=AXIS2_PLACEMENT_3D('',#10222,#6121,#6122);
#5627=AXIS2_PLACEMENT_3D('',#10403,#6138,#6139);
#5628=AXIS2_PLACEMENT_3D('',#10409,#6143,#6144);
#5629=AXIS2_PLACEMENT_3D('',#10413,#6147,#6148);
#5630=AXIS2_PLACEMENT_3D('',#10468,#6154,#6155);
#5631=AXIS2_PLACEMENT_3D('',#10540,#6162,#6163);
#5632=AXIS2_PLACEMENT_3D('',#10544,#6166,#6167);
#5633=AXIS2_PLACEMENT_3D('',#10546,#6169,#6170);
#5634=AXIS2_PLACEMENT_3D('',#10731,#6179,#6180);
#5635=AXIS2_PLACEMENT_3D('',#10890,#6193,#6194);
#5636=AXIS2_PLACEMENT_3D('',#10894,#6197,#6198);
#5637=AXIS2_PLACEMENT_3D('',#10898,#6201,#6202);
#5638=AXIS2_PLACEMENT_3D('',#10902,#6205,#6206);
#5639=AXIS2_PLACEMENT_3D('',#10904,#6208,#6209);
#5640=AXIS2_PLACEMENT_3D('',#10905,#6210,#6211);
#5641=AXIS2_PLACEMENT_3D('',#11243,#6229,#6230);
#5642=AXIS2_PLACEMENT_3D('',#11244,#6231,#6232);
#5643=AXIS2_PLACEMENT_3D('',#11245,#6233,#6234);
#5644=AXIS2_PLACEMENT_3D('',#11250,#6236,#6237);
#5645=AXIS2_PLACEMENT_3D('',#11253,#6239,#6240);
#5646=AXIS2_PLACEMENT_3D('',#11254,#6241,#6242);
#5647=AXIS2_PLACEMENT_3D('',#11259,#6245,#6246);
#5648=AXIS2_PLACEMENT_3D('',#11260,#6247,#6248);
#5649=AXIS2_PLACEMENT_3D('',#11265,#6251,#6252);
#5650=AXIS2_PLACEMENT_3D('',#11266,#6253,#6254);
#5651=AXIS2_PLACEMENT_3D('',#11269,#6257,#6258);
#5652=AXIS2_PLACEMENT_3D('',#11275,#6262,#6263);
#5653=AXIS2_PLACEMENT_3D('',#11279,#6266,#6267);
#5654=AXIS2_PLACEMENT_3D('',#11281,#6268,#6269);
#5655=AXIS2_PLACEMENT_3D('',#11282,#6270,#6271);
#5656=AXIS2_PLACEMENT_3D('',#11284,#6272,#6273);
#5657=AXIS2_PLACEMENT_3D('',#11286,#6275,#6276);
#5658=AXIS2_PLACEMENT_3D('',#11288,#6277,#6278);
#5659=AXIS2_PLACEMENT_3D('',#11290,#6279,#6280);
#5660=AXIS2_PLACEMENT_3D('',#11291,#6281,#6282);
#5661=AXIS2_PLACEMENT_3D('',#11292,#6283,#6284);
#5662=AXIS2_PLACEMENT_3D('',#11295,#6285,#6286);
#5663=AXIS2_PLACEMENT_3D('',#11297,#6288,#6289);
#5664=AXIS2_PLACEMENT_3D('',#11298,#6290,#6291);
#5665=AXIS2_PLACEMENT_3D('',#11307,#6296,#6297);
#5666=AXIS2_PLACEMENT_3D('',#11309,#6298,#6299);
#5667=AXIS2_PLACEMENT_3D('',#11310,#6300,#6301);
#5668=AXIS2_PLACEMENT_3D('',#11311,#6302,#6303);
#5669=AXIS2_PLACEMENT_3D('',#11312,#6304,#6305);
#5670=AXIS2_PLACEMENT_3D('',#11316,#6307,#6308);
#5671=AXIS2_PLACEMENT_3D('',#11319,#6310,#6311);
#5672=AXIS2_PLACEMENT_3D('',#11320,#6312,#6313);
#5673=AXIS2_PLACEMENT_3D('',#11324,#6315,#6316);
#5674=AXIS2_PLACEMENT_3D('',#11325,#6317,#6318);
#5675=AXIS2_PLACEMENT_3D('',#11326,#6319,#6320);
#5676=AXIS2_PLACEMENT_3D('',#11329,#6323,#6324);
#5677=AXIS2_PLACEMENT_3D('',#11331,#6326,#6327);
#5678=AXIS2_PLACEMENT_3D('',#11340,#6332,#6333);
#5679=AXIS2_PLACEMENT_3D('',#11343,#6335,#6336);
#5680=AXIS2_PLACEMENT_3D('',#11344,#6337,#6338);
#5681=AXIS2_PLACEMENT_3D('',#11345,#6339,#6340);
#5682=AXIS2_PLACEMENT_3D('',#11347,#6341,#6342);
#5683=AXIS2_PLACEMENT_3D('',#11348,#6343,#6344);
#5684=AXIS2_PLACEMENT_3D('',#11349,#6345,#6346);
#5685=AXIS2_PLACEMENT_3D('',#11350,#6347,#6348);
#5686=AXIS2_PLACEMENT_3D('',#11353,#6349,#6350);
#5687=AXIS2_PLACEMENT_3D('',#11354,#6351,#6352);
#5688=AXIS2_PLACEMENT_3D('',#11355,#6353,#6354);
#5689=AXIS2_PLACEMENT_3D('',#11356,#6355,#6356);
#5690=AXIS2_PLACEMENT_3D('',#11358,#6358,#6359);
#5691=AXIS2_PLACEMENT_3D('',#11360,#6361,#6362);
#5692=AXIS2_PLACEMENT_3D('',#11362,#6363,#6364);
#5693=AXIS2_PLACEMENT_3D('',#11363,#6365,#6366);
#5694=AXIS2_PLACEMENT_3D('',#11364,#6367,#6368);
#5695=AXIS2_PLACEMENT_3D('',#11365,#6369,#6370);
#5696=AXIS2_PLACEMENT_3D('',#11367,#6372,#6373);
#5697=AXIS2_PLACEMENT_3D('',#11369,#6374,#6375);
#5698=AXIS2_PLACEMENT_3D('',#11371,#6376,#6377);
#5699=AXIS2_PLACEMENT_3D('',#11372,#6378,#6379);
#5700=AXIS2_PLACEMENT_3D('',#11373,#6380,#6381);
#5701=AXIS2_PLACEMENT_3D('',#11376,#6384,#6385);
#5702=AXIS2_PLACEMENT_3D('',#11378,#6387,#6388);
#5703=AXIS2_PLACEMENT_3D('',#11381,#6390,#6391);
#5704=AXIS2_PLACEMENT_3D('',#11382,#6392,#6393);
#5705=AXIS2_PLACEMENT_3D('',#11384,#6395,#6396);
#5706=AXIS2_PLACEMENT_3D('',#11385,#6397,#6398);
#5707=AXIS2_PLACEMENT_3D('',#11386,#6399,#6400);
#5708=AXIS2_PLACEMENT_3D('',#11387,#6401,#6402);
#5709=AXIS2_PLACEMENT_3D('',#11389,#6404,#6405);
#5710=AXIS2_PLACEMENT_3D('',#11390,#6406,#6407);
#5711=AXIS2_PLACEMENT_3D('',#11391,#6408,#6409);
#5712=AXIS2_PLACEMENT_3D('',#11393,#6411,#6412);
#5713=AXIS2_PLACEMENT_3D('',#11394,#6413,#6414);
#5714=DIRECTION('axis',(0.,0.,1.));
#5715=DIRECTION('refdir',(1.,0.,0.));
#5716=DIRECTION('center_axis',(-0.0870992684842059,0.,0.996199637336571));
#5717=DIRECTION('ref_axis',(-0.996199637336571,0.,-0.0870992684842059));
#5718=DIRECTION('',(0.996199637336571,0.,0.0870992684842059));
#5719=DIRECTION('',(0.,-1.,0.));
#5720=DIRECTION('',(-0.996199637336571,0.,-0.0870992684842059));
#5721=DIRECTION('',(0.,-1.,0.));
#5722=DIRECTION('',(0.,-1.,0.));
#5723=DIRECTION('',(0.,-1.,0.));
#5724=DIRECTION('',(0.,-1.,0.));
#5725=DIRECTION('',(0.,-1.,0.));
#5726=DIRECTION('',(0.,-1.,0.));
#5727=DIRECTION('',(0.,-1.,0.));
#5728=DIRECTION('',(0.,-1.,0.));
#5729=DIRECTION('',(0.,-1.,0.));
#5730=DIRECTION('',(0.,-1.,0.));
#5731=DIRECTION('',(0.,-1.,0.));
#5732=DIRECTION('',(0.,-1.,0.));
#5733=DIRECTION('',(0.,-1.,0.));
#5734=DIRECTION('',(0.,-1.,0.));
#5735=DIRECTION('',(0.,-1.,0.));
#5736=DIRECTION('',(0.,-1.,0.));
#5737=DIRECTION('',(0.,-1.,0.));
#5738=DIRECTION('',(0.,-1.,0.));
#5739=DIRECTION('',(0.,-1.,0.));
#5740=DIRECTION('center_axis',(0.0750565001101665,0.,-0.997179282672486));
#5741=DIRECTION('ref_axis',(0.997179282672485,0.,0.0750565001101664));
#5742=DIRECTION('',(-0.997179282672485,0.,-0.0750565001101664));
#5743=DIRECTION('',(0.997179282672485,0.,0.0750565001101664));
#5744=DIRECTION('',(0.,-1.,0.));
#5745=DIRECTION('',(0.,-1.,0.));
#5746=DIRECTION('',(0.,-1.,0.));
#5747=DIRECTION('',(0.,-1.,0.));
#5748=DIRECTION('',(0.,-1.,0.));
#5749=DIRECTION('',(0.,-1.,0.));
#5750=DIRECTION('',(0.,-1.,0.));
#5751=DIRECTION('',(0.,-1.,0.));
#5752=DIRECTION('',(0.,-1.,0.));
#5753=DIRECTION('',(0.,-1.,0.));
#5754=DIRECTION('',(0.,-1.,0.));
#5755=DIRECTION('',(0.,-1.,0.));
#5756=DIRECTION('',(0.,-1.,0.));
#5757=DIRECTION('',(0.,-1.,0.));
#5758=DIRECTION('',(0.,-1.,0.));
#5759=DIRECTION('center_axis',(0.,-1.,0.));
#5760=DIRECTION('ref_axis',(1.,0.,0.));
#5761=DIRECTION('center_axis',(-1.,0.,0.));
#5762=DIRECTION('ref_axis',(0.,0.,-1.));
#5763=DIRECTION('',(0.,0.,1.));
#5764=DIRECTION('',(0.,-1.,0.));
#5765=DIRECTION('',(0.,0.,-1.));
#5766=DIRECTION('',(0.,-1.,0.));
#5767=DIRECTION('center_axis',(0.,0.,1.));
#5768=DIRECTION('ref_axis',(-1.,0.,0.));
#5769=DIRECTION('',(1.,0.,0.));
#5770=DIRECTION('',(-1.,0.,0.));
#5771=DIRECTION('',(0.,-1.,0.));
#5772=DIRECTION('center_axis',(1.,0.,0.));
#5773=DIRECTION('ref_axis',(0.,0.,1.));
#5774=DIRECTION('',(0.,0.,-1.));
#5775=DIRECTION('',(0.,0.,1.));
#5776=DIRECTION('',(0.,-1.,0.));
#5777=DIRECTION('center_axis',(0.,0.,-1.));
#5778=DIRECTION('ref_axis',(1.,0.,0.));
#5779=DIRECTION('',(-1.,0.,0.));
#5780=DIRECTION('',(1.,0.,0.));
#5781=DIRECTION('center_axis',(0.,-1.,0.));
#5782=DIRECTION('ref_axis',(0.,0.,-1.));
#5783=DIRECTION('center_axis',(0.,0.,1.));
#5784=DIRECTION('ref_axis',(-1.,0.,0.));
#5785=DIRECTION('',(1.,0.,0.));
#5786=DIRECTION('',(0.,-1.,0.));
#5787=DIRECTION('',(-1.,0.,0.));
#5788=DIRECTION('',(0.,-1.,0.));
#5789=DIRECTION('',(0.,-1.,0.));
#5790=DIRECTION('',(0.,-1.,0.));
#5791=DIRECTION('',(0.,-1.,0.));
#5792=DIRECTION('center_axis',(0.122721932600506,0.,0.992441095107814));
#5793=DIRECTION('ref_axis',(-0.992441095107814,0.,0.122721932600506));
#5794=DIRECTION('',(0.992441095107814,0.,-0.122721932600506));
#5795=DIRECTION('',(0.,-1.,0.));
#5796=DIRECTION('',(-0.992441095107814,0.,0.122721932600506));
#5797=DIRECTION('',(0.,-1.,0.));
#5798=DIRECTION('',(0.,-1.,0.));
#5799=DIRECTION('',(0.,-1.,0.));
#5800=DIRECTION('',(0.,-1.,0.));
#5801=DIRECTION('',(0.,-1.,0.));
#5802=DIRECTION('',(0.,-1.,0.));
#5803=DIRECTION('',(0.,-1.,0.));
#5804=DIRECTION('',(0.,-1.,0.));
#5805=DIRECTION('',(0.,-1.,0.));
#5806=DIRECTION('',(0.,-1.,0.));
#5807=DIRECTION('center_axis',(0.,0.,-1.));
#5808=DIRECTION('ref_axis',(1.,0.,0.));
#5809=DIRECTION('',(-1.,0.,0.));
#5810=DIRECTION('',(1.,0.,0.));
#5811=DIRECTION('',(0.,-1.,0.));
#5812=DIRECTION('',(0.,-1.,0.));
#5813=DIRECTION('',(0.,-1.,0.));
#5814=DIRECTION('',(0.,-1.,0.));
#5815=DIRECTION('center_axis',(0.,-1.,0.));
#5816=DIRECTION('ref_axis',(1.,0.,0.));
#5817=DIRECTION('center_axis',(0.,-1.,0.));
#5818=DIRECTION('ref_axis',(1.,0.,0.));
#5819=DIRECTION('center_axis',(0.98689235113219,0.,0.161379946947503));
#5820=DIRECTION('ref_axis',(-0.161379946947503,0.,0.98689235113219));
#5821=DIRECTION('',(0.161379946947503,0.,-0.98689235113219));
#5822=DIRECTION('',(0.,-1.,0.));
#5823=DIRECTION('',(-0.161379946947503,0.,0.98689235113219));
#5824=DIRECTION('',(0.,-1.,0.));
#5825=DIRECTION('',(0.,-1.,0.));
#5826=DIRECTION('',(0.,-1.,0.));
#5827=DIRECTION('',(0.,-1.,0.));
#5828=DIRECTION('',(0.,-1.,0.));
#5829=DIRECTION('center_axis',(-1.,0.,0.));
#5830=DIRECTION('ref_axis',(0.,0.,-1.));
#5831=DIRECTION('',(0.,0.,1.));
#5832=DIRECTION('',(0.,0.,-1.));
#5833=DIRECTION('',(0.,-1.,0.));
#5834=DIRECTION('center_axis',(0.,0.,-1.));
#5835=DIRECTION('ref_axis',(1.,0.,0.));
#5836=DIRECTION('',(-1.,0.,0.));
#5837=DIRECTION('',(1.,0.,0.));
#5838=DIRECTION('',(0.,-1.,0.));
#5839=DIRECTION('center_axis',(-1.,0.,0.));
#5840=DIRECTION('ref_axis',(0.,0.,-1.));
#5841=DIRECTION('',(0.,0.,1.));
#5842=DIRECTION('',(0.,0.,-1.));
#5843=DIRECTION('',(0.,-1.,0.));
#5844=DIRECTION('center_axis',(0.,0.,1.));
#5845=DIRECTION('ref_axis',(-1.,0.,0.));
#5846=DIRECTION('',(1.,0.,0.));
#5847=DIRECTION('',(-1.,0.,0.));
#5848=DIRECTION('',(0.,-1.,0.));
#5849=DIRECTION('center_axis',(-1.,0.,0.));
#5850=DIRECTION('ref_axis',(0.,0.,-1.));
#5851=DIRECTION('',(0.,0.,1.));
#5852=DIRECTION('',(0.,0.,-1.));
#5853=DIRECTION('',(0.,-1.,0.));
#5854=DIRECTION('center_axis',(-0.516604901923448,0.,0.856223904892094));
#5855=DIRECTION('ref_axis',(-0.856223904892094,0.,-0.516604901923448));
#5856=DIRECTION('',(0.856223904892094,0.,0.516604901923448));
#5857=DIRECTION('',(-0.856223904892094,0.,-0.516604901923448));
#5858=DIRECTION('',(0.,-1.,0.));
#5859=DIRECTION('center_axis',(1.,0.,0.));
#5860=DIRECTION('ref_axis',(0.,0.,1.));
#5861=DIRECTION('',(0.,0.,-1.));
#5862=DIRECTION('',(0.,0.,1.));
#5863=DIRECTION('',(0.,-1.,0.));
#5864=DIRECTION('center_axis',(0.,0.,1.));
#5865=DIRECTION('ref_axis',(-1.,0.,0.));
#5866=DIRECTION('',(1.,0.,0.));
#5867=DIRECTION('',(-1.,0.,0.));
#5868=DIRECTION('',(0.,-1.,0.));
#5869=DIRECTION('center_axis',(1.,0.,0.));
#5870=DIRECTION('ref_axis',(0.,0.,1.));
#5871=DIRECTION('',(0.,0.,-1.));
#5872=DIRECTION('',(0.,0.,1.));
#5873=DIRECTION('',(0.,-1.,0.));
#5874=DIRECTION('center_axis',(0.,0.,-1.));
#5875=DIRECTION('ref_axis',(1.,0.,0.));
#5876=DIRECTION('',(-1.,0.,0.));
#5877=DIRECTION('',(1.,0.,0.));
#5878=DIRECTION('',(0.,-1.,0.));
#5879=DIRECTION('center_axis',(1.,0.,0.));
#5880=DIRECTION('ref_axis',(0.,0.,1.));
#5881=DIRECTION('',(0.,0.,-1.));
#5882=DIRECTION('',(0.,0.,1.));
#5883=DIRECTION('',(0.,-1.,0.));
#5884=DIRECTION('',(0.,-1.,0.));
#5885=DIRECTION('',(0.,-1.,0.));
#5886=DIRECTION('',(0.,-1.,0.));
#5887=DIRECTION('center_axis',(0.,-1.,0.));
#5888=DIRECTION('ref_axis',(1.,0.,0.));
#5889=DIRECTION('center_axis',(-0.155392436496869,0.,0.987852818328503));
#5890=DIRECTION('ref_axis',(-0.987852818328503,0.,-0.155392436496869));
#5891=DIRECTION('',(0.987852818328503,0.,0.155392436496869));
#5892=DIRECTION('',(0.,-1.,0.));
#5893=DIRECTION('',(-0.987852818328503,0.,-0.155392436496869));
#5894=DIRECTION('',(0.,-1.,0.));
#5895=DIRECTION('',(0.,-1.,0.));
#5896=DIRECTION('',(0.,-1.,0.));
#5897=DIRECTION('',(0.,-1.,0.));
#5898=DIRECTION('',(0.,-1.,0.));
#5899=DIRECTION('',(0.,-1.,0.));
#5900=DIRECTION('',(0.,-1.,0.));
#5901=DIRECTION('',(0.,-1.,0.));
#5902=DIRECTION('',(0.,-1.,0.));
#5903=DIRECTION('',(0.,-1.,0.));
#5904=DIRECTION('',(0.,-1.,0.));
#5905=DIRECTION('',(0.,-1.,0.));
#5906=DIRECTION('',(0.,-1.,0.));
#5907=DIRECTION('',(0.,-1.,0.));
#5908=DIRECTION('',(0.,-1.,0.));
#5909=DIRECTION('',(0.,-1.,0.));
#5910=DIRECTION('',(0.,-1.,0.));
#5911=DIRECTION('center_axis',(0.135113512063751,0.,-0.990830126135554));
#5912=DIRECTION('ref_axis',(0.990830126135554,0.,0.135113512063751));
#5913=DIRECTION('',(-0.990830126135554,0.,-0.135113512063751));
#5914=DIRECTION('',(0.990830126135554,0.,0.135113512063751));
#5915=DIRECTION('',(0.,-1.,0.));
#5916=DIRECTION('',(0.,-1.,0.));
#5917=DIRECTION('',(0.,-1.,0.));
#5918=DIRECTION('',(0.,-1.,0.));
#5919=DIRECTION('',(0.,-1.,0.));
#5920=DIRECTION('',(0.,-1.,0.));
#5921=DIRECTION('',(0.,-1.,0.));
#5922=DIRECTION('',(0.,-1.,0.));
#5923=DIRECTION('',(0.,-1.,0.));
#5924=DIRECTION('',(0.,-1.,0.));
#5925=DIRECTION('',(0.,-1.,0.));
#5926=DIRECTION('',(0.,-1.,0.));
#5927=DIRECTION('',(0.,-1.,0.));
#5928=DIRECTION('',(0.,-1.,0.));
#5929=DIRECTION('',(0.,-1.,0.));
#5930=DIRECTION('center_axis',(0.,-1.,0.));
#5931=DIRECTION('ref_axis',(1.,0.,0.));
#5932=DIRECTION('center_axis',(-1.,0.,0.));
#5933=DIRECTION('ref_axis',(0.,0.,-1.));
#5934=DIRECTION('',(0.,0.,1.));
#5935=DIRECTION('',(0.,-1.,0.));
#5936=DIRECTION('',(0.,0.,-1.));
#5937=DIRECTION('',(0.,-1.,0.));
#5938=DIRECTION('center_axis',(0.,0.,1.));
#5939=DIRECTION('ref_axis',(-1.,0.,0.));
#5940=DIRECTION('',(1.,0.,0.));
#5941=DIRECTION('',(-1.,0.,0.));
#5942=DIRECTION('',(0.,-1.,0.));
#5943=DIRECTION('center_axis',(1.,0.,0.));
#5944=DIRECTION('ref_axis',(0.,0.,1.));
#5945=DIRECTION('',(0.,0.,-1.));
#5946=DIRECTION('',(0.,0.,1.));
#5947=DIRECTION('',(0.,-1.,0.));
#5948=DIRECTION('center_axis',(0.,0.,-1.));
#5949=DIRECTION('ref_axis',(1.,0.,0.));
#5950=DIRECTION('',(-1.,0.,0.));
#5951=DIRECTION('',(1.,0.,0.));
#5952=DIRECTION('center_axis',(0.,-1.,0.));
#5953=DIRECTION('ref_axis',(0.,0.,-1.));
#5954=DIRECTION('center_axis',(-0.155392436496869,0.,0.987852818328503));
#5955=DIRECTION('ref_axis',(-0.987852818328503,0.,-0.155392436496869));
#5956=DIRECTION('',(0.987852818328503,0.,0.155392436496869));
#5957=DIRECTION('',(0.,-1.,0.));
#5958=DIRECTION('',(-0.987852818328503,0.,-0.155392436496869));
#5959=DIRECTION('',(0.,-1.,0.));
#5960=DIRECTION('',(0.,-1.,0.));
#5961=DIRECTION('',(0.,-1.,0.));
#5962=DIRECTION('',(0.,-1.,0.));
#5963=DIRECTION('',(0.,-1.,0.));
#5964=DIRECTION('',(0.,-1.,0.));
#5965=DIRECTION('',(0.,-1.,0.));
#5966=DIRECTION('',(0.,-1.,0.));
#5967=DIRECTION('',(0.,-1.,0.));
#5968=DIRECTION('',(0.,-1.,0.));
#5969=DIRECTION('',(0.,-1.,0.));
#5970=DIRECTION('',(0.,-1.,0.));
#5971=DIRECTION('',(0.,-1.,0.));
#5972=DIRECTION('',(0.,-1.,0.));
#5973=DIRECTION('',(0.,-1.,0.));
#5974=DIRECTION('',(0.,-1.,0.));
#5975=DIRECTION('',(0.,-1.,0.));
#5976=DIRECTION('center_axis',(0.135114038919152,0.,-0.990830054291327));
#5977=DIRECTION('ref_axis',(0.990830054291327,0.,0.135114038919152));
#5978=DIRECTION('',(-0.990830054291327,0.,-0.135114038919152));
#5979=DIRECTION('',(0.990830054291327,0.,0.135114038919152));
#5980=DIRECTION('',(0.,-1.,0.));
#5981=DIRECTION('',(0.,-1.,0.));
#5982=DIRECTION('',(0.,-1.,0.));
#5983=DIRECTION('',(0.,-1.,0.));
#5984=DIRECTION('',(0.,-1.,0.));
#5985=DIRECTION('',(0.,-1.,0.));
#5986=DIRECTION('',(0.,-1.,0.));
#5987=DIRECTION('',(0.,-1.,0.));
#5988=DIRECTION('',(0.,-1.,0.));
#5989=DIRECTION('',(0.,-1.,0.));
#5990=DIRECTION('',(0.,-1.,0.));
#5991=DIRECTION('',(0.,-1.,0.));
#5992=DIRECTION('',(0.,-1.,0.));
#5993=DIRECTION('',(0.,-1.,0.));
#5994=DIRECTION('',(0.,-1.,0.));
#5995=DIRECTION('center_axis',(0.,-1.,0.));
#5996=DIRECTION('ref_axis',(1.,0.,0.));
#5997=DIRECTION('center_axis',(-1.,0.,0.));
#5998=DIRECTION('ref_axis',(0.,0.,-1.));
#5999=DIRECTION('',(0.,0.,1.));
#6000=DIRECTION('',(0.,-1.,0.));
#6001=DIRECTION('',(0.,0.,-1.));
#6002=DIRECTION('',(0.,-1.,0.));
#6003=DIRECTION('center_axis',(0.,0.,1.));
#6004=DIRECTION('ref_axis',(-1.,0.,0.));
#6005=DIRECTION('',(1.,0.,0.));
#6006=DIRECTION('',(-1.,0.,0.));
#6007=DIRECTION('',(0.,-1.,0.));
#6008=DIRECTION('center_axis',(1.,0.,0.));
#6009=DIRECTION('ref_axis',(0.,0.,1.));
#6010=DIRECTION('',(0.,0.,-1.));
#6011=DIRECTION('',(0.,0.,1.));
#6012=DIRECTION('',(0.,-1.,0.));
#6013=DIRECTION('center_axis',(0.,0.,-1.));
#6014=DIRECTION('ref_axis',(1.,0.,0.));
#6015=DIRECTION('',(-1.,0.,0.));
#6016=DIRECTION('',(1.,0.,0.));
#6017=DIRECTION('center_axis',(0.,-1.,0.));
#6018=DIRECTION('ref_axis',(0.,0.,-1.));
#6019=DIRECTION('center_axis',(-0.155392436496869,0.,0.987852818328503));
#6020=DIRECTION('ref_axis',(-0.987852818328503,0.,-0.155392436496869));
#6021=DIRECTION('',(0.987852818328503,0.,0.155392436496869));
#6022=DIRECTION('',(0.,-1.,0.));
#6023=DIRECTION('',(-0.987852818328503,0.,-0.155392436496869));
#6024=DIRECTION('',(0.,-1.,0.));
#6025=DIRECTION('',(0.,-1.,0.));
#6026=DIRECTION('',(0.,-1.,0.));
#6027=DIRECTION('',(0.,-1.,0.));
#6028=DIRECTION('',(0.,-1.,0.));
#6029=DIRECTION('',(0.,-1.,0.));
#6030=DIRECTION('',(0.,-1.,0.));
#6031=DIRECTION('',(0.,-1.,0.));
#6032=DIRECTION('',(0.,-1.,0.));
#6033=DIRECTION('',(0.,-1.,0.));
#6034=DIRECTION('',(0.,-1.,0.));
#6035=DIRECTION('',(0.,-1.,0.));
#6036=DIRECTION('',(0.,-1.,0.));
#6037=DIRECTION('',(0.,-1.,0.));
#6038=DIRECTION('',(0.,-1.,0.));
#6039=DIRECTION('',(0.,-1.,0.));
#6040=DIRECTION('',(0.,-1.,0.));
#6041=DIRECTION('center_axis',(0.135113512063751,0.,-0.990830126135554));
#6042=DIRECTION('ref_axis',(0.990830126135554,0.,0.135113512063751));
#6043=DIRECTION('',(-0.990830126135554,0.,-0.135113512063751));
#6044=DIRECTION('',(0.990830126135554,0.,0.135113512063751));
#6045=DIRECTION('',(0.,-1.,0.));
#6046=DIRECTION('',(0.,-1.,0.));
#6047=DIRECTION('',(0.,-1.,0.));
#6048=DIRECTION('',(0.,-1.,0.));
#6049=DIRECTION('',(0.,-1.,0.));
#6050=DIRECTION('',(0.,-1.,0.));
#6051=DIRECTION('',(0.,-1.,0.));
#6052=DIRECTION('',(0.,-1.,0.));
#6053=DIRECTION('',(0.,-1.,0.));
#6054=DIRECTION('',(0.,-1.,0.));
#6055=DIRECTION('',(0.,-1.,0.));
#6056=DIRECTION('',(0.,-1.,0.));
#6057=DIRECTION('',(0.,-1.,0.));
#6058=DIRECTION('',(0.,-1.,0.));
#6059=DIRECTION('',(0.,-1.,0.));
#6060=DIRECTION('center_axis',(0.,-1.,0.));
#6061=DIRECTION('ref_axis',(1.,0.,0.));
#6062=DIRECTION('center_axis',(0.,0.,1.));
#6063=DIRECTION('ref_axis',(-1.,0.,0.));
#6064=DIRECTION('',(1.,0.,0.));
#6065=DIRECTION('',(0.,-1.,0.));
#6066=DIRECTION('',(-1.,0.,0.));
#6067=DIRECTION('',(0.,-1.,0.));
#6068=DIRECTION('center_axis',(-0.935759955721074,0.,-0.352637640175994));
#6069=DIRECTION('ref_axis',(0.352637640175994,0.,-0.935759955721074));
#6070=DIRECTION('',(-0.352637640175994,0.,0.935759955721074));
#6071=DIRECTION('',(0.352637640175994,0.,-0.935759955721074));
#6072=DIRECTION('',(0.,-1.,0.));
#6073=DIRECTION('',(0.,-1.,0.));
#6074=DIRECTION('',(0.,-1.,0.));
#6075=DIRECTION('center_axis',(0.936507966398911,0.,-0.350646301665048));
#6076=DIRECTION('ref_axis',(0.350646301665048,0.,0.936507966398911));
#6077=DIRECTION('',(-0.350646301665048,0.,-0.936507966398911));
#6078=DIRECTION('',(0.350646301665048,0.,0.936507966398911));
#6079=DIRECTION('center_axis',(-0.933526090988962,0.,0.358509466322535));
#6080=DIRECTION('ref_axis',(-0.358509466322535,0.,-0.933526090988962));
#6081=DIRECTION('',(0.358509466322535,0.,0.933526090988962));
#6082=DIRECTION('',(0.,-1.,0.));
#6083=DIRECTION('',(-0.358509466322535,0.,-0.933526090988962));
#6084=DIRECTION('',(0.,-1.,0.));
#6085=DIRECTION('center_axis',(0.,0.,1.));
#6086=DIRECTION('ref_axis',(-1.,0.,0.));
#6087=DIRECTION('',(1.,0.,0.));
#6088=DIRECTION('',(-1.,0.,0.));
#6089=DIRECTION('',(0.,-1.,0.));
#6090=DIRECTION('center_axis',(0.92548660185479,0.,0.378780345038221));
#6091=DIRECTION('ref_axis',(-0.378780345038221,0.,0.92548660185479));
#6092=DIRECTION('',(0.378780345038221,0.,-0.92548660185479));
#6093=DIRECTION('',(-0.378780345038221,0.,0.92548660185479));
#6094=DIRECTION('',(0.,-1.,0.));
#6095=DIRECTION('center_axis',(0.,0.,-1.));
#6096=DIRECTION('ref_axis',(1.,0.,0.));
#6097=DIRECTION('',(-1.,0.,0.));
#6098=DIRECTION('',(1.,0.,0.));
#6099=DIRECTION('',(0.,-1.,0.));
#6100=DIRECTION('center_axis',(-0.933183015563908,0.,-0.359401529578064));
#6101=DIRECTION('ref_axis',(0.359401529578064,0.,-0.933183015563907));
#6102=DIRECTION('',(-0.359401529578064,0.,0.933183015563907));
#6103=DIRECTION('',(0.359401529578064,0.,-0.933183015563907));
#6104=DIRECTION('',(0.,-1.,0.));
#6105=DIRECTION('center_axis',(0.,0.,-1.));
#6106=DIRECTION('ref_axis',(1.,0.,0.));
#6107=DIRECTION('',(-1.,0.,0.));
#6108=DIRECTION('',(1.,0.,0.));
#6109=DIRECTION('',(0.,-1.,0.));
#6110=DIRECTION('center_axis',(0.940102027333818,0.,-0.340893206448656));
#6111=DIRECTION('ref_axis',(0.340893206448656,0.,0.940102027333818));
#6112=DIRECTION('',(-0.340893206448656,0.,-0.940102027333818));
#6113=DIRECTION('',(0.340893206448656,0.,0.940102027333818));
#6114=DIRECTION('',(0.,-1.,0.));
#6115=DIRECTION('center_axis',(0.,0.,-1.));
#6116=DIRECTION('ref_axis',(1.,0.,0.));
#6117=DIRECTION('',(-1.,0.,0.));
#6118=DIRECTION('',(1.,0.,0.));
#6119=DIRECTION('center_axis',(0.,-1.,0.));
#6120=DIRECTION('ref_axis',(1.,0.,0.));
#6121=DIRECTION('center_axis',(0.,-1.,0.));
#6122=DIRECTION('ref_axis',(1.,0.,0.));
#6123=DIRECTION('',(1.,0.,0.));
#6124=DIRECTION('',(0.,0.,1.));
#6125=DIRECTION('',(-1.,0.,0.));
#6126=DIRECTION('',(0.,0.,1.));
#6127=DIRECTION('',(0.,0.,1.));
#6128=DIRECTION('',(0.,0.,1.));
#6129=DIRECTION('',(1.,0.,0.));
#6130=DIRECTION('',(0.,0.,-1.));
#6131=DIRECTION('',(-1.,0.,0.));
#6132=DIRECTION('',(0.,0.,1.));
#6133=DIRECTION('',(1.,0.,0.));
#6134=DIRECTION('',(0.,0.,-1.));
#6135=DIRECTION('',(-0.348043267675551,0.,-0.937478471126524));
#6136=DIRECTION('',(0.,0.,-1.));
#6137=DIRECTION('',(-1.,0.,0.));
#6138=DIRECTION('center_axis',(-1.,0.,0.));
#6139=DIRECTION('ref_axis',(0.,0.,-1.));
#6140=DIRECTION('',(0.,-1.,0.));
#6141=DIRECTION('',(0.,0.,-1.));
#6142=DIRECTION('',(0.,-1.,0.));
#6143=DIRECTION('center_axis',(0.,0.,1.));
#6144=DIRECTION('ref_axis',(-1.,0.,0.));
#6145=DIRECTION('',(-1.,0.,0.));
#6146=DIRECTION('',(0.,-1.,0.));
#6147=DIRECTION('center_axis',(1.,0.,0.));
#6148=DIRECTION('ref_axis',(0.,0.,1.));
#6149=DIRECTION('',(0.,0.,1.));
#6150=DIRECTION('',(0.,-1.,0.));
#6151=DIRECTION('',(0.,-1.,0.));
#6152=DIRECTION('',(0.,-1.,0.));
#6153=DIRECTION('',(0.,-1.,0.));
#6154=DIRECTION('center_axis',(0.937478471126524,0.,-0.348043267675551));
#6155=DIRECTION('ref_axis',(0.348043267675551,0.,0.937478471126524));
#6156=DIRECTION('',(0.348043267675551,0.,0.937478471126524));
#6157=DIRECTION('',(0.,-1.,0.));
#6158=DIRECTION('',(0.,-1.,0.));
#6159=DIRECTION('',(0.,-1.,0.));
#6160=DIRECTION('',(0.,-1.,0.));
#6161=DIRECTION('',(0.,-1.,0.));
#6162=DIRECTION('center_axis',(1.,0.,0.));
#6163=DIRECTION('ref_axis',(0.,0.,1.));
#6164=DIRECTION('',(0.,0.,1.));
#6165=DIRECTION('',(0.,-1.,0.));
#6166=DIRECTION('center_axis',(0.,0.,-1.));
#6167=DIRECTION('ref_axis',(1.,0.,0.));
#6168=DIRECTION('',(1.,0.,0.));
#6169=DIRECTION('center_axis',(0.,-1.,0.));
#6170=DIRECTION('ref_axis',(1.,0.,0.));
#6171=DIRECTION('',(0.,-1.,0.));
#6172=DIRECTION('',(0.,-1.,0.));
#6173=DIRECTION('',(0.,-1.,0.));
#6174=DIRECTION('',(0.,-1.,0.));
#6175=DIRECTION('',(0.,-1.,0.));
#6176=DIRECTION('',(0.,-1.,0.));
#6177=DIRECTION('',(0.,-1.,0.));
#6178=DIRECTION('',(0.,-1.,0.));
#6179=DIRECTION('center_axis',(-1.,0.,0.));
#6180=DIRECTION('ref_axis',(0.,0.,-1.));
#6181=DIRECTION('',(0.,-1.,0.));
#6182=DIRECTION('',(0.,0.,-1.));
#6183=DIRECTION('',(0.,-1.,0.));
#6184=DIRECTION('',(0.,-1.,0.));
#6185=DIRECTION('',(0.,-1.,0.));
#6186=DIRECTION('',(0.,-1.,0.));
#6187=DIRECTION('',(0.,-1.,0.));
#6188=DIRECTION('',(0.,-1.,0.));
#6189=DIRECTION('',(0.,-1.,0.));
#6190=DIRECTION('',(0.,-1.,0.));
#6191=DIRECTION('',(0.,-1.,0.));
#6192=DIRECTION('',(0.,-1.,0.));
#6193=DIRECTION('center_axis',(-1.,0.,0.));
#6194=DIRECTION('ref_axis',(0.,0.,-1.));
#6195=DIRECTION('',(0.,0.,-1.));
#6196=DIRECTION('',(0.,-1.,0.));
#6197=DIRECTION('center_axis',(0.,0.,1.));
#6198=DIRECTION('ref_axis',(-1.,0.,0.));
#6199=DIRECTION('',(-1.,0.,0.));
#6200=DIRECTION('',(0.,-1.,0.));
#6201=DIRECTION('center_axis',(1.,0.,0.));
#6202=DIRECTION('ref_axis',(0.,0.,1.));
#6203=DIRECTION('',(0.,0.,1.));
#6204=DIRECTION('',(0.,-1.,0.));
#6205=DIRECTION('center_axis',(0.,0.,-1.));
#6206=DIRECTION('ref_axis',(1.,0.,0.));
#6207=DIRECTION('',(1.,0.,0.));
#6208=DIRECTION('center_axis',(0.,-1.,0.));
#6209=DIRECTION('ref_axis',(1.,0.,0.));
#6210=DIRECTION('center_axis',(0.,-1.,0.));
#6211=DIRECTION('ref_axis',(1.,0.,0.));
#6212=DIRECTION('',(0.,-1.,0.));
#6213=DIRECTION('',(0.,-1.,0.));
#6214=DIRECTION('',(0.,-1.,0.));
#6215=DIRECTION('',(0.,-1.,0.));
#6216=DIRECTION('',(0.,-1.,0.));
#6217=DIRECTION('',(0.,-1.,0.));
#6218=DIRECTION('',(0.,-1.,0.));
#6219=DIRECTION('',(0.,-1.,0.));
#6220=DIRECTION('',(0.,-1.,0.));
#6221=DIRECTION('',(0.,-1.,0.));
#6222=DIRECTION('',(0.,-1.,0.));
#6223=DIRECTION('',(0.,-1.,0.));
#6224=DIRECTION('',(0.,-1.,0.));
#6225=DIRECTION('',(0.,-1.,0.));
#6226=DIRECTION('',(0.,-1.,0.));
#6227=DIRECTION('',(0.,-1.,0.));
#6228=DIRECTION('',(0.,-1.,0.));
#6229=DIRECTION('center_axis',(0.,-1.,0.));
#6230=DIRECTION('ref_axis',(1.,0.,0.));
#6231=DIRECTION('center_axis',(0.,-1.,0.));
#6232=DIRECTION('ref_axis',(1.,0.,0.));
#6233=DIRECTION('center_axis',(0.,1.,0.));
#6234=DIRECTION('ref_axis',(0.707106781186548,0.,0.707106781186547));
#6235=DIRECTION('',(0.,1.,0.));
#6236=DIRECTION('center_axis',(-0.707106781186548,0.707106781186548,0.));
#6237=DIRECTION('ref_axis',(-0.707106781186548,-0.707106781186548,0.));
#6238=DIRECTION('',(0.,-1.,0.));
#6239=DIRECTION('center_axis',(0.707106781186548,0.707106781186547,1.57009245868378E-15));
#6240=DIRECTION('ref_axis',(-0.707106781186547,0.707106781186548,1.57009245868378E-15));
#6241=DIRECTION('center_axis',(-1.,0.,0.));
#6242=DIRECTION('ref_axis',(0.,0.707106781186548,0.707106781186547));
#6243=DIRECTION('',(1.,0.,0.));
#6244=DIRECTION('',(-1.,0.,0.));
#6245=DIRECTION('center_axis',(-0.707106781186548,-0.707106781186547,1.57009245868378E-15));
#6246=DIRECTION('ref_axis',(0.707106781186547,-0.707106781186548,1.57009245868378E-15));
#6247=DIRECTION('center_axis',(0.,-1.,0.));
#6248=DIRECTION('ref_axis',(-0.707106781186548,0.,0.707106781186547));
#6249=DIRECTION('',(0.,1.,0.));
#6250=DIRECTION('',(0.,-1.,0.));
#6251=DIRECTION('center_axis',(0.707106781186548,-0.707106781186548,0.));
#6252=DIRECTION('ref_axis',(0.707106781186548,0.707106781186548,0.));
#6253=DIRECTION('center_axis',(1.,0.,0.));
#6254=DIRECTION('ref_axis',(0.,-0.707106781186548,0.707106781186547));
#6255=DIRECTION('',(-1.,0.,0.));
#6256=DIRECTION('',(1.,0.,0.));
#6257=DIRECTION('center_axis',(0.,-1.,0.));
#6258=DIRECTION('ref_axis',(1.,0.,0.));
#6259=DIRECTION('',(0.,0.,1.));
#6260=DIRECTION('',(1.,0.,0.));
#6261=DIRECTION('',(0.,0.,1.));
#6262=DIRECTION('center_axis',(1.,0.,0.));
#6263=DIRECTION('ref_axis',(0.,1.,0.));
#6264=DIRECTION('',(0.,0.,1.));
#6265=DIRECTION('',(0.,1.,0.));
#6266=DIRECTION('center_axis',(0.,0.,1.));
#6267=DIRECTION('ref_axis',(1.,0.,0.));
#6268=DIRECTION('center_axis',(0.,0.,-1.));
#6269=DIRECTION('ref_axis',(-1.,0.,0.));
#6270=DIRECTION('center_axis',(0.,0.,-1.));
#6271=DIRECTION('ref_axis',(-1.,0.,0.));
#6272=DIRECTION('center_axis',(0.,0.,-1.));
#6273=DIRECTION('ref_axis',(-1.,0.,0.));
#6274=DIRECTION('',(0.,0.,-1.));
#6275=DIRECTION('center_axis',(0.,0.,-1.));
#6276=DIRECTION('ref_axis',(-1.,0.,0.));
#6277=DIRECTION('center_axis',(0.,0.,-1.));
#6278=DIRECTION('ref_axis',(-1.,0.,0.));
#6279=DIRECTION('center_axis',(-1.22464679914735E-16,-1.,0.));
#6280=DIRECTION('ref_axis',(1.,-1.22464679914735E-16,0.));
#6281=DIRECTION('center_axis',(0.,0.,1.));
#6282=DIRECTION('ref_axis',(-1.,0.,0.));
#6283=DIRECTION('center_axis',(0.,0.,1.));
#6284=DIRECTION('ref_axis',(-1.,0.,0.));
#6285=DIRECTION('center_axis',(0.,0.,1.));
#6286=DIRECTION('ref_axis',(-1.,0.,0.));
#6287=DIRECTION('',(0.,0.,-1.));
#6288=DIRECTION('center_axis',(0.,0.,1.));
#6289=DIRECTION('ref_axis',(-1.,0.,0.));
#6290=DIRECTION('center_axis',(0.,0.,1.));
#6291=DIRECTION('ref_axis',(1.,0.,0.));
#6292=DIRECTION('',(0.,1.,0.));
#6293=DIRECTION('',(-1.,0.,0.));
#6294=DIRECTION('',(0.,-1.,0.));
#6295=DIRECTION('',(1.,0.,0.));
#6296=DIRECTION('center_axis',(0.,0.,1.));
#6297=DIRECTION('ref_axis',(1.,0.,0.));
#6298=DIRECTION('center_axis',(0.,0.,-1.));
#6299=DIRECTION('ref_axis',(-1.,0.,0.));
#6300=DIRECTION('center_axis',(1.22464679914735E-16,-1.,0.));
#6301=DIRECTION('ref_axis',(-1.,-1.22464679914735E-16,0.));
#6302=DIRECTION('center_axis',(0.,0.,1.));
#6303=DIRECTION('ref_axis',(-1.,0.,0.));
#6304=DIRECTION('center_axis',(-1.,0.,0.));
#6305=DIRECTION('ref_axis',(0.,-0.707106781186549,-0.707106781186546));
#6306=DIRECTION('',(1.,0.,0.));
#6307=DIRECTION('center_axis',(-0.707106781186548,0.707106781186548,0.));
#6308=DIRECTION('ref_axis',(0.707106781186547,0.707106781186547,0.));
#6309=DIRECTION('',(-1.,0.,0.));
#6310=DIRECTION('center_axis',(-0.707106781186548,-0.707106781186548,0.));
#6311=DIRECTION('ref_axis',(-0.707106781186547,0.707106781186547,0.));
#6312=DIRECTION('center_axis',(1.,0.,0.));
#6313=DIRECTION('ref_axis',(0.,0.707106781186549,-0.707106781186546));
#6314=DIRECTION('',(-1.,0.,0.));
#6315=DIRECTION('center_axis',(0.707106781186548,-0.707106781186548,0.));
#6316=DIRECTION('ref_axis',(-0.707106781186547,-0.707106781186547,0.));
#6317=DIRECTION('center_axis',(-0.707106781186548,-0.707106781186548,0.));
#6318=DIRECTION('ref_axis',(-0.707106781186547,0.707106781186547,0.));
#6319=DIRECTION('center_axis',(0.,-1.,0.));
#6320=DIRECTION('ref_axis',(0.707106781186546,0.,-0.707106781186549));
#6321=DIRECTION('',(0.,-1.,0.));
#6322=DIRECTION('',(0.,1.,0.));
#6323=DIRECTION('center_axis',(0.,1.,0.));
#6324=DIRECTION('ref_axis',(-0.707106781186546,0.,-0.707106781186549));
#6325=DIRECTION('',(0.,-1.,0.));
#6326=DIRECTION('center_axis',(0.,0.,1.));
#6327=DIRECTION('ref_axis',(1.,0.,0.));
#6328=DIRECTION('',(0.,1.,0.));
#6329=DIRECTION('',(1.,0.,0.));
#6330=DIRECTION('',(0.,-1.,0.));
#6331=DIRECTION('',(-1.,0.,0.));
#6332=DIRECTION('center_axis',(0.,1.,0.));
#6333=DIRECTION('ref_axis',(0.707106781186549,0.,-0.707106781186546));
#6334=DIRECTION('',(0.,-1.,0.));
#6335=DIRECTION('center_axis',(0.707106781186548,0.707106781186548,0.));
#6336=DIRECTION('ref_axis',(0.707106781186547,-0.707106781186547,0.));
#6337=DIRECTION('center_axis',(0.707106781186548,-0.707106781186548,0.));
#6338=DIRECTION('ref_axis',(-0.707106781186547,-0.707106781186547,0.));
#6339=DIRECTION('center_axis',(-0.816496580927726,0.408248290463863,0.408248290463863));
#6340=DIRECTION('ref_axis',(-0.577350269189627,-0.577350269189627,-0.577350269189624));
#6341=DIRECTION('center_axis',(0.,0.,-1.));
#6342=DIRECTION('ref_axis',(-1.,0.,0.));
#6343=DIRECTION('center_axis',(4.44089209850062E-15,-1.,0.));
#6344=DIRECTION('ref_axis',(0.,0.,-1.));
#6345=DIRECTION('center_axis',(-1.,0.,-4.44089209850063E-15));
#6346=DIRECTION('ref_axis',(0.,-1.,0.));
#6347=DIRECTION('center_axis',(-0.816496580927726,-0.408248290463863,0.408248290463863));
#6348=DIRECTION('ref_axis',(-0.577350269189627,0.577350269189627,-0.577350269189624));
#6349=DIRECTION('center_axis',(0.,0.,-1.));
#6350=DIRECTION('ref_axis',(0.,1.,0.));
#6351=DIRECTION('center_axis',(-1.,-4.44089209850062E-15,0.));
#6352=DIRECTION('ref_axis',(0.,0.,-1.));
#6353=DIRECTION('center_axis',(0.,1.,-4.44089209850063E-15));
#6354=DIRECTION('ref_axis',(-1.,0.,0.));
#6355=DIRECTION('center_axis',(-1.,0.,0.));
#6356=DIRECTION('ref_axis',(0.,0.707106781186549,-0.707106781186546));
#6357=DIRECTION('',(1.,0.,0.));
#6358=DIRECTION('center_axis',(0.,-1.,0.));
#6359=DIRECTION('ref_axis',(-0.707106781186549,0.,-0.707106781186546));
#6360=DIRECTION('',(0.,1.,0.));
#6361=DIRECTION('center_axis',(0.408248290463862,-0.816496580927727,-0.408248290463863));
#6362=DIRECTION('ref_axis',(-0.577350269189625,-0.577350269189625,0.577350269189628));
#6363=DIRECTION('center_axis',(0.,-1.,4.44089209850063E-15));
#6364=DIRECTION('ref_axis',(-1.,0.,0.));
#6365=DIRECTION('center_axis',(0.,0.,1.));
#6366=DIRECTION('ref_axis',(0.,-1.,0.));
#6367=DIRECTION('center_axis',(-1.,4.44089209850062E-15,0.));
#6368=DIRECTION('ref_axis',(0.,0.,1.));
#6369=DIRECTION('center_axis',(0.,0.,1.));
#6370=DIRECTION('ref_axis',(-0.707106781186548,-0.707106781186548,0.));
#6371=DIRECTION('',(0.,0.,-1.));
#6372=DIRECTION('center_axis',(-0.408248290463862,-0.816496580927727,0.408248290463863));
#6373=DIRECTION('ref_axis',(-0.577350269189625,0.577350269189625,0.577350269189628));
#6374=DIRECTION('center_axis',(-1.,0.,4.44089209850063E-15));
#6375=DIRECTION('ref_axis',(0.,1.,0.));
#6376=DIRECTION('center_axis',(0.,0.,1.));
#6377=DIRECTION('ref_axis',(-1.,0.,0.));
#6378=DIRECTION('center_axis',(4.44089209850062E-15,1.,0.));
#6379=DIRECTION('ref_axis',(0.,0.,1.));
#6380=DIRECTION('center_axis',(0.,0.,1.));
#6381=DIRECTION('ref_axis',(-0.707106781186548,0.707106781186548,0.));
#6382=DIRECTION('',(0.,0.,-1.));
#6383=DIRECTION('',(0.,0.,1.));
#6384=DIRECTION('center_axis',(0.,-1.,0.));
#6385=DIRECTION('ref_axis',(-0.70710678118655,0.,0.707106781186545));
#6386=DIRECTION('',(0.,-1.,0.));
#6387=DIRECTION('center_axis',(-1.,0.,0.));
#6388=DIRECTION('ref_axis',(0.,0.70710678118655,0.707106781186545));
#6389=DIRECTION('',(-1.,0.,0.));
#6390=DIRECTION('center_axis',(-0.707106781186548,0.707106781186548,0.));
#6391=DIRECTION('ref_axis',(0.707106781186548,0.707106781186548,0.));
#6392=DIRECTION('center_axis',(0.,1.,0.));
#6393=DIRECTION('ref_axis',(0.70710678118655,0.,0.707106781186545));
#6394=DIRECTION('',(0.,1.,0.));
#6395=DIRECTION('center_axis',(0.707106781186548,0.707106781186548,0.));
#6396=DIRECTION('ref_axis',(0.707106781186548,-0.707106781186548,0.));
#6397=DIRECTION('center_axis',(1.,0.,0.));
#6398=DIRECTION('ref_axis',(0.,-0.70710678118655,0.707106781186545));
#6399=DIRECTION('center_axis',(1.,0.,0.));
#6400=DIRECTION('ref_axis',(0.,-0.707106781186549,-0.707106781186546));
#6401=DIRECTION('center_axis',(1.,0.,0.));
#6402=DIRECTION('ref_axis',(0.,1.,0.));
#6403=DIRECTION('',(0.,0.,1.));
#6404=DIRECTION('center_axis',(0.,-1.,0.));
#6405=DIRECTION('ref_axis',(1.,0.,0.));
#6406=DIRECTION('center_axis',(-1.,0.,0.));
#6407=DIRECTION('ref_axis',(0.,-1.,0.));
#6408=DIRECTION('center_axis',(-1.,0.,0.));
#6409=DIRECTION('ref_axis',(0.,-1.,0.));
#6410=DIRECTION('',(0.,0.,1.));
#6411=DIRECTION('center_axis',(0.,1.,0.));
#6412=DIRECTION('ref_axis',(-1.,0.,0.));
#6413=DIRECTION('center_axis',(0.,1.,0.));
#6414=DIRECTION('ref_axis',(-1.,0.,0.));
#6415=CARTESIAN_POINT('',(0.,0.,0.));
#6416=CARTESIAN_POINT('Origin',(-38.7619385868311,-50.,8.32196414470673));
#6417=CARTESIAN_POINT('',(-40.0102327018976,-50.,8.21282386779785));
#6418=CARTESIAN_POINT('',(-38.7619385868311,-50.,8.32196414470673));
#6419=CARTESIAN_POINT('',(-44.6993829116653,-50.,7.80284424345741));
#6420=CARTESIAN_POINT('',(-40.0102327018976,-52.,8.21282386779785));
#6421=CARTESIAN_POINT('',(-40.0102327018976,-50.,8.21282386779785));
#6422=CARTESIAN_POINT('',(-38.7619385868311,-52.,8.32196414470673));
#6423=CARTESIAN_POINT('',(-40.0102327018976,-52.,8.21282386779785));
#6424=CARTESIAN_POINT('',(-38.7619385868311,-50.,8.32196414470673));
#6425=CARTESIAN_POINT('Ctrl Pts',(-38.349250331521,-50.,7.09072232246399));
#6426=CARTESIAN_POINT('Ctrl Pts',(-38.349250331521,-52.,7.09072232246399));
#6427=CARTESIAN_POINT('Ctrl Pts',(-38.4482456976469,-50.,7.26982494092917));
#6428=CARTESIAN_POINT('Ctrl Pts',(-38.4482456976469,-52.,7.26982494092917));
#6429=CARTESIAN_POINT('Ctrl Pts',(-38.6608181724561,-50.,7.6544114962592));
#6430=CARTESIAN_POINT('Ctrl Pts',(-38.6608181724561,-52.,7.6544114962592));
#6431=CARTESIAN_POINT('Ctrl Pts',(-38.7267247926861,-50.,8.08949811211914));
#6432=CARTESIAN_POINT('Ctrl Pts',(-38.7267247926861,-52.,8.08949811211914));
#6433=CARTESIAN_POINT('Ctrl Pts',(-38.7619385868311,-50.,8.32196414470673));
#6434=CARTESIAN_POINT('Ctrl Pts',(-38.7619385868311,-52.,8.32196414470673));
#6435=CARTESIAN_POINT('',(-38.349250331521,-50.,7.09072232246399));
#6436=CARTESIAN_POINT('Ctrl Pts',(-38.7619385868311,-50.,8.32196414470673));
#6437=CARTESIAN_POINT('Ctrl Pts',(-38.7267247926861,-50.,8.08949811211914));
#6438=CARTESIAN_POINT('Ctrl Pts',(-38.6608181724561,-50.,7.6544114962592));
#6439=CARTESIAN_POINT('Ctrl Pts',(-38.4482456976469,-50.,7.26982494092917));
#6440=CARTESIAN_POINT('Ctrl Pts',(-38.349250331521,-50.,7.09072232246399));
#6441=CARTESIAN_POINT('',(-38.349250331521,-52.,7.09072232246399));
#6442=CARTESIAN_POINT('Ctrl Pts',(-38.349250331521,-52.,7.09072232246399));
#6443=CARTESIAN_POINT('Ctrl Pts',(-38.4482456976469,-52.,7.26982494092917));
#6444=CARTESIAN_POINT('Ctrl Pts',(-38.6608181724561,-52.,7.6544114962592));
#6445=CARTESIAN_POINT('Ctrl Pts',(-38.7267247926861,-52.,8.08949811211914));
#6446=CARTESIAN_POINT('Ctrl Pts',(-38.7619385868311,-52.,8.32196414470673));
#6447=CARTESIAN_POINT('',(-38.349250331521,-50.,7.09072232246399));
#6448=CARTESIAN_POINT('Ctrl Pts',(-37.3431120067835,-50.,6.31309628486633));
#6449=CARTESIAN_POINT('Ctrl Pts',(-37.3431120067835,-52.,6.31309628486633));
#6450=CARTESIAN_POINT('Ctrl Pts',(-37.5513765929022,-50.,6.4137362130641));
#6451=CARTESIAN_POINT('Ctrl Pts',(-37.5513765929022,-52.,6.4137362130641));
#6452=CARTESIAN_POINT('Ctrl Pts',(-37.9422009054793,-50.,6.60259468146105));
#6453=CARTESIAN_POINT('Ctrl Pts',(-37.9422009054793,-52.,6.60259468146105));
#6454=CARTESIAN_POINT('Ctrl Pts',(-38.2196498773504,-50.,6.93530737793888));
#6455=CARTESIAN_POINT('Ctrl Pts',(-38.2196498773504,-52.,6.93530737793888));
#6456=CARTESIAN_POINT('Ctrl Pts',(-38.349250331521,-50.,7.09072232246399));
#6457=CARTESIAN_POINT('Ctrl Pts',(-38.349250331521,-52.,7.09072232246399));
#6458=CARTESIAN_POINT('',(-37.3431120067835,-50.,6.31309628486633));
#6459=CARTESIAN_POINT('Ctrl Pts',(-38.349250331521,-50.,7.09072232246399));
#6460=CARTESIAN_POINT('Ctrl Pts',(-38.2196498773504,-50.,6.93530737793888));
#6461=CARTESIAN_POINT('Ctrl Pts',(-37.9422009054793,-50.,6.60259468146105));
#6462=CARTESIAN_POINT('Ctrl Pts',(-37.5513765929022,-50.,6.4137362130641));
#6463=CARTESIAN_POINT('Ctrl Pts',(-37.3431120067835,-50.,6.31309628486633));
#6464=CARTESIAN_POINT('',(-37.3431120067835,-52.,6.31309628486633));
#6465=CARTESIAN_POINT('Ctrl Pts',(-37.3431120067835,-52.,6.31309628486633));
#6466=CARTESIAN_POINT('Ctrl Pts',(-37.5513765929022,-52.,6.4137362130641));
#6467=CARTESIAN_POINT('Ctrl Pts',(-37.9422009054793,-52.,6.60259468146105));
#6468=CARTESIAN_POINT('Ctrl Pts',(-38.2196498773504,-52.,6.93530737793888));
#6469=CARTESIAN_POINT('Ctrl Pts',(-38.349250331521,-52.,7.09072232246399));
#6470=CARTESIAN_POINT('',(-37.3431120067835,-50.,6.31309628486633));
#6471=CARTESIAN_POINT('Ctrl Pts',(-35.8083233982325,-50.,6.01637125015259));
#6472=CARTESIAN_POINT('Ctrl Pts',(-35.8083233982325,-52.,6.01637125015259));
#6473=CARTESIAN_POINT('Ctrl Pts',(-36.0811309826906,-50.,6.02690104363417));
#6474=CARTESIAN_POINT('Ctrl Pts',(-36.0811309826906,-52.,6.02690104363417));
#6475=CARTESIAN_POINT('Ctrl Pts',(-36.6082134807059,-50.,6.04724530885275));
#6476=CARTESIAN_POINT('Ctrl Pts',(-36.6082134807059,-52.,6.04724530885275));
#6477=CARTESIAN_POINT('Ctrl Pts',(-37.1039560758049,-50.,6.22658116010558));
#6478=CARTESIAN_POINT('Ctrl Pts',(-37.1039560758049,-52.,6.22658116010558));
#6479=CARTESIAN_POINT('Ctrl Pts',(-37.3431120067835,-50.,6.31309628486633));
#6480=CARTESIAN_POINT('Ctrl Pts',(-37.3431120067835,-52.,6.31309628486633));
#6481=CARTESIAN_POINT('',(-35.8083233982325,-50.,6.01637125015259));
#6482=CARTESIAN_POINT('Ctrl Pts',(-37.3431120067835,-50.,6.31309628486633));
#6483=CARTESIAN_POINT('Ctrl Pts',(-37.1039560758049,-50.,6.22658116010558));
#6484=CARTESIAN_POINT('Ctrl Pts',(-36.6082134807059,-50.,6.04724530885275));
#6485=CARTESIAN_POINT('Ctrl Pts',(-36.0811309826906,-50.,6.02690104363417));
#6486=CARTESIAN_POINT('Ctrl Pts',(-35.8083233982325,-50.,6.01637125015259));
#6487=CARTESIAN_POINT('',(-35.8083233982325,-52.,6.01637125015259));
#6488=CARTESIAN_POINT('Ctrl Pts',(-35.8083233982325,-52.,6.01637125015259));
#6489=CARTESIAN_POINT('Ctrl Pts',(-36.0811309826906,-52.,6.02690104363417));
#6490=CARTESIAN_POINT('Ctrl Pts',(-36.6082134807059,-52.,6.04724530885275));
#6491=CARTESIAN_POINT('Ctrl Pts',(-37.1039560758049,-52.,6.22658116010558));
#6492=CARTESIAN_POINT('Ctrl Pts',(-37.3431120067835,-52.,6.31309628486633));
#6493=CARTESIAN_POINT('',(-35.8083233982325,-50.,6.01637125015259));
#6494=CARTESIAN_POINT('Ctrl Pts',(-34.4713518768549,-50.,6.24147295951843));
#6495=CARTESIAN_POINT('Ctrl Pts',(-34.4713518768549,-52.,6.24147295951843));
#6496=CARTESIAN_POINT('Ctrl Pts',(-34.6777842372195,-50.,6.17586330807244));
#6497=CARTESIAN_POINT('Ctrl Pts',(-34.6777842372195,-52.,6.17586330807244));
#6498=CARTESIAN_POINT('Ctrl Pts',(-35.1125082234398,-50.,6.0376965537867));
#6499=CARTESIAN_POINT('Ctrl Pts',(-35.1125082234398,-52.,6.0376965537867));
#6500=CARTESIAN_POINT('Ctrl Pts',(-35.5687381235342,-50.,6.0237140459327));
#6501=CARTESIAN_POINT('Ctrl Pts',(-35.5687381235342,-52.,6.0237140459327));
#6502=CARTESIAN_POINT('Ctrl Pts',(-35.8083233982325,-50.,6.01637125015259));
#6503=CARTESIAN_POINT('Ctrl Pts',(-35.8083233982325,-52.,6.01637125015259));
#6504=CARTESIAN_POINT('',(-34.4713518768549,-50.,6.24147295951843));
#6505=CARTESIAN_POINT('Ctrl Pts',(-35.8083233982325,-50.,6.01637125015259));
#6506=CARTESIAN_POINT('Ctrl Pts',(-35.5687381235342,-50.,6.0237140459327));
#6507=CARTESIAN_POINT('Ctrl Pts',(-35.1125082234398,-50.,6.0376965537867));
#6508=CARTESIAN_POINT('Ctrl Pts',(-34.6777842372195,-50.,6.17586330807244));
#6509=CARTESIAN_POINT('Ctrl Pts',(-34.4713518768549,-50.,6.24147295951843));
#6510=CARTESIAN_POINT('',(-34.4713518768549,-52.,6.24147295951843));
#6511=CARTESIAN_POINT('Ctrl Pts',(-34.4713518768549,-52.,6.24147295951843));
#6512=CARTESIAN_POINT('Ctrl Pts',(-34.6777842372195,-52.,6.17586330807244));
#6513=CARTESIAN_POINT('Ctrl Pts',(-35.1125082234398,-52.,6.0376965537867));
#6514=CARTESIAN_POINT('Ctrl Pts',(-35.5687381235342,-52.,6.0237140459327));
#6515=CARTESIAN_POINT('Ctrl Pts',(-35.8083233982325,-52.,6.01637125015259));
#6516=CARTESIAN_POINT('',(-34.4713518768549,-50.,6.24147295951843));
#6517=CARTESIAN_POINT('Ctrl Pts',(-33.6084590107203,-50.,6.85879945755005));
#6518=CARTESIAN_POINT('Ctrl Pts',(-33.6084590107203,-52.,6.85879945755005));
#6519=CARTESIAN_POINT('Ctrl Pts',(-33.7209102043001,-50.,6.73289595414113));
#6520=CARTESIAN_POINT('Ctrl Pts',(-33.7209102043001,-52.,6.73289595414113));
#6521=CARTESIAN_POINT('Ctrl Pts',(-33.9618320656738,-50.,6.46315309566958));
#6522=CARTESIAN_POINT('Ctrl Pts',(-33.9618320656738,-52.,6.46315309566958));
#6523=CARTESIAN_POINT('Ctrl Pts',(-34.2941464781854,-50.,6.31857087807179));
#6524=CARTESIAN_POINT('Ctrl Pts',(-34.2941464781854,-52.,6.31857087807179));
#6525=CARTESIAN_POINT('Ctrl Pts',(-34.4713518768549,-50.,6.24147295951843));
#6526=CARTESIAN_POINT('Ctrl Pts',(-34.4713518768549,-52.,6.24147295951843));
#6527=CARTESIAN_POINT('',(-33.6084590107203,-50.,6.85879945755005));
#6528=CARTESIAN_POINT('Ctrl Pts',(-34.4713518768549,-50.,6.24147295951843));
#6529=CARTESIAN_POINT('Ctrl Pts',(-34.2941464781854,-50.,6.31857087807179));
#6530=CARTESIAN_POINT('Ctrl Pts',(-33.9618320656738,-50.,6.46315309566958));
#6531=CARTESIAN_POINT('Ctrl Pts',(-33.7209102043001,-50.,6.73289595414113));
#6532=CARTESIAN_POINT('Ctrl Pts',(-33.6084590107203,-50.,6.85879945755005));
#6533=CARTESIAN_POINT('',(-33.6084590107203,-52.,6.85879945755005));
#6534=CARTESIAN_POINT('Ctrl Pts',(-33.6084590107203,-52.,6.85879945755005));
#6535=CARTESIAN_POINT('Ctrl Pts',(-33.7209102043001,-52.,6.73289595414113));
#6536=CARTESIAN_POINT('Ctrl Pts',(-33.9618320656738,-52.,6.46315309566958));
#6537=CARTESIAN_POINT('Ctrl Pts',(-34.2941464781854,-52.,6.31857087807179));
#6538=CARTESIAN_POINT('Ctrl Pts',(-34.4713518768549,-52.,6.24147295951843));
#6539=CARTESIAN_POINT('',(-33.6084590107203,-50.,6.85879945755005));
#6540=CARTESIAN_POINT('Ctrl Pts',(-33.3253762871027,-50.,7.7148699760437));
#6541=CARTESIAN_POINT('Ctrl Pts',(-33.3253762871027,-52.,7.7148699760437));
#6542=CARTESIAN_POINT('Ctrl Pts',(-33.3376942632062,-50.,7.56251814450968));
#6543=CARTESIAN_POINT('Ctrl Pts',(-33.3376942632062,-52.,7.56251814450968));
#6544=CARTESIAN_POINT('Ctrl Pts',(-33.3626112877082,-50.,7.25433810849153));
#6545=CARTESIAN_POINT('Ctrl Pts',(-33.3626112877082,-52.,7.25433810849153));
#6546=CARTESIAN_POINT('Ctrl Pts',(-33.5258958019031,-50.,6.99163347298384));
#6547=CARTESIAN_POINT('Ctrl Pts',(-33.5258958019031,-52.,6.99163347298384));
#6548=CARTESIAN_POINT('Ctrl Pts',(-33.6084590107203,-50.,6.85879945755005));
#6549=CARTESIAN_POINT('Ctrl Pts',(-33.6084590107203,-52.,6.85879945755005));
#6550=CARTESIAN_POINT('',(-33.3253762871027,-50.,7.7148699760437));
#6551=CARTESIAN_POINT('Ctrl Pts',(-33.6084590107203,-50.,6.85879945755005));
#6552=CARTESIAN_POINT('Ctrl Pts',(-33.5258958019031,-50.,6.99163347298384));
#6553=CARTESIAN_POINT('Ctrl Pts',(-33.3626112877082,-50.,7.25433810849153));
#6554=CARTESIAN_POINT('Ctrl Pts',(-33.3376942632062,-50.,7.56251814450968));
#6555=CARTESIAN_POINT('Ctrl Pts',(-33.3253762871027,-50.,7.7148699760437));
#6556=CARTESIAN_POINT('',(-33.3253762871027,-52.,7.7148699760437));
#6557=CARTESIAN_POINT('Ctrl Pts',(-33.3253762871027,-52.,7.7148699760437));
#6558=CARTESIAN_POINT('Ctrl Pts',(-33.3376942632062,-52.,7.56251814450968));
#6559=CARTESIAN_POINT('Ctrl Pts',(-33.3626112877082,-52.,7.25433810849153));
#6560=CARTESIAN_POINT('Ctrl Pts',(-33.5258958019031,-52.,6.99163347298384));
#6561=CARTESIAN_POINT('Ctrl Pts',(-33.6084590107203,-52.,6.85879945755005));
#6562=CARTESIAN_POINT('',(-33.3253762871027,-50.,7.7148699760437));
#6563=CARTESIAN_POINT('Ctrl Pts',(-33.5982272773981,-50.,8.53683471679688));
#6564=CARTESIAN_POINT('Ctrl Pts',(-33.5982272773981,-52.,8.53683471679688));
#6565=CARTESIAN_POINT('Ctrl Pts',(-33.5186510013593,-50.,8.41359348063263));
#6566=CARTESIAN_POINT('Ctrl Pts',(-33.5186510013593,-52.,8.41359348063263));
#6567=CARTESIAN_POINT('Ctrl Pts',(-33.3570206699104,-50.,8.1632736260108));
#6568=CARTESIAN_POINT('Ctrl Pts',(-33.3570206699104,-52.,8.1632736260108));
#6569=CARTESIAN_POINT('Ctrl Pts',(-33.3360316679163,-50.,7.86585764667258));
#6570=CARTESIAN_POINT('Ctrl Pts',(-33.3360316679163,-52.,7.86585764667258));
#6571=CARTESIAN_POINT('Ctrl Pts',(-33.3253762871027,-50.,7.7148699760437));
#6572=CARTESIAN_POINT('Ctrl Pts',(-33.3253762871027,-52.,7.7148699760437));
#6573=CARTESIAN_POINT('',(-33.5982272773981,-50.,8.53683471679688));
#6574=CARTESIAN_POINT('Ctrl Pts',(-33.3253762871027,-50.,7.7148699760437));
#6575=CARTESIAN_POINT('Ctrl Pts',(-33.3360316679163,-50.,7.86585764667258));
#6576=CARTESIAN_POINT('Ctrl Pts',(-33.3570206699104,-50.,8.1632736260108));
#6577=CARTESIAN_POINT('Ctrl Pts',(-33.5186510013593,-50.,8.41359348063263));
#6578=CARTESIAN_POINT('Ctrl Pts',(-33.5982272773981,-50.,8.53683471679688));
#6579=CARTESIAN_POINT('',(-33.5982272773981,-52.,8.53683471679688));
#6580=CARTESIAN_POINT('Ctrl Pts',(-33.5982272773981,-52.,8.53683471679688));
#6581=CARTESIAN_POINT('Ctrl Pts',(-33.5186510013593,-52.,8.41359348063263));
#6582=CARTESIAN_POINT('Ctrl Pts',(-33.3570206699104,-52.,8.1632736260108));
#6583=CARTESIAN_POINT('Ctrl Pts',(-33.3360316679163,-52.,7.86585764667258));
#6584=CARTESIAN_POINT('Ctrl Pts',(-33.3253762871027,-52.,7.7148699760437));
#6585=CARTESIAN_POINT('',(-33.5982272773981,-50.,8.53683471679688));
#6586=CARTESIAN_POINT('Ctrl Pts',(-34.4986364990473,-50.,9.12687540054321));
#6587=CARTESIAN_POINT('Ctrl Pts',(-34.4986364990473,-52.,9.12687540054321));
#6588=CARTESIAN_POINT('Ctrl Pts',(-34.3106560214712,-50.,9.05026643249033));
#6589=CARTESIAN_POINT('Ctrl Pts',(-34.3106560214712,-52.,9.05026643249033));
#6590=CARTESIAN_POINT('Ctrl Pts',(-33.9710947597235,-50.,8.91188271207074));
#6591=CARTESIAN_POINT('Ctrl Pts',(-33.9710947597235,-52.,8.91188271207074));
#6592=CARTESIAN_POINT('Ctrl Pts',(-33.7133050758326,-50.,8.65258548523129));
#6593=CARTESIAN_POINT('Ctrl Pts',(-33.7133050758326,-52.,8.65258548523129));
#6594=CARTESIAN_POINT('Ctrl Pts',(-33.5982272773981,-50.,8.53683471679688));
#6595=CARTESIAN_POINT('Ctrl Pts',(-33.5982272773981,-52.,8.53683471679688));
#6596=CARTESIAN_POINT('',(-34.4986364990473,-50.,9.12687540054321));
#6597=CARTESIAN_POINT('Ctrl Pts',(-33.5982272773981,-50.,8.53683471679688));
#6598=CARTESIAN_POINT('Ctrl Pts',(-33.7133050758326,-50.,8.65258548523129));
#6599=CARTESIAN_POINT('Ctrl Pts',(-33.9710947597235,-50.,8.91188271207074));
#6600=CARTESIAN_POINT('Ctrl Pts',(-34.3106560214712,-50.,9.05026643249033));
#6601=CARTESIAN_POINT('Ctrl Pts',(-34.4986364990473,-50.,9.12687540054321));
#6602=CARTESIAN_POINT('',(-34.4986364990473,-52.,9.12687540054321));
#6603=CARTESIAN_POINT('Ctrl Pts',(-34.4986364990473,-52.,9.12687540054321));
#6604=CARTESIAN_POINT('Ctrl Pts',(-34.3106560214712,-52.,9.05026643249033));
#6605=CARTESIAN_POINT('Ctrl Pts',(-33.9710947597235,-52.,8.91188271207074));
#6606=CARTESIAN_POINT('Ctrl Pts',(-33.7133050758326,-52.,8.65258548523129));
#6607=CARTESIAN_POINT('Ctrl Pts',(-33.5982272773981,-52.,8.53683471679688));
#6608=CARTESIAN_POINT('',(-34.4986364990473,-50.,9.12687540054321));
#6609=CARTESIAN_POINT('Ctrl Pts',(-36.2789914757013,-50.,9.61459696292877));
#6610=CARTESIAN_POINT('Ctrl Pts',(-36.2789914757013,-52.,9.61459696292877));
#6611=CARTESIAN_POINT('Ctrl Pts',(-35.8992227637509,-50.,9.52505318400398));
#6612=CARTESIAN_POINT('Ctrl Pts',(-35.8992227637509,-52.,9.52505318400398));
#6613=CARTESIAN_POINT('Ctrl Pts',(-35.2997929078755,-50.,9.38371659463685));
#6614=CARTESIAN_POINT('Ctrl Pts',(-35.2997929078755,-52.,9.38371659463685));
#6615=CARTESIAN_POINT('Ctrl Pts',(-34.7134880030546,-50.,9.19575423148556));
#6616=CARTESIAN_POINT('Ctrl Pts',(-34.7134880030546,-52.,9.19575423148556));
#6617=CARTESIAN_POINT('Ctrl Pts',(-34.4986364990473,-50.,9.12687540054321));
#6618=CARTESIAN_POINT('Ctrl Pts',(-34.4986364990473,-52.,9.12687540054321));
#6619=CARTESIAN_POINT('',(-36.2789914757013,-50.,9.61459696292877));
#6620=CARTESIAN_POINT('Ctrl Pts',(-34.4986364990473,-50.,9.12687540054321));
#6621=CARTESIAN_POINT('Ctrl Pts',(-34.7134880030546,-50.,9.19575423148556));
#6622=CARTESIAN_POINT('Ctrl Pts',(-35.2997929078755,-50.,9.38371659463685));
#6623=CARTESIAN_POINT('Ctrl Pts',(-35.8992227637509,-50.,9.52505318400398));
#6624=CARTESIAN_POINT('Ctrl Pts',(-36.2789914757013,-50.,9.61459696292877));
#6625=CARTESIAN_POINT('',(-36.2789914757013,-52.,9.61459696292877));
#6626=CARTESIAN_POINT('Ctrl Pts',(-36.2789914757013,-52.,9.61459696292877));
#6627=CARTESIAN_POINT('Ctrl Pts',(-35.8992227637509,-52.,9.52505318400398));
#6628=CARTESIAN_POINT('Ctrl Pts',(-35.2997929078755,-52.,9.38371659463685));
#6629=CARTESIAN_POINT('Ctrl Pts',(-34.7134880030546,-52.,9.19575423148556));
#6630=CARTESIAN_POINT('Ctrl Pts',(-34.4986364990473,-52.,9.12687540054321));
#6631=CARTESIAN_POINT('',(-36.2789914757013,-50.,9.61459696292877));
#6632=CARTESIAN_POINT('Ctrl Pts',(-38.2094142585993,-50.,10.2387446165085));
#6633=CARTESIAN_POINT('Ctrl Pts',(-38.2094142585993,-52.,10.2387446165085));
#6634=CARTESIAN_POINT('Ctrl Pts',(-37.9584032165877,-50.,10.1320487444255));
#6635=CARTESIAN_POINT('Ctrl Pts',(-37.9584032165877,-52.,10.1320487444255));
#6636=CARTESIAN_POINT('Ctrl Pts',(-37.3341503660672,-50.,9.86670104596253));
#6637=CARTESIAN_POINT('Ctrl Pts',(-37.3341503660672,-52.,9.86670104596253));
#6638=CARTESIAN_POINT('Ctrl Pts',(-36.6738100433392,-50.,9.70892908093284));
#6639=CARTESIAN_POINT('Ctrl Pts',(-36.6738100433392,-52.,9.70892908093284));
#6640=CARTESIAN_POINT('Ctrl Pts',(-36.2789914757013,-50.,9.61459696292877));
#6641=CARTESIAN_POINT('Ctrl Pts',(-36.2789914757013,-52.,9.61459696292877));
#6642=CARTESIAN_POINT('',(-38.2094142585993,-50.,10.2387446165085));
#6643=CARTESIAN_POINT('Ctrl Pts',(-36.2789914757013,-50.,9.61459696292877));
#6644=CARTESIAN_POINT('Ctrl Pts',(-36.6738100433392,-50.,9.70892908093284));
#6645=CARTESIAN_POINT('Ctrl Pts',(-37.3341503660672,-50.,9.86670104596253));
#6646=CARTESIAN_POINT('Ctrl Pts',(-37.9584032165877,-50.,10.1320487444255));
#6647=CARTESIAN_POINT('Ctrl Pts',(-38.2094142585993,-50.,10.2387446165085));
#6648=CARTESIAN_POINT('',(-38.2094142585993,-52.,10.2387446165085));
#6649=CARTESIAN_POINT('Ctrl Pts',(-38.2094142585993,-52.,10.2387446165085));
#6650=CARTESIAN_POINT('Ctrl Pts',(-37.9584032165877,-52.,10.1320487444255));
#6651=CARTESIAN_POINT('Ctrl Pts',(-37.3341503660672,-52.,9.86670104596253));
#6652=CARTESIAN_POINT('Ctrl Pts',(-36.6738100433392,-52.,9.70892908093284));
#6653=CARTESIAN_POINT('Ctrl Pts',(-36.2789914757013,-52.,9.61459696292877));
#6654=CARTESIAN_POINT('',(-38.2094142585993,-50.,10.2387446165085));
#6655=CARTESIAN_POINT('Ctrl Pts',(-39.2769453674555,-50.,11.1698496341705));
#6656=CARTESIAN_POINT('Ctrl Pts',(-39.2769453674555,-52.,11.1698496341705));
#6657=CARTESIAN_POINT('Ctrl Pts',(-39.1387533470524,-50.,10.9890725140308));
#6658=CARTESIAN_POINT('Ctrl Pts',(-39.1387533470524,-52.,10.9890725140308));
#6659=CARTESIAN_POINT('Ctrl Pts',(-38.8465372761956,-50.,10.6068074628801));
#6660=CARTESIAN_POINT('Ctrl Pts',(-38.8465372761956,-52.,10.6068074628801));
#6661=CARTESIAN_POINT('Ctrl Pts',(-38.4293233683388,-50.,10.3657850319986));
#6662=CARTESIAN_POINT('Ctrl Pts',(-38.4293233683388,-52.,10.3657850319986));
#6663=CARTESIAN_POINT('Ctrl Pts',(-38.2094142585993,-50.,10.2387446165085));
#6664=CARTESIAN_POINT('Ctrl Pts',(-38.2094142585993,-52.,10.2387446165085));
#6665=CARTESIAN_POINT('',(-39.2769453674555,-50.,11.1698496341705));
#6666=CARTESIAN_POINT('Ctrl Pts',(-38.2094142585993,-50.,10.2387446165085));
#6667=CARTESIAN_POINT('Ctrl Pts',(-38.4293233683388,-50.,10.3657850319986));
#6668=CARTESIAN_POINT('Ctrl Pts',(-38.8465372761956,-50.,10.6068074628801));
#6669=CARTESIAN_POINT('Ctrl Pts',(-39.1387533470524,-50.,10.9890725140308));
#6670=CARTESIAN_POINT('Ctrl Pts',(-39.2769453674555,-50.,11.1698496341705));
#6671=CARTESIAN_POINT('',(-39.2769453674555,-52.,11.1698496341705));
#6672=CARTESIAN_POINT('Ctrl Pts',(-39.2769453674555,-52.,11.1698496341705));
#6673=CARTESIAN_POINT('Ctrl Pts',(-39.1387533470524,-52.,10.9890725140308));
#6674=CARTESIAN_POINT('Ctrl Pts',(-38.8465372761956,-52.,10.6068074628801));
#6675=CARTESIAN_POINT('Ctrl Pts',(-38.4293233683388,-52.,10.3657850319986));
#6676=CARTESIAN_POINT('Ctrl Pts',(-38.2094142585993,-52.,10.2387446165085));
#6677=CARTESIAN_POINT('',(-39.2769453674555,-50.,11.1698496341705));
#6678=CARTESIAN_POINT('Ctrl Pts',(-39.6282408386469,-50.,12.4147337675095));
#6679=CARTESIAN_POINT('Ctrl Pts',(-39.6282408386469,-52.,12.4147337675095));
#6680=CARTESIAN_POINT('Ctrl Pts',(-39.6143399615013,-50.,12.1918005021216));
#6681=CARTESIAN_POINT('Ctrl Pts',(-39.6143399615013,-52.,12.1918005021216));
#6682=CARTESIAN_POINT('Ctrl Pts',(-39.5868772757204,-50.,11.7513717325311));
#6683=CARTESIAN_POINT('Ctrl Pts',(-39.5868772757204,-52.,11.7513717325311));
#6684=CARTESIAN_POINT('Ctrl Pts',(-39.3794021384573,-50.,11.3620882352161));
#6685=CARTESIAN_POINT('Ctrl Pts',(-39.3794021384573,-52.,11.3620882352161));
#6686=CARTESIAN_POINT('Ctrl Pts',(-39.2769453674555,-50.,11.1698496341705));
#6687=CARTESIAN_POINT('Ctrl Pts',(-39.2769453674555,-52.,11.1698496341705));
#6688=CARTESIAN_POINT('',(-39.6282408386469,-50.,12.4147337675095));
#6689=CARTESIAN_POINT('Ctrl Pts',(-39.2769453674555,-50.,11.1698496341705));
#6690=CARTESIAN_POINT('Ctrl Pts',(-39.3794021384573,-50.,11.3620882352161));
#6691=CARTESIAN_POINT('Ctrl Pts',(-39.5868772757204,-50.,11.7513717325311));
#6692=CARTESIAN_POINT('Ctrl Pts',(-39.6143399615013,-50.,12.1918005021216));
#6693=CARTESIAN_POINT('Ctrl Pts',(-39.6282408386469,-50.,12.4147337675095));
#6694=CARTESIAN_POINT('',(-39.6282408386469,-52.,12.4147337675095));
#6695=CARTESIAN_POINT('Ctrl Pts',(-39.6282408386469,-52.,12.4147337675095));
#6696=CARTESIAN_POINT('Ctrl Pts',(-39.6143399615013,-52.,12.1918005021216));
#6697=CARTESIAN_POINT('Ctrl Pts',(-39.5868772757204,-52.,11.7513717325311));
#6698=CARTESIAN_POINT('Ctrl Pts',(-39.3794021384573,-52.,11.3620882352161));
#6699=CARTESIAN_POINT('Ctrl Pts',(-39.2769453674555,-52.,11.1698496341705));
#6700=CARTESIAN_POINT('',(-39.6282408386469,-50.,12.4147337675095));
#6701=CARTESIAN_POINT('Ctrl Pts',(-39.198500290513,-50.,13.830149769783));
#6702=CARTESIAN_POINT('Ctrl Pts',(-39.198500290513,-52.,13.830149769783));
#6703=CARTESIAN_POINT('Ctrl Pts',(-39.3238377491996,-50.,13.6078957829442));
#6704=CARTESIAN_POINT('Ctrl Pts',(-39.3238377491996,-52.,13.6078957829442));
#6705=CARTESIAN_POINT('Ctrl Pts',(-39.5720333805001,-50.,13.1677841902044));
#6706=CARTESIAN_POINT('Ctrl Pts',(-39.5720333805001,-52.,13.1677841902044));
#6707=CARTESIAN_POINT('Ctrl Pts',(-39.6096302071904,-50.,12.6640733453346));
#6708=CARTESIAN_POINT('Ctrl Pts',(-39.6096302071904,-52.,12.6640733453346));
#6709=CARTESIAN_POINT('Ctrl Pts',(-39.6282408386469,-50.,12.4147337675095));
#6710=CARTESIAN_POINT('Ctrl Pts',(-39.6282408386469,-52.,12.4147337675095));
#6711=CARTESIAN_POINT('',(-39.198500290513,-50.,13.830149769783));
#6712=CARTESIAN_POINT('Ctrl Pts',(-39.6282408386469,-50.,12.4147337675095));
#6713=CARTESIAN_POINT('Ctrl Pts',(-39.6096302071904,-50.,12.6640733453346));
#6714=CARTESIAN_POINT('Ctrl Pts',(-39.5720333805001,-50.,13.1677841902044));
#6715=CARTESIAN_POINT('Ctrl Pts',(-39.3238377491996,-50.,13.6078957829442));
#6716=CARTESIAN_POINT('Ctrl Pts',(-39.198500290513,-50.,13.830149769783));
#6717=CARTESIAN_POINT('',(-39.198500290513,-52.,13.830149769783));
#6718=CARTESIAN_POINT('Ctrl Pts',(-39.198500290513,-52.,13.830149769783));
#6719=CARTESIAN_POINT('Ctrl Pts',(-39.3238377491996,-52.,13.6078957829442));
#6720=CARTESIAN_POINT('Ctrl Pts',(-39.5720333805001,-52.,13.1677841902044));
#6721=CARTESIAN_POINT('Ctrl Pts',(-39.6096302071904,-52.,12.6640733453346));
#6722=CARTESIAN_POINT('Ctrl Pts',(-39.6282408386469,-52.,12.4147337675095));
#6723=CARTESIAN_POINT('',(-39.198500290513,-50.,13.830149769783));
#6724=CARTESIAN_POINT('Ctrl Pts',(-37.943384423852,-50.,14.8294675350189));
#6725=CARTESIAN_POINT('Ctrl Pts',(-37.943384423852,-52.,14.8294675350189));
#6726=CARTESIAN_POINT('Ctrl Pts',(-38.1993722900436,-50.,14.7065336556526));
#6727=CARTESIAN_POINT('Ctrl Pts',(-38.1993722900436,-52.,14.7065336556526));
#6728=CARTESIAN_POINT('Ctrl Pts',(-38.6944765108099,-50.,14.4687681574086));
#6729=CARTESIAN_POINT('Ctrl Pts',(-38.6944765108099,-52.,14.4687681574086));
#6730=CARTESIAN_POINT('Ctrl Pts',(-39.0343529853717,-50.,14.0381310031371));
#6731=CARTESIAN_POINT('Ctrl Pts',(-39.0343529853717,-52.,14.0381310031371));
#6732=CARTESIAN_POINT('Ctrl Pts',(-39.198500290513,-50.,13.830149769783));
#6733=CARTESIAN_POINT('Ctrl Pts',(-39.198500290513,-52.,13.830149769783));
#6734=CARTESIAN_POINT('',(-37.943384423852,-50.,14.8294675350189));
#6735=CARTESIAN_POINT('Ctrl Pts',(-39.198500290513,-50.,13.830149769783));
#6736=CARTESIAN_POINT('Ctrl Pts',(-39.0343529853717,-50.,14.0381310031371));
#6737=CARTESIAN_POINT('Ctrl Pts',(-38.6944765108099,-50.,14.4687681574086));
#6738=CARTESIAN_POINT('Ctrl Pts',(-38.1993722900436,-50.,14.7065336556526));
#6739=CARTESIAN_POINT('Ctrl Pts',(-37.943384423852,-50.,14.8294675350189));
#6740=CARTESIAN_POINT('',(-37.943384423852,-52.,14.8294675350189));
#6741=CARTESIAN_POINT('Ctrl Pts',(-37.943384423852,-52.,14.8294675350189));
#6742=CARTESIAN_POINT('Ctrl Pts',(-38.1993722900436,-52.,14.7065336556526));
#6743=CARTESIAN_POINT('Ctrl Pts',(-38.6944765108099,-52.,14.4687681574086));
#6744=CARTESIAN_POINT('Ctrl Pts',(-39.0343529853717,-52.,14.0381310031371));
#6745=CARTESIAN_POINT('Ctrl Pts',(-39.198500290513,-52.,13.830149769783));
#6746=CARTESIAN_POINT('',(-37.943384423852,-50.,14.8294675350189));
#6747=CARTESIAN_POINT('Ctrl Pts',(-36.1084590107203,-50.,15.1705312728882));
#6748=CARTESIAN_POINT('Ctrl Pts',(-36.1084590107203,-52.,15.1705312728882));
#6749=CARTESIAN_POINT('Ctrl Pts',(-36.4326703848481,-50.,15.1581985085867));
#6750=CARTESIAN_POINT('Ctrl Pts',(-36.4326703848481,-52.,15.1581985085867));
#6751=CARTESIAN_POINT('Ctrl Pts',(-37.061288802795,-50.,15.13428632227));
#6752=CARTESIAN_POINT('Ctrl Pts',(-37.061288802795,-52.,15.13428632227));
#6753=CARTESIAN_POINT('Ctrl Pts',(-37.6555936492429,-50.,14.9289171103306));
#6754=CARTESIAN_POINT('Ctrl Pts',(-37.6555936492429,-52.,14.9289171103306));
#6755=CARTESIAN_POINT('Ctrl Pts',(-37.943384423852,-50.,14.8294675350189));
#6756=CARTESIAN_POINT('Ctrl Pts',(-37.943384423852,-52.,14.8294675350189));
#6757=CARTESIAN_POINT('',(-36.1084590107203,-50.,15.1705312728882));
#6758=CARTESIAN_POINT('Ctrl Pts',(-37.943384423852,-50.,14.8294675350189));
#6759=CARTESIAN_POINT('Ctrl Pts',(-37.6555936492429,-50.,14.9289171103306));
#6760=CARTESIAN_POINT('Ctrl Pts',(-37.061288802795,-50.,15.13428632227));
#6761=CARTESIAN_POINT('Ctrl Pts',(-36.4326703848481,-50.,15.1581985085867));
#6762=CARTESIAN_POINT('Ctrl Pts',(-36.1084590107203,-50.,15.1705312728882));
#6763=CARTESIAN_POINT('',(-36.1084590107203,-52.,15.1705312728882));
#6764=CARTESIAN_POINT('Ctrl Pts',(-36.1084590107203,-52.,15.1705312728882));
#6765=CARTESIAN_POINT('Ctrl Pts',(-36.4326703848481,-52.,15.1581985085867));
#6766=CARTESIAN_POINT('Ctrl Pts',(-37.061288802795,-52.,15.13428632227));
#6767=CARTESIAN_POINT('Ctrl Pts',(-37.6555936492429,-52.,14.9289171103306));
#6768=CARTESIAN_POINT('Ctrl Pts',(-37.943384423852,-52.,14.8294675350189));
#6769=CARTESIAN_POINT('',(-36.1084590107203,-50.,15.1705312728882));
#6770=CARTESIAN_POINT('Ctrl Pts',(-34.1473410278559,-50.,14.8124140501022));
#6771=CARTESIAN_POINT('Ctrl Pts',(-34.1473410278559,-52.,14.8124140501022));
#6772=CARTESIAN_POINT('Ctrl Pts',(-34.4495219097137,-50.,14.9167988976309));
#6773=CARTESIAN_POINT('Ctrl Pts',(-34.4495219097137,-52.,14.9167988976309));
#6774=CARTESIAN_POINT('Ctrl Pts',(-35.0844733694387,-50.,15.1361354450127));
#6775=CARTESIAN_POINT('Ctrl Pts',(-35.0844733694387,-52.,15.1361354450127));
#6776=CARTESIAN_POINT('Ctrl Pts',(-35.7563410674059,-50.,15.1587035795282));
#6777=CARTESIAN_POINT('Ctrl Pts',(-35.7563410674059,-52.,15.1587035795282));
#6778=CARTESIAN_POINT('Ctrl Pts',(-36.1084590107203,-50.,15.1705312728882));
#6779=CARTESIAN_POINT('Ctrl Pts',(-36.1084590107203,-52.,15.1705312728882));
#6780=CARTESIAN_POINT('',(-34.1473410278559,-50.,14.8124140501022));
#6781=CARTESIAN_POINT('Ctrl Pts',(-36.1084590107203,-50.,15.1705312728882));
#6782=CARTESIAN_POINT('Ctrl Pts',(-35.7563410674059,-50.,15.1587035795282));
#6783=CARTESIAN_POINT('Ctrl Pts',(-35.0844733694387,-50.,15.1361354450127));
#6784=CARTESIAN_POINT('Ctrl Pts',(-34.4495219097137,-50.,14.9167988976309));
#6785=CARTESIAN_POINT('Ctrl Pts',(-34.1473410278559,-50.,14.8124140501022));
#6786=CARTESIAN_POINT('',(-34.1473410278559,-52.,14.8124140501022));
#6787=CARTESIAN_POINT('Ctrl Pts',(-34.1473410278559,-52.,14.8124140501022));
#6788=CARTESIAN_POINT('Ctrl Pts',(-34.4495219097137,-52.,14.9167988976309));
#6789=CARTESIAN_POINT('Ctrl Pts',(-35.0844733694387,-52.,15.1361354450127));
#6790=CARTESIAN_POINT('Ctrl Pts',(-35.7563410674059,-52.,15.1587035795282));
#6791=CARTESIAN_POINT('Ctrl Pts',(-36.1084590107203,-52.,15.1705312728882));
#6792=CARTESIAN_POINT('',(-34.1473410278559,-50.,14.8124140501022));
#6793=CARTESIAN_POINT('Ctrl Pts',(-32.8410647064447,-50.,13.7585258483887));
#6794=CARTESIAN_POINT('Ctrl Pts',(-32.8410647064447,-52.,13.7585258483887));
#6795=CARTESIAN_POINT('Ctrl Pts',(-33.0134131197924,-50.,13.977895431895));
#6796=CARTESIAN_POINT('Ctrl Pts',(-33.0134131197924,-52.,13.977895431895));
#6797=CARTESIAN_POINT('Ctrl Pts',(-33.3677305911326,-50.,14.4288800078892));
#6798=CARTESIAN_POINT('Ctrl Pts',(-33.3677305911326,-52.,14.4288800078892));
#6799=CARTESIAN_POINT('Ctrl Pts',(-33.882808974537,-50.,14.6822759158172));
#6800=CARTESIAN_POINT('Ctrl Pts',(-33.882808974537,-52.,14.6822759158172));
#6801=CARTESIAN_POINT('Ctrl Pts',(-34.1473410278559,-50.,14.8124140501022));
#6802=CARTESIAN_POINT('Ctrl Pts',(-34.1473410278559,-52.,14.8124140501022));
#6803=CARTESIAN_POINT('',(-32.8410647064447,-50.,13.7585258483887));
#6804=CARTESIAN_POINT('Ctrl Pts',(-34.1473410278559,-50.,14.8124140501022));
#6805=CARTESIAN_POINT('Ctrl Pts',(-33.882808974537,-50.,14.6822759158172));
#6806=CARTESIAN_POINT('Ctrl Pts',(-33.3677305911326,-50.,14.4288800078892));
#6807=CARTESIAN_POINT('Ctrl Pts',(-33.0134131197924,-50.,13.977895431895));
#6808=CARTESIAN_POINT('Ctrl Pts',(-32.8410647064447,-50.,13.7585258483887));
#6809=CARTESIAN_POINT('',(-32.8410647064447,-52.,13.7585258483887));
#6810=CARTESIAN_POINT('Ctrl Pts',(-32.8410647064447,-52.,13.7585258483887));
#6811=CARTESIAN_POINT('Ctrl Pts',(-33.0134131197924,-52.,13.977895431895));
#6812=CARTESIAN_POINT('Ctrl Pts',(-33.3677305911326,-52.,14.4288800078892));
#6813=CARTESIAN_POINT('Ctrl Pts',(-33.882808974537,-52.,14.6822759158172));
#6814=CARTESIAN_POINT('Ctrl Pts',(-34.1473410278559,-52.,14.8124140501022));
#6815=CARTESIAN_POINT('',(-32.8410647064447,-50.,13.7585258483887));
#6816=CARTESIAN_POINT('Ctrl Pts',(-32.3499319702387,-50.,12.1828097105026));
#6817=CARTESIAN_POINT('Ctrl Pts',(-32.3499319702387,-52.,12.1828097105026));
#6818=CARTESIAN_POINT('Ctrl Pts',(-32.3777650697277,-50.,12.4666728226401));
#6819=CARTESIAN_POINT('Ctrl Pts',(-32.3777650697277,-52.,12.4666728226401));
#6820=CARTESIAN_POINT('Ctrl Pts',(-32.432616411816,-50.,13.0260885167572));
#6821=CARTESIAN_POINT('Ctrl Pts',(-32.432616411816,-52.,13.0260885167572));
#6822=CARTESIAN_POINT('Ctrl Pts',(-32.706270385017,-50.,13.5168100806798));
#6823=CARTESIAN_POINT('Ctrl Pts',(-32.706270385017,-52.,13.5168100806798));
#6824=CARTESIAN_POINT('Ctrl Pts',(-32.8410647064447,-50.,13.7585258483887));
#6825=CARTESIAN_POINT('Ctrl Pts',(-32.8410647064447,-52.,13.7585258483887));
#6826=CARTESIAN_POINT('',(-32.3499319702387,-50.,12.1828097105026));
#6827=CARTESIAN_POINT('Ctrl Pts',(-32.8410647064447,-50.,13.7585258483887));
#6828=CARTESIAN_POINT('Ctrl Pts',(-32.706270385017,-50.,13.5168100806798));
#6829=CARTESIAN_POINT('Ctrl Pts',(-32.432616411816,-50.,13.0260885167572));
#6830=CARTESIAN_POINT('Ctrl Pts',(-32.3777650697277,-50.,12.4666728226401));
#6831=CARTESIAN_POINT('Ctrl Pts',(-32.3499319702387,-50.,12.1828097105026));
#6832=CARTESIAN_POINT('',(-32.3499319702387,-52.,12.1828097105026));
#6833=CARTESIAN_POINT('Ctrl Pts',(-32.3499319702387,-52.,12.1828097105026));
#6834=CARTESIAN_POINT('Ctrl Pts',(-32.3777650697277,-52.,12.4666728226401));
#6835=CARTESIAN_POINT('Ctrl Pts',(-32.432616411816,-52.,13.0260885167572));
#6836=CARTESIAN_POINT('Ctrl Pts',(-32.706270385017,-52.,13.5168100806798));
#6837=CARTESIAN_POINT('Ctrl Pts',(-32.8410647064447,-52.,13.7585258483887));
#6838=CARTESIAN_POINT('',(-32.3499319702387,-50.,12.1828097105026));
#6839=CARTESIAN_POINT('Origin',(-33.6186907440424,-50.,12.0873117446899));
#6840=CARTESIAN_POINT('',(-33.6186907440424,-50.,12.0873117446899));
#6841=CARTESIAN_POINT('',(-42.2155396337617,-50.,11.4402371405034));
#6842=CARTESIAN_POINT('',(-33.6186907440424,-52.,12.0873117446899));
#6843=CARTESIAN_POINT('',(-32.3499319702387,-52.,12.1828097105026));
#6844=CARTESIAN_POINT('',(-33.6186907440424,-50.,12.0873117446899));
#6845=CARTESIAN_POINT('Ctrl Pts',(-34.311051145196,-50.,13.5197812318802));
#6846=CARTESIAN_POINT('Ctrl Pts',(-34.311051145196,-52.,13.5197812318802));
#6847=CARTESIAN_POINT('Ctrl Pts',(-34.1339054455062,-50.,13.3302213663204));
#6848=CARTESIAN_POINT('Ctrl Pts',(-34.1339054455062,-52.,13.3302213663204));
#6849=CARTESIAN_POINT('Ctrl Pts',(-33.7561889056312,-50.,12.9260348879368));
#6850=CARTESIAN_POINT('Ctrl Pts',(-33.7561889056312,-52.,12.9260348879368));
#6851=CARTESIAN_POINT('Ctrl Pts',(-33.6663800465323,-50.,12.3782110645165));
#6852=CARTESIAN_POINT('Ctrl Pts',(-33.6663800465323,-52.,12.3782110645165));
#6853=CARTESIAN_POINT('Ctrl Pts',(-33.6186907440424,-50.,12.0873117446899));
#6854=CARTESIAN_POINT('Ctrl Pts',(-33.6186907440424,-52.,12.0873117446899));
#6855=CARTESIAN_POINT('',(-34.311051145196,-50.,13.5197812318802));
#6856=CARTESIAN_POINT('Ctrl Pts',(-33.6186907440424,-50.,12.0873117446899));
#6857=CARTESIAN_POINT('Ctrl Pts',(-33.6663800465323,-50.,12.3782110645165));
#6858=CARTESIAN_POINT('Ctrl Pts',(-33.7561889056312,-50.,12.9260348879368));
#6859=CARTESIAN_POINT('Ctrl Pts',(-34.1339054455062,-50.,13.3302213663204));
#6860=CARTESIAN_POINT('Ctrl Pts',(-34.311051145196,-50.,13.5197812318802));
#6861=CARTESIAN_POINT('',(-34.311051145196,-52.,13.5197812318802));
#6862=CARTESIAN_POINT('Ctrl Pts',(-34.311051145196,-52.,13.5197812318802));
#6863=CARTESIAN_POINT('Ctrl Pts',(-34.1339054455062,-52.,13.3302213663204));
#6864=CARTESIAN_POINT('Ctrl Pts',(-33.7561889056312,-52.,12.9260348879368));
#6865=CARTESIAN_POINT('Ctrl Pts',(-33.6663800465323,-52.,12.3782110645165));
#6866=CARTESIAN_POINT('Ctrl Pts',(-33.6186907440424,-52.,12.0873117446899));
#6867=CARTESIAN_POINT('',(-34.311051145196,-50.,13.5197812318802));
#6868=CARTESIAN_POINT('Ctrl Pts',(-36.053889170289,-50.,14.0040922164917));
#6869=CARTESIAN_POINT('Ctrl Pts',(-36.053889170289,-52.,14.0040922164917));
#6870=CARTESIAN_POINT('Ctrl Pts',(-35.7073252138368,-50.,13.9945240430859));
#6871=CARTESIAN_POINT('Ctrl Pts',(-35.7073252138368,-52.,13.9945240430859));
#6872=CARTESIAN_POINT('Ctrl Pts',(-35.083316018466,-50.,13.9772959728352));
#6873=CARTESIAN_POINT('Ctrl Pts',(-35.083316018466,-52.,13.9772959728352));
#6874=CARTESIAN_POINT('Ctrl Pts',(-34.5487350525825,-50.,13.6605928822362));
#6875=CARTESIAN_POINT('Ctrl Pts',(-34.5487350525825,-52.,13.6605928822362));
#6876=CARTESIAN_POINT('Ctrl Pts',(-34.311051145196,-50.,13.5197812318802));
#6877=CARTESIAN_POINT('Ctrl Pts',(-34.311051145196,-52.,13.5197812318802));
#6878=CARTESIAN_POINT('',(-36.053889170289,-50.,14.0040922164917));
#6879=CARTESIAN_POINT('Ctrl Pts',(-34.311051145196,-50.,13.5197812318802));
#6880=CARTESIAN_POINT('Ctrl Pts',(-34.5487350525825,-50.,13.6605928822362));
#6881=CARTESIAN_POINT('Ctrl Pts',(-35.083316018466,-50.,13.9772959728352));
#6882=CARTESIAN_POINT('Ctrl Pts',(-35.7073252138368,-50.,13.9945240430859));
#6883=CARTESIAN_POINT('Ctrl Pts',(-36.053889170289,-50.,14.0040922164917));
#6884=CARTESIAN_POINT('',(-36.053889170289,-52.,14.0040922164917));
#6885=CARTESIAN_POINT('Ctrl Pts',(-36.053889170289,-52.,14.0040922164917));
#6886=CARTESIAN_POINT('Ctrl Pts',(-35.7073252138368,-52.,13.9945240430859));
#6887=CARTESIAN_POINT('Ctrl Pts',(-35.083316018466,-52.,13.9772959728352));
#6888=CARTESIAN_POINT('Ctrl Pts',(-34.5487350525825,-52.,13.6605928822362));
#6889=CARTESIAN_POINT('Ctrl Pts',(-34.311051145196,-52.,13.5197812318802));
#6890=CARTESIAN_POINT('',(-36.053889170289,-50.,14.0040922164917));
#6891=CARTESIAN_POINT('Ctrl Pts',(-37.8035483509302,-50.,13.5641193389893));
#6892=CARTESIAN_POINT('Ctrl Pts',(-37.8035483509302,-52.,13.5641193389893));
#6893=CARTESIAN_POINT('Ctrl Pts',(-37.5711162480121,-50.,13.6918012634866));
#6894=CARTESIAN_POINT('Ctrl Pts',(-37.5711162480121,-52.,13.6918012634866));
#6895=CARTESIAN_POINT('Ctrl Pts',(-37.0296029183421,-50.,13.9892707748199));
#6896=CARTESIAN_POINT('Ctrl Pts',(-37.0296029183421,-52.,13.9892707748199));
#6897=CARTESIAN_POINT('Ctrl Pts',(-36.408435058139,-50.,13.998706537334));
#6898=CARTESIAN_POINT('Ctrl Pts',(-36.408435058139,-52.,13.998706537334));
#6899=CARTESIAN_POINT('Ctrl Pts',(-36.053889170289,-50.,14.0040922164917));
#6900=CARTESIAN_POINT('Ctrl Pts',(-36.053889170289,-52.,14.0040922164917));
#6901=CARTESIAN_POINT('',(-37.8035483509302,-50.,13.5641193389893));
#6902=CARTESIAN_POINT('Ctrl Pts',(-36.053889170289,-50.,14.0040922164917));
#6903=CARTESIAN_POINT('Ctrl Pts',(-36.408435058139,-50.,13.998706537334));
#6904=CARTESIAN_POINT('Ctrl Pts',(-37.0296029183421,-50.,13.9892707748199));
#6905=CARTESIAN_POINT('Ctrl Pts',(-37.5711162480121,-50.,13.6918012634866));
#6906=CARTESIAN_POINT('Ctrl Pts',(-37.8035483509302,-50.,13.5641193389893));
#6907=CARTESIAN_POINT('',(-37.8035483509302,-52.,13.5641193389893));
#6908=CARTESIAN_POINT('Ctrl Pts',(-37.8035483509302,-52.,13.5641193389893));
#6909=CARTESIAN_POINT('Ctrl Pts',(-37.5711162480121,-52.,13.6918012634866));
#6910=CARTESIAN_POINT('Ctrl Pts',(-37.0296029183421,-52.,13.9892707748199));
#6911=CARTESIAN_POINT('Ctrl Pts',(-36.408435058139,-52.,13.998706537334));
#6912=CARTESIAN_POINT('Ctrl Pts',(-36.053889170289,-52.,14.0040922164917));
#6913=CARTESIAN_POINT('',(-37.8035483509302,-50.,13.5641193389893));
#6914=CARTESIAN_POINT('Ctrl Pts',(-38.3526609092951,-50.,12.5034099817276));
#6915=CARTESIAN_POINT('Ctrl Pts',(-38.3526609092951,-52.,12.5034099817276));
#6916=CARTESIAN_POINT('Ctrl Pts',(-38.3266255945307,-50.,12.7052527332878));
#6917=CARTESIAN_POINT('Ctrl Pts',(-38.3266255945307,-52.,12.7052527332878));
#6918=CARTESIAN_POINT('Ctrl Pts',(-38.2725882040082,-50.,13.1241858512042));
#6919=CARTESIAN_POINT('Ctrl Pts',(-38.2725882040082,-52.,13.1241858512042));
#6920=CARTESIAN_POINT('Ctrl Pts',(-37.9636431211049,-50.,13.4139592829579));
#6921=CARTESIAN_POINT('Ctrl Pts',(-37.9636431211049,-52.,13.4139592829579));
#6922=CARTESIAN_POINT('Ctrl Pts',(-37.8035483509302,-50.,13.5641193389893));
#6923=CARTESIAN_POINT('Ctrl Pts',(-37.8035483509302,-52.,13.5641193389893));
#6924=CARTESIAN_POINT('',(-38.3526609092951,-50.,12.5034099817276));
#6925=CARTESIAN_POINT('Ctrl Pts',(-37.8035483509302,-50.,13.5641193389893));
#6926=CARTESIAN_POINT('Ctrl Pts',(-37.9636431211049,-50.,13.4139592829579));
#6927=CARTESIAN_POINT('Ctrl Pts',(-38.2725882040082,-50.,13.1241858512042));
#6928=CARTESIAN_POINT('Ctrl Pts',(-38.3266255945307,-50.,12.7052527332878));
#6929=CARTESIAN_POINT('Ctrl Pts',(-38.3526609092951,-50.,12.5034099817276));
#6930=CARTESIAN_POINT('',(-38.3526609092951,-52.,12.5034099817276));
#6931=CARTESIAN_POINT('Ctrl Pts',(-38.3526609092951,-52.,12.5034099817276));
#6932=CARTESIAN_POINT('Ctrl Pts',(-38.3266255945307,-52.,12.7052527332878));
#6933=CARTESIAN_POINT('Ctrl Pts',(-38.2725882040082,-52.,13.1241858512042));
#6934=CARTESIAN_POINT('Ctrl Pts',(-37.9636431211049,-52.,13.4139592829579));
#6935=CARTESIAN_POINT('Ctrl Pts',(-37.8035483509302,-52.,13.5641193389893));
#6936=CARTESIAN_POINT('',(-38.3526609092951,-50.,12.5034099817276));
#6937=CARTESIAN_POINT('Ctrl Pts',(-37.9638478904963,-50.,11.6166436672211));
#6938=CARTESIAN_POINT('Ctrl Pts',(-37.9638478904963,-52.,11.6166436672211));
#6939=CARTESIAN_POINT('Ctrl Pts',(-38.0772489459779,-50.,11.7413796873915));
#6940=CARTESIAN_POINT('Ctrl Pts',(-38.0772489459779,-52.,11.7413796873915));
#6941=CARTESIAN_POINT('Ctrl Pts',(-38.306166514176,-50.,11.9931786347897));
#6942=CARTESIAN_POINT('Ctrl Pts',(-38.306166514176,-52.,11.9931786347897));
#6943=CARTESIAN_POINT('Ctrl Pts',(-38.3370675906236,-50.,12.332288280529));
#6944=CARTESIAN_POINT('Ctrl Pts',(-38.3370675906236,-52.,12.332288280529));
#6945=CARTESIAN_POINT('Ctrl Pts',(-38.3526609092951,-50.,12.5034099817276));
#6946=CARTESIAN_POINT('Ctrl Pts',(-38.3526609092951,-52.,12.5034099817276));
#6947=CARTESIAN_POINT('',(-37.9638478904963,-50.,11.6166436672211));
#6948=CARTESIAN_POINT('Ctrl Pts',(-38.3526609092951,-50.,12.5034099817276));
#6949=CARTESIAN_POINT('Ctrl Pts',(-38.3370675906236,-50.,12.332288280529));
#6950=CARTESIAN_POINT('Ctrl Pts',(-38.306166514176,-50.,11.9931786347897));
#6951=CARTESIAN_POINT('Ctrl Pts',(-38.0772489459779,-50.,11.7413796873915));
#6952=CARTESIAN_POINT('Ctrl Pts',(-37.9638478904963,-50.,11.6166436672211));
#6953=CARTESIAN_POINT('',(-37.9638478904963,-52.,11.6166436672211));
#6954=CARTESIAN_POINT('Ctrl Pts',(-37.9638478904963,-52.,11.6166436672211));
#6955=CARTESIAN_POINT('Ctrl Pts',(-38.0772489459779,-52.,11.7413796873915));
#6956=CARTESIAN_POINT('Ctrl Pts',(-38.306166514176,-52.,11.9931786347897));
#6957=CARTESIAN_POINT('Ctrl Pts',(-38.3370675906236,-52.,12.332288280529));
#6958=CARTESIAN_POINT('Ctrl Pts',(-38.3526609092951,-52.,12.5034099817276));
#6959=CARTESIAN_POINT('',(-37.9638478904963,-50.,11.6166436672211));
#6960=CARTESIAN_POINT('Ctrl Pts',(-35.9686229377985,-50.,10.9038197994232));
#6961=CARTESIAN_POINT('Ctrl Pts',(-35.9686229377985,-52.,10.9038197994232));
#6962=CARTESIAN_POINT('Ctrl Pts',(-36.4142804397365,-50.,10.9969941364486));
#6963=CARTESIAN_POINT('Ctrl Pts',(-36.4142804397365,-52.,10.9969941364486));
#6964=CARTESIAN_POINT('Ctrl Pts',(-37.1147924674055,-50.,11.1434513226791));
#6965=CARTESIAN_POINT('Ctrl Pts',(-37.1147924674055,-52.,11.1434513226791));
#6966=CARTESIAN_POINT('Ctrl Pts',(-37.7373530269268,-50.,11.4904144098553));
#6967=CARTESIAN_POINT('Ctrl Pts',(-37.7373530269268,-52.,11.4904144098553));
#6968=CARTESIAN_POINT('Ctrl Pts',(-37.9638478904963,-50.,11.6166436672211));
#6969=CARTESIAN_POINT('Ctrl Pts',(-37.9638478904963,-52.,11.6166436672211));
#6970=CARTESIAN_POINT('',(-35.9686229377985,-50.,10.9038197994232));
#6971=CARTESIAN_POINT('Ctrl Pts',(-37.9638478904963,-50.,11.6166436672211));
#6972=CARTESIAN_POINT('Ctrl Pts',(-37.7373530269268,-50.,11.4904144098553));
#6973=CARTESIAN_POINT('Ctrl Pts',(-37.1147924674055,-50.,11.1434513226791));
#6974=CARTESIAN_POINT('Ctrl Pts',(-36.4142804397365,-50.,10.9969941364486));
#6975=CARTESIAN_POINT('Ctrl Pts',(-35.9686229377985,-50.,10.9038197994232));
#6976=CARTESIAN_POINT('',(-35.9686229377985,-52.,10.9038197994232));
#6977=CARTESIAN_POINT('Ctrl Pts',(-35.9686229377985,-52.,10.9038197994232));
#6978=CARTESIAN_POINT('Ctrl Pts',(-36.4142804397365,-52.,10.9969941364486));
#6979=CARTESIAN_POINT('Ctrl Pts',(-37.1147924674055,-52.,11.1434513226791));
#6980=CARTESIAN_POINT('Ctrl Pts',(-37.7373530269268,-52.,11.4904144098553));
#6981=CARTESIAN_POINT('Ctrl Pts',(-37.9638478904963,-52.,11.6166436672211));
#6982=CARTESIAN_POINT('',(-35.9686229377985,-50.,10.9038197994232));
#6983=CARTESIAN_POINT('Ctrl Pts',(-33.7551162391901,-50.,10.2660298347473));
#6984=CARTESIAN_POINT('Ctrl Pts',(-33.7551162391901,-52.,10.2660298347473));
#6985=CARTESIAN_POINT('Ctrl Pts',(-34.0381472692542,-50.,10.3695917684705));
#6986=CARTESIAN_POINT('Ctrl Pts',(-34.0381472692542,-52.,10.3695917684705));
#6987=CARTESIAN_POINT('Ctrl Pts',(-34.7605457063392,-50.,10.6339196022286));
#6988=CARTESIAN_POINT('Ctrl Pts',(-34.7605457063392,-52.,10.6339196022286));
#6989=CARTESIAN_POINT('Ctrl Pts',(-35.5117410597848,-50.,10.8017464337812));
#6990=CARTESIAN_POINT('Ctrl Pts',(-35.5117410597848,-52.,10.8017464337812));
#6991=CARTESIAN_POINT('Ctrl Pts',(-35.9686229377985,-50.,10.9038197994232));
#6992=CARTESIAN_POINT('Ctrl Pts',(-35.9686229377985,-52.,10.9038197994232));
#6993=CARTESIAN_POINT('',(-33.7551162391901,-50.,10.2660298347473));
#6994=CARTESIAN_POINT('Ctrl Pts',(-35.9686229377985,-50.,10.9038197994232));
#6995=CARTESIAN_POINT('Ctrl Pts',(-35.5117410597848,-50.,10.8017464337812));
#6996=CARTESIAN_POINT('Ctrl Pts',(-34.7605457063392,-50.,10.6339196022286));
#6997=CARTESIAN_POINT('Ctrl Pts',(-34.0381472692542,-50.,10.3695917684705));
#6998=CARTESIAN_POINT('Ctrl Pts',(-33.7551162391901,-50.,10.2660298347473));
#6999=CARTESIAN_POINT('',(-33.7551162391901,-52.,10.2660298347473));
#7000=CARTESIAN_POINT('Ctrl Pts',(-33.7551162391901,-52.,10.2660298347473));
#7001=CARTESIAN_POINT('Ctrl Pts',(-34.0381472692542,-52.,10.3695917684705));
#7002=CARTESIAN_POINT('Ctrl Pts',(-34.7605457063392,-52.,10.6339196022286));
#7003=CARTESIAN_POINT('Ctrl Pts',(-35.5117410597848,-52.,10.8017464337812));
#7004=CARTESIAN_POINT('Ctrl Pts',(-35.9686229377985,-52.,10.9038197994232));
#7005=CARTESIAN_POINT('',(-33.7551162391901,-50.,10.2660298347473));
#7006=CARTESIAN_POINT('Ctrl Pts',(-32.4658939987421,-50.,9.24624800682068));
#7007=CARTESIAN_POINT('Ctrl Pts',(-32.4658939987421,-52.,9.24624800682068));
#7008=CARTESIAN_POINT('Ctrl Pts',(-32.6323456306875,-50.,9.44693448990481));
#7009=CARTESIAN_POINT('Ctrl Pts',(-32.6323456306875,-52.,9.44693448990481));
#7010=CARTESIAN_POINT('Ctrl Pts',(-32.9892340579195,-50.,9.87722575516634));
#7011=CARTESIAN_POINT('Ctrl Pts',(-32.9892340579195,-52.,9.87722575516634));
#7012=CARTESIAN_POINT('Ctrl Pts',(-33.4886345530417,-50.,10.1307490184));
#7013=CARTESIAN_POINT('Ctrl Pts',(-33.4886345530417,-52.,10.1307490184));
#7014=CARTESIAN_POINT('Ctrl Pts',(-33.7551162391901,-50.,10.2660298347473));
#7015=CARTESIAN_POINT('Ctrl Pts',(-33.7551162391901,-52.,10.2660298347473));
#7016=CARTESIAN_POINT('',(-32.4658939987421,-50.,9.24624800682068));
#7017=CARTESIAN_POINT('Ctrl Pts',(-33.7551162391901,-50.,10.2660298347473));
#7018=CARTESIAN_POINT('Ctrl Pts',(-33.4886345530417,-50.,10.1307490184));
#7019=CARTESIAN_POINT('Ctrl Pts',(-32.9892340579195,-50.,9.87722575516634));
#7020=CARTESIAN_POINT('Ctrl Pts',(-32.6323456306875,-50.,9.44693448990481));
#7021=CARTESIAN_POINT('Ctrl Pts',(-32.4658939987421,-50.,9.24624800682068));
#7022=CARTESIAN_POINT('',(-32.4658939987421,-52.,9.24624800682068));
#7023=CARTESIAN_POINT('Ctrl Pts',(-32.4658939987421,-52.,9.24624800682068));
#7024=CARTESIAN_POINT('Ctrl Pts',(-32.6323456306875,-52.,9.44693448990481));
#7025=CARTESIAN_POINT('Ctrl Pts',(-32.9892340579195,-52.,9.87722575516634));
#7026=CARTESIAN_POINT('Ctrl Pts',(-33.4886345530417,-52.,10.1307490184));
#7027=CARTESIAN_POINT('Ctrl Pts',(-33.7551162391901,-52.,10.2660298347473));
#7028=CARTESIAN_POINT('',(-32.4658939987421,-50.,9.24624800682068));
#7029=CARTESIAN_POINT('Ctrl Pts',(-32.0497963577509,-50.,7.82401084899902));
#7030=CARTESIAN_POINT('Ctrl Pts',(-32.0497963577509,-52.,7.82401084899902));
#7031=CARTESIAN_POINT('Ctrl Pts',(-32.0656423967202,-50.,8.08225619586204));
#7032=CARTESIAN_POINT('Ctrl Pts',(-32.0656423967202,-52.,8.08225619586204));
#7033=CARTESIAN_POINT('Ctrl Pts',(-32.0966875042925,-50.,8.58820311350631));
#7034=CARTESIAN_POINT('Ctrl Pts',(-32.0966875042925,-52.,8.58820311350631));
#7035=CARTESIAN_POINT('Ctrl Pts',(-32.3445469383786,-50.,9.02996845976144));
#7036=CARTESIAN_POINT('Ctrl Pts',(-32.3445469383786,-52.,9.02996845976144));
#7037=CARTESIAN_POINT('Ctrl Pts',(-32.4658939987421,-50.,9.24624800682068));
#7038=CARTESIAN_POINT('Ctrl Pts',(-32.4658939987421,-52.,9.24624800682068));
#7039=CARTESIAN_POINT('',(-32.0497963577509,-50.,7.82401084899902));
#7040=CARTESIAN_POINT('Ctrl Pts',(-32.4658939987421,-50.,9.24624800682068));
#7041=CARTESIAN_POINT('Ctrl Pts',(-32.3445469383786,-50.,9.02996845976144));
#7042=CARTESIAN_POINT('Ctrl Pts',(-32.0966875042925,-50.,8.58820311350631));
#7043=CARTESIAN_POINT('Ctrl Pts',(-32.0656423967202,-50.,8.08225619586204));
#7044=CARTESIAN_POINT('Ctrl Pts',(-32.0497963577509,-50.,7.82401084899902));
#7045=CARTESIAN_POINT('',(-32.0497963577509,-52.,7.82401084899902));
#7046=CARTESIAN_POINT('Ctrl Pts',(-32.0497963577509,-52.,7.82401084899902));
#7047=CARTESIAN_POINT('Ctrl Pts',(-32.0656423967202,-52.,8.08225619586204));
#7048=CARTESIAN_POINT('Ctrl Pts',(-32.0966875042925,-52.,8.58820311350631));
#7049=CARTESIAN_POINT('Ctrl Pts',(-32.3445469383786,-52.,9.02996845976144));
#7050=CARTESIAN_POINT('Ctrl Pts',(-32.4658939987421,-52.,9.24624800682068));
#7051=CARTESIAN_POINT('',(-32.0497963577509,-50.,7.82401084899902));
#7052=CARTESIAN_POINT('Ctrl Pts',(-32.5068221241236,-50.,6.31991744041443));
#7053=CARTESIAN_POINT('Ctrl Pts',(-32.5068221241236,-52.,6.31991744041443));
#7054=CARTESIAN_POINT('Ctrl Pts',(-32.3735302898436,-50.,6.55718435790204));
#7055=CARTESIAN_POINT('Ctrl Pts',(-32.3735302898436,-52.,6.55718435790204));
#7056=CARTESIAN_POINT('Ctrl Pts',(-32.1106099027613,-50.,7.02519734702956));
#7057=CARTESIAN_POINT('Ctrl Pts',(-32.1106099027613,-52.,7.02519734702956));
#7058=CARTESIAN_POINT('Ctrl Pts',(-32.0698783679909,-50.,7.56022453422847));
#7059=CARTESIAN_POINT('Ctrl Pts',(-32.0698783679909,-52.,7.56022453422847));
#7060=CARTESIAN_POINT('Ctrl Pts',(-32.0497963577509,-50.,7.82401084899902));
#7061=CARTESIAN_POINT('Ctrl Pts',(-32.0497963577509,-52.,7.82401084899902));
#7062=CARTESIAN_POINT('',(-32.5068221241236,-50.,6.31991744041443));
#7063=CARTESIAN_POINT('Ctrl Pts',(-32.0497963577509,-50.,7.82401084899902));
#7064=CARTESIAN_POINT('Ctrl Pts',(-32.0698783679909,-50.,7.56022453422847));
#7065=CARTESIAN_POINT('Ctrl Pts',(-32.1106099027613,-50.,7.02519734702956));
#7066=CARTESIAN_POINT('Ctrl Pts',(-32.3735302898436,-50.,6.55718435790204));
#7067=CARTESIAN_POINT('Ctrl Pts',(-32.5068221241236,-50.,6.31991744041443));
#7068=CARTESIAN_POINT('',(-32.5068221241236,-52.,6.31991744041443));
#7069=CARTESIAN_POINT('Ctrl Pts',(-32.5068221241236,-52.,6.31991744041443));
#7070=CARTESIAN_POINT('Ctrl Pts',(-32.3735302898436,-52.,6.55718435790204));
#7071=CARTESIAN_POINT('Ctrl Pts',(-32.1106099027613,-52.,7.02519734702956));
#7072=CARTESIAN_POINT('Ctrl Pts',(-32.0698783679909,-52.,7.56022453422847));
#7073=CARTESIAN_POINT('Ctrl Pts',(-32.0497963577509,-52.,7.82401084899902));
#7074=CARTESIAN_POINT('',(-32.5068221241236,-50.,6.31991744041443));
#7075=CARTESIAN_POINT('Ctrl Pts',(-33.8199184089899,-50.,5.2216911315918));
#7076=CARTESIAN_POINT('Ctrl Pts',(-33.8199184089899,-52.,5.2216911315918));
#7077=CARTESIAN_POINT('Ctrl Pts',(-33.5536439014859,-50.,5.36178581503127));
#7078=CARTESIAN_POINT('Ctrl Pts',(-33.5536439014859,-52.,5.36178581503127));
#7079=CARTESIAN_POINT('Ctrl Pts',(-33.0365945011321,-50.,5.63382038846495));
#7080=CARTESIAN_POINT('Ctrl Pts',(-33.0365945011321,-52.,5.63382038846495));
#7081=CARTESIAN_POINT('Ctrl Pts',(-32.6798481826307,-50.,6.09583503483009));
#7082=CARTESIAN_POINT('Ctrl Pts',(-32.6798481826307,-52.,6.09583503483009));
#7083=CARTESIAN_POINT('Ctrl Pts',(-32.5068221241236,-50.,6.31991744041443));
#7084=CARTESIAN_POINT('Ctrl Pts',(-32.5068221241236,-52.,6.31991744041443));
#7085=CARTESIAN_POINT('',(-33.8199184089899,-50.,5.2216911315918));
#7086=CARTESIAN_POINT('Ctrl Pts',(-32.5068221241236,-50.,6.31991744041443));
#7087=CARTESIAN_POINT('Ctrl Pts',(-32.6798481826307,-50.,6.09583503483009));
#7088=CARTESIAN_POINT('Ctrl Pts',(-33.0365945011321,-50.,5.63382038846495));
#7089=CARTESIAN_POINT('Ctrl Pts',(-33.5536439014859,-50.,5.36178581503127));
#7090=CARTESIAN_POINT('Ctrl Pts',(-33.8199184089899,-50.,5.2216911315918));
#7091=CARTESIAN_POINT('',(-33.8199184089899,-52.,5.2216911315918));
#7092=CARTESIAN_POINT('Ctrl Pts',(-33.8199184089899,-52.,5.2216911315918));
#7093=CARTESIAN_POINT('Ctrl Pts',(-33.5536439014859,-52.,5.36178581503127));
#7094=CARTESIAN_POINT('Ctrl Pts',(-33.0365945011321,-52.,5.63382038846495));
#7095=CARTESIAN_POINT('Ctrl Pts',(-32.6798481826307,-52.,6.09583503483009));
#7096=CARTESIAN_POINT('Ctrl Pts',(-32.5068221241236,-52.,6.31991744041443));
#7097=CARTESIAN_POINT('',(-33.8199184089899,-50.,5.2216911315918));
#7098=CARTESIAN_POINT('Ctrl Pts',(-35.7469318062067,-50.,4.82946753501892));
#7099=CARTESIAN_POINT('Ctrl Pts',(-35.7469318062067,-52.,4.82946753501892));
#7100=CARTESIAN_POINT('Ctrl Pts',(-35.4039950708529,-50.,4.84352478254307));
#7101=CARTESIAN_POINT('Ctrl Pts',(-35.4039950708529,-52.,4.84352478254307));
#7102=CARTESIAN_POINT('Ctrl Pts',(-34.7401943681609,-50.,4.87073449740439));
#7103=CARTESIAN_POINT('Ctrl Pts',(-34.7401943681609,-52.,4.87073449740439));
#7104=CARTESIAN_POINT('Ctrl Pts',(-34.1198005965945,-50.,5.10732799718018));
#7105=CARTESIAN_POINT('Ctrl Pts',(-34.1198005965945,-52.,5.10732799718018));
#7106=CARTESIAN_POINT('Ctrl Pts',(-33.8199184089899,-50.,5.2216911315918));
#7107=CARTESIAN_POINT('Ctrl Pts',(-33.8199184089899,-52.,5.2216911315918));
#7108=CARTESIAN_POINT('',(-35.7469318062067,-50.,4.82946753501892));
#7109=CARTESIAN_POINT('Ctrl Pts',(-33.8199184089899,-50.,5.2216911315918));
#7110=CARTESIAN_POINT('Ctrl Pts',(-34.1198005965945,-50.,5.10732799718018));
#7111=CARTESIAN_POINT('Ctrl Pts',(-34.7401943681609,-50.,4.87073449740439));
#7112=CARTESIAN_POINT('Ctrl Pts',(-35.4039950708529,-50.,4.84352478254307));
#7113=CARTESIAN_POINT('Ctrl Pts',(-35.7469318062067,-50.,4.82946753501892));
#7114=CARTESIAN_POINT('',(-35.7469318062067,-52.,4.82946753501892));
#7115=CARTESIAN_POINT('Ctrl Pts',(-35.7469318062067,-52.,4.82946753501892));
#7116=CARTESIAN_POINT('Ctrl Pts',(-35.4039950708529,-52.,4.84352478254307));
#7117=CARTESIAN_POINT('Ctrl Pts',(-34.7401943681609,-52.,4.87073449740439));
#7118=CARTESIAN_POINT('Ctrl Pts',(-34.1198005965945,-52.,5.10732799718018));
#7119=CARTESIAN_POINT('Ctrl Pts',(-33.8199184089899,-52.,5.2216911315918));
#7120=CARTESIAN_POINT('',(-35.7469318062067,-50.,4.82946753501892));
#7121=CARTESIAN_POINT('Ctrl Pts',(-38.021828904748,-50.,5.22510170936584));
#7122=CARTESIAN_POINT('Ctrl Pts',(-38.021828904748,-52.,5.22510170936584));
#7123=CARTESIAN_POINT('Ctrl Pts',(-37.6823116312244,-50.,5.10989596527639));
#7124=CARTESIAN_POINT('Ctrl Pts',(-37.6823116312244,-52.,5.10989596527639));
#7125=CARTESIAN_POINT('Ctrl Pts',(-36.9455251647872,-50.,4.85988796945336));
#7126=CARTESIAN_POINT('Ctrl Pts',(-36.9455251647872,-52.,4.85988796945336));
#7127=CARTESIAN_POINT('Ctrl Pts',(-36.1668090955343,-50.,4.84012406791147));
#7128=CARTESIAN_POINT('Ctrl Pts',(-36.1668090955343,-52.,4.84012406791147));
#7129=CARTESIAN_POINT('Ctrl Pts',(-35.7469318062067,-50.,4.82946753501892));
#7130=CARTESIAN_POINT('Ctrl Pts',(-35.7469318062067,-52.,4.82946753501892));
#7131=CARTESIAN_POINT('',(-38.021828904748,-50.,5.22510170936584));
#7132=CARTESIAN_POINT('Ctrl Pts',(-35.7469318062067,-50.,4.82946753501892));
#7133=CARTESIAN_POINT('Ctrl Pts',(-36.1668090955343,-50.,4.84012406791147));
#7134=CARTESIAN_POINT('Ctrl Pts',(-36.9455251647872,-50.,4.85988796945336));
#7135=CARTESIAN_POINT('Ctrl Pts',(-37.6823116312244,-50.,5.10989596527639));
#7136=CARTESIAN_POINT('Ctrl Pts',(-38.021828904748,-50.,5.22510170936584));
#7137=CARTESIAN_POINT('',(-38.021828904748,-52.,5.22510170936584));
#7138=CARTESIAN_POINT('Ctrl Pts',(-38.021828904748,-52.,5.22510170936584));
#7139=CARTESIAN_POINT('Ctrl Pts',(-37.6823116312244,-52.,5.10989596527639));
#7140=CARTESIAN_POINT('Ctrl Pts',(-36.9455251647872,-52.,4.85988796945336));
#7141=CARTESIAN_POINT('Ctrl Pts',(-36.1668090955343,-52.,4.84012406791147));
#7142=CARTESIAN_POINT('Ctrl Pts',(-35.7469318062067,-52.,4.82946753501892));
#7143=CARTESIAN_POINT('',(-38.021828904748,-50.,5.22510170936584));
#7144=CARTESIAN_POINT('Ctrl Pts',(-39.4611195474863,-50.,6.41541600227356));
#7145=CARTESIAN_POINT('Ctrl Pts',(-39.4611195474863,-52.,6.41541600227356));
#7146=CARTESIAN_POINT('Ctrl Pts',(-39.2687149178433,-50.,6.1663051024689));
#7147=CARTESIAN_POINT('Ctrl Pts',(-39.2687149178433,-52.,6.1663051024689));
#7148=CARTESIAN_POINT('Ctrl Pts',(-38.8787425668323,-50.,5.66139852387184));
#7149=CARTESIAN_POINT('Ctrl Pts',(-38.8787425668323,-52.,5.66139852387184));
#7150=CARTESIAN_POINT('Ctrl Pts',(-38.3099768755606,-50.,5.37181198758234));
#7151=CARTESIAN_POINT('Ctrl Pts',(-38.3099768755606,-52.,5.37181198758234));
#7152=CARTESIAN_POINT('Ctrl Pts',(-38.021828904748,-50.,5.22510170936584));
#7153=CARTESIAN_POINT('Ctrl Pts',(-38.021828904748,-52.,5.22510170936584));
#7154=CARTESIAN_POINT('',(-39.4611195474863,-50.,6.41541600227356));
#7155=CARTESIAN_POINT('Ctrl Pts',(-38.021828904748,-50.,5.22510170936584));
#7156=CARTESIAN_POINT('Ctrl Pts',(-38.3099768755606,-50.,5.37181198758234));
#7157=CARTESIAN_POINT('Ctrl Pts',(-38.8787425668323,-50.,5.66139852387184));
#7158=CARTESIAN_POINT('Ctrl Pts',(-39.2687149178433,-50.,6.1663051024689));
#7159=CARTESIAN_POINT('Ctrl Pts',(-39.4611195474863,-50.,6.41541600227356));
#7160=CARTESIAN_POINT('',(-39.4611195474863,-52.,6.41541600227356));
#7161=CARTESIAN_POINT('Ctrl Pts',(-39.4611195474863,-52.,6.41541600227356));
#7162=CARTESIAN_POINT('Ctrl Pts',(-39.2687149178433,-52.,6.1663051024689));
#7163=CARTESIAN_POINT('Ctrl Pts',(-38.8787425668323,-52.,5.66139852387184));
#7164=CARTESIAN_POINT('Ctrl Pts',(-38.3099768755606,-52.,5.37181198758234));
#7165=CARTESIAN_POINT('Ctrl Pts',(-38.021828904748,-52.,5.22510170936584));
#7166=CARTESIAN_POINT('',(-39.4611195474863,-50.,6.41541600227356));
#7167=CARTESIAN_POINT('Ctrl Pts',(-40.0102327018976,-50.,8.21282386779785));
#7168=CARTESIAN_POINT('Ctrl Pts',(-40.0102327018976,-52.,8.21282386779785));
#7169=CARTESIAN_POINT('Ctrl Pts',(-39.9817945931469,-50.,7.88918903045629));
#7170=CARTESIAN_POINT('Ctrl Pts',(-39.9817945931469,-52.,7.88918903045629));
#7171=CARTESIAN_POINT('Ctrl Pts',(-39.9257151320261,-50.,7.25098670001562));
#7172=CARTESIAN_POINT('Ctrl Pts',(-39.9257151320261,-52.,7.25098670001562));
#7173=CARTESIAN_POINT('Ctrl Pts',(-39.6145109172829,-50.,6.69128890798678));
#7174=CARTESIAN_POINT('Ctrl Pts',(-39.6145109172829,-52.,6.69128890798678));
#7175=CARTESIAN_POINT('Ctrl Pts',(-39.4611195474863,-50.,6.41541600227356));
#7176=CARTESIAN_POINT('Ctrl Pts',(-39.4611195474863,-52.,6.41541600227356));
#7177=CARTESIAN_POINT('Ctrl Pts',(-39.4611195474863,-50.,6.41541600227356));
#7178=CARTESIAN_POINT('Ctrl Pts',(-39.6145109172829,-50.,6.69128890798678));
#7179=CARTESIAN_POINT('Ctrl Pts',(-39.9257151320261,-50.,7.25098670001562));
#7180=CARTESIAN_POINT('Ctrl Pts',(-39.9817945931469,-50.,7.88918903045629));
#7181=CARTESIAN_POINT('Ctrl Pts',(-40.0102327018976,-50.,8.21282386779785));
#7182=CARTESIAN_POINT('Ctrl Pts',(-40.0102327018976,-52.,8.21282386779785));
#7183=CARTESIAN_POINT('Ctrl Pts',(-39.9817945931469,-52.,7.88918903045629));
#7184=CARTESIAN_POINT('Ctrl Pts',(-39.9257151320261,-52.,7.25098670001562));
#7185=CARTESIAN_POINT('Ctrl Pts',(-39.6145109172829,-52.,6.69128890798678));
#7186=CARTESIAN_POINT('Ctrl Pts',(-39.4611195474863,-52.,6.41541600227356));
#7187=CARTESIAN_POINT('Origin',(-9.68575477600098E-7,-52.,9.99999940395355));
#7188=CARTESIAN_POINT('Origin',(-22.6568911224604,-50.,15.));
#7189=CARTESIAN_POINT('',(-22.6568911224604,-50.,5.));
#7190=CARTESIAN_POINT('',(-22.6568911224604,-50.,15.));
#7191=CARTESIAN_POINT('',(-22.6568911224604,-50.,7.5));
#7192=CARTESIAN_POINT('',(-22.6568911224604,-52.,5.));
#7193=CARTESIAN_POINT('',(-22.6568911224604,-50.,5.));
#7194=CARTESIAN_POINT('',(-22.6568911224604,-52.,15.));
#7195=CARTESIAN_POINT('',(-22.6568911224604,-52.,5.));
#7196=CARTESIAN_POINT('',(-22.6568911224604,-50.,15.));
#7197=CARTESIAN_POINT('Origin',(-21.4290592819452,-50.,15.));
#7198=CARTESIAN_POINT('',(-21.4290592819452,-50.,15.));
#7199=CARTESIAN_POINT('',(-35.7145296409726,-50.,15.));
#7200=CARTESIAN_POINT('',(-21.4290592819452,-52.,15.));
#7201=CARTESIAN_POINT('',(-22.6568911224604,-52.,15.));
#7202=CARTESIAN_POINT('',(-21.4290592819452,-50.,15.));
#7203=CARTESIAN_POINT('Origin',(-21.4290592819452,-50.,5.));
#7204=CARTESIAN_POINT('',(-21.4290592819452,-50.,5.));
#7205=CARTESIAN_POINT('',(-21.4290592819452,-50.,2.5));
#7206=CARTESIAN_POINT('',(-21.4290592819452,-52.,5.));
#7207=CARTESIAN_POINT('',(-21.4290592819452,-52.,15.));
#7208=CARTESIAN_POINT('',(-21.4290592819452,-50.,5.));
#7209=CARTESIAN_POINT('Origin',(-22.6568911224604,-50.,5.));
#7210=CARTESIAN_POINT('',(-36.3284455612302,-50.,5.));
#7211=CARTESIAN_POINT('',(-21.4290592819452,-52.,5.));
#7212=CARTESIAN_POINT('Origin',(-9.68575477600098E-7,-52.,9.99999940395355));
#7213=CARTESIAN_POINT('Origin',(-6.78376652300358,-50.,9.31787192821503));
#7214=CARTESIAN_POINT('',(-10.8287880569696,-50.,9.31787192821503));
#7215=CARTESIAN_POINT('',(-6.78376652300358,-50.,9.31787192821503));
#7216=CARTESIAN_POINT('',(-28.3918832615018,-50.,9.31787192821503));
#7217=CARTESIAN_POINT('',(-10.8287880569696,-52.,9.31787192821503));
#7218=CARTESIAN_POINT('',(-10.8287880569696,-50.,9.31787192821503));
#7219=CARTESIAN_POINT('',(-6.78376652300358,-52.,9.31787192821503));
#7220=CARTESIAN_POINT('',(-10.8287880569696,-52.,9.31787192821503));
#7221=CARTESIAN_POINT('',(-6.78376652300358,-50.,9.31787192821503));
#7222=CARTESIAN_POINT('Ctrl Pts',(-7.24761463701725,-50.,10.6889498233795));
#7223=CARTESIAN_POINT('Ctrl Pts',(-7.24761463701725,-52.,10.6889498233795));
#7224=CARTESIAN_POINT('Ctrl Pts',(-7.13184474130363,-50.,10.503331316477));
#7225=CARTESIAN_POINT('Ctrl Pts',(-7.13184474130363,-52.,10.503331316477));
#7226=CARTESIAN_POINT('Ctrl Pts',(-6.87058080233992,-50.,10.0844363873679));
#7227=CARTESIAN_POINT('Ctrl Pts',(-6.87058080233992,-52.,10.0844363873679));
#7228=CARTESIAN_POINT('Ctrl Pts',(-6.814819289181,-50.,9.59206584069085));
#7229=CARTESIAN_POINT('Ctrl Pts',(-6.814819289181,-52.,9.59206584069085));
#7230=CARTESIAN_POINT('Ctrl Pts',(-6.78376652300358,-50.,9.31787192821503));
#7231=CARTESIAN_POINT('Ctrl Pts',(-6.78376652300358,-52.,9.31787192821503));
#7232=CARTESIAN_POINT('',(-7.24761463701725,-50.,10.6889498233795));
#7233=CARTESIAN_POINT('Ctrl Pts',(-6.78376652300358,-50.,9.31787192821503));
#7234=CARTESIAN_POINT('Ctrl Pts',(-6.814819289181,-50.,9.59206584069085));
#7235=CARTESIAN_POINT('Ctrl Pts',(-6.87058080233992,-50.,10.0844363873679));
#7236=CARTESIAN_POINT('Ctrl Pts',(-7.13184474130363,-50.,10.503331316477));
#7237=CARTESIAN_POINT('Ctrl Pts',(-7.24761463701725,-50.,10.6889498233795));
#7238=CARTESIAN_POINT('',(-7.24761463701725,-52.,10.6889498233795));
#7239=CARTESIAN_POINT('Ctrl Pts',(-7.24761463701725,-52.,10.6889498233795));
#7240=CARTESIAN_POINT('Ctrl Pts',(-7.13184474130363,-52.,10.503331316477));
#7241=CARTESIAN_POINT('Ctrl Pts',(-6.87058080233992,-52.,10.0844363873679));
#7242=CARTESIAN_POINT('Ctrl Pts',(-6.814819289181,-52.,9.59206584069085));
#7243=CARTESIAN_POINT('Ctrl Pts',(-6.78376652300358,-52.,9.31787192821503));
#7244=CARTESIAN_POINT('',(-7.24761463701725,-50.,10.6889498233795));
#7245=CARTESIAN_POINT('Ctrl Pts',(-8.76876093447208,-50.,11.3983631134033));
#7246=CARTESIAN_POINT('Ctrl Pts',(-8.76876093447208,-52.,11.3983631134033));
#7247=CARTESIAN_POINT('Ctrl Pts',(-8.47218124874644,-50.,11.369322833533));
#7248=CARTESIAN_POINT('Ctrl Pts',(-8.47218124874644,-52.,11.369322833533));
#7249=CARTESIAN_POINT('Ctrl Pts',(-7.88159615529802,-50.,11.3114943401248));
#7250=CARTESIAN_POINT('Ctrl Pts',(-7.88159615529802,-52.,11.3114943401248));
#7251=CARTESIAN_POINT('Ctrl Pts',(-7.45832681912192,-50.,10.8958607660461));
#7252=CARTESIAN_POINT('Ctrl Pts',(-7.45832681912192,-52.,10.8958607660461));
#7253=CARTESIAN_POINT('Ctrl Pts',(-7.24761463701725,-50.,10.6889498233795));
#7254=CARTESIAN_POINT('Ctrl Pts',(-7.24761463701725,-52.,10.6889498233795));
#7255=CARTESIAN_POINT('',(-8.76876093447208,-50.,11.3983631134033));
#7256=CARTESIAN_POINT('Ctrl Pts',(-7.24761463701725,-50.,10.6889498233795));
#7257=CARTESIAN_POINT('Ctrl Pts',(-7.45832681912192,-50.,10.8958607660461));
#7258=CARTESIAN_POINT('Ctrl Pts',(-7.88159615529802,-50.,11.3114943401248));
#7259=CARTESIAN_POINT('Ctrl Pts',(-8.47218124874644,-50.,11.369322833533));
#7260=CARTESIAN_POINT('Ctrl Pts',(-8.76876093447208,-50.,11.3983631134033));
#7261=CARTESIAN_POINT('',(-8.76876093447208,-52.,11.3983631134033));
#7262=CARTESIAN_POINT('Ctrl Pts',(-8.76876093447208,-52.,11.3983631134033));
#7263=CARTESIAN_POINT('Ctrl Pts',(-8.47218124874644,-52.,11.369322833533));
#7264=CARTESIAN_POINT('Ctrl Pts',(-7.88159615529802,-52.,11.3114943401248));
#7265=CARTESIAN_POINT('Ctrl Pts',(-7.45832681912192,-52.,10.8958607660461));
#7266=CARTESIAN_POINT('Ctrl Pts',(-7.24761463701725,-52.,10.6889498233795));
#7267=CARTESIAN_POINT('',(-8.76876093447208,-50.,11.3983631134033));
#7268=CARTESIAN_POINT('Ctrl Pts',(-10.1909969002008,-50.,10.8321964740753));
#7269=CARTESIAN_POINT('Ctrl Pts',(-10.1909969002008,-52.,10.8321964740753));
#7270=CARTESIAN_POINT('Ctrl Pts',(-9.98587017429094,-50.,10.9973205904486));
#7271=CARTESIAN_POINT('Ctrl Pts',(-9.98587017429094,-52.,10.9973205904486));
#7272=CARTESIAN_POINT('Ctrl Pts',(-9.57028320743737,-50.,11.3318622274466));
#7273=CARTESIAN_POINT('Ctrl Pts',(-9.57028320743737,-52.,11.3318622274466));
#7274=CARTESIAN_POINT('Ctrl Pts',(-9.0382111749476,-50.,11.3760073033189));
#7275=CARTESIAN_POINT('Ctrl Pts',(-9.0382111749476,-52.,11.3760073033189));
#7276=CARTESIAN_POINT('Ctrl Pts',(-8.76876093447208,-50.,11.3983631134033));
#7277=CARTESIAN_POINT('Ctrl Pts',(-8.76876093447208,-52.,11.3983631134033));
#7278=CARTESIAN_POINT('',(-10.1909969002008,-50.,10.8321964740753));
#7279=CARTESIAN_POINT('Ctrl Pts',(-8.76876093447208,-50.,11.3983631134033));
#7280=CARTESIAN_POINT('Ctrl Pts',(-9.0382111749476,-50.,11.3760073033189));
#7281=CARTESIAN_POINT('Ctrl Pts',(-9.57028320743737,-50.,11.3318622274466));
#7282=CARTESIAN_POINT('Ctrl Pts',(-9.98587017429094,-50.,10.9973205904486));
#7283=CARTESIAN_POINT('Ctrl Pts',(-10.1909969002008,-50.,10.8321964740753));
#7284=CARTESIAN_POINT('',(-10.1909969002008,-52.,10.8321964740753));
#7285=CARTESIAN_POINT('Ctrl Pts',(-10.1909969002008,-52.,10.8321964740753));
#7286=CARTESIAN_POINT('Ctrl Pts',(-9.98587017429094,-52.,10.9973205904486));
#7287=CARTESIAN_POINT('Ctrl Pts',(-9.57028320743737,-52.,11.3318622274466));
#7288=CARTESIAN_POINT('Ctrl Pts',(-9.0382111749476,-52.,11.3760073033189));
#7289=CARTESIAN_POINT('Ctrl Pts',(-8.76876093447208,-52.,11.3983631134033));
#7290=CARTESIAN_POINT('',(-10.1909969002008,-50.,10.8321964740753));
#7291=CARTESIAN_POINT('Ctrl Pts',(-10.8287880569696,-50.,9.31787192821503));
#7292=CARTESIAN_POINT('Ctrl Pts',(-10.8287880569696,-52.,9.31787192821503));
#7293=CARTESIAN_POINT('Ctrl Pts',(-10.7914703096677,-50.,9.61333049503757));
#7294=CARTESIAN_POINT('Ctrl Pts',(-10.7914703096677,-52.,9.61333049503757));
#7295=CARTESIAN_POINT('Ctrl Pts',(-10.7200273494823,-50.,10.1789711392905));
#7296=CARTESIAN_POINT('Ctrl Pts',(-10.7200273494823,-52.,10.1789711392905));
#7297=CARTESIAN_POINT('Ctrl Pts',(-10.3620075010169,-50.,10.6210395224829));
#7298=CARTESIAN_POINT('Ctrl Pts',(-10.3620075010169,-52.,10.6210395224829));
#7299=CARTESIAN_POINT('Ctrl Pts',(-10.1909969002008,-50.,10.8321964740753));
#7300=CARTESIAN_POINT('Ctrl Pts',(-10.1909969002008,-52.,10.8321964740753));
#7301=CARTESIAN_POINT('Ctrl Pts',(-10.1909969002008,-50.,10.8321964740753));
#7302=CARTESIAN_POINT('Ctrl Pts',(-10.3620075010169,-50.,10.6210395224829));
#7303=CARTESIAN_POINT('Ctrl Pts',(-10.7200273494823,-50.,10.1789711392905));
#7304=CARTESIAN_POINT('Ctrl Pts',(-10.7914703096677,-50.,9.61333049503757));
#7305=CARTESIAN_POINT('Ctrl Pts',(-10.8287880569696,-50.,9.31787192821503));
#7306=CARTESIAN_POINT('Ctrl Pts',(-10.8287880569696,-52.,9.31787192821503));
#7307=CARTESIAN_POINT('Ctrl Pts',(-10.7914703096677,-52.,9.61333049503757));
#7308=CARTESIAN_POINT('Ctrl Pts',(-10.7200273494823,-52.,10.1789711392905));
#7309=CARTESIAN_POINT('Ctrl Pts',(-10.3620075010169,-52.,10.6210395224829));
#7310=CARTESIAN_POINT('Ctrl Pts',(-10.1909969002008,-52.,10.8321964740753));
#7311=CARTESIAN_POINT('Origin',(-5.52865244448185,-50.,7.17598915100098));
#7312=CARTESIAN_POINT('',(-6.79740883409977,-50.,7.33287930488586));
#7313=CARTESIAN_POINT('',(-5.52865244448185,-50.,7.17598915100098));
#7314=CARTESIAN_POINT('',(-26.9924447673756,-50.,9.83012962118703));
#7315=CARTESIAN_POINT('',(-6.79740883409977,-52.,7.33287930488586));
#7316=CARTESIAN_POINT('',(-6.79740883409977,-50.,7.33287930488586));
#7317=CARTESIAN_POINT('',(-5.52865244448185,-52.,7.17598915100098));
#7318=CARTESIAN_POINT('',(-6.79740883409977,-52.,7.33287930488586));
#7319=CARTESIAN_POINT('',(-5.52865244448185,-50.,7.17598915100098));
#7320=CARTESIAN_POINT('Ctrl Pts',(-6.64051987230778,-50.,5.45020461082458));
#7321=CARTESIAN_POINT('Ctrl Pts',(-6.64051987230778,-52.,5.45020461082458));
#7322=CARTESIAN_POINT('Ctrl Pts',(-6.389738817211,-50.,5.68144070025259));
#7323=CARTESIAN_POINT('Ctrl Pts',(-6.389738817211,-52.,5.68144070025259));
#7324=CARTESIAN_POINT('Ctrl Pts',(-5.87079518110821,-50.,6.1599397519439));
#7325=CARTESIAN_POINT('Ctrl Pts',(-5.87079518110821,-52.,6.1599397519439));
#7326=CARTESIAN_POINT('Ctrl Pts',(-5.64521851565736,-50.,6.82982693888992));
#7327=CARTESIAN_POINT('Ctrl Pts',(-5.64521851565736,-52.,6.82982693888992));
#7328=CARTESIAN_POINT('Ctrl Pts',(-5.52865244448185,-50.,7.17598915100098));
#7329=CARTESIAN_POINT('Ctrl Pts',(-5.52865244448185,-52.,7.17598915100098));
#7330=CARTESIAN_POINT('',(-6.64051987230778,-50.,5.45020461082458));
#7331=CARTESIAN_POINT('Ctrl Pts',(-5.52865244448185,-50.,7.17598915100098));
#7332=CARTESIAN_POINT('Ctrl Pts',(-5.64521851565736,-50.,6.82982693888992));
#7333=CARTESIAN_POINT('Ctrl Pts',(-5.87079518110821,-50.,6.1599397519439));
#7334=CARTESIAN_POINT('Ctrl Pts',(-6.389738817211,-50.,5.68144070025259));
#7335=CARTESIAN_POINT('Ctrl Pts',(-6.64051987230778,-50.,5.45020461082458));
#7336=CARTESIAN_POINT('',(-6.64051987230778,-52.,5.45020461082458));
#7337=CARTESIAN_POINT('Ctrl Pts',(-6.64051987230778,-52.,5.45020461082458));
#7338=CARTESIAN_POINT('Ctrl Pts',(-6.389738817211,-52.,5.68144070025259));
#7339=CARTESIAN_POINT('Ctrl Pts',(-5.87079518110821,-52.,6.1599397519439));
#7340=CARTESIAN_POINT('Ctrl Pts',(-5.64521851565736,-52.,6.82982693888992));
#7341=CARTESIAN_POINT('Ctrl Pts',(-5.52865244448185,-52.,7.17598915100098));
#7342=CARTESIAN_POINT('',(-6.64051987230778,-50.,5.45020461082458));
#7343=CARTESIAN_POINT('Ctrl Pts',(-8.71418930590153,-50.,4.83628869056702));
#7344=CARTESIAN_POINT('Ctrl Pts',(-8.71418930590153,-52.,4.83628869056702));
#7345=CARTESIAN_POINT('Ctrl Pts',(-8.32123523726768,-50.,4.85539625860661));
#7346=CARTESIAN_POINT('Ctrl Pts',(-8.32123523726768,-52.,4.85539625860661));
#7347=CARTESIAN_POINT('Ctrl Pts',(-7.57835301934147,-50.,4.89151924003743));
#7348=CARTESIAN_POINT('Ctrl Pts',(-7.57835301934147,-52.,4.89151924003743));
#7349=CARTESIAN_POINT('Ctrl Pts',(-6.94082285929519,-50.,5.27130830484072));
#7350=CARTESIAN_POINT('Ctrl Pts',(-6.94082285929519,-52.,5.27130830484072));
#7351=CARTESIAN_POINT('Ctrl Pts',(-6.64051987230778,-50.,5.45020461082458));
#7352=CARTESIAN_POINT('Ctrl Pts',(-6.64051987230778,-52.,5.45020461082458));
#7353=CARTESIAN_POINT('',(-8.71418930590153,-50.,4.83628869056702));
#7354=CARTESIAN_POINT('Ctrl Pts',(-6.64051987230778,-50.,5.45020461082458));
#7355=CARTESIAN_POINT('Ctrl Pts',(-6.94082285929519,-50.,5.27130830484072));
#7356=CARTESIAN_POINT('Ctrl Pts',(-7.57835301934147,-50.,4.89151924003743));
#7357=CARTESIAN_POINT('Ctrl Pts',(-8.32123523726768,-50.,4.85539625860661));
#7358=CARTESIAN_POINT('Ctrl Pts',(-8.71418930590153,-50.,4.83628869056702));
#7359=CARTESIAN_POINT('',(-8.71418930590153,-52.,4.83628869056702));
#7360=CARTESIAN_POINT('Ctrl Pts',(-8.71418930590153,-52.,4.83628869056702));
#7361=CARTESIAN_POINT('Ctrl Pts',(-8.32123523726768,-52.,4.85539625860661));
#7362=CARTESIAN_POINT('Ctrl Pts',(-7.57835301934147,-52.,4.89151924003743));
#7363=CARTESIAN_POINT('Ctrl Pts',(-6.94082285929519,-52.,5.27130830484072));
#7364=CARTESIAN_POINT('Ctrl Pts',(-6.64051987230778,-52.,5.45020461082458));
#7365=CARTESIAN_POINT('',(-8.71418930590153,-50.,4.83628869056702));
#7366=CARTESIAN_POINT('Ctrl Pts',(-11.2346527725458,-50.,5.81514358520508));
#7367=CARTESIAN_POINT('Ctrl Pts',(-11.2346527725458,-52.,5.81514358520508));
#7368=CARTESIAN_POINT('Ctrl Pts',(-10.8856653364128,-50.,5.52980840770745));
#7369=CARTESIAN_POINT('Ctrl Pts',(-10.8856653364128,-52.,5.52980840770745));
#7370=CARTESIAN_POINT('Ctrl Pts',(-10.154144051376,-50.,4.93171021247696));
#7371=CARTESIAN_POINT('Ctrl Pts',(-10.154144051376,-52.,4.93171021247696));
#7372=CARTESIAN_POINT('Ctrl Pts',(-9.20862752018026,-50.,4.86905364171926));
#7373=CARTESIAN_POINT('Ctrl Pts',(-9.20862752018026,-52.,4.86905364171926));
#7374=CARTESIAN_POINT('Ctrl Pts',(-8.71418930590153,-50.,4.83628869056702));
#7375=CARTESIAN_POINT('Ctrl Pts',(-8.71418930590153,-52.,4.83628869056702));
#7376=CARTESIAN_POINT('',(-11.2346527725458,-50.,5.81514358520508));
#7377=CARTESIAN_POINT('Ctrl Pts',(-8.71418930590153,-50.,4.83628869056702));
#7378=CARTESIAN_POINT('Ctrl Pts',(-9.20862752018026,-50.,4.86905364171926));
#7379=CARTESIAN_POINT('Ctrl Pts',(-10.154144051376,-50.,4.93171021247696));
#7380=CARTESIAN_POINT('Ctrl Pts',(-10.8856653364128,-50.,5.52980840770745));
#7381=CARTESIAN_POINT('Ctrl Pts',(-11.2346527725458,-50.,5.81514358520508));
#7382=CARTESIAN_POINT('',(-11.2346527725458,-52.,5.81514358520508));
#7383=CARTESIAN_POINT('Ctrl Pts',(-11.2346527725458,-52.,5.81514358520508));
#7384=CARTESIAN_POINT('Ctrl Pts',(-10.8856653364128,-52.,5.52980840770745));
#7385=CARTESIAN_POINT('Ctrl Pts',(-10.154144051376,-52.,4.93171021247696));
#7386=CARTESIAN_POINT('Ctrl Pts',(-9.20862752018026,-52.,4.86905364171926));
#7387=CARTESIAN_POINT('Ctrl Pts',(-8.71418930590153,-52.,4.83628869056702));
#7388=CARTESIAN_POINT('',(-11.2346527725458,-50.,5.81514358520508));
#7389=CARTESIAN_POINT('Ctrl Pts',(-12.1657583862543,-50.,8.56070935726166));
#7390=CARTESIAN_POINT('Ctrl Pts',(-12.1657583862543,-52.,8.56070935726166));
#7391=CARTESIAN_POINT('Ctrl Pts',(-12.1398694961214,-50.,8.01907923197178));
#7392=CARTESIAN_POINT('Ctrl Pts',(-12.1398694961214,-52.,8.01907923197178));
#7393=CARTESIAN_POINT('Ctrl Pts',(-12.0916702916375,-50.,7.01068756166705));
#7394=CARTESIAN_POINT('Ctrl Pts',(-12.0916702916375,-52.,7.01068756166705));
#7395=CARTESIAN_POINT('Ctrl Pts',(-11.5058265171859,-50.,6.19343239465983));
#7396=CARTESIAN_POINT('Ctrl Pts',(-11.5058265171859,-52.,6.19343239465983));
#7397=CARTESIAN_POINT('Ctrl Pts',(-11.2346527725458,-50.,5.81514358520508));
#7398=CARTESIAN_POINT('Ctrl Pts',(-11.2346527725458,-52.,5.81514358520508));
#7399=CARTESIAN_POINT('',(-12.1657583862543,-50.,8.56070935726166));
#7400=CARTESIAN_POINT('Ctrl Pts',(-11.2346527725458,-50.,5.81514358520508));
#7401=CARTESIAN_POINT('Ctrl Pts',(-11.5058265171859,-50.,6.19343239465983));
#7402=CARTESIAN_POINT('Ctrl Pts',(-12.0916702916375,-50.,7.01068756166705));
#7403=CARTESIAN_POINT('Ctrl Pts',(-12.1398694961214,-50.,8.01907923197178));
#7404=CARTESIAN_POINT('Ctrl Pts',(-12.1657583862543,-50.,8.56070935726166));
#7405=CARTESIAN_POINT('',(-12.1657583862543,-52.,8.56070935726166));
#7406=CARTESIAN_POINT('Ctrl Pts',(-12.1657583862543,-52.,8.56070935726166));
#7407=CARTESIAN_POINT('Ctrl Pts',(-12.1398694961214,-52.,8.01907923197178));
#7408=CARTESIAN_POINT('Ctrl Pts',(-12.0916702916375,-52.,7.01068756166705));
#7409=CARTESIAN_POINT('Ctrl Pts',(-11.5058265171859,-52.,6.19343239465983));
#7410=CARTESIAN_POINT('Ctrl Pts',(-11.2346527725458,-52.,5.81514358520508));
#7411=CARTESIAN_POINT('',(-12.1657583862543,-50.,8.56070935726166));
#7412=CARTESIAN_POINT('Ctrl Pts',(-11.2244222313166,-50.,11.3983631134033));
#7413=CARTESIAN_POINT('Ctrl Pts',(-11.2244222313166,-52.,11.3983631134033));
#7414=CARTESIAN_POINT('Ctrl Pts',(-11.4985418982856,-50.,11.0071494120963));
#7415=CARTESIAN_POINT('Ctrl Pts',(-11.4985418982856,-52.,11.0071494120963));
#7416=CARTESIAN_POINT('Ctrl Pts',(-12.0928230129492,-50.,10.1590128407401));
#7417=CARTESIAN_POINT('Ctrl Pts',(-12.0928230129492,-52.,10.1590128407401));
#7418=CARTESIAN_POINT('Ctrl Pts',(-12.1402225071661,-50.,9.1203018108392));
#7419=CARTESIAN_POINT('Ctrl Pts',(-12.1402225071661,-52.,9.1203018108392));
#7420=CARTESIAN_POINT('Ctrl Pts',(-12.1657583862543,-50.,8.56070935726166));
#7421=CARTESIAN_POINT('Ctrl Pts',(-12.1657583862543,-52.,8.56070935726166));
#7422=CARTESIAN_POINT('',(-11.2244222313166,-50.,11.3983631134033));
#7423=CARTESIAN_POINT('Ctrl Pts',(-12.1657583862543,-50.,8.56070935726166));
#7424=CARTESIAN_POINT('Ctrl Pts',(-12.1402225071661,-50.,9.1203018108392));
#7425=CARTESIAN_POINT('Ctrl Pts',(-12.0928230129492,-50.,10.1590128407401));
#7426=CARTESIAN_POINT('Ctrl Pts',(-11.4985418982856,-50.,11.0071494120963));
#7427=CARTESIAN_POINT('Ctrl Pts',(-11.2244222313166,-50.,11.3983631134033));
#7428=CARTESIAN_POINT('',(-11.2244222313166,-52.,11.3983631134033));
#7429=CARTESIAN_POINT('Ctrl Pts',(-11.2244222313166,-52.,11.3983631134033));
#7430=CARTESIAN_POINT('Ctrl Pts',(-11.4985418982856,-52.,11.0071494120963));
#7431=CARTESIAN_POINT('Ctrl Pts',(-12.0928230129492,-52.,10.1590128407401));
#7432=CARTESIAN_POINT('Ctrl Pts',(-12.1402225071661,-52.,9.1203018108392));
#7433=CARTESIAN_POINT('Ctrl Pts',(-12.1657583862543,-52.,8.56070935726166));
#7434=CARTESIAN_POINT('',(-11.2244222313166,-50.,11.3983631134033));
#7435=CARTESIAN_POINT('Ctrl Pts',(-8.78240324556828,-50.,12.4079126119614));
#7436=CARTESIAN_POINT('Ctrl Pts',(-8.78240324556828,-52.,12.4079126119614));
#7437=CARTESIAN_POINT('Ctrl Pts',(-9.25539676399256,-50.,12.3699830282643));
#7438=CARTESIAN_POINT('Ctrl Pts',(-9.25539676399256,-52.,12.3699830282643));
#7439=CARTESIAN_POINT('Ctrl Pts',(-10.1794723199608,-50.,12.2958809533367));
#7440=CARTESIAN_POINT('Ctrl Pts',(-10.1794723199608,-52.,12.2958809533367));
#7441=CARTESIAN_POINT('Ctrl Pts',(-10.8816556005176,-50.,11.6927687712561));
#7442=CARTESIAN_POINT('Ctrl Pts',(-10.8816556005176,-52.,11.6927687712561));
#7443=CARTESIAN_POINT('Ctrl Pts',(-11.2244222313166,-50.,11.3983631134033));
#7444=CARTESIAN_POINT('Ctrl Pts',(-11.2244222313166,-52.,11.3983631134033));
#7445=CARTESIAN_POINT('',(-8.78240324556828,-50.,12.4079126119614));
#7446=CARTESIAN_POINT('Ctrl Pts',(-11.2244222313166,-50.,11.3983631134033));
#7447=CARTESIAN_POINT('Ctrl Pts',(-10.8816556005176,-50.,11.6927687712561));
#7448=CARTESIAN_POINT('Ctrl Pts',(-10.1794723199608,-50.,12.2958809533367));
#7449=CARTESIAN_POINT('Ctrl Pts',(-9.25539676399256,-50.,12.3699830282643));
#7450=CARTESIAN_POINT('Ctrl Pts',(-8.78240324556828,-50.,12.4079126119614));
#7451=CARTESIAN_POINT('',(-8.78240324556828,-52.,12.4079126119614));
#7452=CARTESIAN_POINT('Ctrl Pts',(-8.78240324556828,-52.,12.4079126119614));
#7453=CARTESIAN_POINT('Ctrl Pts',(-9.25539676399256,-52.,12.3699830282643));
#7454=CARTESIAN_POINT('Ctrl Pts',(-10.1794723199608,-52.,12.2958809533367));
#7455=CARTESIAN_POINT('Ctrl Pts',(-10.8816556005176,-52.,11.6927687712561));
#7456=CARTESIAN_POINT('Ctrl Pts',(-11.2244222313166,-52.,11.3983631134033));
#7457=CARTESIAN_POINT('',(-8.78240324556828,-50.,12.4079126119614));
#7458=CARTESIAN_POINT('Ctrl Pts',(-6.40859581530094,-50.,11.4188265800476));
#7459=CARTESIAN_POINT('Ctrl Pts',(-6.40859581530094,-52.,11.4188265800476));
#7460=CARTESIAN_POINT('Ctrl Pts',(-6.7425183253051,-50.,11.7072758086512));
#7461=CARTESIAN_POINT('Ctrl Pts',(-6.7425183253051,-52.,11.7072758086512));
#7462=CARTESIAN_POINT('Ctrl Pts',(-7.4243791054014,-50.,12.2962813717424));
#7463=CARTESIAN_POINT('Ctrl Pts',(-7.4243791054014,-52.,12.2962813717424));
#7464=CARTESIAN_POINT('Ctrl Pts',(-8.32356754360626,-50.,12.370195757782));
#7465=CARTESIAN_POINT('Ctrl Pts',(-8.32356754360626,-52.,12.370195757782));
#7466=CARTESIAN_POINT('Ctrl Pts',(-8.78240324556828,-50.,12.4079126119614));
#7467=CARTESIAN_POINT('Ctrl Pts',(-8.78240324556828,-52.,12.4079126119614));
#7468=CARTESIAN_POINT('',(-6.40859581530094,-50.,11.4188265800476));
#7469=CARTESIAN_POINT('Ctrl Pts',(-8.78240324556828,-50.,12.4079126119614));
#7470=CARTESIAN_POINT('Ctrl Pts',(-8.32356754360626,-50.,12.370195757782));
#7471=CARTESIAN_POINT('Ctrl Pts',(-7.4243791054014,-50.,12.2962813717424));
#7472=CARTESIAN_POINT('Ctrl Pts',(-6.7425183253051,-50.,11.7072758086512));
#7473=CARTESIAN_POINT('Ctrl Pts',(-6.40859581530094,-50.,11.4188265800476));
#7474=CARTESIAN_POINT('',(-6.40859581530094,-52.,11.4188265800476));
#7475=CARTESIAN_POINT('Ctrl Pts',(-6.40859581530094,-52.,11.4188265800476));
#7476=CARTESIAN_POINT('Ctrl Pts',(-6.7425183253051,-52.,11.7072758086512));
#7477=CARTESIAN_POINT('Ctrl Pts',(-7.4243791054014,-52.,12.2962813717424));
#7478=CARTESIAN_POINT('Ctrl Pts',(-8.32356754360626,-52.,12.370195757782));
#7479=CARTESIAN_POINT('Ctrl Pts',(-8.78240324556828,-52.,12.4079126119614));
#7480=CARTESIAN_POINT('',(-6.40859581530094,-50.,11.4188265800476));
#7481=CARTESIAN_POINT('Ctrl Pts',(-5.48772074282169,-50.,8.63574385643005));
#7482=CARTESIAN_POINT('Ctrl Pts',(-5.48772074282169,-52.,8.63574385643005));
#7483=CARTESIAN_POINT('Ctrl Pts',(-5.51258215814127,-50.,9.1847065269389));
#7484=CARTESIAN_POINT('Ctrl Pts',(-5.51258215814127,-52.,9.1847065269389));
#7485=CARTESIAN_POINT('Ctrl Pts',(-5.55870322712519,-50.,10.203101693533));
#7486=CARTESIAN_POINT('Ctrl Pts',(-5.55870322712519,-52.,10.203101693533));
#7487=CARTESIAN_POINT('Ctrl Pts',(-6.14044164054039,-50.,11.0352466921715));
#7488=CARTESIAN_POINT('Ctrl Pts',(-6.14044164054039,-52.,11.0352466921715));
#7489=CARTESIAN_POINT('Ctrl Pts',(-6.40859581530094,-50.,11.4188265800476));
#7490=CARTESIAN_POINT('Ctrl Pts',(-6.40859581530094,-52.,11.4188265800476));
#7491=CARTESIAN_POINT('',(-5.48772074282169,-50.,8.63574385643005));
#7492=CARTESIAN_POINT('Ctrl Pts',(-6.40859581530094,-50.,11.4188265800476));
#7493=CARTESIAN_POINT('Ctrl Pts',(-6.14044164054039,-50.,11.0352466921715));
#7494=CARTESIAN_POINT('Ctrl Pts',(-5.55870322712519,-50.,10.203101693533));
#7495=CARTESIAN_POINT('Ctrl Pts',(-5.51258215814127,-50.,9.1847065269389));
#7496=CARTESIAN_POINT('Ctrl Pts',(-5.48772074282169,-50.,8.63574385643005));
#7497=CARTESIAN_POINT('',(-5.48772074282169,-52.,8.63574385643005));
#7498=CARTESIAN_POINT('Ctrl Pts',(-5.48772074282169,-52.,8.63574385643005));
#7499=CARTESIAN_POINT('Ctrl Pts',(-5.51258215814127,-52.,9.1847065269389));
#7500=CARTESIAN_POINT('Ctrl Pts',(-5.55870322712519,-52.,10.203101693533));
#7501=CARTESIAN_POINT('Ctrl Pts',(-6.14044164054039,-52.,11.0352466921715));
#7502=CARTESIAN_POINT('Ctrl Pts',(-6.40859581530094,-52.,11.4188265800476));
#7503=CARTESIAN_POINT('',(-5.48772074282169,-50.,8.63574385643005));
#7504=CARTESIAN_POINT('Ctrl Pts',(-5.49454428255558,-50.,8.30832242965698));
#7505=CARTESIAN_POINT('Ctrl Pts',(-5.49454428255558,-52.,8.30832242965698));
#7506=CARTESIAN_POINT('Ctrl Pts',(-5.49257374761367,-50.,8.37198253212117));
#7507=CARTESIAN_POINT('Ctrl Pts',(-5.49257374761367,-52.,8.37198253212117));
#7508=CARTESIAN_POINT('Ctrl Pts',(-5.48919608408256,-50.,8.48110133123892));
#7509=CARTESIAN_POINT('Ctrl Pts',(-5.48919608408256,-52.,8.48110133123892));
#7510=CARTESIAN_POINT('Ctrl Pts',(-5.48815461639756,-50.,8.59026603569473));
#7511=CARTESIAN_POINT('Ctrl Pts',(-5.48815461639756,-52.,8.59026603569473));
#7512=CARTESIAN_POINT('Ctrl Pts',(-5.48772074282169,-50.,8.63574385643005));
#7513=CARTESIAN_POINT('Ctrl Pts',(-5.48772074282169,-52.,8.63574385643005));
#7514=CARTESIAN_POINT('',(-5.49454428255558,-50.,8.30832242965698));
#7515=CARTESIAN_POINT('Ctrl Pts',(-5.48772074282169,-50.,8.63574385643005));
#7516=CARTESIAN_POINT('Ctrl Pts',(-5.48815461639756,-50.,8.59026603569473));
#7517=CARTESIAN_POINT('Ctrl Pts',(-5.48919608408256,-50.,8.48110133123892));
#7518=CARTESIAN_POINT('Ctrl Pts',(-5.49257374761367,-50.,8.37198253212117));
#7519=CARTESIAN_POINT('Ctrl Pts',(-5.49454428255558,-50.,8.30832242965698));
#7520=CARTESIAN_POINT('',(-5.49454428255558,-52.,8.30832242965698));
#7521=CARTESIAN_POINT('Ctrl Pts',(-5.49454428255558,-52.,8.30832242965698));
#7522=CARTESIAN_POINT('Ctrl Pts',(-5.49257374761367,-52.,8.37198253212117));
#7523=CARTESIAN_POINT('Ctrl Pts',(-5.48919608408256,-52.,8.48110133123892));
#7524=CARTESIAN_POINT('Ctrl Pts',(-5.48815461639756,-52.,8.59026603569473));
#7525=CARTESIAN_POINT('Ctrl Pts',(-5.48772074282169,-52.,8.63574385643005));
#7526=CARTESIAN_POINT('',(-5.49454428255558,-50.,8.30832242965698));
#7527=CARTESIAN_POINT('Origin',(-10.8969996124506,-50.,8.30832242965698));
#7528=CARTESIAN_POINT('',(-10.8969996124506,-50.,8.30832242965698));
#7529=CARTESIAN_POINT('',(-30.4484998062253,-50.,8.30832242965698));
#7530=CARTESIAN_POINT('',(-10.8969996124506,-52.,8.30832242965698));
#7531=CARTESIAN_POINT('',(-5.49454428255558,-52.,8.30832242965698));
#7532=CARTESIAN_POINT('',(-10.8969996124506,-50.,8.30832242965698));
#7533=CARTESIAN_POINT('Ctrl Pts',(-10.2216932922602,-50.,6.48021817207336));
#7534=CARTESIAN_POINT('Ctrl Pts',(-10.2216932922602,-52.,6.48021817207336));
#7535=CARTESIAN_POINT('Ctrl Pts',(-10.4021193775806,-50.,6.72940708087861));
#7536=CARTESIAN_POINT('Ctrl Pts',(-10.4021193775806,-52.,6.72940708087861));
#7537=CARTESIAN_POINT('Ctrl Pts',(-10.7960560793683,-50.,7.27347839231062));
#7538=CARTESIAN_POINT('Ctrl Pts',(-10.7960560793683,-52.,7.27347839231062));
#7539=CARTESIAN_POINT('Ctrl Pts',(-10.8615191430682,-50.,7.94458687313818));
#7540=CARTESIAN_POINT('Ctrl Pts',(-10.8615191430682,-52.,7.94458687313818));
#7541=CARTESIAN_POINT('Ctrl Pts',(-10.8969996124506,-50.,8.30832242965698));
#7542=CARTESIAN_POINT('Ctrl Pts',(-10.8969996124506,-52.,8.30832242965698));
#7543=CARTESIAN_POINT('',(-10.2216932922602,-50.,6.48021817207336));
#7544=CARTESIAN_POINT('Ctrl Pts',(-10.8969996124506,-50.,8.30832242965698));
#7545=CARTESIAN_POINT('Ctrl Pts',(-10.8615191430682,-50.,7.94458687313818));
#7546=CARTESIAN_POINT('Ctrl Pts',(-10.7960560793683,-50.,7.27347839231062));
#7547=CARTESIAN_POINT('Ctrl Pts',(-10.4021193775806,-50.,6.72940708087861));
#7548=CARTESIAN_POINT('Ctrl Pts',(-10.2216932922602,-50.,6.48021817207336));
#7549=CARTESIAN_POINT('',(-10.2216932922602,-52.,6.48021817207336));
#7550=CARTESIAN_POINT('Ctrl Pts',(-10.2216932922602,-52.,6.48021817207336));
#7551=CARTESIAN_POINT('Ctrl Pts',(-10.4021193775806,-52.,6.72940708087861));
#7552=CARTESIAN_POINT('Ctrl Pts',(-10.7960560793683,-52.,7.27347839231062));
#7553=CARTESIAN_POINT('Ctrl Pts',(-10.8615191430682,-52.,7.94458687313818));
#7554=CARTESIAN_POINT('Ctrl Pts',(-10.8969996124506,-52.,8.30832242965698));
#7555=CARTESIAN_POINT('',(-10.2216932922602,-50.,6.48021817207336));
#7556=CARTESIAN_POINT('Ctrl Pts',(-8.70736815035343,-50.,5.84583878517151));
#7557=CARTESIAN_POINT('Ctrl Pts',(-8.70736815035343,-52.,5.84583878517151));
#7558=CARTESIAN_POINT('Ctrl Pts',(-8.99631802079325,-50.,5.87128117935209));
#7559=CARTESIAN_POINT('Ctrl Pts',(-8.99631802079325,-52.,5.87128117935209));
#7560=CARTESIAN_POINT('Ctrl Pts',(-9.56892962609587,-50.,5.92170034082226));
#7561=CARTESIAN_POINT('Ctrl Pts',(-9.56892962609587,-52.,5.92170034082226));
#7562=CARTESIAN_POINT('Ctrl Pts',(-10.0054491733392,-50.,6.29519531835017));
#7563=CARTESIAN_POINT('Ctrl Pts',(-10.0054491733392,-52.,6.29519531835017));
#7564=CARTESIAN_POINT('Ctrl Pts',(-10.2216932922602,-50.,6.48021817207336));
#7565=CARTESIAN_POINT('Ctrl Pts',(-10.2216932922602,-52.,6.48021817207336));
#7566=CARTESIAN_POINT('',(-8.70736815035343,-50.,5.84583878517151));
#7567=CARTESIAN_POINT('Ctrl Pts',(-10.2216932922602,-50.,6.48021817207336));
#7568=CARTESIAN_POINT('Ctrl Pts',(-10.0054491733392,-50.,6.29519531835017));
#7569=CARTESIAN_POINT('Ctrl Pts',(-9.56892962609587,-50.,5.92170034082226));
#7570=CARTESIAN_POINT('Ctrl Pts',(-8.99631802079325,-50.,5.87128117935209));
#7571=CARTESIAN_POINT('Ctrl Pts',(-8.70736815035343,-50.,5.84583878517151));
#7572=CARTESIAN_POINT('',(-8.70736815035343,-52.,5.84583878517151));
#7573=CARTESIAN_POINT('Ctrl Pts',(-8.70736815035343,-52.,5.84583878517151));
#7574=CARTESIAN_POINT('Ctrl Pts',(-8.99631802079325,-52.,5.87128117935209));
#7575=CARTESIAN_POINT('Ctrl Pts',(-9.56892962609587,-52.,5.92170034082226));
#7576=CARTESIAN_POINT('Ctrl Pts',(-10.0054491733392,-52.,6.29519531835017));
#7577=CARTESIAN_POINT('Ctrl Pts',(-10.2216932922602,-52.,6.48021817207336));
#7578=CARTESIAN_POINT('',(-8.70736815035343,-50.,5.84583878517151));
#7579=CARTESIAN_POINT('Ctrl Pts',(-7.55457140505314,-50.,6.20054602622986));
#7580=CARTESIAN_POINT('Ctrl Pts',(-7.55457140505314,-52.,6.20054602622986));
#7581=CARTESIAN_POINT('Ctrl Pts',(-7.72559073545058,-50.,6.09712348461843));
#7582=CARTESIAN_POINT('Ctrl Pts',(-7.72559073545058,-52.,6.09712348461843));
#7583=CARTESIAN_POINT('Ctrl Pts',(-8.0797443165164,-50.,5.88295200242694));
#7584=CARTESIAN_POINT('Ctrl Pts',(-8.0797443165164,-52.,5.88295200242694));
#7585=CARTESIAN_POINT('Ctrl Pts',(-8.49344292494795,-50.,5.85848880408228));
#7586=CARTESIAN_POINT('Ctrl Pts',(-8.49344292494795,-52.,5.85848880408228));
#7587=CARTESIAN_POINT('Ctrl Pts',(-8.70736815035343,-50.,5.84583878517151));
#7588=CARTESIAN_POINT('Ctrl Pts',(-8.70736815035343,-52.,5.84583878517151));
#7589=CARTESIAN_POINT('',(-7.55457140505314,-50.,6.20054602622986));
#7590=CARTESIAN_POINT('Ctrl Pts',(-8.70736815035343,-50.,5.84583878517151));
#7591=CARTESIAN_POINT('Ctrl Pts',(-8.49344292494795,-50.,5.85848880408228));
#7592=CARTESIAN_POINT('Ctrl Pts',(-8.0797443165164,-50.,5.88295200242694));
#7593=CARTESIAN_POINT('Ctrl Pts',(-7.72559073545058,-50.,6.09712348461843));
#7594=CARTESIAN_POINT('Ctrl Pts',(-7.55457140505314,-50.,6.20054602622986));
#7595=CARTESIAN_POINT('',(-7.55457140505314,-52.,6.20054602622986));
#7596=CARTESIAN_POINT('Ctrl Pts',(-7.55457140505314,-52.,6.20054602622986));
#7597=CARTESIAN_POINT('Ctrl Pts',(-7.72559073545058,-52.,6.09712348461843));
#7598=CARTESIAN_POINT('Ctrl Pts',(-8.0797443165164,-52.,5.88295200242694));
#7599=CARTESIAN_POINT('Ctrl Pts',(-8.49344292494795,-52.,5.85848880408228));
#7600=CARTESIAN_POINT('Ctrl Pts',(-8.70736815035343,-52.,5.84583878517151));
#7601=CARTESIAN_POINT('',(-7.55457140505314,-50.,6.20054602622986));
#7602=CARTESIAN_POINT('Ctrl Pts',(-6.79740883409977,-50.,7.33287930488586));
#7603=CARTESIAN_POINT('Ctrl Pts',(-6.79740883409977,-52.,7.33287930488586));
#7604=CARTESIAN_POINT('Ctrl Pts',(-6.8907902833896,-50.,7.09769002899836));
#7605=CARTESIAN_POINT('Ctrl Pts',(-6.8907902833896,-52.,7.09769002899836));
#7606=CARTESIAN_POINT('Ctrl Pts',(-7.06263616685313,-50.,6.66488127304731));
#7607=CARTESIAN_POINT('Ctrl Pts',(-7.06263616685313,-52.,6.66488127304731));
#7608=CARTESIAN_POINT('Ctrl Pts',(-7.40036513629113,-50.,6.34610056330347));
#7609=CARTESIAN_POINT('Ctrl Pts',(-7.40036513629113,-52.,6.34610056330347));
#7610=CARTESIAN_POINT('Ctrl Pts',(-7.55457140505314,-50.,6.20054602622986));
#7611=CARTESIAN_POINT('Ctrl Pts',(-7.55457140505314,-52.,6.20054602622986));
#7612=CARTESIAN_POINT('Ctrl Pts',(-7.55457140505314,-50.,6.20054602622986));
#7613=CARTESIAN_POINT('Ctrl Pts',(-7.40036513629113,-50.,6.34610056330347));
#7614=CARTESIAN_POINT('Ctrl Pts',(-7.06263616685313,-50.,6.66488127304731));
#7615=CARTESIAN_POINT('Ctrl Pts',(-6.8907902833896,-50.,7.09769002899836));
#7616=CARTESIAN_POINT('Ctrl Pts',(-6.79740883409977,-50.,7.33287930488586));
#7617=CARTESIAN_POINT('Ctrl Pts',(-6.79740883409977,-52.,7.33287930488586));
#7618=CARTESIAN_POINT('Ctrl Pts',(-6.8907902833896,-52.,7.09769002899836));
#7619=CARTESIAN_POINT('Ctrl Pts',(-7.06263616685313,-52.,6.66488127304731));
#7620=CARTESIAN_POINT('Ctrl Pts',(-7.40036513629113,-52.,6.34610056330347));
#7621=CARTESIAN_POINT('Ctrl Pts',(-7.55457140505314,-52.,6.20054602622986));
#7622=CARTESIAN_POINT('Origin',(-9.68575477600098E-7,-52.,9.99999940395355));
#7623=CARTESIAN_POINT('Origin',(-50.,-50.,0.));
#7624=CARTESIAN_POINT('Origin',(40.0102307647467,-50.,5.01364231109619));
#7625=CARTESIAN_POINT('',(39.8328759521246,-50.,6.09822630882263));
#7626=CARTESIAN_POINT('',(40.0102307647467,-50.,5.01364231109619));
#7627=CARTESIAN_POINT('',(39.2373885719179,-50.,9.73983080701315));
#7628=CARTESIAN_POINT('',(39.8328759521246,-52.,6.09822630882263));
#7629=CARTESIAN_POINT('',(39.8328759521246,-50.,6.09822630882263));
#7630=CARTESIAN_POINT('',(40.0102307647467,-52.,5.01364231109619));
#7631=CARTESIAN_POINT('',(39.8328759521246,-52.,6.09822630882263));
#7632=CARTESIAN_POINT('',(40.0102307647467,-50.,5.01364231109619));
#7633=CARTESIAN_POINT('Ctrl Pts',(39.0825345367193,-50.,4.90450263023376));
#7634=CARTESIAN_POINT('Ctrl Pts',(39.0825345367193,-52.,4.90450263023376));
#7635=CARTESIAN_POINT('Ctrl Pts',(39.2284531868529,-50.,4.91011921222323));
#7636=CARTESIAN_POINT('Ctrl Pts',(39.2284531868529,-52.,4.91011921222323));
#7637=CARTESIAN_POINT('Ctrl Pts',(39.5404701740092,-50.,4.92212911629558));
#7638=CARTESIAN_POINT('Ctrl Pts',(39.5404701740092,-52.,4.92212911629558));
#7639=CARTESIAN_POINT('Ctrl Pts',(39.8470348808785,-50.,4.98185042176882));
#7640=CARTESIAN_POINT('Ctrl Pts',(39.8470348808785,-52.,4.98185042176882));
#7641=CARTESIAN_POINT('Ctrl Pts',(40.0102307647467,-50.,5.01364231109619));
#7642=CARTESIAN_POINT('Ctrl Pts',(40.0102307647467,-52.,5.01364231109619));
#7643=CARTESIAN_POINT('',(39.0825345367193,-50.,4.90450263023376));
#7644=CARTESIAN_POINT('Ctrl Pts',(40.0102307647467,-50.,5.01364231109619));
#7645=CARTESIAN_POINT('Ctrl Pts',(39.8470348808785,-50.,4.98185042176882));
#7646=CARTESIAN_POINT('Ctrl Pts',(39.5404701740092,-50.,4.92212911629558));
#7647=CARTESIAN_POINT('Ctrl Pts',(39.2284531868529,-50.,4.91011921222323));
#7648=CARTESIAN_POINT('Ctrl Pts',(39.0825345367193,-50.,4.90450263023376));
#7649=CARTESIAN_POINT('',(39.0825345367193,-52.,4.90450263023376));
#7650=CARTESIAN_POINT('Ctrl Pts',(39.0825345367193,-52.,4.90450263023376));
#7651=CARTESIAN_POINT('Ctrl Pts',(39.2284531868529,-52.,4.91011921222323));
#7652=CARTESIAN_POINT('Ctrl Pts',(39.5404701740092,-52.,4.92212911629558));
#7653=CARTESIAN_POINT('Ctrl Pts',(39.8470348808785,-52.,4.98185042176882));
#7654=CARTESIAN_POINT('Ctrl Pts',(40.0102307647467,-52.,5.01364231109619));
#7655=CARTESIAN_POINT('',(39.0825345367193,-50.,4.90450263023376));
#7656=CARTESIAN_POINT('Ctrl Pts',(38.0456998199224,-50.,5.11596202850342));
#7657=CARTESIAN_POINT('Ctrl Pts',(38.0456998199224,-52.,5.11596202850342));
#7658=CARTESIAN_POINT('Ctrl Pts',(38.1916064571268,-50.,5.05450253564295));
#7659=CARTESIAN_POINT('Ctrl Pts',(38.1916064571268,-52.,5.05450253564295));
#7660=CARTESIAN_POINT('Ctrl Pts',(38.5221230451011,-50.,4.91528075472827));
#7661=CARTESIAN_POINT('Ctrl Pts',(38.5221230451011,-52.,4.91528075472827));
#7662=CARTESIAN_POINT('Ctrl Pts',(38.8816954610803,-50.,4.90836527151249));
#7663=CARTESIAN_POINT('Ctrl Pts',(38.8816954610803,-52.,4.90836527151249));
#7664=CARTESIAN_POINT('Ctrl Pts',(39.0825345367193,-50.,4.90450263023376));
#7665=CARTESIAN_POINT('Ctrl Pts',(39.0825345367193,-52.,4.90450263023376));
#7666=CARTESIAN_POINT('',(38.0456998199224,-50.,5.11596202850342));
#7667=CARTESIAN_POINT('Ctrl Pts',(39.0825345367193,-50.,4.90450263023376));
#7668=CARTESIAN_POINT('Ctrl Pts',(38.8816954610803,-50.,4.90836527151249));
#7669=CARTESIAN_POINT('Ctrl Pts',(38.5221230451011,-50.,4.91528075472827));
#7670=CARTESIAN_POINT('Ctrl Pts',(38.1916064571268,-50.,5.05450253564295));
#7671=CARTESIAN_POINT('Ctrl Pts',(38.0456998199224,-50.,5.11596202850342));
#7672=CARTESIAN_POINT('',(38.0456998199224,-52.,5.11596202850342));
#7673=CARTESIAN_POINT('Ctrl Pts',(38.0456998199224,-52.,5.11596202850342));
#7674=CARTESIAN_POINT('Ctrl Pts',(38.1916064571268,-52.,5.05450253564295));
#7675=CARTESIAN_POINT('Ctrl Pts',(38.5221230451011,-52.,4.91528075472827));
#7676=CARTESIAN_POINT('Ctrl Pts',(38.8816954610803,-52.,4.90836527151249));
#7677=CARTESIAN_POINT('Ctrl Pts',(39.0825345367193,-52.,4.90450263023376));
#7678=CARTESIAN_POINT('',(38.0456998199224,-50.,5.11596202850342));
#7679=CARTESIAN_POINT('Ctrl Pts',(37.527282461524,-50.,5.67189574241638));
#7680=CARTESIAN_POINT('Ctrl Pts',(37.527282461524,-52.,5.67189574241638));
#7681=CARTESIAN_POINT('Ctrl Pts',(37.5883183061181,-50.,5.56153560401976));
#7682=CARTESIAN_POINT('Ctrl Pts',(37.5883183061181,-52.,5.56153560401976));
#7683=CARTESIAN_POINT('Ctrl Pts',(37.7145604234423,-50.,5.33327469222233));
#7684=CARTESIAN_POINT('Ctrl Pts',(37.7145604234423,-52.,5.33327469222233));
#7685=CARTESIAN_POINT('Ctrl Pts',(37.9329155557537,-50.,5.18997753113647));
#7686=CARTESIAN_POINT('Ctrl Pts',(37.9329155557537,-52.,5.18997753113647));
#7687=CARTESIAN_POINT('Ctrl Pts',(38.0456998199224,-50.,5.11596202850342));
#7688=CARTESIAN_POINT('Ctrl Pts',(38.0456998199224,-52.,5.11596202850342));
#7689=CARTESIAN_POINT('',(37.527282461524,-50.,5.67189574241638));
#7690=CARTESIAN_POINT('Ctrl Pts',(38.0456998199224,-50.,5.11596202850342));
#7691=CARTESIAN_POINT('Ctrl Pts',(37.9329155557537,-50.,5.18997753113647));
#7692=CARTESIAN_POINT('Ctrl Pts',(37.7145604234423,-50.,5.33327469222233));
#7693=CARTESIAN_POINT('Ctrl Pts',(37.5883183061181,-50.,5.56153560401976));
#7694=CARTESIAN_POINT('Ctrl Pts',(37.527282461524,-50.,5.67189574241638));
#7695=CARTESIAN_POINT('',(37.527282461524,-52.,5.67189574241638));
#7696=CARTESIAN_POINT('Ctrl Pts',(37.527282461524,-52.,5.67189574241638));
#7697=CARTESIAN_POINT('Ctrl Pts',(37.5883183061181,-52.,5.56153560401976));
#7698=CARTESIAN_POINT('Ctrl Pts',(37.7145604234423,-52.,5.33327469222233));
#7699=CARTESIAN_POINT('Ctrl Pts',(37.9329155557537,-52.,5.18997753113647));
#7700=CARTESIAN_POINT('Ctrl Pts',(38.0456998199224,-52.,5.11596202850342));
#7701=CARTESIAN_POINT('',(37.527282461524,-50.,5.67189574241638));
#7702=CARTESIAN_POINT('Ctrl Pts',(37.3772218078375,-50.,7.12141871452332));
#7703=CARTESIAN_POINT('Ctrl Pts',(37.3772218078375,-52.,7.12141871452332));
#7704=CARTESIAN_POINT('Ctrl Pts',(37.3739541972444,-50.,6.81448062992947));
#7705=CARTESIAN_POINT('Ctrl Pts',(37.3739541972444,-52.,6.81448062992947));
#7706=CARTESIAN_POINT('Ctrl Pts',(37.3687369724817,-50.,6.32440847170478));
#7707=CARTESIAN_POINT('Ctrl Pts',(37.3687369724817,-52.,6.32440847170478));
#7708=CARTESIAN_POINT('Ctrl Pts',(37.4841529123752,-50.,5.84940050775582));
#7709=CARTESIAN_POINT('Ctrl Pts',(37.4841529123752,-52.,5.84940050775582));
#7710=CARTESIAN_POINT('Ctrl Pts',(37.527282461524,-50.,5.67189574241638));
#7711=CARTESIAN_POINT('Ctrl Pts',(37.527282461524,-52.,5.67189574241638));
#7712=CARTESIAN_POINT('',(37.3772218078375,-50.,7.12141871452332));
#7713=CARTESIAN_POINT('Ctrl Pts',(37.527282461524,-50.,5.67189574241638));
#7714=CARTESIAN_POINT('Ctrl Pts',(37.4841529123752,-50.,5.84940050775582));
#7715=CARTESIAN_POINT('Ctrl Pts',(37.3687369724817,-50.,6.32440847170478));
#7716=CARTESIAN_POINT('Ctrl Pts',(37.3739541972444,-50.,6.81448062992947));
#7717=CARTESIAN_POINT('Ctrl Pts',(37.3772218078375,-50.,7.12141871452332));
#7718=CARTESIAN_POINT('',(37.3772218078375,-52.,7.12141871452332));
#7719=CARTESIAN_POINT('Ctrl Pts',(37.3772218078375,-52.,7.12141871452332));
#7720=CARTESIAN_POINT('Ctrl Pts',(37.3739541972444,-52.,6.81448062992947));
#7721=CARTESIAN_POINT('Ctrl Pts',(37.3687369724817,-52.,6.32440847170478));
#7722=CARTESIAN_POINT('Ctrl Pts',(37.4841529123752,-52.,5.84940050775582));
#7723=CARTESIAN_POINT('Ctrl Pts',(37.527282461524,-52.,5.67189574241638));
#7724=CARTESIAN_POINT('',(37.3772218078375,-50.,7.12141871452332));
#7725=CARTESIAN_POINT('Origin',(37.3772218078375,-50.,11.289222240448));
#7726=CARTESIAN_POINT('',(37.3772218078375,-50.,11.289222240448));
#7727=CARTESIAN_POINT('',(37.3772218078375,-50.,5.644611120224));
#7728=CARTESIAN_POINT('',(37.3772218078375,-52.,11.289222240448));
#7729=CARTESIAN_POINT('',(37.3772218078375,-52.,7.12141871452332));
#7730=CARTESIAN_POINT('',(37.3772218078375,-50.,11.289222240448));
#7731=CARTESIAN_POINT('Origin',(36.4768006652594,-50.,11.289222240448));
#7732=CARTESIAN_POINT('',(36.4768006652594,-50.,11.289222240448));
#7733=CARTESIAN_POINT('',(-6.76159966737032,-50.,11.289222240448));
#7734=CARTESIAN_POINT('',(36.4768006652594,-52.,11.289222240448));
#7735=CARTESIAN_POINT('',(37.3772218078375,-52.,11.289222240448));
#7736=CARTESIAN_POINT('',(36.4768006652594,-50.,11.289222240448));
#7737=CARTESIAN_POINT('Origin',(36.4768006652594,-50.,12.2442018985748));
#7738=CARTESIAN_POINT('',(36.4768006652594,-50.,12.2442018985748));
#7739=CARTESIAN_POINT('',(36.4768006652594,-50.,6.12210094928741));
#7740=CARTESIAN_POINT('',(36.4768006652594,-52.,12.2442018985748));
#7741=CARTESIAN_POINT('',(36.4768006652594,-52.,11.289222240448));
#7742=CARTESIAN_POINT('',(36.4768006652594,-50.,12.2442018985748));
#7743=CARTESIAN_POINT('Origin',(37.3772218078375,-50.,12.2442018985748));
#7744=CARTESIAN_POINT('',(37.3772218078375,-50.,12.2442018985748));
#7745=CARTESIAN_POINT('',(-6.31138909608126,-50.,12.2442018985748));
#7746=CARTESIAN_POINT('',(37.3772218078375,-52.,12.2442018985748));
#7747=CARTESIAN_POINT('',(36.4768006652594,-52.,12.2442018985748));
#7748=CARTESIAN_POINT('',(37.3772218078375,-50.,12.2442018985748));
#7749=CARTESIAN_POINT('Origin',(37.3772218078375,-50.,14.0381991863251));
#7750=CARTESIAN_POINT('',(37.3772218078375,-50.,14.0381991863251));
#7751=CARTESIAN_POINT('',(37.3772218078375,-50.,7.01909959316254));
#7752=CARTESIAN_POINT('',(37.3772218078375,-52.,14.0381991863251));
#7753=CARTESIAN_POINT('',(37.3772218078375,-52.,12.2442018985748));
#7754=CARTESIAN_POINT('',(37.3772218078375,-50.,14.0381991863251));
#7755=CARTESIAN_POINT('Origin',(38.5982301086187,-50.,14.7748976945877));
#7756=CARTESIAN_POINT('',(38.5982301086187,-50.,14.7748976945877));
#7757=CARTESIAN_POINT('',(2.85400424651257,-50.,-6.79147319311843));
#7758=CARTESIAN_POINT('',(38.5982301086187,-52.,14.7748976945877));
#7759=CARTESIAN_POINT('',(37.3772218078375,-52.,14.0381991863251));
#7760=CARTESIAN_POINT('',(38.5982301086187,-50.,14.7748976945877));
#7761=CARTESIAN_POINT('Origin',(38.5982301086187,-50.,12.2442018985748));
#7762=CARTESIAN_POINT('',(38.5982301086187,-50.,12.2442018985748));
#7763=CARTESIAN_POINT('',(38.5982301086187,-50.,6.12210094928741));
#7764=CARTESIAN_POINT('',(38.5982301086187,-52.,12.2442018985748));
#7765=CARTESIAN_POINT('',(38.5982301086187,-52.,14.7748976945877));
#7766=CARTESIAN_POINT('',(38.5982301086187,-50.,12.2442018985748));
#7767=CARTESIAN_POINT('Origin',(39.8328759521246,-50.,12.2442018985748));
#7768=CARTESIAN_POINT('',(39.8328759521246,-50.,12.2442018985748));
#7769=CARTESIAN_POINT('',(-5.0835620239377,-50.,12.2442018985748));
#7770=CARTESIAN_POINT('',(39.8328759521246,-52.,12.2442018985748));
#7771=CARTESIAN_POINT('',(38.5982301086187,-52.,12.2442018985748));
#7772=CARTESIAN_POINT('',(39.8328759521246,-50.,12.2442018985748));
#7773=CARTESIAN_POINT('Origin',(39.8328759521246,-50.,11.289222240448));
#7774=CARTESIAN_POINT('',(39.8328759521246,-50.,11.289222240448));
#7775=CARTESIAN_POINT('',(39.8328759521246,-50.,5.644611120224));
#7776=CARTESIAN_POINT('',(39.8328759521246,-52.,11.289222240448));
#7777=CARTESIAN_POINT('',(39.8328759521246,-52.,12.2442018985748));
#7778=CARTESIAN_POINT('',(39.8328759521246,-50.,11.289222240448));
#7779=CARTESIAN_POINT('Origin',(38.5982301086187,-50.,11.289222240448));
#7780=CARTESIAN_POINT('',(38.5982301086187,-50.,11.289222240448));
#7781=CARTESIAN_POINT('',(-5.70088494569063,-50.,11.289222240448));
#7782=CARTESIAN_POINT('',(38.5982301086187,-52.,11.289222240448));
#7783=CARTESIAN_POINT('',(39.8328759521246,-52.,11.289222240448));
#7784=CARTESIAN_POINT('',(38.5982301086187,-50.,11.289222240448));
#7785=CARTESIAN_POINT('Origin',(38.5982301086187,-50.,7.05320596694946));
#7786=CARTESIAN_POINT('',(38.5982301086187,-50.,7.05320596694946));
#7787=CARTESIAN_POINT('',(38.5982301086187,-50.,3.52660298347473));
#7788=CARTESIAN_POINT('',(38.5982301086187,-52.,7.05320596694946));
#7789=CARTESIAN_POINT('',(38.5982301086187,-52.,11.289222240448));
#7790=CARTESIAN_POINT('',(38.5982301086187,-50.,7.05320596694946));
#7791=CARTESIAN_POINT('Ctrl Pts',(38.6630227416754,-50.,6.37789845466614));
#7792=CARTESIAN_POINT('Ctrl Pts',(38.6630227416754,-52.,6.37789845466614));
#7793=CARTESIAN_POINT('Ctrl Pts',(38.6444309168157,-50.,6.45890424591722));
#7794=CARTESIAN_POINT('Ctrl Pts',(38.6444309168157,-52.,6.45890424591722));
#7795=CARTESIAN_POINT('Ctrl Pts',(38.5935576484356,-50.,6.68056238812452));
#7796=CARTESIAN_POINT('Ctrl Pts',(38.5935576484356,-52.,6.68056238812452));
#7797=CARTESIAN_POINT('Ctrl Pts',(38.5964162155025,-50.,6.90854221467218));
#7798=CARTESIAN_POINT('Ctrl Pts',(38.5964162155025,-52.,6.90854221467218));
#7799=CARTESIAN_POINT('Ctrl Pts',(38.5982301086187,-50.,7.05320596694946));
#7800=CARTESIAN_POINT('Ctrl Pts',(38.5982301086187,-52.,7.05320596694946));
#7801=CARTESIAN_POINT('',(38.6630227416754,-50.,6.37789845466614));
#7802=CARTESIAN_POINT('Ctrl Pts',(38.5982301086187,-50.,7.05320596694946));
#7803=CARTESIAN_POINT('Ctrl Pts',(38.5964162155025,-50.,6.90854221467218));
#7804=CARTESIAN_POINT('Ctrl Pts',(38.5935576484356,-50.,6.68056238812452));
#7805=CARTESIAN_POINT('Ctrl Pts',(38.6444309168157,-50.,6.45890424591722));
#7806=CARTESIAN_POINT('Ctrl Pts',(38.6630227416754,-50.,6.37789845466614));
#7807=CARTESIAN_POINT('',(38.6630227416754,-52.,6.37789845466614));
#7808=CARTESIAN_POINT('Ctrl Pts',(38.6630227416754,-52.,6.37789845466614));
#7809=CARTESIAN_POINT('Ctrl Pts',(38.6444309168157,-52.,6.45890424591722));
#7810=CARTESIAN_POINT('Ctrl Pts',(38.5935576484356,-52.,6.68056238812452));
#7811=CARTESIAN_POINT('Ctrl Pts',(38.5964162155025,-52.,6.90854221467218));
#7812=CARTESIAN_POINT('Ctrl Pts',(38.5982301086187,-52.,7.05320596694946));
#7813=CARTESIAN_POINT('',(38.6630227416754,-50.,6.37789845466614));
#7814=CARTESIAN_POINT('Ctrl Pts',(38.8744904845953,-50.,6.1391544342041));
#7815=CARTESIAN_POINT('Ctrl Pts',(38.8744904845953,-52.,6.1391544342041));
#7816=CARTESIAN_POINT('Ctrl Pts',(38.8291593959938,-50.,6.17094668082517));
#7817=CARTESIAN_POINT('Ctrl Pts',(38.8291593959938,-52.,6.17094668082517));
#7818=CARTESIAN_POINT('Ctrl Pts',(38.7396329900597,-50.,6.23373461873627));
#7819=CARTESIAN_POINT('Ctrl Pts',(38.7396329900597,-52.,6.23373461873627));
#7820=CARTESIAN_POINT('Ctrl Pts',(38.6883425936453,-50.,6.33025199662509));
#7821=CARTESIAN_POINT('Ctrl Pts',(38.6883425936453,-52.,6.33025199662509));
#7822=CARTESIAN_POINT('Ctrl Pts',(38.6630227416754,-50.,6.37789845466614));
#7823=CARTESIAN_POINT('Ctrl Pts',(38.6630227416754,-52.,6.37789845466614));
#7824=CARTESIAN_POINT('',(38.8744904845953,-50.,6.1391544342041));
#7825=CARTESIAN_POINT('Ctrl Pts',(38.6630227416754,-50.,6.37789845466614));
#7826=CARTESIAN_POINT('Ctrl Pts',(38.6883425936453,-50.,6.33025199662509));
#7827=CARTESIAN_POINT('Ctrl Pts',(38.7396329900597,-50.,6.23373461873627));
#7828=CARTESIAN_POINT('Ctrl Pts',(38.8291593959938,-50.,6.17094668082517));
#7829=CARTESIAN_POINT('Ctrl Pts',(38.8744904845953,-50.,6.1391544342041));
#7830=CARTESIAN_POINT('',(38.8744904845953,-52.,6.1391544342041));
#7831=CARTESIAN_POINT('Ctrl Pts',(38.8744904845953,-52.,6.1391544342041));
#7832=CARTESIAN_POINT('Ctrl Pts',(38.8291593959938,-52.,6.17094668082517));
#7833=CARTESIAN_POINT('Ctrl Pts',(38.7396329900597,-52.,6.23373461873627));
#7834=CARTESIAN_POINT('Ctrl Pts',(38.6883425936453,-52.,6.33025199662509));
#7835=CARTESIAN_POINT('Ctrl Pts',(38.6630227416754,-52.,6.37789845466614));
#7836=CARTESIAN_POINT('',(38.8744904845953,-50.,6.1391544342041));
#7837=CARTESIAN_POINT('Ctrl Pts',(39.2939927428961,-50.,6.05047702789307));
#7838=CARTESIAN_POINT('Ctrl Pts',(39.2939927428961,-52.,6.05047702789307));
#7839=CARTESIAN_POINT('Ctrl Pts',(39.212226579808,-50.,6.05202567638984));
#7840=CARTESIAN_POINT('Ctrl Pts',(39.212226579808,-52.,6.05202567638984));
#7841=CARTESIAN_POINT('Ctrl Pts',(39.066276423293,-50.,6.05478996765598));
#7842=CARTESIAN_POINT('Ctrl Pts',(39.066276423293,-52.,6.05478996765598));
#7843=CARTESIAN_POINT('Ctrl Pts',(38.9330701463597,-50.,6.11338590315914));
#7844=CARTESIAN_POINT('Ctrl Pts',(38.9330701463597,-52.,6.11338590315914));
#7845=CARTESIAN_POINT('Ctrl Pts',(38.8744904845953,-50.,6.1391544342041));
#7846=CARTESIAN_POINT('Ctrl Pts',(38.8744904845953,-52.,6.1391544342041));
#7847=CARTESIAN_POINT('',(39.2939927428961,-50.,6.05047702789307));
#7848=CARTESIAN_POINT('Ctrl Pts',(38.8744904845953,-50.,6.1391544342041));
#7849=CARTESIAN_POINT('Ctrl Pts',(38.9330701463597,-50.,6.11338590315914));
#7850=CARTESIAN_POINT('Ctrl Pts',(39.066276423293,-50.,6.05478996765598));
#7851=CARTESIAN_POINT('Ctrl Pts',(39.212226579808,-50.,6.05202567638984));
#7852=CARTESIAN_POINT('Ctrl Pts',(39.2939927428961,-50.,6.05047702789307));
#7853=CARTESIAN_POINT('',(39.2939927428961,-52.,6.05047702789307));
#7854=CARTESIAN_POINT('Ctrl Pts',(39.2939927428961,-52.,6.05047702789307));
#7855=CARTESIAN_POINT('Ctrl Pts',(39.212226579808,-52.,6.05202567638984));
#7856=CARTESIAN_POINT('Ctrl Pts',(39.066276423293,-52.,6.05478996765598));
#7857=CARTESIAN_POINT('Ctrl Pts',(38.9330701463597,-52.,6.11338590315914));
#7858=CARTESIAN_POINT('Ctrl Pts',(38.8744904845953,-52.,6.1391544342041));
#7859=CARTESIAN_POINT('',(39.2939927428961,-50.,6.05047702789307));
#7860=CARTESIAN_POINT('Ctrl Pts',(39.8328759521246,-50.,6.09822630882263));
#7861=CARTESIAN_POINT('Ctrl Pts',(39.8328759521246,-52.,6.09822630882263));
#7862=CARTESIAN_POINT('Ctrl Pts',(39.7324254557381,-50.,6.08436765439535));
#7863=CARTESIAN_POINT('Ctrl Pts',(39.7324254557381,-52.,6.08436765439535));
#7864=CARTESIAN_POINT('Ctrl Pts',(39.5535374283108,-50.,6.05968736467577));
#7865=CARTESIAN_POINT('Ctrl Pts',(39.5535374283108,-52.,6.05968736467577));
#7866=CARTESIAN_POINT('Ctrl Pts',(39.3731067043692,-50.,6.05328450679874));
#7867=CARTESIAN_POINT('Ctrl Pts',(39.3731067043692,-52.,6.05328450679874));
#7868=CARTESIAN_POINT('Ctrl Pts',(39.2939927428961,-50.,6.05047702789307));
#7869=CARTESIAN_POINT('Ctrl Pts',(39.2939927428961,-52.,6.05047702789307));
#7870=CARTESIAN_POINT('Ctrl Pts',(39.2939927428961,-50.,6.05047702789307));
#7871=CARTESIAN_POINT('Ctrl Pts',(39.3731067043692,-50.,6.05328450679874));
#7872=CARTESIAN_POINT('Ctrl Pts',(39.5535374283108,-50.,6.05968736467577));
#7873=CARTESIAN_POINT('Ctrl Pts',(39.7324254557381,-50.,6.08436765439535));
#7874=CARTESIAN_POINT('Ctrl Pts',(39.8328759521246,-50.,6.09822630882263));
#7875=CARTESIAN_POINT('Ctrl Pts',(39.8328759521246,-52.,6.09822630882263));
#7876=CARTESIAN_POINT('Ctrl Pts',(39.7324254557381,-52.,6.08436765439535));
#7877=CARTESIAN_POINT('Ctrl Pts',(39.5535374283108,-52.,6.05968736467577));
#7878=CARTESIAN_POINT('Ctrl Pts',(39.3731067043692,-52.,6.05328450679874));
#7879=CARTESIAN_POINT('Ctrl Pts',(39.2939927428961,-52.,6.05047702789307));
#7880=CARTESIAN_POINT('Origin',(-9.68575477600098E-7,-52.,9.99999940395355));
#7881=CARTESIAN_POINT('Origin',(13.8165070861578,-50.,7.35334277153015));
#7882=CARTESIAN_POINT('',(12.6023175567389,-50.,7.16234683990479));
#7883=CARTESIAN_POINT('',(13.8165070861578,-50.,7.35334277153015));
#7884=CARTESIAN_POINT('',(-17.8856508557509,-50.,2.36649101244194));
#7885=CARTESIAN_POINT('',(12.6023175567389,-52.,7.16234683990479));
#7886=CARTESIAN_POINT('',(12.6023175567389,-50.,7.16234683990479));
#7887=CARTESIAN_POINT('',(13.8165070861578,-52.,7.35334277153015));
#7888=CARTESIAN_POINT('',(12.6023175567389,-52.,7.16234683990479));
#7889=CARTESIAN_POINT('',(13.8165070861578,-50.,7.35334277153015));
#7890=CARTESIAN_POINT('Ctrl Pts',(14.3860843032598,-50.,6.23465180397034));
#7891=CARTESIAN_POINT('Ctrl Pts',(14.3860843032598,-52.,6.23465180397034));
#7892=CARTESIAN_POINT('Ctrl Pts',(14.244803551127,-50.,6.38435693252299));
#7893=CARTESIAN_POINT('Ctrl Pts',(14.244803551127,-52.,6.38435693252299));
#7894=CARTESIAN_POINT('Ctrl Pts',(13.946378074498,-50.,6.7005771087869));
#7895=CARTESIAN_POINT('Ctrl Pts',(13.946378074498,-52.,6.7005771087869));
#7896=CARTESIAN_POINT('Ctrl Pts',(13.861304881607,-50.,7.12817729762731));
#7897=CARTESIAN_POINT('Ctrl Pts',(13.861304881607,-52.,7.12817729762731));
#7898=CARTESIAN_POINT('Ctrl Pts',(13.8165070861578,-50.,7.35334277153015));
#7899=CARTESIAN_POINT('Ctrl Pts',(13.8165070861578,-52.,7.35334277153015));
#7900=CARTESIAN_POINT('',(14.3860843032598,-50.,6.23465180397034));
#7901=CARTESIAN_POINT('Ctrl Pts',(13.8165070861578,-50.,7.35334277153015));
#7902=CARTESIAN_POINT('Ctrl Pts',(13.861304881607,-50.,7.12817729762731));
#7903=CARTESIAN_POINT('Ctrl Pts',(13.946378074498,-50.,6.7005771087869));
#7904=CARTESIAN_POINT('Ctrl Pts',(14.244803551127,-50.,6.38435693252299));
#7905=CARTESIAN_POINT('Ctrl Pts',(14.3860843032598,-50.,6.23465180397034));
#7906=CARTESIAN_POINT('',(14.3860843032598,-52.,6.23465180397034));
#7907=CARTESIAN_POINT('Ctrl Pts',(14.3860843032598,-52.,6.23465180397034));
#7908=CARTESIAN_POINT('Ctrl Pts',(14.244803551127,-52.,6.38435693252299));
#7909=CARTESIAN_POINT('Ctrl Pts',(13.946378074498,-52.,6.7005771087869));
#7910=CARTESIAN_POINT('Ctrl Pts',(13.861304881607,-52.,7.12817729762731));
#7911=CARTESIAN_POINT('Ctrl Pts',(13.8165070861578,-52.,7.35334277153015));
#7912=CARTESIAN_POINT('',(14.3860843032598,-50.,6.23465180397034));
#7913=CARTESIAN_POINT('Ctrl Pts',(15.692360624671,-50.,5.84583878517151));
#7914=CARTESIAN_POINT('Ctrl Pts',(15.692360624671,-52.,5.84583878517151));
#7915=CARTESIAN_POINT('Ctrl Pts',(15.4365368018044,-50.,5.85556954879918));
#7916=CARTESIAN_POINT('Ctrl Pts',(15.4365368018044,-52.,5.85556954879918));
#7917=CARTESIAN_POINT('Ctrl Pts',(14.9659741654818,-50.,5.87346832669548));
#7918=CARTESIAN_POINT('Ctrl Pts',(14.9659741654818,-52.,5.87346832669548));
#7919=CARTESIAN_POINT('Ctrl Pts',(14.567792456641,-50.,6.12147516998689));
#7920=CARTESIAN_POINT('Ctrl Pts',(14.567792456641,-52.,6.12147516998689));
#7921=CARTESIAN_POINT('Ctrl Pts',(14.3860843032598,-50.,6.23465180397034));
#7922=CARTESIAN_POINT('Ctrl Pts',(14.3860843032598,-52.,6.23465180397034));
#7923=CARTESIAN_POINT('',(15.692360624671,-50.,5.84583878517151));
#7924=CARTESIAN_POINT('Ctrl Pts',(14.3860843032598,-50.,6.23465180397034));
#7925=CARTESIAN_POINT('Ctrl Pts',(14.567792456641,-50.,6.12147516998689));
#7926=CARTESIAN_POINT('Ctrl Pts',(14.9659741654818,-50.,5.87346832669548));
#7927=CARTESIAN_POINT('Ctrl Pts',(15.4365368018044,-50.,5.85556954879918));
#7928=CARTESIAN_POINT('Ctrl Pts',(15.692360624671,-50.,5.84583878517151));
#7929=CARTESIAN_POINT('',(15.692360624671,-52.,5.84583878517151));
#7930=CARTESIAN_POINT('Ctrl Pts',(15.692360624671,-52.,5.84583878517151));
#7931=CARTESIAN_POINT('Ctrl Pts',(15.4365368018044,-52.,5.85556954879918));
#7932=CARTESIAN_POINT('Ctrl Pts',(14.9659741654818,-52.,5.87346832669548));
#7933=CARTESIAN_POINT('Ctrl Pts',(14.567792456641,-52.,6.12147516998689));
#7934=CARTESIAN_POINT('Ctrl Pts',(14.3860843032598,-52.,6.23465180397034));
#7935=CARTESIAN_POINT('',(15.692360624671,-50.,5.84583878517151));
#7936=CARTESIAN_POINT('Ctrl Pts',(16.9474723190069,-50.,6.19031429290771));
#7937=CARTESIAN_POINT('Ctrl Pts',(16.9474723190069,-52.,6.19031429290771));
#7938=CARTESIAN_POINT('Ctrl Pts',(16.7788260037792,-50.,6.09022921359186));
#7939=CARTESIAN_POINT('Ctrl Pts',(16.7788260037792,-52.,6.09022921359186));
#7940=CARTESIAN_POINT('Ctrl Pts',(16.3942221933656,-50.,5.86198169559269));
#7941=CARTESIAN_POINT('Ctrl Pts',(16.3942221933656,-52.,5.86198169559269));
#7942=CARTESIAN_POINT('Ctrl Pts',(15.9447449606735,-50.,5.85164365882398));
#7943=CARTESIAN_POINT('Ctrl Pts',(15.9447449606735,-52.,5.85164365882398));
#7944=CARTESIAN_POINT('Ctrl Pts',(15.692360624671,-50.,5.84583878517151));
#7945=CARTESIAN_POINT('Ctrl Pts',(15.692360624671,-52.,5.84583878517151));
#7946=CARTESIAN_POINT('',(16.9474723190069,-50.,6.19031429290771));
#7947=CARTESIAN_POINT('Ctrl Pts',(15.692360624671,-50.,5.84583878517151));
#7948=CARTESIAN_POINT('Ctrl Pts',(15.9447449606735,-50.,5.85164365882398));
#7949=CARTESIAN_POINT('Ctrl Pts',(16.3942221933656,-50.,5.86198169559269));
#7950=CARTESIAN_POINT('Ctrl Pts',(16.7788260037792,-50.,6.09022921359186));
#7951=CARTESIAN_POINT('Ctrl Pts',(16.9474723190069,-50.,6.19031429290771));
#7952=CARTESIAN_POINT('',(16.9474723190069,-52.,6.19031429290771));
#7953=CARTESIAN_POINT('Ctrl Pts',(16.9474723190069,-52.,6.19031429290771));
#7954=CARTESIAN_POINT('Ctrl Pts',(16.7788260037792,-52.,6.09022921359186));
#7955=CARTESIAN_POINT('Ctrl Pts',(16.3942221933656,-52.,5.86198169559269));
#7956=CARTESIAN_POINT('Ctrl Pts',(15.9447449606735,-52.,5.85164365882398));
#7957=CARTESIAN_POINT('Ctrl Pts',(15.692360624671,-52.,5.84583878517151));
#7958=CARTESIAN_POINT('',(16.9474723190069,-50.,6.19031429290771));
#7959=CARTESIAN_POINT('Ctrl Pts',(17.3567511886358,-50.,6.9986355304718));
#7960=CARTESIAN_POINT('Ctrl Pts',(17.3567511886358,-52.,6.9986355304718));
#7961=CARTESIAN_POINT('Ctrl Pts',(17.3370630027691,-50.,6.84683849521559));
#7962=CARTESIAN_POINT('Ctrl Pts',(17.3370630027691,-52.,6.84683849521559));
#7963=CARTESIAN_POINT('Ctrl Pts',(17.296000774252,-50.,6.53024637280736));
#7964=CARTESIAN_POINT('Ctrl Pts',(17.296000774252,-52.,6.53024637280736));
#7965=CARTESIAN_POINT('Ctrl Pts',(17.0667853709875,-50.,6.3066845155067));
#7966=CARTESIAN_POINT('Ctrl Pts',(17.0667853709875,-52.,6.3066845155067));
#7967=CARTESIAN_POINT('Ctrl Pts',(16.9474723190069,-50.,6.19031429290771));
#7968=CARTESIAN_POINT('Ctrl Pts',(16.9474723190069,-52.,6.19031429290771));
#7969=CARTESIAN_POINT('',(17.3567511886358,-50.,6.9986355304718));
#7970=CARTESIAN_POINT('Ctrl Pts',(16.9474723190069,-50.,6.19031429290771));
#7971=CARTESIAN_POINT('Ctrl Pts',(17.0667853709875,-50.,6.3066845155067));
#7972=CARTESIAN_POINT('Ctrl Pts',(17.296000774252,-50.,6.53024637280736));
#7973=CARTESIAN_POINT('Ctrl Pts',(17.3370630027691,-50.,6.84683849521559));
#7974=CARTESIAN_POINT('Ctrl Pts',(17.3567511886358,-50.,6.9986355304718));
#7975=CARTESIAN_POINT('',(17.3567511886358,-52.,6.9986355304718));
#7976=CARTESIAN_POINT('Ctrl Pts',(17.3567511886358,-52.,6.9986355304718));
#7977=CARTESIAN_POINT('Ctrl Pts',(17.3370630027691,-52.,6.84683849521559));
#7978=CARTESIAN_POINT('Ctrl Pts',(17.296000774252,-52.,6.53024637280736));
#7979=CARTESIAN_POINT('Ctrl Pts',(17.0667853709875,-52.,6.3066845155067));
#7980=CARTESIAN_POINT('Ctrl Pts',(16.9474723190069,-52.,6.19031429290771));
#7981=CARTESIAN_POINT('',(17.3567511886358,-50.,6.9986355304718));
#7982=CARTESIAN_POINT('Ctrl Pts',(16.9952227920294,-50.,7.65347898006439));
#7983=CARTESIAN_POINT('Ctrl Pts',(16.9952227920294,-52.,7.65347898006439));
#7984=CARTESIAN_POINT('Ctrl Pts',(17.1006628820397,-50.,7.5673675885987));
#7985=CARTESIAN_POINT('Ctrl Pts',(17.1006628820397,-52.,7.5673675885987));
#7986=CARTESIAN_POINT('Ctrl Pts',(17.3090148569962,-50.,7.3972095540563));
#7987=CARTESIAN_POINT('Ctrl Pts',(17.3090148569962,-52.,7.3972095540563));
#7988=CARTESIAN_POINT('Ctrl Pts',(17.3409683223853,-50.,7.13041441437592));
#7989=CARTESIAN_POINT('Ctrl Pts',(17.3409683223853,-52.,7.13041441437592));
#7990=CARTESIAN_POINT('Ctrl Pts',(17.3567511886358,-50.,6.9986355304718));
#7991=CARTESIAN_POINT('Ctrl Pts',(17.3567511886358,-52.,6.9986355304718));
#7992=CARTESIAN_POINT('',(16.9952227920294,-50.,7.65347898006439));
#7993=CARTESIAN_POINT('Ctrl Pts',(17.3567511886358,-50.,6.9986355304718));
#7994=CARTESIAN_POINT('Ctrl Pts',(17.3409683223853,-50.,7.13041441437592));
#7995=CARTESIAN_POINT('Ctrl Pts',(17.3090148569962,-50.,7.3972095540563));
#7996=CARTESIAN_POINT('Ctrl Pts',(17.1006628820397,-50.,7.5673675885987));
#7997=CARTESIAN_POINT('Ctrl Pts',(16.9952227920294,-50.,7.65347898006439));
#7998=CARTESIAN_POINT('',(16.9952227920294,-52.,7.65347898006439));
#7999=CARTESIAN_POINT('Ctrl Pts',(16.9952227920294,-52.,7.65347898006439));
#8000=CARTESIAN_POINT('Ctrl Pts',(17.1006628820397,-52.,7.5673675885987));
#8001=CARTESIAN_POINT('Ctrl Pts',(17.3090148569962,-52.,7.3972095540563));
#8002=CARTESIAN_POINT('Ctrl Pts',(17.3409683223853,-52.,7.13041441437592));
#8003=CARTESIAN_POINT('Ctrl Pts',(17.3567511886358,-52.,6.9986355304718));
#8004=CARTESIAN_POINT('',(16.9952227920294,-50.,7.65347898006439));
#8005=CARTESIAN_POINT('Ctrl Pts',(15.7401063293219,-50.,8.06957721710205));
#8006=CARTESIAN_POINT('Ctrl Pts',(15.7401063293219,-52.,8.06957721710205));
#8007=CARTESIAN_POINT('Ctrl Pts',(16.0155391691165,-50.,8.00343365491029));
#8008=CARTESIAN_POINT('Ctrl Pts',(16.0155391691165,-52.,8.00343365491029));
#8009=CARTESIAN_POINT('Ctrl Pts',(16.4462843205947,-50.,7.89999276261563));
#8010=CARTESIAN_POINT('Ctrl Pts',(16.4462843205947,-52.,7.89999276261563));
#8011=CARTESIAN_POINT('Ctrl Pts',(16.8497474618278,-50.,7.71880811216579));
#8012=CARTESIAN_POINT('Ctrl Pts',(16.8497474618278,-52.,7.71880811216579));
#8013=CARTESIAN_POINT('Ctrl Pts',(16.9952227920294,-50.,7.65347898006439));
#8014=CARTESIAN_POINT('Ctrl Pts',(16.9952227920294,-52.,7.65347898006439));
#8015=CARTESIAN_POINT('',(15.7401063293219,-50.,8.06957721710205));
#8016=CARTESIAN_POINT('Ctrl Pts',(16.9952227920294,-50.,7.65347898006439));
#8017=CARTESIAN_POINT('Ctrl Pts',(16.8497474618278,-50.,7.71880811216579));
#8018=CARTESIAN_POINT('Ctrl Pts',(16.4462843205947,-50.,7.89999276261563));
#8019=CARTESIAN_POINT('Ctrl Pts',(16.0155391691165,-50.,8.00343365491029));
#8020=CARTESIAN_POINT('Ctrl Pts',(15.7401063293219,-50.,8.06957721710205));
#8021=CARTESIAN_POINT('',(15.7401063293219,-52.,8.06957721710205));
#8022=CARTESIAN_POINT('Ctrl Pts',(15.7401063293219,-52.,8.06957721710205));
#8023=CARTESIAN_POINT('Ctrl Pts',(16.0155391691165,-52.,8.00343365491029));
#8024=CARTESIAN_POINT('Ctrl Pts',(16.4462843205947,-52.,7.89999276261563));
#8025=CARTESIAN_POINT('Ctrl Pts',(16.8497474618278,-52.,7.71880811216579));
#8026=CARTESIAN_POINT('Ctrl Pts',(16.9952227920294,-52.,7.65347898006439));
#8027=CARTESIAN_POINT('',(15.7401063293219,-50.,8.06957721710205));
#8028=CARTESIAN_POINT('Ctrl Pts',(13.8676669448614,-50.,8.65961790084839));
#8029=CARTESIAN_POINT('Ctrl Pts',(13.8676669448614,-52.,8.65961790084839));
#8030=CARTESIAN_POINT('Ctrl Pts',(14.109312743153,-50.,8.56476184694658));
#8031=CARTESIAN_POINT('Ctrl Pts',(14.109312743153,-52.,8.56476184694658));
#8032=CARTESIAN_POINT('Ctrl Pts',(14.7195324338169,-50.,8.32522516855705));
#8033=CARTESIAN_POINT('Ctrl Pts',(14.7195324338169,-52.,8.32522516855705));
#8034=CARTESIAN_POINT('Ctrl Pts',(15.3557996689196,-50.,8.16584384796051));
#8035=CARTESIAN_POINT('Ctrl Pts',(15.3557996689196,-52.,8.16584384796051));
#8036=CARTESIAN_POINT('Ctrl Pts',(15.7401063293219,-50.,8.06957721710205));
#8037=CARTESIAN_POINT('Ctrl Pts',(15.7401063293219,-52.,8.06957721710205));
#8038=CARTESIAN_POINT('',(13.8676669448614,-50.,8.65961790084839));
#8039=CARTESIAN_POINT('Ctrl Pts',(15.7401063293219,-50.,8.06957721710205));
#8040=CARTESIAN_POINT('Ctrl Pts',(15.3557996689196,-50.,8.16584384796051));
#8041=CARTESIAN_POINT('Ctrl Pts',(14.7195324338169,-50.,8.32522516855705));
#8042=CARTESIAN_POINT('Ctrl Pts',(14.109312743153,-50.,8.56476184694658));
#8043=CARTESIAN_POINT('Ctrl Pts',(13.8676669448614,-50.,8.65961790084839));
#8044=CARTESIAN_POINT('',(13.8676669448614,-52.,8.65961790084839));
#8045=CARTESIAN_POINT('Ctrl Pts',(13.8676669448614,-52.,8.65961790084839));
#8046=CARTESIAN_POINT('Ctrl Pts',(14.109312743153,-52.,8.56476184694658));
#8047=CARTESIAN_POINT('Ctrl Pts',(14.7195324338169,-52.,8.32522516855705));
#8048=CARTESIAN_POINT('Ctrl Pts',(15.3557996689196,-52.,8.16584384796051));
#8049=CARTESIAN_POINT('Ctrl Pts',(15.7401063293219,-52.,8.06957721710205));
#8050=CARTESIAN_POINT('',(13.8676669448614,-50.,8.65961790084839));
#8051=CARTESIAN_POINT('Ctrl Pts',(13.0763985961676,-50.,9.34856772422791));
#8052=CARTESIAN_POINT('Ctrl Pts',(13.0763985961676,-52.,9.34856772422791));
#8053=CARTESIAN_POINT('Ctrl Pts',(13.1792254922145,-50.,9.20869956172966));
#8054=CARTESIAN_POINT('Ctrl Pts',(13.1792254922145,-52.,9.20869956172966));
#8055=CARTESIAN_POINT('Ctrl Pts',(13.3913013726217,-50.,8.92022772368839));
#8056=CARTESIAN_POINT('Ctrl Pts',(13.3913013726217,-52.,8.92022772368839));
#8057=CARTESIAN_POINT('Ctrl Pts',(13.7057048290786,-50.,8.74822404864891));
#8058=CARTESIAN_POINT('Ctrl Pts',(13.7057048290786,-52.,8.74822404864891));
#8059=CARTESIAN_POINT('Ctrl Pts',(13.8676669448614,-50.,8.65961790084839));
#8060=CARTESIAN_POINT('Ctrl Pts',(13.8676669448614,-52.,8.65961790084839));
#8061=CARTESIAN_POINT('',(13.0763985961676,-50.,9.34856772422791));
#8062=CARTESIAN_POINT('Ctrl Pts',(13.8676669448614,-50.,8.65961790084839));
#8063=CARTESIAN_POINT('Ctrl Pts',(13.7057048290786,-50.,8.74822404864891));
#8064=CARTESIAN_POINT('Ctrl Pts',(13.3913013726217,-50.,8.92022772368839));
#8065=CARTESIAN_POINT('Ctrl Pts',(13.1792254922145,-50.,9.20869956172966));
#8066=CARTESIAN_POINT('Ctrl Pts',(13.0763985961676,-50.,9.34856772422791));
#8067=CARTESIAN_POINT('',(13.0763985961676,-52.,9.34856772422791));
#8068=CARTESIAN_POINT('Ctrl Pts',(13.0763985961676,-52.,9.34856772422791));
#8069=CARTESIAN_POINT('Ctrl Pts',(13.1792254922145,-52.,9.20869956172966));
#8070=CARTESIAN_POINT('Ctrl Pts',(13.3913013726217,-52.,8.92022772368839));
#8071=CARTESIAN_POINT('Ctrl Pts',(13.7057048290786,-52.,8.74822404864891));
#8072=CARTESIAN_POINT('Ctrl Pts',(13.8676669448614,-52.,8.65961790084839));
#8073=CARTESIAN_POINT('',(13.0763985961676,-50.,9.34856772422791));
#8074=CARTESIAN_POINT('Ctrl Pts',(12.8069569915533,-50.,10.320600271225));
#8075=CARTESIAN_POINT('Ctrl Pts',(12.8069569915533,-52.,10.320600271225));
#8076=CARTESIAN_POINT('Ctrl Pts',(12.8178121049464,-50.,10.1476918292955));
#8077=CARTESIAN_POINT('Ctrl Pts',(12.8178121049464,-52.,10.1476918292955));
#8078=CARTESIAN_POINT('Ctrl Pts',(12.8393468613787,-50.,9.80466996971786));
#8079=CARTESIAN_POINT('Ctrl Pts',(12.8393468613787,-52.,9.80466996971786));
#8080=CARTESIAN_POINT('Ctrl Pts',(12.997811754541,-50.,9.49977368339866));
#8081=CARTESIAN_POINT('Ctrl Pts',(12.997811754541,-52.,9.49977368339866));
#8082=CARTESIAN_POINT('Ctrl Pts',(13.0763985961676,-50.,9.34856772422791));
#8083=CARTESIAN_POINT('Ctrl Pts',(13.0763985961676,-52.,9.34856772422791));
#8084=CARTESIAN_POINT('',(12.8069569915533,-50.,10.320600271225));
#8085=CARTESIAN_POINT('Ctrl Pts',(13.0763985961676,-50.,9.34856772422791));
#8086=CARTESIAN_POINT('Ctrl Pts',(12.997811754541,-50.,9.49977368339866));
#8087=CARTESIAN_POINT('Ctrl Pts',(12.8393468613787,-50.,9.80466996971786));
#8088=CARTESIAN_POINT('Ctrl Pts',(12.8178121049464,-50.,10.1476918292955));
#8089=CARTESIAN_POINT('Ctrl Pts',(12.8069569915533,-50.,10.320600271225));
#8090=CARTESIAN_POINT('',(12.8069569915533,-52.,10.320600271225));
#8091=CARTESIAN_POINT('Ctrl Pts',(12.8069569915533,-52.,10.320600271225));
#8092=CARTESIAN_POINT('Ctrl Pts',(12.8178121049464,-52.,10.1476918292955));
#8093=CARTESIAN_POINT('Ctrl Pts',(12.8393468613787,-52.,9.80466996971786));
#8094=CARTESIAN_POINT('Ctrl Pts',(12.997811754541,-52.,9.49977368339866));
#8095=CARTESIAN_POINT('Ctrl Pts',(13.0763985961676,-52.,9.34856772422791));
#8096=CARTESIAN_POINT('',(12.8069569915533,-50.,10.320600271225));
#8097=CARTESIAN_POINT('Ctrl Pts',(13.0286481231451,-50.,11.2175989151001));
#8098=CARTESIAN_POINT('Ctrl Pts',(13.0286481231451,-52.,11.2175989151001));
#8099=CARTESIAN_POINT('Ctrl Pts',(12.9639872263766,-50.,11.0763612679404));
#8100=CARTESIAN_POINT('Ctrl Pts',(12.9639872263766,-52.,11.0763612679404));
#8101=CARTESIAN_POINT('Ctrl Pts',(12.833530115271,-50.,10.7914061196414));
#8102=CARTESIAN_POINT('Ctrl Pts',(12.833530115271,-52.,10.7914061196414));
#8103=CARTESIAN_POINT('Ctrl Pts',(12.815865940942,-50.,10.478443418309));
#8104=CARTESIAN_POINT('Ctrl Pts',(12.815865940942,-52.,10.478443418309));
#8105=CARTESIAN_POINT('Ctrl Pts',(12.8069569915533,-50.,10.320600271225));
#8106=CARTESIAN_POINT('Ctrl Pts',(12.8069569915533,-52.,10.320600271225));
#8107=CARTESIAN_POINT('',(13.0286481231451,-50.,11.2175989151001));
#8108=CARTESIAN_POINT('Ctrl Pts',(12.8069569915533,-50.,10.320600271225));
#8109=CARTESIAN_POINT('Ctrl Pts',(12.815865940942,-50.,10.478443418309));
#8110=CARTESIAN_POINT('Ctrl Pts',(12.833530115271,-50.,10.7914061196414));
#8111=CARTESIAN_POINT('Ctrl Pts',(12.9639872263766,-50.,11.0763612679404));
#8112=CARTESIAN_POINT('Ctrl Pts',(13.0286481231451,-50.,11.2175989151001));
#8113=CARTESIAN_POINT('',(13.0286481231451,-52.,11.2175989151001));
#8114=CARTESIAN_POINT('Ctrl Pts',(13.0286481231451,-52.,11.2175989151001));
#8115=CARTESIAN_POINT('Ctrl Pts',(12.9639872263766,-52.,11.0763612679404));
#8116=CARTESIAN_POINT('Ctrl Pts',(12.833530115271,-52.,10.7914061196414));
#8117=CARTESIAN_POINT('Ctrl Pts',(12.815865940942,-52.,10.478443418309));
#8118=CARTESIAN_POINT('Ctrl Pts',(12.8069569915533,-52.,10.320600271225));
#8119=CARTESIAN_POINT('',(13.0286481231451,-50.,11.2175989151001));
#8120=CARTESIAN_POINT('Ctrl Pts',(13.6323335021734,-50.,11.9031381607056));
#8121=CARTESIAN_POINT('Ctrl Pts',(13.6323335021734,-52.,11.9031381607056));
#8122=CARTESIAN_POINT('Ctrl Pts',(13.511702325007,-50.,11.8063980323398));
#8123=CARTESIAN_POINT('Ctrl Pts',(13.511702325007,-52.,11.8063980323398));
#8124=CARTESIAN_POINT('Ctrl Pts',(13.2705686984655,-50.,11.6130210088134));
#8125=CARTESIAN_POINT('Ctrl Pts',(13.2705686984655,-52.,11.6130210088134));
#8126=CARTESIAN_POINT('Ctrl Pts',(13.1092596102775,-50.,11.3493593615896));
#8127=CARTESIAN_POINT('Ctrl Pts',(13.1092596102775,-52.,11.3493593615896));
#8128=CARTESIAN_POINT('Ctrl Pts',(13.0286481231451,-50.,11.2175989151001));
#8129=CARTESIAN_POINT('Ctrl Pts',(13.0286481231451,-52.,11.2175989151001));
#8130=CARTESIAN_POINT('',(13.6323335021734,-50.,11.9031381607056));
#8131=CARTESIAN_POINT('Ctrl Pts',(13.0286481231451,-50.,11.2175989151001));
#8132=CARTESIAN_POINT('Ctrl Pts',(13.1092596102775,-50.,11.3493593615896));
#8133=CARTESIAN_POINT('Ctrl Pts',(13.2705686984655,-50.,11.6130210088134));
#8134=CARTESIAN_POINT('Ctrl Pts',(13.511702325007,-50.,11.8063980323398));
#8135=CARTESIAN_POINT('Ctrl Pts',(13.6323335021734,-50.,11.9031381607056));
#8136=CARTESIAN_POINT('',(13.6323335021734,-52.,11.9031381607056));
#8137=CARTESIAN_POINT('Ctrl Pts',(13.6323335021734,-52.,11.9031381607056));
#8138=CARTESIAN_POINT('Ctrl Pts',(13.511702325007,-52.,11.8063980323398));
#8139=CARTESIAN_POINT('Ctrl Pts',(13.2705686984655,-52.,11.6130210088134));
#8140=CARTESIAN_POINT('Ctrl Pts',(13.1092596102775,-52.,11.3493593615896));
#8141=CARTESIAN_POINT('Ctrl Pts',(13.0286481231451,-52.,11.2175989151001));
#8142=CARTESIAN_POINT('',(13.6323335021734,-50.,11.9031381607056));
#8143=CARTESIAN_POINT('Ctrl Pts',(14.4133689254522,-50.,12.2612553834915));
#8144=CARTESIAN_POINT('Ctrl Pts',(14.4133689254522,-52.,12.2612553834915));
#8145=CARTESIAN_POINT('Ctrl Pts',(14.2627546590124,-50.,12.2135997951466));
#8146=CARTESIAN_POINT('Ctrl Pts',(14.2627546590124,-52.,12.2135997951466));
#8147=CARTESIAN_POINT('Ctrl Pts',(13.9873213467704,-50.,12.1264504376857));
#8148=CARTESIAN_POINT('Ctrl Pts',(13.9873213467704,-52.,12.1264504376857));
#8149=CARTESIAN_POINT('Ctrl Pts',(13.7430367701079,-50.,11.9727782884109));
#8150=CARTESIAN_POINT('Ctrl Pts',(13.7430367701079,-52.,11.9727782884109));
#8151=CARTESIAN_POINT('Ctrl Pts',(13.6323335021734,-50.,11.9031381607056));
#8152=CARTESIAN_POINT('Ctrl Pts',(13.6323335021734,-52.,11.9031381607056));
#8153=CARTESIAN_POINT('',(14.4133689254522,-50.,12.2612553834915));
#8154=CARTESIAN_POINT('Ctrl Pts',(13.6323335021734,-50.,11.9031381607056));
#8155=CARTESIAN_POINT('Ctrl Pts',(13.7430367701079,-50.,11.9727782884109));
#8156=CARTESIAN_POINT('Ctrl Pts',(13.9873213467704,-50.,12.1264504376857));
#8157=CARTESIAN_POINT('Ctrl Pts',(14.2627546590124,-50.,12.2135997951466));
#8158=CARTESIAN_POINT('Ctrl Pts',(14.4133689254522,-50.,12.2612553834915));
#8159=CARTESIAN_POINT('',(14.4133689254522,-52.,12.2612553834915));
#8160=CARTESIAN_POINT('Ctrl Pts',(14.4133689254522,-52.,12.2612553834915));
#8161=CARTESIAN_POINT('Ctrl Pts',(14.2627546590124,-52.,12.2135997951466));
#8162=CARTESIAN_POINT('Ctrl Pts',(13.9873213467704,-52.,12.1264504376857));
#8163=CARTESIAN_POINT('Ctrl Pts',(13.7430367701079,-52.,11.9727782884109));
#8164=CARTESIAN_POINT('Ctrl Pts',(13.6323335021734,-52.,11.9031381607056));
#8165=CARTESIAN_POINT('',(14.4133689254522,-50.,12.2612553834915));
#8166=CARTESIAN_POINT('Ctrl Pts',(15.4740788787603,-50.,12.4079126119614));
#8167=CARTESIAN_POINT('Ctrl Pts',(15.4740788787603,-52.,12.4079126119614));
#8168=CARTESIAN_POINT('Ctrl Pts',(15.2903869624694,-50.,12.4024000392978));
#8169=CARTESIAN_POINT('Ctrl Pts',(15.2903869624694,-52.,12.4024000392978));
#8170=CARTESIAN_POINT('Ctrl Pts',(14.931480580213,-50.,12.3916293012514));
#8171=CARTESIAN_POINT('Ctrl Pts',(14.931480580213,-52.,12.3916293012514));
#8172=CARTESIAN_POINT('Ctrl Pts',(14.5833316917468,-50.,12.3040236005573));
#8173=CARTESIAN_POINT('Ctrl Pts',(14.5833316917468,-52.,12.3040236005573));
#8174=CARTESIAN_POINT('Ctrl Pts',(14.4133689254522,-50.,12.2612553834915));
#8175=CARTESIAN_POINT('Ctrl Pts',(14.4133689254522,-52.,12.2612553834915));
#8176=CARTESIAN_POINT('',(15.4740788787603,-50.,12.4079126119614));
#8177=CARTESIAN_POINT('Ctrl Pts',(14.4133689254522,-50.,12.2612553834915));
#8178=CARTESIAN_POINT('Ctrl Pts',(14.5833316917468,-50.,12.3040236005573));
#8179=CARTESIAN_POINT('Ctrl Pts',(14.931480580213,-50.,12.3916293012514));
#8180=CARTESIAN_POINT('Ctrl Pts',(15.2903869624694,-50.,12.4024000392978));
#8181=CARTESIAN_POINT('Ctrl Pts',(15.4740788787603,-50.,12.4079126119614));
#8182=CARTESIAN_POINT('',(15.4740788787603,-52.,12.4079126119614));
#8183=CARTESIAN_POINT('Ctrl Pts',(15.4740788787603,-52.,12.4079126119614));
#8184=CARTESIAN_POINT('Ctrl Pts',(15.2903869624694,-52.,12.4024000392978));
#8185=CARTESIAN_POINT('Ctrl Pts',(14.931480580213,-52.,12.3916293012514));
#8186=CARTESIAN_POINT('Ctrl Pts',(14.5833316917468,-52.,12.3040236005573));
#8187=CARTESIAN_POINT('Ctrl Pts',(14.4133689254522,-52.,12.2612553834915));
#8188=CARTESIAN_POINT('',(15.4740788787603,-50.,12.4079126119614));
#8189=CARTESIAN_POINT('Ctrl Pts',(16.9713475555182,-50.,12.1623468399048));
#8190=CARTESIAN_POINT('Ctrl Pts',(16.9713475555182,-52.,12.1623468399048));
#8191=CARTESIAN_POINT('Ctrl Pts',(16.7408610091524,-50.,12.233913562631));
#8192=CARTESIAN_POINT('Ctrl Pts',(16.7408610091524,-52.,12.233913562631));
#8193=CARTESIAN_POINT('Ctrl Pts',(16.2535169915025,-50.,12.3852352546491));
#8194=CARTESIAN_POINT('Ctrl Pts',(16.2535169915025,-52.,12.3852352546491));
#8195=CARTESIAN_POINT('Ctrl Pts',(15.7430980968598,-50.,12.4000856339974));
#8196=CARTESIAN_POINT('Ctrl Pts',(15.7430980968598,-52.,12.4000856339974));
#8197=CARTESIAN_POINT('Ctrl Pts',(15.4740788787603,-50.,12.4079126119614));
#8198=CARTESIAN_POINT('Ctrl Pts',(15.4740788787603,-52.,12.4079126119614));
#8199=CARTESIAN_POINT('',(16.9713475555182,-50.,12.1623468399048));
#8200=CARTESIAN_POINT('Ctrl Pts',(15.4740788787603,-50.,12.4079126119614));
#8201=CARTESIAN_POINT('Ctrl Pts',(15.7430980968598,-50.,12.4000856339974));
#8202=CARTESIAN_POINT('Ctrl Pts',(16.2535169915025,-50.,12.3852352546491));
#8203=CARTESIAN_POINT('Ctrl Pts',(16.7408610091524,-50.,12.233913562631));
#8204=CARTESIAN_POINT('Ctrl Pts',(16.9713475555182,-50.,12.1623468399048));
#8205=CARTESIAN_POINT('',(16.9713475555182,-52.,12.1623468399048));
#8206=CARTESIAN_POINT('Ctrl Pts',(16.9713475555182,-52.,12.1623468399048));
#8207=CARTESIAN_POINT('Ctrl Pts',(16.7408610091524,-52.,12.233913562631));
#8208=CARTESIAN_POINT('Ctrl Pts',(16.2535169915025,-52.,12.3852352546491));
#8209=CARTESIAN_POINT('Ctrl Pts',(15.7430980968598,-52.,12.4000856339974));
#8210=CARTESIAN_POINT('Ctrl Pts',(15.4740788787603,-52.,12.4079126119614));
#8211=CARTESIAN_POINT('',(16.9713475555182,-50.,12.1623468399048));
#8212=CARTESIAN_POINT('Ctrl Pts',(17.9229190200567,-50.,11.4972716569901));
#8213=CARTESIAN_POINT('Ctrl Pts',(17.9229190200567,-52.,11.4972716569901));
#8214=CARTESIAN_POINT('Ctrl Pts',(17.7994737490441,-50.,11.6324173639697));
#8215=CARTESIAN_POINT('Ctrl Pts',(17.7994737490441,-52.,11.6324173639697));
#8216=CARTESIAN_POINT('Ctrl Pts',(17.5326507482038,-50.,11.92453048253));
#8217=CARTESIAN_POINT('Ctrl Pts',(17.5326507482038,-52.,11.92453048253));
#8218=CARTESIAN_POINT('Ctrl Pts',(17.1675402277771,-50.,12.0792227328834));
#8219=CARTESIAN_POINT('Ctrl Pts',(17.1675402277771,-52.,12.0792227328834));
#8220=CARTESIAN_POINT('Ctrl Pts',(16.9713475555182,-50.,12.1623468399048));
#8221=CARTESIAN_POINT('Ctrl Pts',(16.9713475555182,-52.,12.1623468399048));
#8222=CARTESIAN_POINT('',(17.9229190200567,-50.,11.4972716569901));
#8223=CARTESIAN_POINT('Ctrl Pts',(16.9713475555182,-50.,12.1623468399048));
#8224=CARTESIAN_POINT('Ctrl Pts',(17.1675402277771,-50.,12.0792227328834));
#8225=CARTESIAN_POINT('Ctrl Pts',(17.5326507482038,-50.,11.92453048253));
#8226=CARTESIAN_POINT('Ctrl Pts',(17.7994737490441,-50.,11.6324173639697));
#8227=CARTESIAN_POINT('Ctrl Pts',(17.9229190200567,-50.,11.4972716569901));
#8228=CARTESIAN_POINT('',(17.9229190200567,-52.,11.4972716569901));
#8229=CARTESIAN_POINT('Ctrl Pts',(17.9229190200567,-52.,11.4972716569901));
#8230=CARTESIAN_POINT('Ctrl Pts',(17.7994737490441,-52.,11.6324173639697));
#8231=CARTESIAN_POINT('Ctrl Pts',(17.5326507482038,-52.,11.92453048253));
#8232=CARTESIAN_POINT('Ctrl Pts',(17.1675402277771,-52.,12.0792227328834));
#8233=CARTESIAN_POINT('Ctrl Pts',(16.9713475555182,-52.,12.1623468399048));
#8234=CARTESIAN_POINT('',(17.9229190200567,-50.,11.4972716569901));
#8235=CARTESIAN_POINT('Ctrl Pts',(18.3458354324102,-50.,10.3751707077026));
#8236=CARTESIAN_POINT('Ctrl Pts',(18.3458354324102,-52.,10.3751707077026));
#8237=CARTESIAN_POINT('Ctrl Pts',(18.3040004428258,-50.,10.5907165583381));
#8238=CARTESIAN_POINT('Ctrl Pts',(18.3040004428258,-52.,10.5907165583381));
#8239=CARTESIAN_POINT('Ctrl Pts',(18.2266186473699,-50.,10.9894097357694));
#8240=CARTESIAN_POINT('Ctrl Pts',(18.2266186473699,-52.,10.9894097357694));
#8241=CARTESIAN_POINT('Ctrl Pts',(18.0185152779439,-50.,11.3374107456626));
#8242=CARTESIAN_POINT('Ctrl Pts',(18.0185152779439,-52.,11.3374107456626));
#8243=CARTESIAN_POINT('Ctrl Pts',(17.9229190200567,-50.,11.4972716569901));
#8244=CARTESIAN_POINT('Ctrl Pts',(17.9229190200567,-52.,11.4972716569901));
#8245=CARTESIAN_POINT('',(18.3458354324102,-50.,10.3751707077026));
#8246=CARTESIAN_POINT('Ctrl Pts',(17.9229190200567,-50.,11.4972716569901));
#8247=CARTESIAN_POINT('Ctrl Pts',(18.0185152779439,-50.,11.3374107456626));
#8248=CARTESIAN_POINT('Ctrl Pts',(18.2266186473699,-50.,10.9894097357694));
#8249=CARTESIAN_POINT('Ctrl Pts',(18.3040004428258,-50.,10.5907165583381));
#8250=CARTESIAN_POINT('Ctrl Pts',(18.3458354324102,-50.,10.3751707077026));
#8251=CARTESIAN_POINT('',(18.3458354324102,-52.,10.3751707077026));
#8252=CARTESIAN_POINT('Ctrl Pts',(18.3458354324102,-52.,10.3751707077026));
#8253=CARTESIAN_POINT('Ctrl Pts',(18.3040004428258,-52.,10.5907165583381));
#8254=CARTESIAN_POINT('Ctrl Pts',(18.2266186473699,-52.,10.9894097357694));
#8255=CARTESIAN_POINT('Ctrl Pts',(18.0185152779439,-52.,11.3374107456626));
#8256=CARTESIAN_POINT('Ctrl Pts',(17.9229190200567,-52.,11.4972716569901));
#8257=CARTESIAN_POINT('',(18.3458354324102,-50.,10.3751707077026));
#8258=CARTESIAN_POINT('Origin',(17.1452929824591,-50.,10.2114599943161));
#8259=CARTESIAN_POINT('',(17.1452929824591,-50.,10.2114599943161));
#8260=CARTESIAN_POINT('',(-16.4979898963269,-50.,5.62372897241423));
#8261=CARTESIAN_POINT('',(17.1452929824591,-52.,10.2114599943161));
#8262=CARTESIAN_POINT('',(18.3458354324102,-52.,10.3751707077026));
#8263=CARTESIAN_POINT('',(17.1452929824591,-50.,10.2114599943161));
#8264=CARTESIAN_POINT('Ctrl Pts',(16.6712119430304,-50.,11.0845839977264));
#8265=CARTESIAN_POINT('Ctrl Pts',(16.6712119430304,-52.,11.0845839977264));
#8266=CARTESIAN_POINT('Ctrl Pts',(16.7894131571847,-50.,10.9668732672296));
#8267=CARTESIAN_POINT('Ctrl Pts',(16.7894131571847,-52.,10.9668732672296));
#8268=CARTESIAN_POINT('Ctrl Pts',(17.0338351687235,-50.,10.7234655007901));
#8269=CARTESIAN_POINT('Ctrl Pts',(17.0338351687235,-52.,10.7234655007901));
#8270=CARTESIAN_POINT('Ctrl Pts',(17.1073365085016,-50.,10.385821243844));
#8271=CARTESIAN_POINT('Ctrl Pts',(17.1073365085016,-52.,10.385821243844));
#8272=CARTESIAN_POINT('Ctrl Pts',(17.1452929824591,-50.,10.2114599943161));
#8273=CARTESIAN_POINT('Ctrl Pts',(17.1452929824591,-52.,10.2114599943161));
#8274=CARTESIAN_POINT('',(16.6712119430304,-50.,11.0845839977264));
#8275=CARTESIAN_POINT('Ctrl Pts',(17.1452929824591,-50.,10.2114599943161));
#8276=CARTESIAN_POINT('Ctrl Pts',(17.1073365085016,-50.,10.385821243844));
#8277=CARTESIAN_POINT('Ctrl Pts',(17.0338351687235,-50.,10.7234655007901));
#8278=CARTESIAN_POINT('Ctrl Pts',(16.7894131571847,-50.,10.9668732672296));
#8279=CARTESIAN_POINT('Ctrl Pts',(16.6712119430304,-50.,11.0845839977264));
#8280=CARTESIAN_POINT('',(16.6712119430304,-52.,11.0845839977264));
#8281=CARTESIAN_POINT('Ctrl Pts',(16.6712119430304,-52.,11.0845839977264));
#8282=CARTESIAN_POINT('Ctrl Pts',(16.7894131571847,-52.,10.9668732672296));
#8283=CARTESIAN_POINT('Ctrl Pts',(17.0338351687235,-52.,10.7234655007901));
#8284=CARTESIAN_POINT('Ctrl Pts',(17.1073365085016,-52.,10.385821243844));
#8285=CARTESIAN_POINT('Ctrl Pts',(17.1452929824591,-52.,10.2114599943161));
#8286=CARTESIAN_POINT('',(16.6712119430304,-50.,11.0845839977264));
#8287=CARTESIAN_POINT('Ctrl Pts',(15.5627562850714,-50.,11.3983631134033));
#8288=CARTESIAN_POINT('Ctrl Pts',(15.5627562850714,-52.,11.3983631134033));
#8289=CARTESIAN_POINT('Ctrl Pts',(15.7801723612212,-50.,11.3910714851128));
#8290=CARTESIAN_POINT('Ctrl Pts',(15.7801723612212,-52.,11.3910714851128));
#8291=CARTESIAN_POINT('Ctrl Pts',(16.1771134315217,-50.,11.3777590070794));
#8292=CARTESIAN_POINT('Ctrl Pts',(16.1771134315217,-52.,11.3777590070794));
#8293=CARTESIAN_POINT('Ctrl Pts',(16.5173381283195,-50.,11.1758855418847));
#8294=CARTESIAN_POINT('Ctrl Pts',(16.5173381283195,-52.,11.1758855418847));
#8295=CARTESIAN_POINT('Ctrl Pts',(16.6712119430304,-50.,11.0845839977264));
#8296=CARTESIAN_POINT('Ctrl Pts',(16.6712119430304,-52.,11.0845839977264));
#8297=CARTESIAN_POINT('',(15.5627562850714,-50.,11.3983631134033));
#8298=CARTESIAN_POINT('Ctrl Pts',(16.6712119430304,-50.,11.0845839977264));
#8299=CARTESIAN_POINT('Ctrl Pts',(16.5173381283195,-50.,11.1758855418847));
#8300=CARTESIAN_POINT('Ctrl Pts',(16.1771134315217,-50.,11.3777590070794));
#8301=CARTESIAN_POINT('Ctrl Pts',(15.7801723612212,-50.,11.3910714851128));
#8302=CARTESIAN_POINT('Ctrl Pts',(15.5627562850714,-50.,11.3983631134033));
#8303=CARTESIAN_POINT('',(15.5627562850714,-52.,11.3983631134033));
#8304=CARTESIAN_POINT('Ctrl Pts',(15.5627562850714,-52.,11.3983631134033));
#8305=CARTESIAN_POINT('Ctrl Pts',(15.7801723612212,-52.,11.3910714851128));
#8306=CARTESIAN_POINT('Ctrl Pts',(16.1771134315217,-52.,11.3777590070794));
#8307=CARTESIAN_POINT('Ctrl Pts',(16.5173381283195,-52.,11.1758855418847));
#8308=CARTESIAN_POINT('Ctrl Pts',(16.6712119430304,-52.,11.0845839977264));
#8309=CARTESIAN_POINT('',(15.5627562850714,-50.,11.3983631134033));
#8310=CARTESIAN_POINT('Ctrl Pts',(14.3553855270147,-50.,11.1186903715134));
#8311=CARTESIAN_POINT('Ctrl Pts',(14.3553855270147,-52.,11.1186903715134));
#8312=CARTESIAN_POINT('Ctrl Pts',(14.5133751787847,-50.,11.1997415078336));
#8313=CARTESIAN_POINT('Ctrl Pts',(14.5133751787847,-52.,11.1997415078336));
#8314=CARTESIAN_POINT('Ctrl Pts',(14.8899749069486,-50.,11.392942996435));
#8315=CARTESIAN_POINT('Ctrl Pts',(14.8899749069486,-52.,11.392942996435));
#8316=CARTESIAN_POINT('Ctrl Pts',(15.3156555361563,-50.,11.396372399918));
#8317=CARTESIAN_POINT('Ctrl Pts',(15.3156555361563,-52.,11.396372399918));
#8318=CARTESIAN_POINT('Ctrl Pts',(15.5627562850714,-50.,11.3983631134033));
#8319=CARTESIAN_POINT('Ctrl Pts',(15.5627562850714,-52.,11.3983631134033));
#8320=CARTESIAN_POINT('',(14.3553855270147,-50.,11.1186903715134));
#8321=CARTESIAN_POINT('Ctrl Pts',(15.5627562850714,-50.,11.3983631134033));
#8322=CARTESIAN_POINT('Ctrl Pts',(15.3156555361563,-50.,11.396372399918));
#8323=CARTESIAN_POINT('Ctrl Pts',(14.8899749069486,-50.,11.392942996435));
#8324=CARTESIAN_POINT('Ctrl Pts',(14.5133751787847,-50.,11.1997415078336));
#8325=CARTESIAN_POINT('Ctrl Pts',(14.3553855270147,-50.,11.1186903715134));
#8326=CARTESIAN_POINT('',(14.3553855270147,-52.,11.1186903715134));
#8327=CARTESIAN_POINT('Ctrl Pts',(14.3553855270147,-52.,11.1186903715134));
#8328=CARTESIAN_POINT('Ctrl Pts',(14.5133751787847,-52.,11.1997415078336));
#8329=CARTESIAN_POINT('Ctrl Pts',(14.8899749069486,-52.,11.392942996435));
#8330=CARTESIAN_POINT('Ctrl Pts',(15.3156555361563,-52.,11.396372399918));
#8331=CARTESIAN_POINT('Ctrl Pts',(15.5627562850714,-52.,11.3983631134033));
#8332=CARTESIAN_POINT('',(14.3553855270147,-50.,11.1186903715134));
#8333=CARTESIAN_POINT('Ctrl Pts',(13.9938571304083,-50.,10.4638475179672));
#8334=CARTESIAN_POINT('Ctrl Pts',(13.9938571304083,-52.,10.4638475179672));
#8335=CARTESIAN_POINT('Ctrl Pts',(14.0121030869576,-50.,10.5872898320409));
#8336=CARTESIAN_POINT('Ctrl Pts',(14.0121030869576,-52.,10.5872898320409));
#8337=CARTESIAN_POINT('Ctrl Pts',(14.0508223933978,-50.,10.8492438037823));
#8338=CARTESIAN_POINT('Ctrl Pts',(14.0508223933978,-52.,10.8492438037823));
#8339=CARTESIAN_POINT('Ctrl Pts',(14.2500442907044,-50.,11.0254951307523));
#8340=CARTESIAN_POINT('Ctrl Pts',(14.2500442907044,-52.,11.0254951307523));
#8341=CARTESIAN_POINT('Ctrl Pts',(14.3553855270147,-50.,11.1186903715134));
#8342=CARTESIAN_POINT('Ctrl Pts',(14.3553855270147,-52.,11.1186903715134));
#8343=CARTESIAN_POINT('',(13.9938571304083,-50.,10.4638475179672));
#8344=CARTESIAN_POINT('Ctrl Pts',(14.3553855270147,-50.,11.1186903715134));
#8345=CARTESIAN_POINT('Ctrl Pts',(14.2500442907044,-50.,11.0254951307523));
#8346=CARTESIAN_POINT('Ctrl Pts',(14.0508223933978,-50.,10.8492438037823));
#8347=CARTESIAN_POINT('Ctrl Pts',(14.0121030869576,-50.,10.5872898320409));
#8348=CARTESIAN_POINT('Ctrl Pts',(13.9938571304083,-50.,10.4638475179672));
#8349=CARTESIAN_POINT('',(13.9938571304083,-52.,10.4638475179672));
#8350=CARTESIAN_POINT('Ctrl Pts',(13.9938571304083,-52.,10.4638475179672));
#8351=CARTESIAN_POINT('Ctrl Pts',(14.0121030869576,-52.,10.5872898320409));
#8352=CARTESIAN_POINT('Ctrl Pts',(14.0508223933978,-52.,10.8492438037823));
#8353=CARTESIAN_POINT('Ctrl Pts',(14.2500442907044,-52.,11.0254951307523));
#8354=CARTESIAN_POINT('Ctrl Pts',(14.3553855270147,-52.,11.1186903715134));
#8355=CARTESIAN_POINT('',(13.9938571304083,-50.,10.4638475179672));
#8356=CARTESIAN_POINT('Ctrl Pts',(14.143927320838,-50.,10.0341063737869));
#8357=CARTESIAN_POINT('Ctrl Pts',(14.143927320838,-52.,10.0341063737869));
#8358=CARTESIAN_POINT('Ctrl Pts',(14.1001571250352,-50.,10.0995730870047));
#8359=CARTESIAN_POINT('Ctrl Pts',(14.1001571250352,-52.,10.0995730870047));
#8360=CARTESIAN_POINT('Ctrl Pts',(14.0130254031517,-50.,10.2298952695789));
#8361=CARTESIAN_POINT('Ctrl Pts',(14.0130254031517,-52.,10.2298952695789));
#8362=CARTESIAN_POINT('Ctrl Pts',(14.0002265446995,-50.,10.386107660324));
#8363=CARTESIAN_POINT('Ctrl Pts',(14.0002265446995,-52.,10.386107660324));
#8364=CARTESIAN_POINT('Ctrl Pts',(13.9938571304083,-50.,10.4638475179672));
#8365=CARTESIAN_POINT('Ctrl Pts',(13.9938571304083,-52.,10.4638475179672));
#8366=CARTESIAN_POINT('',(14.143927320838,-50.,10.0341063737869));
#8367=CARTESIAN_POINT('Ctrl Pts',(13.9938571304083,-50.,10.4638475179672));
#8368=CARTESIAN_POINT('Ctrl Pts',(14.0002265446995,-50.,10.386107660324));
#8369=CARTESIAN_POINT('Ctrl Pts',(14.0130254031517,-50.,10.2298952695789));
#8370=CARTESIAN_POINT('Ctrl Pts',(14.1001571250352,-50.,10.0995730870047));
#8371=CARTESIAN_POINT('Ctrl Pts',(14.143927320838,-50.,10.0341063737869));
#8372=CARTESIAN_POINT('',(14.143927320838,-52.,10.0341063737869));
#8373=CARTESIAN_POINT('Ctrl Pts',(14.143927320838,-52.,10.0341063737869));
#8374=CARTESIAN_POINT('Ctrl Pts',(14.1001571250352,-52.,10.0995730870047));
#8375=CARTESIAN_POINT('Ctrl Pts',(14.0130254031517,-52.,10.2298952695789));
#8376=CARTESIAN_POINT('Ctrl Pts',(14.0002265446995,-52.,10.386107660324));
#8377=CARTESIAN_POINT('Ctrl Pts',(13.9938571304083,-52.,10.4638475179672));
#8378=CARTESIAN_POINT('',(14.143927320838,-50.,10.0341063737869));
#8379=CARTESIAN_POINT('Ctrl Pts',(14.614594206214,-50.,9.70668494701385));
#8380=CARTESIAN_POINT('Ctrl Pts',(14.614594206214,-52.,9.70668494701385));
#8381=CARTESIAN_POINT('Ctrl Pts',(14.5175262893918,-50.,9.7493812857841));
#8382=CARTESIAN_POINT('Ctrl Pts',(14.5175262893918,-52.,9.7493812857841));
#8383=CARTESIAN_POINT('Ctrl Pts',(14.3388526957656,-50.,9.82797273528161));
#8384=CARTESIAN_POINT('Ctrl Pts',(14.3388526957656,-52.,9.82797273528161));
#8385=CARTESIAN_POINT('Ctrl Pts',(14.2050425111524,-50.,9.9694770429359));
#8386=CARTESIAN_POINT('Ctrl Pts',(14.2050425111524,-52.,9.9694770429359));
#8387=CARTESIAN_POINT('Ctrl Pts',(14.143927320838,-50.,10.0341063737869));
#8388=CARTESIAN_POINT('Ctrl Pts',(14.143927320838,-52.,10.0341063737869));
#8389=CARTESIAN_POINT('',(14.614594206214,-50.,9.70668494701385));
#8390=CARTESIAN_POINT('Ctrl Pts',(14.143927320838,-50.,10.0341063737869));
#8391=CARTESIAN_POINT('Ctrl Pts',(14.2050425111524,-50.,9.9694770429359));
#8392=CARTESIAN_POINT('Ctrl Pts',(14.3388526957656,-50.,9.82797273528161));
#8393=CARTESIAN_POINT('Ctrl Pts',(14.5175262893918,-50.,9.7493812857841));
#8394=CARTESIAN_POINT('Ctrl Pts',(14.614594206214,-50.,9.70668494701385));
#8395=CARTESIAN_POINT('',(14.614594206214,-52.,9.70668494701385));
#8396=CARTESIAN_POINT('Ctrl Pts',(14.614594206214,-52.,9.70668494701385));
#8397=CARTESIAN_POINT('Ctrl Pts',(14.5175262893918,-52.,9.7493812857841));
#8398=CARTESIAN_POINT('Ctrl Pts',(14.3388526957656,-52.,9.82797273528161));
#8399=CARTESIAN_POINT('Ctrl Pts',(14.2050425111524,-52.,9.9694770429359));
#8400=CARTESIAN_POINT('Ctrl Pts',(14.143927320838,-52.,10.0341063737869));
#8401=CARTESIAN_POINT('',(14.614594206214,-50.,9.70668494701385));
#8402=CARTESIAN_POINT('Ctrl Pts',(15.6991793960333,-50.,9.39290583133698));
#8403=CARTESIAN_POINT('Ctrl Pts',(15.6991793960333,-52.,9.39290583133698));
#8404=CARTESIAN_POINT('Ctrl Pts',(15.4580649780445,-50.,9.45772431268752));
#8405=CARTESIAN_POINT('Ctrl Pts',(15.4580649780445,-52.,9.45772431268752));
#8406=CARTESIAN_POINT('Ctrl Pts',(15.0945171085114,-50.,9.55545642260416));
#8407=CARTESIAN_POINT('Ctrl Pts',(15.0945171085114,-52.,9.55545642260416));
#8408=CARTESIAN_POINT('Ctrl Pts',(14.7355013581045,-50.,9.66858588967891));
#8409=CARTESIAN_POINT('Ctrl Pts',(14.7355013581045,-52.,9.66858588967891));
#8410=CARTESIAN_POINT('Ctrl Pts',(14.614594206214,-50.,9.70668494701385));
#8411=CARTESIAN_POINT('Ctrl Pts',(14.614594206214,-52.,9.70668494701385));
#8412=CARTESIAN_POINT('',(15.6991793960333,-50.,9.39290583133698));
#8413=CARTESIAN_POINT('Ctrl Pts',(14.614594206214,-50.,9.70668494701385));
#8414=CARTESIAN_POINT('Ctrl Pts',(14.7355013581045,-50.,9.66858588967891));
#8415=CARTESIAN_POINT('Ctrl Pts',(15.0945171085114,-50.,9.55545642260416));
#8416=CARTESIAN_POINT('Ctrl Pts',(15.4580649780445,-50.,9.45772431268752));
#8417=CARTESIAN_POINT('Ctrl Pts',(15.6991793960333,-50.,9.39290583133698));
#8418=CARTESIAN_POINT('',(15.6991793960333,-52.,9.39290583133698));
#8419=CARTESIAN_POINT('Ctrl Pts',(15.6991793960333,-52.,9.39290583133698));
#8420=CARTESIAN_POINT('Ctrl Pts',(15.4580649780445,-52.,9.45772431268752));
#8421=CARTESIAN_POINT('Ctrl Pts',(15.0945171085114,-52.,9.55545642260416));
#8422=CARTESIAN_POINT('Ctrl Pts',(14.7355013581045,-52.,9.66858588967891));
#8423=CARTESIAN_POINT('Ctrl Pts',(14.614594206214,-52.,9.70668494701385));
#8424=CARTESIAN_POINT('',(15.6991793960333,-50.,9.39290583133698));
#8425=CARTESIAN_POINT('Ctrl Pts',(17.517049536109,-50.,8.82332921028137));
#8426=CARTESIAN_POINT('Ctrl Pts',(17.517049536109,-52.,8.82332921028137));
#8427=CARTESIAN_POINT('Ctrl Pts',(17.2806880866689,-50.,8.9107439063733));
#8428=CARTESIAN_POINT('Ctrl Pts',(17.2806880866689,-52.,8.9107439063733));
#8429=CARTESIAN_POINT('Ctrl Pts',(16.6845442066616,-50.,9.13121867593213));
#8430=CARTESIAN_POINT('Ctrl Pts',(16.6845442066616,-52.,9.13121867593213));
#8431=CARTESIAN_POINT('Ctrl Pts',(16.0700416085716,-50.,9.29441451482202));
#8432=CARTESIAN_POINT('Ctrl Pts',(16.0700416085716,-52.,9.29441451482202));
#8433=CARTESIAN_POINT('Ctrl Pts',(15.6991793960333,-50.,9.39290583133698));
#8434=CARTESIAN_POINT('Ctrl Pts',(15.6991793960333,-52.,9.39290583133698));
#8435=CARTESIAN_POINT('',(17.517049536109,-50.,8.82332921028137));
#8436=CARTESIAN_POINT('Ctrl Pts',(15.6991793960333,-50.,9.39290583133698));
#8437=CARTESIAN_POINT('Ctrl Pts',(16.0700416085716,-50.,9.29441451482202));
#8438=CARTESIAN_POINT('Ctrl Pts',(16.6845442066616,-50.,9.13121867593213));
#8439=CARTESIAN_POINT('Ctrl Pts',(17.2806880866689,-50.,8.9107439063733));
#8440=CARTESIAN_POINT('Ctrl Pts',(17.517049536109,-50.,8.82332921028137));
#8441=CARTESIAN_POINT('',(17.517049536109,-52.,8.82332921028137));
#8442=CARTESIAN_POINT('Ctrl Pts',(17.517049536109,-52.,8.82332921028137));
#8443=CARTESIAN_POINT('Ctrl Pts',(17.2806880866689,-52.,8.9107439063733));
#8444=CARTESIAN_POINT('Ctrl Pts',(16.6845442066616,-52.,9.13121867593213));
#8445=CARTESIAN_POINT('Ctrl Pts',(16.0700416085716,-52.,9.29441451482202));
#8446=CARTESIAN_POINT('Ctrl Pts',(15.6991793960333,-52.,9.39290583133698));
#8447=CARTESIAN_POINT('',(17.517049536109,-50.,8.82332921028137));
#8448=CARTESIAN_POINT('Ctrl Pts',(18.3253743499517,-50.,8.17871809005737));
#8449=CARTESIAN_POINT('Ctrl Pts',(18.3253743499517,-52.,8.17871809005737));
#8450=CARTESIAN_POINT('Ctrl Pts',(18.2164949747522,-50.,8.31209924658663));
#8451=CARTESIAN_POINT('Ctrl Pts',(18.2164949747522,-52.,8.31209924658663));
#8452=CARTESIAN_POINT('Ctrl Pts',(17.9936820168273,-50.,8.58505314592016));
#8453=CARTESIAN_POINT('Ctrl Pts',(17.9936820168273,-52.,8.58505314592016));
#8454=CARTESIAN_POINT('Ctrl Pts',(17.678311611932,-50.,8.74271176536883));
#8455=CARTESIAN_POINT('Ctrl Pts',(17.678311611932,-52.,8.74271176536883));
#8456=CARTESIAN_POINT('Ctrl Pts',(17.517049536109,-50.,8.82332921028137));
#8457=CARTESIAN_POINT('Ctrl Pts',(17.517049536109,-52.,8.82332921028137));
#8458=CARTESIAN_POINT('',(18.3253743499517,-50.,8.17871809005737));
#8459=CARTESIAN_POINT('Ctrl Pts',(17.517049536109,-50.,8.82332921028137));
#8460=CARTESIAN_POINT('Ctrl Pts',(17.678311611932,-50.,8.74271176536883));
#8461=CARTESIAN_POINT('Ctrl Pts',(17.9936820168273,-50.,8.58505314592016));
#8462=CARTESIAN_POINT('Ctrl Pts',(18.2164949747522,-50.,8.31209924658663));
#8463=CARTESIAN_POINT('Ctrl Pts',(18.3253743499517,-50.,8.17871809005737));
#8464=CARTESIAN_POINT('',(18.3253743499517,-52.,8.17871809005737));
#8465=CARTESIAN_POINT('Ctrl Pts',(18.3253743499517,-52.,8.17871809005737));
#8466=CARTESIAN_POINT('Ctrl Pts',(18.2164949747522,-52.,8.31209924658663));
#8467=CARTESIAN_POINT('Ctrl Pts',(17.9936820168273,-52.,8.58505314592016));
#8468=CARTESIAN_POINT('Ctrl Pts',(17.678311611932,-52.,8.74271176536883));
#8469=CARTESIAN_POINT('Ctrl Pts',(17.517049536109,-52.,8.82332921028137));
#8470=CARTESIAN_POINT('',(18.3253743499517,-50.,8.17871809005737));
#8471=CARTESIAN_POINT('Ctrl Pts',(18.6186864227057,-50.,7.12823987007141));
#8472=CARTESIAN_POINT('Ctrl Pts',(18.6186864227057,-52.,7.12823987007141));
#8473=CARTESIAN_POINT('Ctrl Pts',(18.6092691873966,-50.,7.32470136149023));
#8474=CARTESIAN_POINT('Ctrl Pts',(18.6092691873966,-52.,7.32470136149023));
#8475=CARTESIAN_POINT('Ctrl Pts',(18.5913814177001,-50.,7.69787435732024));
#8476=CARTESIAN_POINT('Ctrl Pts',(18.5913814177001,-52.,7.69787435732024));
#8477=CARTESIAN_POINT('Ctrl Pts',(18.4108586818527,-50.,8.0241936047129));
#8478=CARTESIAN_POINT('Ctrl Pts',(18.4108586818527,-52.,8.0241936047129));
#8479=CARTESIAN_POINT('Ctrl Pts',(18.3253743499517,-50.,8.17871809005737));
#8480=CARTESIAN_POINT('Ctrl Pts',(18.3253743499517,-52.,8.17871809005737));
#8481=CARTESIAN_POINT('',(18.6186864227057,-50.,7.12823987007141));
#8482=CARTESIAN_POINT('Ctrl Pts',(18.3253743499517,-50.,8.17871809005737));
#8483=CARTESIAN_POINT('Ctrl Pts',(18.4108586818527,-50.,8.0241936047129));
#8484=CARTESIAN_POINT('Ctrl Pts',(18.5913814177001,-50.,7.69787435732024));
#8485=CARTESIAN_POINT('Ctrl Pts',(18.6092691873966,-50.,7.32470136149023));
#8486=CARTESIAN_POINT('Ctrl Pts',(18.6186864227057,-50.,7.12823987007141));
#8487=CARTESIAN_POINT('',(18.6186864227057,-52.,7.12823987007141));
#8488=CARTESIAN_POINT('Ctrl Pts',(18.6186864227057,-52.,7.12823987007141));
#8489=CARTESIAN_POINT('Ctrl Pts',(18.6092691873966,-52.,7.32470136149023));
#8490=CARTESIAN_POINT('Ctrl Pts',(18.5913814177001,-52.,7.69787435732024));
#8491=CARTESIAN_POINT('Ctrl Pts',(18.4108586818527,-52.,8.0241936047129));
#8492=CARTESIAN_POINT('Ctrl Pts',(18.3253743499517,-52.,8.17871809005737));
#8493=CARTESIAN_POINT('',(18.6186864227057,-50.,7.12823987007141));
#8494=CARTESIAN_POINT('Ctrl Pts',(18.2605721801519,-50.,5.97203254699707));
#8495=CARTESIAN_POINT('Ctrl Pts',(18.2605721801519,-52.,5.97203254699707));
#8496=CARTESIAN_POINT('Ctrl Pts',(18.3650139959656,-50.,6.15418297410517));
#8497=CARTESIAN_POINT('Ctrl Pts',(18.3650139959656,-52.,6.15418297410517));
#8498=CARTESIAN_POINT('Ctrl Pts',(18.5707775763181,-50.,6.51304234238132));
#8499=CARTESIAN_POINT('Ctrl Pts',(18.5707775763181,-52.,6.51304234238132));
#8500=CARTESIAN_POINT('Ctrl Pts',(18.6028790618733,-50.,6.92525753932049));
#8501=CARTESIAN_POINT('Ctrl Pts',(18.6028790618733,-52.,6.92525753932049));
#8502=CARTESIAN_POINT('Ctrl Pts',(18.6186864227057,-50.,7.12823987007141));
#8503=CARTESIAN_POINT('Ctrl Pts',(18.6186864227057,-52.,7.12823987007141));
#8504=CARTESIAN_POINT('',(18.2605721801519,-50.,5.97203254699707));
#8505=CARTESIAN_POINT('Ctrl Pts',(18.6186864227057,-50.,7.12823987007141));
#8506=CARTESIAN_POINT('Ctrl Pts',(18.6028790618733,-50.,6.92525753932049));
#8507=CARTESIAN_POINT('Ctrl Pts',(18.5707775763181,-50.,6.51304234238132));
#8508=CARTESIAN_POINT('Ctrl Pts',(18.3650139959656,-50.,6.15418297410517));
#8509=CARTESIAN_POINT('Ctrl Pts',(18.2605721801519,-50.,5.97203254699707));
#8510=CARTESIAN_POINT('',(18.2605721801519,-52.,5.97203254699707));
#8511=CARTESIAN_POINT('Ctrl Pts',(18.2605721801519,-52.,5.97203254699707));
#8512=CARTESIAN_POINT('Ctrl Pts',(18.3650139959656,-52.,6.15418297410517));
#8513=CARTESIAN_POINT('Ctrl Pts',(18.5707775763181,-52.,6.51304234238132));
#8514=CARTESIAN_POINT('Ctrl Pts',(18.6028790618733,-52.,6.92525753932049));
#8515=CARTESIAN_POINT('Ctrl Pts',(18.6186864227057,-52.,7.12823987007141));
#8516=CARTESIAN_POINT('',(18.2605721801519,-50.,5.97203254699707));
#8517=CARTESIAN_POINT('Ctrl Pts',(17.2271468490362,-50.,5.13301491737366));
#8518=CARTESIAN_POINT('Ctrl Pts',(17.2271468490362,-52.,5.13301491737366));
#8519=CARTESIAN_POINT('Ctrl Pts',(17.436854217352,-50.,5.23892841188341));
#8520=CARTESIAN_POINT('Ctrl Pts',(17.436854217352,-52.,5.23892841188341));
#8521=CARTESIAN_POINT('Ctrl Pts',(17.842622432597,-50.,5.44386317398897));
#8522=CARTESIAN_POINT('Ctrl Pts',(17.842622432597,-52.,5.44386317398897));
#8523=CARTESIAN_POINT('Ctrl Pts',(18.1244146121152,-50.,5.79996818337207));
#8524=CARTESIAN_POINT('Ctrl Pts',(18.1244146121152,-52.,5.79996818337207));
#8525=CARTESIAN_POINT('Ctrl Pts',(18.2605721801519,-50.,5.97203254699707));
#8526=CARTESIAN_POINT('Ctrl Pts',(18.2605721801519,-52.,5.97203254699707));
#8527=CARTESIAN_POINT('',(17.2271468490362,-50.,5.13301491737366));
#8528=CARTESIAN_POINT('Ctrl Pts',(18.2605721801519,-50.,5.97203254699707));
#8529=CARTESIAN_POINT('Ctrl Pts',(18.1244146121152,-50.,5.79996818337207));
#8530=CARTESIAN_POINT('Ctrl Pts',(17.842622432597,-50.,5.44386317398897));
#8531=CARTESIAN_POINT('Ctrl Pts',(17.436854217352,-50.,5.23892841188341));
#8532=CARTESIAN_POINT('Ctrl Pts',(17.2271468490362,-50.,5.13301491737366));
#8533=CARTESIAN_POINT('',(17.2271468490362,-52.,5.13301491737366));
#8534=CARTESIAN_POINT('Ctrl Pts',(17.2271468490362,-52.,5.13301491737366));
#8535=CARTESIAN_POINT('Ctrl Pts',(17.436854217352,-52.,5.23892841188341));
#8536=CARTESIAN_POINT('Ctrl Pts',(17.842622432597,-52.,5.44386317398897));
#8537=CARTESIAN_POINT('Ctrl Pts',(18.1244146121152,-52.,5.79996818337207));
#8538=CARTESIAN_POINT('Ctrl Pts',(18.2605721801519,-52.,5.97203254699707));
#8539=CARTESIAN_POINT('',(17.2271468490362,-50.,5.13301491737366));
#8540=CARTESIAN_POINT('Ctrl Pts',(15.6991793960333,-50.,4.83628869056702));
#8541=CARTESIAN_POINT('Ctrl Pts',(15.6991793960333,-52.,4.83628869056702));
#8542=CARTESIAN_POINT('Ctrl Pts',(15.9714579814271,-50.,4.84669792351817));
#8543=CARTESIAN_POINT('Ctrl Pts',(15.9714579814271,-52.,4.84669792351817));
#8544=CARTESIAN_POINT('Ctrl Pts',(16.4964106467804,-50.,4.86676690754824));
#8545=CARTESIAN_POINT('Ctrl Pts',(16.4964106467804,-52.,4.86676690754824));
#8546=CARTESIAN_POINT('Ctrl Pts',(16.9897089024751,-50.,5.04650301262092));
#8547=CARTESIAN_POINT('Ctrl Pts',(16.9897089024751,-52.,5.04650301262092));
#8548=CARTESIAN_POINT('Ctrl Pts',(17.2271468490362,-50.,5.13301491737366));
#8549=CARTESIAN_POINT('Ctrl Pts',(17.2271468490362,-52.,5.13301491737366));
#8550=CARTESIAN_POINT('',(15.6991793960333,-50.,4.83628869056702));
#8551=CARTESIAN_POINT('Ctrl Pts',(17.2271468490362,-50.,5.13301491737366));
#8552=CARTESIAN_POINT('Ctrl Pts',(16.9897089024751,-50.,5.04650301262092));
#8553=CARTESIAN_POINT('Ctrl Pts',(16.4964106467804,-50.,4.86676690754824));
#8554=CARTESIAN_POINT('Ctrl Pts',(15.9714579814271,-50.,4.84669792351817));
#8555=CARTESIAN_POINT('Ctrl Pts',(15.6991793960333,-50.,4.83628869056702));
#8556=CARTESIAN_POINT('',(15.6991793960333,-52.,4.83628869056702));
#8557=CARTESIAN_POINT('Ctrl Pts',(15.6991793960333,-52.,4.83628869056702));
#8558=CARTESIAN_POINT('Ctrl Pts',(15.9714579814271,-52.,4.84669792351817));
#8559=CARTESIAN_POINT('Ctrl Pts',(16.4964106467804,-52.,4.86676690754824));
#8560=CARTESIAN_POINT('Ctrl Pts',(16.9897089024751,-52.,5.04650301262092));
#8561=CARTESIAN_POINT('Ctrl Pts',(17.2271468490362,-52.,5.13301491737366));
#8562=CARTESIAN_POINT('',(15.6991793960333,-50.,4.83628869056702));
#8563=CARTESIAN_POINT('Ctrl Pts',(13.5470654815435,-50.,5.4229199886322));
#8564=CARTESIAN_POINT('Ctrl Pts',(13.5470654815435,-52.,5.4229199886322));
#8565=CARTESIAN_POINT('Ctrl Pts',(13.8427664970769,-50.,5.25233143574494));
#8566=CARTESIAN_POINT('Ctrl Pts',(13.8427664970769,-52.,5.25233143574494));
#8567=CARTESIAN_POINT('Ctrl Pts',(14.5055547940341,-50.,4.86997192221878));
#8568=CARTESIAN_POINT('Ctrl Pts',(14.5055547940341,-52.,4.86997192221878));
#8569=CARTESIAN_POINT('Ctrl Pts',(15.273725662217,-50.,4.84829469031706));
#8570=CARTESIAN_POINT('Ctrl Pts',(15.273725662217,-52.,4.84829469031706));
#8571=CARTESIAN_POINT('Ctrl Pts',(15.6991793960333,-50.,4.83628869056702));
#8572=CARTESIAN_POINT('Ctrl Pts',(15.6991793960333,-52.,4.83628869056702));
#8573=CARTESIAN_POINT('',(13.5470654815435,-50.,5.4229199886322));
#8574=CARTESIAN_POINT('Ctrl Pts',(15.6991793960333,-50.,4.83628869056702));
#8575=CARTESIAN_POINT('Ctrl Pts',(15.273725662217,-50.,4.84829469031706));
#8576=CARTESIAN_POINT('Ctrl Pts',(14.5055547940341,-50.,4.86997192221878));
#8577=CARTESIAN_POINT('Ctrl Pts',(13.8427664970769,-50.,5.25233143574494));
#8578=CARTESIAN_POINT('Ctrl Pts',(13.5470654815435,-50.,5.4229199886322));
#8579=CARTESIAN_POINT('',(13.5470654815435,-52.,5.4229199886322));
#8580=CARTESIAN_POINT('Ctrl Pts',(13.5470654815435,-52.,5.4229199886322));
#8581=CARTESIAN_POINT('Ctrl Pts',(13.8427664970769,-52.,5.25233143574494));
#8582=CARTESIAN_POINT('Ctrl Pts',(14.5055547940341,-52.,4.86997192221878));
#8583=CARTESIAN_POINT('Ctrl Pts',(15.273725662217,-52.,4.84829469031706));
#8584=CARTESIAN_POINT('Ctrl Pts',(15.6991793960333,-52.,4.83628869056702));
#8585=CARTESIAN_POINT('',(13.5470654815435,-50.,5.4229199886322));
#8586=CARTESIAN_POINT('Ctrl Pts',(12.6023175567389,-50.,7.16234683990479));
#8587=CARTESIAN_POINT('Ctrl Pts',(12.6023175567389,-52.,7.16234683990479));
#8588=CARTESIAN_POINT('Ctrl Pts',(12.6848105188334,-50.,6.80834339922731));
#8589=CARTESIAN_POINT('Ctrl Pts',(12.6848105188334,-52.,6.80834339922731));
#8590=CARTESIAN_POINT('Ctrl Pts',(12.840598577493,-50.,6.13980747347479));
#8591=CARTESIAN_POINT('Ctrl Pts',(12.840598577493,-52.,6.13980747347479));
#8592=CARTESIAN_POINT('Ctrl Pts',(13.321031577385,-50.,5.65228795493367));
#8593=CARTESIAN_POINT('Ctrl Pts',(13.321031577385,-52.,5.65228795493367));
#8594=CARTESIAN_POINT('Ctrl Pts',(13.5470654815435,-50.,5.4229199886322));
#8595=CARTESIAN_POINT('Ctrl Pts',(13.5470654815435,-52.,5.4229199886322));
#8596=CARTESIAN_POINT('Ctrl Pts',(13.5470654815435,-50.,5.4229199886322));
#8597=CARTESIAN_POINT('Ctrl Pts',(13.321031577385,-50.,5.65228795493367));
#8598=CARTESIAN_POINT('Ctrl Pts',(12.840598577493,-50.,6.13980747347479));
#8599=CARTESIAN_POINT('Ctrl Pts',(12.6848105188334,-50.,6.80834339922731));
#8600=CARTESIAN_POINT('Ctrl Pts',(12.6023175567389,-50.,7.16234683990479));
#8601=CARTESIAN_POINT('Ctrl Pts',(12.6023175567389,-52.,7.16234683990479));
#8602=CARTESIAN_POINT('Ctrl Pts',(12.6848105188334,-52.,6.80834339922731));
#8603=CARTESIAN_POINT('Ctrl Pts',(12.840598577493,-52.,6.13980747347479));
#8604=CARTESIAN_POINT('Ctrl Pts',(13.321031577385,-52.,5.65228795493367));
#8605=CARTESIAN_POINT('Ctrl Pts',(13.5470654815435,-52.,5.4229199886322));
#8606=CARTESIAN_POINT('Origin',(-9.68575477600098E-7,-52.,9.99999940395355));
#8607=CARTESIAN_POINT('Origin',(27.0702626556158,-50.,15.));
#8608=CARTESIAN_POINT('',(27.0702626556158,-50.,13.5879945755005));
#8609=CARTESIAN_POINT('',(27.0702626556158,-50.,15.));
#8610=CARTESIAN_POINT('',(27.0702626556158,-50.,7.5));
#8611=CARTESIAN_POINT('',(27.0702626556158,-52.,13.5879945755005));
#8612=CARTESIAN_POINT('',(27.0702626556158,-50.,13.5879945755005));
#8613=CARTESIAN_POINT('',(27.0702626556158,-52.,15.));
#8614=CARTESIAN_POINT('',(27.0702626556158,-52.,13.5879945755005));
#8615=CARTESIAN_POINT('',(27.0702626556158,-50.,15.));
#8616=CARTESIAN_POINT('Origin',(28.2980944961309,-50.,15.));
#8617=CARTESIAN_POINT('',(28.2980944961309,-50.,15.));
#8618=CARTESIAN_POINT('',(-10.8509527519345,-50.,15.));
#8619=CARTESIAN_POINT('',(28.2980944961309,-52.,15.));
#8620=CARTESIAN_POINT('',(27.0702626556158,-52.,15.));
#8621=CARTESIAN_POINT('',(28.2980944961309,-50.,15.));
#8622=CARTESIAN_POINT('Origin',(28.2980944961309,-50.,13.5879945755005));
#8623=CARTESIAN_POINT('',(28.2980944961309,-50.,13.5879945755005));
#8624=CARTESIAN_POINT('',(28.2980944961309,-50.,6.79399728775024));
#8625=CARTESIAN_POINT('',(28.2980944961309,-52.,13.5879945755005));
#8626=CARTESIAN_POINT('',(28.2980944961309,-52.,15.));
#8627=CARTESIAN_POINT('',(28.2980944961309,-50.,13.5879945755005));
#8628=CARTESIAN_POINT('Origin',(27.0702626556158,-50.,13.5879945755005));
#8629=CARTESIAN_POINT('',(-11.4648686721921,-50.,13.5879945755005));
#8630=CARTESIAN_POINT('',(28.2980944961309,-52.,13.5879945755005));
#8631=CARTESIAN_POINT('Origin',(-9.68575477600098E-7,-52.,9.99999940395355));
#8632=CARTESIAN_POINT('Origin',(30.8901765197515,-50.,7.35334277153015));
#8633=CARTESIAN_POINT('',(29.6759869903326,-50.,7.16234683990479));
#8634=CARTESIAN_POINT('',(30.8901765197515,-50.,7.35334277153015));
#8635=CARTESIAN_POINT('',(-9.14267881884751,-50.,1.05604542563859));
#8636=CARTESIAN_POINT('',(29.6759869903326,-52.,7.16234683990479));
#8637=CARTESIAN_POINT('',(29.6759869903326,-50.,7.16234683990479));
#8638=CARTESIAN_POINT('',(30.8901765197515,-52.,7.35334277153015));
#8639=CARTESIAN_POINT('',(29.6759869903326,-52.,7.16234683990479));
#8640=CARTESIAN_POINT('',(30.8901765197515,-50.,7.35334277153015));
#8641=CARTESIAN_POINT('Ctrl Pts',(31.4597537368536,-50.,6.23465180397034));
#8642=CARTESIAN_POINT('Ctrl Pts',(31.4597537368536,-52.,6.23465180397034));
#8643=CARTESIAN_POINT('Ctrl Pts',(31.3184729847208,-50.,6.38435693252299));
#8644=CARTESIAN_POINT('Ctrl Pts',(31.3184729847208,-52.,6.38435693252299));
#8645=CARTESIAN_POINT('Ctrl Pts',(31.0200475080918,-50.,6.7005771087869));
#8646=CARTESIAN_POINT('Ctrl Pts',(31.0200475080918,-52.,6.7005771087869));
#8647=CARTESIAN_POINT('Ctrl Pts',(30.9349743152008,-50.,7.12817729762731));
#8648=CARTESIAN_POINT('Ctrl Pts',(30.9349743152008,-52.,7.12817729762731));
#8649=CARTESIAN_POINT('Ctrl Pts',(30.8901765197515,-50.,7.35334277153015));
#8650=CARTESIAN_POINT('Ctrl Pts',(30.8901765197515,-52.,7.35334277153015));
#8651=CARTESIAN_POINT('',(31.4597537368536,-50.,6.23465180397034));
#8652=CARTESIAN_POINT('Ctrl Pts',(30.8901765197515,-50.,7.35334277153015));
#8653=CARTESIAN_POINT('Ctrl Pts',(30.9349743152008,-50.,7.12817729762731));
#8654=CARTESIAN_POINT('Ctrl Pts',(31.0200475080918,-50.,6.7005771087869));
#8655=CARTESIAN_POINT('Ctrl Pts',(31.3184729847208,-50.,6.38435693252299));
#8656=CARTESIAN_POINT('Ctrl Pts',(31.4597537368536,-50.,6.23465180397034));
#8657=CARTESIAN_POINT('',(31.4597537368536,-52.,6.23465180397034));
#8658=CARTESIAN_POINT('Ctrl Pts',(31.4597537368536,-52.,6.23465180397034));
#8659=CARTESIAN_POINT('Ctrl Pts',(31.3184729847208,-52.,6.38435693252299));
#8660=CARTESIAN_POINT('Ctrl Pts',(31.0200475080918,-52.,6.7005771087869));
#8661=CARTESIAN_POINT('Ctrl Pts',(30.9349743152008,-52.,7.12817729762731));
#8662=CARTESIAN_POINT('Ctrl Pts',(30.8901765197515,-52.,7.35334277153015));
#8663=CARTESIAN_POINT('',(31.4597537368536,-50.,6.23465180397034));
#8664=CARTESIAN_POINT('Ctrl Pts',(32.7660300582647,-50.,5.84583878517151));
#8665=CARTESIAN_POINT('Ctrl Pts',(32.7660300582647,-52.,5.84583878517151));
#8666=CARTESIAN_POINT('Ctrl Pts',(32.5102062353981,-50.,5.85556954879918));
#8667=CARTESIAN_POINT('Ctrl Pts',(32.5102062353981,-52.,5.85556954879918));
#8668=CARTESIAN_POINT('Ctrl Pts',(32.0396435990755,-50.,5.87346832669548));
#8669=CARTESIAN_POINT('Ctrl Pts',(32.0396435990755,-52.,5.87346832669548));
#8670=CARTESIAN_POINT('Ctrl Pts',(31.6414618902348,-50.,6.12147516998689));
#8671=CARTESIAN_POINT('Ctrl Pts',(31.6414618902348,-52.,6.12147516998689));
#8672=CARTESIAN_POINT('Ctrl Pts',(31.4597537368536,-50.,6.23465180397034));
#8673=CARTESIAN_POINT('Ctrl Pts',(31.4597537368536,-52.,6.23465180397034));
#8674=CARTESIAN_POINT('',(32.7660300582647,-50.,5.84583878517151));
#8675=CARTESIAN_POINT('Ctrl Pts',(31.4597537368536,-50.,6.23465180397034));
#8676=CARTESIAN_POINT('Ctrl Pts',(31.6414618902348,-50.,6.12147516998689));
#8677=CARTESIAN_POINT('Ctrl Pts',(32.0396435990755,-50.,5.87346832669548));
#8678=CARTESIAN_POINT('Ctrl Pts',(32.5102062353981,-50.,5.85556954879918));
#8679=CARTESIAN_POINT('Ctrl Pts',(32.7660300582647,-50.,5.84583878517151));
#8680=CARTESIAN_POINT('',(32.7660300582647,-52.,5.84583878517151));
#8681=CARTESIAN_POINT('Ctrl Pts',(32.7660300582647,-52.,5.84583878517151));
#8682=CARTESIAN_POINT('Ctrl Pts',(32.5102062353981,-52.,5.85556954879918));
#8683=CARTESIAN_POINT('Ctrl Pts',(32.0396435990755,-52.,5.87346832669548));
#8684=CARTESIAN_POINT('Ctrl Pts',(31.6414618902348,-52.,6.12147516998689));
#8685=CARTESIAN_POINT('Ctrl Pts',(31.4597537368536,-52.,6.23465180397034));
#8686=CARTESIAN_POINT('',(32.7660300582647,-50.,5.84583878517151));
#8687=CARTESIAN_POINT('Ctrl Pts',(34.0211417526007,-50.,6.19031429290771));
#8688=CARTESIAN_POINT('Ctrl Pts',(34.0211417526007,-52.,6.19031429290771));
#8689=CARTESIAN_POINT('Ctrl Pts',(33.852495437373,-50.,6.09022921359186));
#8690=CARTESIAN_POINT('Ctrl Pts',(33.852495437373,-52.,6.09022921359186));
#8691=CARTESIAN_POINT('Ctrl Pts',(33.4678916269593,-50.,5.86198169559269));
#8692=CARTESIAN_POINT('Ctrl Pts',(33.4678916269593,-52.,5.86198169559269));
#8693=CARTESIAN_POINT('Ctrl Pts',(33.0184143942673,-50.,5.85164365882398));
#8694=CARTESIAN_POINT('Ctrl Pts',(33.0184143942673,-52.,5.85164365882398));
#8695=CARTESIAN_POINT('Ctrl Pts',(32.7660300582647,-50.,5.84583878517151));
#8696=CARTESIAN_POINT('Ctrl Pts',(32.7660300582647,-52.,5.84583878517151));
#8697=CARTESIAN_POINT('',(34.0211417526007,-50.,6.19031429290771));
#8698=CARTESIAN_POINT('Ctrl Pts',(32.7660300582647,-50.,5.84583878517151));
#8699=CARTESIAN_POINT('Ctrl Pts',(33.0184143942673,-50.,5.85164365882398));
#8700=CARTESIAN_POINT('Ctrl Pts',(33.4678916269593,-50.,5.86198169559269));
#8701=CARTESIAN_POINT('Ctrl Pts',(33.852495437373,-50.,6.09022921359186));
#8702=CARTESIAN_POINT('Ctrl Pts',(34.0211417526007,-50.,6.19031429290771));
#8703=CARTESIAN_POINT('',(34.0211417526007,-52.,6.19031429290771));
#8704=CARTESIAN_POINT('Ctrl Pts',(34.0211417526007,-52.,6.19031429290771));
#8705=CARTESIAN_POINT('Ctrl Pts',(33.852495437373,-52.,6.09022921359186));
#8706=CARTESIAN_POINT('Ctrl Pts',(33.4678916269593,-52.,5.86198169559269));
#8707=CARTESIAN_POINT('Ctrl Pts',(33.0184143942673,-52.,5.85164365882398));
#8708=CARTESIAN_POINT('Ctrl Pts',(32.7660300582647,-52.,5.84583878517151));
#8709=CARTESIAN_POINT('',(34.0211417526007,-50.,6.19031429290771));
#8710=CARTESIAN_POINT('Ctrl Pts',(34.4304253906012,-50.,6.9986355304718));
#8711=CARTESIAN_POINT('Ctrl Pts',(34.4304253906012,-52.,6.9986355304718));
#8712=CARTESIAN_POINT('Ctrl Pts',(34.4107373677182,-50.,6.84683834629516));
#8713=CARTESIAN_POINT('Ctrl Pts',(34.4107373677182,-52.,6.84683834629516));
#8714=CARTESIAN_POINT('Ctrl Pts',(34.3696753456206,-50.,6.53024488396102));
#8715=CARTESIAN_POINT('Ctrl Pts',(34.3696753456206,-52.,6.53024488396102));
#8716=CARTESIAN_POINT('Ctrl Pts',(34.1404567984175,-50.,6.30668423502624));
#8717=CARTESIAN_POINT('Ctrl Pts',(34.1404567984175,-52.,6.30668423502624));
#8718=CARTESIAN_POINT('Ctrl Pts',(34.0211417526007,-50.,6.19031429290771));
#8719=CARTESIAN_POINT('Ctrl Pts',(34.0211417526007,-52.,6.19031429290771));
#8720=CARTESIAN_POINT('',(34.4304253906012,-50.,6.9986355304718));
#8721=CARTESIAN_POINT('Ctrl Pts',(34.0211417526007,-50.,6.19031429290771));
#8722=CARTESIAN_POINT('Ctrl Pts',(34.1404567984175,-50.,6.30668423502624));
#8723=CARTESIAN_POINT('Ctrl Pts',(34.3696753456206,-50.,6.53024488396102));
#8724=CARTESIAN_POINT('Ctrl Pts',(34.4107373677182,-50.,6.84683834629516));
#8725=CARTESIAN_POINT('Ctrl Pts',(34.4304253906012,-50.,6.9986355304718));
#8726=CARTESIAN_POINT('',(34.4304253906012,-52.,6.9986355304718));
#8727=CARTESIAN_POINT('Ctrl Pts',(34.4304253906012,-52.,6.9986355304718));
#8728=CARTESIAN_POINT('Ctrl Pts',(34.4107373677182,-52.,6.84683834629516));
#8729=CARTESIAN_POINT('Ctrl Pts',(34.3696753456206,-52.,6.53024488396102));
#8730=CARTESIAN_POINT('Ctrl Pts',(34.1404567984175,-52.,6.30668423502624));
#8731=CARTESIAN_POINT('Ctrl Pts',(34.0211417526007,-52.,6.19031429290771));
#8732=CARTESIAN_POINT('',(34.4304253906012,-50.,6.9986355304718));
#8733=CARTESIAN_POINT('Ctrl Pts',(34.0688922256231,-50.,7.65347898006439));
#8734=CARTESIAN_POINT('Ctrl Pts',(34.0688922256231,-52.,7.65347898006439));
#8735=CARTESIAN_POINT('Ctrl Pts',(34.1743343041418,-50.,7.56736789321087));
#8736=CARTESIAN_POINT('Ctrl Pts',(34.1743343041418,-52.,7.56736789321087));
#8737=CARTESIAN_POINT('Ctrl Pts',(34.3826893424814,-50.,7.39721116778511));
#8738=CARTESIAN_POINT('Ctrl Pts',(34.3826893424814,-52.,7.39721116778511));
#8739=CARTESIAN_POINT('Ctrl Pts',(34.4146426630764,-50.,7.13041457229692));
#8740=CARTESIAN_POINT('Ctrl Pts',(34.4146426630764,-52.,7.13041457229692));
#8741=CARTESIAN_POINT('Ctrl Pts',(34.4304253906012,-50.,6.9986355304718));
#8742=CARTESIAN_POINT('Ctrl Pts',(34.4304253906012,-52.,6.9986355304718));
#8743=CARTESIAN_POINT('',(34.0688922256231,-50.,7.65347898006439));
#8744=CARTESIAN_POINT('Ctrl Pts',(34.4304253906012,-50.,6.9986355304718));
#8745=CARTESIAN_POINT('Ctrl Pts',(34.4146426630764,-50.,7.13041457229692));
#8746=CARTESIAN_POINT('Ctrl Pts',(34.3826893424814,-50.,7.39721116778511));
#8747=CARTESIAN_POINT('Ctrl Pts',(34.1743343041418,-50.,7.56736789321087));
#8748=CARTESIAN_POINT('Ctrl Pts',(34.0688922256231,-50.,7.65347898006439));
#8749=CARTESIAN_POINT('',(34.0688922256231,-52.,7.65347898006439));
#8750=CARTESIAN_POINT('Ctrl Pts',(34.0688922256231,-52.,7.65347898006439));
#8751=CARTESIAN_POINT('Ctrl Pts',(34.1743343041418,-52.,7.56736789321087));
#8752=CARTESIAN_POINT('Ctrl Pts',(34.3826893424814,-52.,7.39721116778511));
#8753=CARTESIAN_POINT('Ctrl Pts',(34.4146426630764,-52.,7.13041457229692));
#8754=CARTESIAN_POINT('Ctrl Pts',(34.4304253906012,-52.,6.9986355304718));
#8755=CARTESIAN_POINT('',(34.0688922256231,-50.,7.65347898006439));
#8756=CARTESIAN_POINT('Ctrl Pts',(32.8137757629156,-50.,8.06957721710205));
#8757=CARTESIAN_POINT('Ctrl Pts',(32.8137757629156,-52.,8.06957721710205));
#8758=CARTESIAN_POINT('Ctrl Pts',(33.0892086027102,-50.,8.00343365491029));
#8759=CARTESIAN_POINT('Ctrl Pts',(33.0892086027102,-52.,8.00343365491029));
#8760=CARTESIAN_POINT('Ctrl Pts',(33.5199537541885,-50.,7.89999276261563));
#8761=CARTESIAN_POINT('Ctrl Pts',(33.5199537541885,-52.,7.89999276261563));
#8762=CARTESIAN_POINT('Ctrl Pts',(33.9234168954215,-50.,7.71880811216579));
#8763=CARTESIAN_POINT('Ctrl Pts',(33.9234168954215,-52.,7.71880811216579));
#8764=CARTESIAN_POINT('Ctrl Pts',(34.0688922256231,-50.,7.65347898006439));
#8765=CARTESIAN_POINT('Ctrl Pts',(34.0688922256231,-52.,7.65347898006439));
#8766=CARTESIAN_POINT('',(32.8137757629156,-50.,8.06957721710205));
#8767=CARTESIAN_POINT('Ctrl Pts',(34.0688922256231,-50.,7.65347898006439));
#8768=CARTESIAN_POINT('Ctrl Pts',(33.9234168954215,-50.,7.71880811216579));
#8769=CARTESIAN_POINT('Ctrl Pts',(33.5199537541885,-50.,7.89999276261563));
#8770=CARTESIAN_POINT('Ctrl Pts',(33.0892086027102,-50.,8.00343365491029));
#8771=CARTESIAN_POINT('Ctrl Pts',(32.8137757629156,-50.,8.06957721710205));
#8772=CARTESIAN_POINT('',(32.8137757629156,-52.,8.06957721710205));
#8773=CARTESIAN_POINT('Ctrl Pts',(32.8137757629156,-52.,8.06957721710205));
#8774=CARTESIAN_POINT('Ctrl Pts',(33.0892086027102,-52.,8.00343365491029));
#8775=CARTESIAN_POINT('Ctrl Pts',(33.5199537541885,-52.,7.89999276261563));
#8776=CARTESIAN_POINT('Ctrl Pts',(33.9234168954215,-52.,7.71880811216579));
#8777=CARTESIAN_POINT('Ctrl Pts',(34.0688922256231,-52.,7.65347898006439));
#8778=CARTESIAN_POINT('',(32.8137757629156,-50.,8.06957721710205));
#8779=CARTESIAN_POINT('Ctrl Pts',(30.9413363784552,-50.,8.65961790084839));
#8780=CARTESIAN_POINT('Ctrl Pts',(30.9413363784552,-52.,8.65961790084839));
#8781=CARTESIAN_POINT('Ctrl Pts',(31.1829821767468,-50.,8.56476184694658));
#8782=CARTESIAN_POINT('Ctrl Pts',(31.1829821767468,-52.,8.56476184694658));
#8783=CARTESIAN_POINT('Ctrl Pts',(31.7932018674106,-50.,8.32522516855705));
#8784=CARTESIAN_POINT('Ctrl Pts',(31.7932018674106,-52.,8.32522516855705));
#8785=CARTESIAN_POINT('Ctrl Pts',(32.4294691025133,-50.,8.16584384796051));
#8786=CARTESIAN_POINT('Ctrl Pts',(32.4294691025133,-52.,8.16584384796051));
#8787=CARTESIAN_POINT('Ctrl Pts',(32.8137757629156,-50.,8.06957721710205));
#8788=CARTESIAN_POINT('Ctrl Pts',(32.8137757629156,-52.,8.06957721710205));
#8789=CARTESIAN_POINT('',(30.9413363784552,-50.,8.65961790084839));
#8790=CARTESIAN_POINT('Ctrl Pts',(32.8137757629156,-50.,8.06957721710205));
#8791=CARTESIAN_POINT('Ctrl Pts',(32.4294691025133,-50.,8.16584384796051));
#8792=CARTESIAN_POINT('Ctrl Pts',(31.7932018674106,-50.,8.32522516855705));
#8793=CARTESIAN_POINT('Ctrl Pts',(31.1829821767468,-50.,8.56476184694658));
#8794=CARTESIAN_POINT('Ctrl Pts',(30.9413363784552,-50.,8.65961790084839));
#8795=CARTESIAN_POINT('',(30.9413363784552,-52.,8.65961790084839));
#8796=CARTESIAN_POINT('Ctrl Pts',(30.9413363784552,-52.,8.65961790084839));
#8797=CARTESIAN_POINT('Ctrl Pts',(31.1829821767468,-52.,8.56476184694658));
#8798=CARTESIAN_POINT('Ctrl Pts',(31.7932018674106,-52.,8.32522516855705));
#8799=CARTESIAN_POINT('Ctrl Pts',(32.4294691025133,-52.,8.16584384796051));
#8800=CARTESIAN_POINT('Ctrl Pts',(32.8137757629156,-52.,8.06957721710205));
#8801=CARTESIAN_POINT('',(30.9413363784552,-50.,8.65961790084839));
#8802=CARTESIAN_POINT('Ctrl Pts',(30.1500680297613,-50.,9.34856772422791));
#8803=CARTESIAN_POINT('Ctrl Pts',(30.1500680297613,-52.,9.34856772422791));
#8804=CARTESIAN_POINT('Ctrl Pts',(30.2528949258083,-50.,9.20869956172966));
#8805=CARTESIAN_POINT('Ctrl Pts',(30.2528949258083,-52.,9.20869956172966));
#8806=CARTESIAN_POINT('Ctrl Pts',(30.4649708062154,-50.,8.92022772368839));
#8807=CARTESIAN_POINT('Ctrl Pts',(30.4649708062154,-52.,8.92022772368839));
#8808=CARTESIAN_POINT('Ctrl Pts',(30.7793742626723,-50.,8.74822404864891));
#8809=CARTESIAN_POINT('Ctrl Pts',(30.7793742626723,-52.,8.74822404864891));
#8810=CARTESIAN_POINT('Ctrl Pts',(30.9413363784552,-50.,8.65961790084839));
#8811=CARTESIAN_POINT('Ctrl Pts',(30.9413363784552,-52.,8.65961790084839));
#8812=CARTESIAN_POINT('',(30.1500680297613,-50.,9.34856772422791));
#8813=CARTESIAN_POINT('Ctrl Pts',(30.9413363784552,-50.,8.65961790084839));
#8814=CARTESIAN_POINT('Ctrl Pts',(30.7793742626723,-50.,8.74822404864891));
#8815=CARTESIAN_POINT('Ctrl Pts',(30.4649708062154,-50.,8.92022772368839));
#8816=CARTESIAN_POINT('Ctrl Pts',(30.2528949258083,-50.,9.20869956172966));
#8817=CARTESIAN_POINT('Ctrl Pts',(30.1500680297613,-50.,9.34856772422791));
#8818=CARTESIAN_POINT('',(30.1500680297613,-52.,9.34856772422791));
#8819=CARTESIAN_POINT('Ctrl Pts',(30.1500680297613,-52.,9.34856772422791));
#8820=CARTESIAN_POINT('Ctrl Pts',(30.2528949258083,-52.,9.20869956172966));
#8821=CARTESIAN_POINT('Ctrl Pts',(30.4649708062154,-52.,8.92022772368839));
#8822=CARTESIAN_POINT('Ctrl Pts',(30.7793742626723,-52.,8.74822404864891));
#8823=CARTESIAN_POINT('Ctrl Pts',(30.9413363784552,-52.,8.65961790084839));
#8824=CARTESIAN_POINT('',(30.1500680297613,-50.,9.34856772422791));
#8825=CARTESIAN_POINT('Ctrl Pts',(29.8806264251471,-50.,10.320600271225));
#8826=CARTESIAN_POINT('Ctrl Pts',(29.8806264251471,-52.,10.320600271225));
#8827=CARTESIAN_POINT('Ctrl Pts',(29.8914815385402,-50.,10.1476918292955));
#8828=CARTESIAN_POINT('Ctrl Pts',(29.8914815385402,-52.,10.1476918292955));
#8829=CARTESIAN_POINT('Ctrl Pts',(29.9130162949725,-50.,9.80466996971786));
#8830=CARTESIAN_POINT('Ctrl Pts',(29.9130162949725,-52.,9.80466996971786));
#8831=CARTESIAN_POINT('Ctrl Pts',(30.0714811881348,-50.,9.49977368339866));
#8832=CARTESIAN_POINT('Ctrl Pts',(30.0714811881348,-52.,9.49977368339866));
#8833=CARTESIAN_POINT('Ctrl Pts',(30.1500680297613,-50.,9.34856772422791));
#8834=CARTESIAN_POINT('Ctrl Pts',(30.1500680297613,-52.,9.34856772422791));
#8835=CARTESIAN_POINT('',(29.8806264251471,-50.,10.320600271225));
#8836=CARTESIAN_POINT('Ctrl Pts',(30.1500680297613,-50.,9.34856772422791));
#8837=CARTESIAN_POINT('Ctrl Pts',(30.0714811881348,-50.,9.49977368339866));
#8838=CARTESIAN_POINT('Ctrl Pts',(29.9130162949725,-50.,9.80466996971786));
#8839=CARTESIAN_POINT('Ctrl Pts',(29.8914815385402,-50.,10.1476918292955));
#8840=CARTESIAN_POINT('Ctrl Pts',(29.8806264251471,-50.,10.320600271225));
#8841=CARTESIAN_POINT('',(29.8806264251471,-52.,10.320600271225));
#8842=CARTESIAN_POINT('Ctrl Pts',(29.8806264251471,-52.,10.320600271225));
#8843=CARTESIAN_POINT('Ctrl Pts',(29.8914815385402,-52.,10.1476918292955));
#8844=CARTESIAN_POINT('Ctrl Pts',(29.9130162949725,-52.,9.80466996971786));
#8845=CARTESIAN_POINT('Ctrl Pts',(30.0714811881348,-52.,9.49977368339866));
#8846=CARTESIAN_POINT('Ctrl Pts',(30.1500680297613,-52.,9.34856772422791));
#8847=CARTESIAN_POINT('',(29.8806264251471,-50.,10.320600271225));
#8848=CARTESIAN_POINT('Ctrl Pts',(30.1023175567389,-50.,11.2175989151001));
#8849=CARTESIAN_POINT('Ctrl Pts',(30.1023175567389,-52.,11.2175989151001));
#8850=CARTESIAN_POINT('Ctrl Pts',(30.0376566599704,-50.,11.0763612679404));
#8851=CARTESIAN_POINT('Ctrl Pts',(30.0376566599704,-52.,11.0763612679404));
#8852=CARTESIAN_POINT('Ctrl Pts',(29.9071995488648,-50.,10.7914061196414));
#8853=CARTESIAN_POINT('Ctrl Pts',(29.9071995488648,-52.,10.7914061196414));
#8854=CARTESIAN_POINT('Ctrl Pts',(29.8895353745358,-50.,10.478443418309));
#8855=CARTESIAN_POINT('Ctrl Pts',(29.8895353745358,-52.,10.478443418309));
#8856=CARTESIAN_POINT('Ctrl Pts',(29.8806264251471,-50.,10.320600271225));
#8857=CARTESIAN_POINT('Ctrl Pts',(29.8806264251471,-52.,10.320600271225));
#8858=CARTESIAN_POINT('',(30.1023175567389,-50.,11.2175989151001));
#8859=CARTESIAN_POINT('Ctrl Pts',(29.8806264251471,-50.,10.320600271225));
#8860=CARTESIAN_POINT('Ctrl Pts',(29.8895353745358,-50.,10.478443418309));
#8861=CARTESIAN_POINT('Ctrl Pts',(29.9071995488648,-50.,10.7914061196414));
#8862=CARTESIAN_POINT('Ctrl Pts',(30.0376566599704,-50.,11.0763612679404));
#8863=CARTESIAN_POINT('Ctrl Pts',(30.1023175567389,-50.,11.2175989151001));
#8864=CARTESIAN_POINT('',(30.1023175567389,-52.,11.2175989151001));
#8865=CARTESIAN_POINT('Ctrl Pts',(30.1023175567389,-52.,11.2175989151001));
#8866=CARTESIAN_POINT('Ctrl Pts',(30.0376566599704,-52.,11.0763612679404));
#8867=CARTESIAN_POINT('Ctrl Pts',(29.9071995488648,-52.,10.7914061196414));
#8868=CARTESIAN_POINT('Ctrl Pts',(29.8895353745358,-52.,10.478443418309));
#8869=CARTESIAN_POINT('Ctrl Pts',(29.8806264251471,-52.,10.320600271225));
#8870=CARTESIAN_POINT('',(30.1023175567389,-50.,11.2175989151001));
#8871=CARTESIAN_POINT('Ctrl Pts',(30.7060029357672,-50.,11.9031381607056));
#8872=CARTESIAN_POINT('Ctrl Pts',(30.7060029357672,-52.,11.9031381607056));
#8873=CARTESIAN_POINT('Ctrl Pts',(30.5853717586008,-50.,11.8063980323398));
#8874=CARTESIAN_POINT('Ctrl Pts',(30.5853717586008,-52.,11.8063980323398));
#8875=CARTESIAN_POINT('Ctrl Pts',(30.3442381320593,-50.,11.6130210088134));
#8876=CARTESIAN_POINT('Ctrl Pts',(30.3442381320593,-52.,11.6130210088134));
#8877=CARTESIAN_POINT('Ctrl Pts',(30.1829290438712,-50.,11.3493593615896));
#8878=CARTESIAN_POINT('Ctrl Pts',(30.1829290438712,-52.,11.3493593615896));
#8879=CARTESIAN_POINT('Ctrl Pts',(30.1023175567389,-50.,11.2175989151001));
#8880=CARTESIAN_POINT('Ctrl Pts',(30.1023175567389,-52.,11.2175989151001));
#8881=CARTESIAN_POINT('',(30.7060029357672,-50.,11.9031381607056));
#8882=CARTESIAN_POINT('Ctrl Pts',(30.1023175567389,-50.,11.2175989151001));
#8883=CARTESIAN_POINT('Ctrl Pts',(30.1829290438712,-50.,11.3493593615896));
#8884=CARTESIAN_POINT('Ctrl Pts',(30.3442381320593,-50.,11.6130210088134));
#8885=CARTESIAN_POINT('Ctrl Pts',(30.5853717586008,-50.,11.8063980323398));
#8886=CARTESIAN_POINT('Ctrl Pts',(30.7060029357672,-50.,11.9031381607056));
#8887=CARTESIAN_POINT('',(30.7060029357672,-52.,11.9031381607056));
#8888=CARTESIAN_POINT('Ctrl Pts',(30.7060029357672,-52.,11.9031381607056));
#8889=CARTESIAN_POINT('Ctrl Pts',(30.5853717586008,-52.,11.8063980323398));
#8890=CARTESIAN_POINT('Ctrl Pts',(30.3442381320593,-52.,11.6130210088134));
#8891=CARTESIAN_POINT('Ctrl Pts',(30.1829290438712,-52.,11.3493593615896));
#8892=CARTESIAN_POINT('Ctrl Pts',(30.1023175567389,-52.,11.2175989151001));
#8893=CARTESIAN_POINT('',(30.7060029357672,-50.,11.9031381607056));
#8894=CARTESIAN_POINT('Ctrl Pts',(31.487038359046,-50.,12.2612553834915));
#8895=CARTESIAN_POINT('Ctrl Pts',(31.487038359046,-52.,12.2612553834915));
#8896=CARTESIAN_POINT('Ctrl Pts',(31.3364240926062,-50.,12.2135997951466));
#8897=CARTESIAN_POINT('Ctrl Pts',(31.3364240926062,-52.,12.2135997951466));
#8898=CARTESIAN_POINT('Ctrl Pts',(31.0609907803642,-50.,12.1264504376857));
#8899=CARTESIAN_POINT('Ctrl Pts',(31.0609907803642,-52.,12.1264504376857));
#8900=CARTESIAN_POINT('Ctrl Pts',(30.8167062037016,-50.,11.9727782884109));
#8901=CARTESIAN_POINT('Ctrl Pts',(30.8167062037016,-52.,11.9727782884109));
#8902=CARTESIAN_POINT('Ctrl Pts',(30.7060029357672,-50.,11.9031381607056));
#8903=CARTESIAN_POINT('Ctrl Pts',(30.7060029357672,-52.,11.9031381607056));
#8904=CARTESIAN_POINT('',(31.487038359046,-50.,12.2612553834915));
#8905=CARTESIAN_POINT('Ctrl Pts',(30.7060029357672,-50.,11.9031381607056));
#8906=CARTESIAN_POINT('Ctrl Pts',(30.8167062037016,-50.,11.9727782884109));
#8907=CARTESIAN_POINT('Ctrl Pts',(31.0609907803642,-50.,12.1264504376857));
#8908=CARTESIAN_POINT('Ctrl Pts',(31.3364240926062,-50.,12.2135997951466));
#8909=CARTESIAN_POINT('Ctrl Pts',(31.487038359046,-50.,12.2612553834915));
#8910=CARTESIAN_POINT('',(31.487038359046,-52.,12.2612553834915));
#8911=CARTESIAN_POINT('Ctrl Pts',(31.487038359046,-52.,12.2612553834915));
#8912=CARTESIAN_POINT('Ctrl Pts',(31.3364240926062,-52.,12.2135997951466));
#8913=CARTESIAN_POINT('Ctrl Pts',(31.0609907803642,-52.,12.1264504376857));
#8914=CARTESIAN_POINT('Ctrl Pts',(30.8167062037016,-52.,11.9727782884109));
#8915=CARTESIAN_POINT('Ctrl Pts',(30.7060029357672,-52.,11.9031381607056));
#8916=CARTESIAN_POINT('',(31.487038359046,-50.,12.2612553834915));
#8917=CARTESIAN_POINT('Ctrl Pts',(32.5477483123541,-50.,12.4079126119614));
#8918=CARTESIAN_POINT('Ctrl Pts',(32.5477483123541,-52.,12.4079126119614));
#8919=CARTESIAN_POINT('Ctrl Pts',(32.3640563960632,-50.,12.4024000392978));
#8920=CARTESIAN_POINT('Ctrl Pts',(32.3640563960632,-52.,12.4024000392978));
#8921=CARTESIAN_POINT('Ctrl Pts',(32.0051500138067,-50.,12.3916293012514));
#8922=CARTESIAN_POINT('Ctrl Pts',(32.0051500138067,-52.,12.3916293012514));
#8923=CARTESIAN_POINT('Ctrl Pts',(31.6570011253406,-50.,12.3040236005573));
#8924=CARTESIAN_POINT('Ctrl Pts',(31.6570011253406,-52.,12.3040236005573));
#8925=CARTESIAN_POINT('Ctrl Pts',(31.487038359046,-50.,12.2612553834915));
#8926=CARTESIAN_POINT('Ctrl Pts',(31.487038359046,-52.,12.2612553834915));
#8927=CARTESIAN_POINT('',(32.5477483123541,-50.,12.4079126119614));
#8928=CARTESIAN_POINT('Ctrl Pts',(31.487038359046,-50.,12.2612553834915));
#8929=CARTESIAN_POINT('Ctrl Pts',(31.6570011253406,-50.,12.3040236005573));
#8930=CARTESIAN_POINT('Ctrl Pts',(32.0051500138067,-50.,12.3916293012514));
#8931=CARTESIAN_POINT('Ctrl Pts',(32.3640563960632,-50.,12.4024000392978));
#8932=CARTESIAN_POINT('Ctrl Pts',(32.5477483123541,-50.,12.4079126119614));
#8933=CARTESIAN_POINT('',(32.5477483123541,-52.,12.4079126119614));
#8934=CARTESIAN_POINT('Ctrl Pts',(32.5477483123541,-52.,12.4079126119614));
#8935=CARTESIAN_POINT('Ctrl Pts',(32.3640563960632,-52.,12.4024000392978));
#8936=CARTESIAN_POINT('Ctrl Pts',(32.0051500138067,-52.,12.3916293012514));
#8937=CARTESIAN_POINT('Ctrl Pts',(31.6570011253406,-52.,12.3040236005573));
#8938=CARTESIAN_POINT('Ctrl Pts',(31.487038359046,-52.,12.2612553834915));
#8939=CARTESIAN_POINT('',(32.5477483123541,-50.,12.4079126119614));
#8940=CARTESIAN_POINT('Ctrl Pts',(34.0450169891119,-50.,12.1623468399048));
#8941=CARTESIAN_POINT('Ctrl Pts',(34.0450169891119,-52.,12.1623468399048));
#8942=CARTESIAN_POINT('Ctrl Pts',(33.8145304427462,-50.,12.233913562631));
#8943=CARTESIAN_POINT('Ctrl Pts',(33.8145304427462,-52.,12.233913562631));
#8944=CARTESIAN_POINT('Ctrl Pts',(33.3271864250962,-50.,12.3852352546491));
#8945=CARTESIAN_POINT('Ctrl Pts',(33.3271864250962,-52.,12.3852352546491));
#8946=CARTESIAN_POINT('Ctrl Pts',(32.8167675304535,-50.,12.4000856339974));
#8947=CARTESIAN_POINT('Ctrl Pts',(32.8167675304535,-52.,12.4000856339974));
#8948=CARTESIAN_POINT('Ctrl Pts',(32.5477483123541,-50.,12.4079126119614));
#8949=CARTESIAN_POINT('Ctrl Pts',(32.5477483123541,-52.,12.4079126119614));
#8950=CARTESIAN_POINT('',(34.0450169891119,-50.,12.1623468399048));
#8951=CARTESIAN_POINT('Ctrl Pts',(32.5477483123541,-50.,12.4079126119614));
#8952=CARTESIAN_POINT('Ctrl Pts',(32.8167675304535,-50.,12.4000856339974));
#8953=CARTESIAN_POINT('Ctrl Pts',(33.3271864250962,-50.,12.3852352546491));
#8954=CARTESIAN_POINT('Ctrl Pts',(33.8145304427462,-50.,12.233913562631));
#8955=CARTESIAN_POINT('Ctrl Pts',(34.0450169891119,-50.,12.1623468399048));
#8956=CARTESIAN_POINT('',(34.0450169891119,-52.,12.1623468399048));
#8957=CARTESIAN_POINT('Ctrl Pts',(34.0450169891119,-52.,12.1623468399048));
#8958=CARTESIAN_POINT('Ctrl Pts',(33.8145304427462,-52.,12.233913562631));
#8959=CARTESIAN_POINT('Ctrl Pts',(33.3271864250962,-52.,12.3852352546491));
#8960=CARTESIAN_POINT('Ctrl Pts',(32.8167675304535,-52.,12.4000856339974));
#8961=CARTESIAN_POINT('Ctrl Pts',(32.5477483123541,-52.,12.4079126119614));
#8962=CARTESIAN_POINT('',(34.0450169891119,-50.,12.1623468399048));
#8963=CARTESIAN_POINT('Ctrl Pts',(34.9965836852789,-50.,11.4972716569901));
#8964=CARTESIAN_POINT('Ctrl Pts',(34.9965836852789,-52.,11.4972716569901));
#8965=CARTESIAN_POINT('Ctrl Pts',(34.8731401119102,-50.,11.632417452166));
#8966=CARTESIAN_POINT('Ctrl Pts',(34.8731401119102,-52.,11.632417452166));
#8967=CARTESIAN_POINT('Ctrl Pts',(34.6063198721187,-50.,11.9245317558241));
#8968=CARTESIAN_POINT('Ctrl Pts',(34.6063198721187,-52.,11.9245317558241));
#8969=CARTESIAN_POINT('Ctrl Pts',(34.2412099271859,-50.,12.0792230194566));
#8970=CARTESIAN_POINT('Ctrl Pts',(34.2412099271859,-52.,12.0792230194566));
#8971=CARTESIAN_POINT('Ctrl Pts',(34.0450169891119,-50.,12.1623468399048));
#8972=CARTESIAN_POINT('Ctrl Pts',(34.0450169891119,-52.,12.1623468399048));
#8973=CARTESIAN_POINT('',(34.9965836852789,-50.,11.4972716569901));
#8974=CARTESIAN_POINT('Ctrl Pts',(34.0450169891119,-50.,12.1623468399048));
#8975=CARTESIAN_POINT('Ctrl Pts',(34.2412099271859,-50.,12.0792230194566));
#8976=CARTESIAN_POINT('Ctrl Pts',(34.6063198721187,-50.,11.9245317558241));
#8977=CARTESIAN_POINT('Ctrl Pts',(34.8731401119102,-50.,11.632417452166));
#8978=CARTESIAN_POINT('Ctrl Pts',(34.9965836852789,-50.,11.4972716569901));
#8979=CARTESIAN_POINT('',(34.9965836852789,-52.,11.4972716569901));
#8980=CARTESIAN_POINT('Ctrl Pts',(34.9965836852789,-52.,11.4972716569901));
#8981=CARTESIAN_POINT('Ctrl Pts',(34.8731401119102,-52.,11.632417452166));
#8982=CARTESIAN_POINT('Ctrl Pts',(34.6063198721187,-52.,11.9245317558241));
#8983=CARTESIAN_POINT('Ctrl Pts',(34.2412099271859,-52.,12.0792230194566));
#8984=CARTESIAN_POINT('Ctrl Pts',(34.0450169891119,-52.,12.1623468399048));
#8985=CARTESIAN_POINT('',(34.9965836852789,-50.,11.4972716569901));
#8986=CARTESIAN_POINT('Ctrl Pts',(35.4195000976324,-50.,10.3751707077026));
#8987=CARTESIAN_POINT('Ctrl Pts',(35.4195000976324,-52.,10.3751707077026));
#8988=CARTESIAN_POINT('Ctrl Pts',(35.3776674377523,-50.,10.5907168492717));
#8989=CARTESIAN_POINT('Ctrl Pts',(35.3776674377523,-52.,10.5907168492717));
#8990=CARTESIAN_POINT('Ctrl Pts',(35.3002897435506,-50.,10.9894116364662));
#8991=CARTESIAN_POINT('Ctrl Pts',(35.3002897435506,-52.,10.9894116364662));
#8992=CARTESIAN_POINT('Ctrl Pts',(35.0921821746717,-50.,11.3374109974386));
#8993=CARTESIAN_POINT('Ctrl Pts',(35.0921821746717,-52.,11.3374109974386));
#8994=CARTESIAN_POINT('Ctrl Pts',(34.9965836852789,-50.,11.4972716569901));
#8995=CARTESIAN_POINT('Ctrl Pts',(34.9965836852789,-52.,11.4972716569901));
#8996=CARTESIAN_POINT('',(35.4195000976324,-50.,10.3751707077026));
#8997=CARTESIAN_POINT('Ctrl Pts',(34.9965836852789,-50.,11.4972716569901));
#8998=CARTESIAN_POINT('Ctrl Pts',(35.0921821746717,-50.,11.3374109974386));
#8999=CARTESIAN_POINT('Ctrl Pts',(35.3002897435506,-50.,10.9894116364662));
#9000=CARTESIAN_POINT('Ctrl Pts',(35.3776674377523,-50.,10.5907168492717));
#9001=CARTESIAN_POINT('Ctrl Pts',(35.4195000976324,-50.,10.3751707077026));
#9002=CARTESIAN_POINT('',(35.4195000976324,-52.,10.3751707077026));
#9003=CARTESIAN_POINT('Ctrl Pts',(35.4195000976324,-52.,10.3751707077026));
#9004=CARTESIAN_POINT('Ctrl Pts',(35.3776674377523,-52.,10.5907168492717));
#9005=CARTESIAN_POINT('Ctrl Pts',(35.3002897435506,-52.,10.9894116364662));
#9006=CARTESIAN_POINT('Ctrl Pts',(35.0921821746717,-52.,11.3374109974386));
#9007=CARTESIAN_POINT('Ctrl Pts',(34.9965836852789,-52.,11.4972716569901));
#9008=CARTESIAN_POINT('',(35.4195000976324,-50.,10.3751707077026));
#9009=CARTESIAN_POINT('Origin',(34.2189624160528,-50.,10.2114599943161));
#9010=CARTESIAN_POINT('',(34.2189624160528,-50.,10.2114599943161));
#9011=CARTESIAN_POINT('',(-7.80530623830325,-50.,4.48084186669512));
#9012=CARTESIAN_POINT('',(34.2189624160528,-52.,10.2114599943161));
#9013=CARTESIAN_POINT('',(35.4195000976324,-52.,10.3751707077026));
#9014=CARTESIAN_POINT('',(34.2189624160528,-50.,10.2114599943161));
#9015=CARTESIAN_POINT('Ctrl Pts',(33.7448813766241,-50.,11.0845839977264));
#9016=CARTESIAN_POINT('Ctrl Pts',(33.7448813766241,-52.,11.0845839977264));
#9017=CARTESIAN_POINT('Ctrl Pts',(33.8630825907784,-50.,10.9668732672296));
#9018=CARTESIAN_POINT('Ctrl Pts',(33.8630825907784,-52.,10.9668732672296));
#9019=CARTESIAN_POINT('Ctrl Pts',(34.1075046023173,-50.,10.7234655007901));
#9020=CARTESIAN_POINT('Ctrl Pts',(34.1075046023173,-52.,10.7234655007901));
#9021=CARTESIAN_POINT('Ctrl Pts',(34.1810059420953,-50.,10.385821243844));
#9022=CARTESIAN_POINT('Ctrl Pts',(34.1810059420953,-52.,10.385821243844));
#9023=CARTESIAN_POINT('Ctrl Pts',(34.2189624160528,-50.,10.2114599943161));
#9024=CARTESIAN_POINT('Ctrl Pts',(34.2189624160528,-52.,10.2114599943161));
#9025=CARTESIAN_POINT('',(33.7448813766241,-50.,11.0845839977264));
#9026=CARTESIAN_POINT('Ctrl Pts',(34.2189624160528,-50.,10.2114599943161));
#9027=CARTESIAN_POINT('Ctrl Pts',(34.1810059420953,-50.,10.385821243844));
#9028=CARTESIAN_POINT('Ctrl Pts',(34.1075046023173,-50.,10.7234655007901));
#9029=CARTESIAN_POINT('Ctrl Pts',(33.8630825907784,-50.,10.9668732672296));
#9030=CARTESIAN_POINT('Ctrl Pts',(33.7448813766241,-50.,11.0845839977264));
#9031=CARTESIAN_POINT('',(33.7448813766241,-52.,11.0845839977264));
#9032=CARTESIAN_POINT('Ctrl Pts',(33.7448813766241,-52.,11.0845839977264));
#9033=CARTESIAN_POINT('Ctrl Pts',(33.8630825907784,-52.,10.9668732672296));
#9034=CARTESIAN_POINT('Ctrl Pts',(34.1075046023173,-52.,10.7234655007901));
#9035=CARTESIAN_POINT('Ctrl Pts',(34.1810059420953,-52.,10.385821243844));
#9036=CARTESIAN_POINT('Ctrl Pts',(34.2189624160528,-52.,10.2114599943161));
#9037=CARTESIAN_POINT('',(33.7448813766241,-50.,11.0845839977264));
#9038=CARTESIAN_POINT('Ctrl Pts',(32.6364257186651,-50.,11.3983631134033));
#9039=CARTESIAN_POINT('Ctrl Pts',(32.6364257186651,-52.,11.3983631134033));
#9040=CARTESIAN_POINT('Ctrl Pts',(32.8538417948149,-50.,11.3910714851128));
#9041=CARTESIAN_POINT('Ctrl Pts',(32.8538417948149,-52.,11.3910714851128));
#9042=CARTESIAN_POINT('Ctrl Pts',(33.2507828651154,-50.,11.3777590070794));
#9043=CARTESIAN_POINT('Ctrl Pts',(33.2507828651154,-52.,11.3777590070794));
#9044=CARTESIAN_POINT('Ctrl Pts',(33.5910075619133,-50.,11.1758855418847));
#9045=CARTESIAN_POINT('Ctrl Pts',(33.5910075619133,-52.,11.1758855418847));
#9046=CARTESIAN_POINT('Ctrl Pts',(33.7448813766241,-50.,11.0845839977264));
#9047=CARTESIAN_POINT('Ctrl Pts',(33.7448813766241,-52.,11.0845839977264));
#9048=CARTESIAN_POINT('',(32.6364257186651,-50.,11.3983631134033));
#9049=CARTESIAN_POINT('Ctrl Pts',(33.7448813766241,-50.,11.0845839977264));
#9050=CARTESIAN_POINT('Ctrl Pts',(33.5910075619133,-50.,11.1758855418847));
#9051=CARTESIAN_POINT('Ctrl Pts',(33.2507828651154,-50.,11.3777590070794));
#9052=CARTESIAN_POINT('Ctrl Pts',(32.8538417948149,-50.,11.3910714851128));
#9053=CARTESIAN_POINT('Ctrl Pts',(32.6364257186651,-50.,11.3983631134033));
#9054=CARTESIAN_POINT('',(32.6364257186651,-52.,11.3983631134033));
#9055=CARTESIAN_POINT('Ctrl Pts',(32.6364257186651,-52.,11.3983631134033));
#9056=CARTESIAN_POINT('Ctrl Pts',(32.8538417948149,-52.,11.3910714851128));
#9057=CARTESIAN_POINT('Ctrl Pts',(33.2507828651154,-52.,11.3777590070794));
#9058=CARTESIAN_POINT('Ctrl Pts',(33.5910075619133,-52.,11.1758855418847));
#9059=CARTESIAN_POINT('Ctrl Pts',(33.7448813766241,-52.,11.0845839977264));
#9060=CARTESIAN_POINT('',(32.6364257186651,-50.,11.3983631134033));
#9061=CARTESIAN_POINT('Ctrl Pts',(31.4290549606085,-50.,11.1186903715134));
#9062=CARTESIAN_POINT('Ctrl Pts',(31.4290549606085,-52.,11.1186903715134));
#9063=CARTESIAN_POINT('Ctrl Pts',(31.5870446123785,-50.,11.1997415078336));
#9064=CARTESIAN_POINT('Ctrl Pts',(31.5870446123785,-52.,11.1997415078336));
#9065=CARTESIAN_POINT('Ctrl Pts',(31.9636443405423,-50.,11.392942996435));
#9066=CARTESIAN_POINT('Ctrl Pts',(31.9636443405423,-52.,11.392942996435));
#9067=CARTESIAN_POINT('Ctrl Pts',(32.3893249697501,-50.,11.396372399918));
#9068=CARTESIAN_POINT('Ctrl Pts',(32.3893249697501,-52.,11.396372399918));
#9069=CARTESIAN_POINT('Ctrl Pts',(32.6364257186651,-50.,11.3983631134033));
#9070=CARTESIAN_POINT('Ctrl Pts',(32.6364257186651,-52.,11.3983631134033));
#9071=CARTESIAN_POINT('',(31.4290549606085,-50.,11.1186903715134));
#9072=CARTESIAN_POINT('Ctrl Pts',(32.6364257186651,-50.,11.3983631134033));
#9073=CARTESIAN_POINT('Ctrl Pts',(32.3893249697501,-50.,11.396372399918));
#9074=CARTESIAN_POINT('Ctrl Pts',(31.9636443405423,-50.,11.392942996435));
#9075=CARTESIAN_POINT('Ctrl Pts',(31.5870446123785,-50.,11.1997415078336));
#9076=CARTESIAN_POINT('Ctrl Pts',(31.4290549606085,-50.,11.1186903715134));
#9077=CARTESIAN_POINT('',(31.4290549606085,-52.,11.1186903715134));
#9078=CARTESIAN_POINT('Ctrl Pts',(31.4290549606085,-52.,11.1186903715134));
#9079=CARTESIAN_POINT('Ctrl Pts',(31.5870446123785,-52.,11.1997415078336));
#9080=CARTESIAN_POINT('Ctrl Pts',(31.9636443405423,-52.,11.392942996435));
#9081=CARTESIAN_POINT('Ctrl Pts',(32.3893249697501,-52.,11.396372399918));
#9082=CARTESIAN_POINT('Ctrl Pts',(32.6364257186651,-52.,11.3983631134033));
#9083=CARTESIAN_POINT('',(31.4290549606085,-50.,11.1186903715134));
#9084=CARTESIAN_POINT('Ctrl Pts',(31.067526564002,-50.,10.4638475179672));
#9085=CARTESIAN_POINT('Ctrl Pts',(31.067526564002,-52.,10.4638475179672));
#9086=CARTESIAN_POINT('Ctrl Pts',(31.0857725205513,-50.,10.5872898320409));
#9087=CARTESIAN_POINT('Ctrl Pts',(31.0857725205513,-52.,10.5872898320409));
#9088=CARTESIAN_POINT('Ctrl Pts',(31.1244918269916,-50.,10.8492438037823));
#9089=CARTESIAN_POINT('Ctrl Pts',(31.1244918269916,-52.,10.8492438037823));
#9090=CARTESIAN_POINT('Ctrl Pts',(31.3237137242982,-50.,11.0254951307523));
#9091=CARTESIAN_POINT('Ctrl Pts',(31.3237137242982,-52.,11.0254951307523));
#9092=CARTESIAN_POINT('Ctrl Pts',(31.4290549606085,-50.,11.1186903715134));
#9093=CARTESIAN_POINT('Ctrl Pts',(31.4290549606085,-52.,11.1186903715134));
#9094=CARTESIAN_POINT('',(31.067526564002,-50.,10.4638475179672));
#9095=CARTESIAN_POINT('Ctrl Pts',(31.4290549606085,-50.,11.1186903715134));
#9096=CARTESIAN_POINT('Ctrl Pts',(31.3237137242982,-50.,11.0254951307523));
#9097=CARTESIAN_POINT('Ctrl Pts',(31.1244918269916,-50.,10.8492438037823));
#9098=CARTESIAN_POINT('Ctrl Pts',(31.0857725205513,-50.,10.5872898320409));
#9099=CARTESIAN_POINT('Ctrl Pts',(31.067526564002,-50.,10.4638475179672));
#9100=CARTESIAN_POINT('',(31.067526564002,-52.,10.4638475179672));
#9101=CARTESIAN_POINT('Ctrl Pts',(31.067526564002,-52.,10.4638475179672));
#9102=CARTESIAN_POINT('Ctrl Pts',(31.0857725205513,-52.,10.5872898320409));
#9103=CARTESIAN_POINT('Ctrl Pts',(31.1244918269916,-52.,10.8492438037823));
#9104=CARTESIAN_POINT('Ctrl Pts',(31.3237137242982,-52.,11.0254951307523));
#9105=CARTESIAN_POINT('Ctrl Pts',(31.4290549606085,-52.,11.1186903715134));
#9106=CARTESIAN_POINT('',(31.067526564002,-50.,10.4638475179672));
#9107=CARTESIAN_POINT('Ctrl Pts',(31.2175967544317,-50.,10.0341063737869));
#9108=CARTESIAN_POINT('Ctrl Pts',(31.2175967544317,-52.,10.0341063737869));
#9109=CARTESIAN_POINT('Ctrl Pts',(31.1738265586289,-50.,10.0995730870047));
#9110=CARTESIAN_POINT('Ctrl Pts',(31.1738265586289,-52.,10.0995730870047));
#9111=CARTESIAN_POINT('Ctrl Pts',(31.0866948367454,-50.,10.2298952695789));
#9112=CARTESIAN_POINT('Ctrl Pts',(31.0866948367454,-52.,10.2298952695789));
#9113=CARTESIAN_POINT('Ctrl Pts',(31.0738959782932,-50.,10.386107660324));
#9114=CARTESIAN_POINT('Ctrl Pts',(31.0738959782932,-52.,10.386107660324));
#9115=CARTESIAN_POINT('Ctrl Pts',(31.067526564002,-50.,10.4638475179672));
#9116=CARTESIAN_POINT('Ctrl Pts',(31.067526564002,-52.,10.4638475179672));
#9117=CARTESIAN_POINT('',(31.2175967544317,-50.,10.0341063737869));
#9118=CARTESIAN_POINT('Ctrl Pts',(31.067526564002,-50.,10.4638475179672));
#9119=CARTESIAN_POINT('Ctrl Pts',(31.0738959782932,-50.,10.386107660324));
#9120=CARTESIAN_POINT('Ctrl Pts',(31.0866948367454,-50.,10.2298952695789));
#9121=CARTESIAN_POINT('Ctrl Pts',(31.1738265586289,-50.,10.0995730870047));
#9122=CARTESIAN_POINT('Ctrl Pts',(31.2175967544317,-50.,10.0341063737869));
#9123=CARTESIAN_POINT('',(31.2175967544317,-52.,10.0341063737869));
#9124=CARTESIAN_POINT('Ctrl Pts',(31.2175967544317,-52.,10.0341063737869));
#9125=CARTESIAN_POINT('Ctrl Pts',(31.1738265586289,-52.,10.0995730870047));
#9126=CARTESIAN_POINT('Ctrl Pts',(31.0866948367454,-52.,10.2298952695789));
#9127=CARTESIAN_POINT('Ctrl Pts',(31.0738959782932,-52.,10.386107660324));
#9128=CARTESIAN_POINT('Ctrl Pts',(31.067526564002,-52.,10.4638475179672));
#9129=CARTESIAN_POINT('',(31.2175967544317,-50.,10.0341063737869));
#9130=CARTESIAN_POINT('Ctrl Pts',(31.6882636398077,-50.,9.70668494701385));
#9131=CARTESIAN_POINT('Ctrl Pts',(31.6882636398077,-52.,9.70668494701385));
#9132=CARTESIAN_POINT('Ctrl Pts',(31.5911957229855,-50.,9.7493812857841));
#9133=CARTESIAN_POINT('Ctrl Pts',(31.5911957229855,-52.,9.7493812857841));
#9134=CARTESIAN_POINT('Ctrl Pts',(31.4125221293593,-50.,9.82797273528161));
#9135=CARTESIAN_POINT('Ctrl Pts',(31.4125221293593,-52.,9.82797273528161));
#9136=CARTESIAN_POINT('Ctrl Pts',(31.2787119447461,-50.,9.9694770429359));
#9137=CARTESIAN_POINT('Ctrl Pts',(31.2787119447461,-52.,9.9694770429359));
#9138=CARTESIAN_POINT('Ctrl Pts',(31.2175967544317,-50.,10.0341063737869));
#9139=CARTESIAN_POINT('Ctrl Pts',(31.2175967544317,-52.,10.0341063737869));
#9140=CARTESIAN_POINT('',(31.6882636398077,-50.,9.70668494701385));
#9141=CARTESIAN_POINT('Ctrl Pts',(31.2175967544317,-50.,10.0341063737869));
#9142=CARTESIAN_POINT('Ctrl Pts',(31.2787119447461,-50.,9.9694770429359));
#9143=CARTESIAN_POINT('Ctrl Pts',(31.4125221293593,-50.,9.82797273528161));
#9144=CARTESIAN_POINT('Ctrl Pts',(31.5911957229855,-50.,9.7493812857841));
#9145=CARTESIAN_POINT('Ctrl Pts',(31.6882636398077,-50.,9.70668494701385));
#9146=CARTESIAN_POINT('',(31.6882636398077,-52.,9.70668494701385));
#9147=CARTESIAN_POINT('Ctrl Pts',(31.6882636398077,-52.,9.70668494701385));
#9148=CARTESIAN_POINT('Ctrl Pts',(31.5911957229855,-52.,9.7493812857841));
#9149=CARTESIAN_POINT('Ctrl Pts',(31.4125221293593,-52.,9.82797273528161));
#9150=CARTESIAN_POINT('Ctrl Pts',(31.2787119447461,-52.,9.9694770429359));
#9151=CARTESIAN_POINT('Ctrl Pts',(31.2175967544317,-52.,10.0341063737869));
#9152=CARTESIAN_POINT('',(31.6882636398077,-50.,9.70668494701385));
#9153=CARTESIAN_POINT('Ctrl Pts',(32.772848829627,-50.,9.39290583133698));
#9154=CARTESIAN_POINT('Ctrl Pts',(32.772848829627,-52.,9.39290583133698));
#9155=CARTESIAN_POINT('Ctrl Pts',(32.5317344116383,-50.,9.45772431268752));
#9156=CARTESIAN_POINT('Ctrl Pts',(32.5317344116383,-52.,9.45772431268752));
#9157=CARTESIAN_POINT('Ctrl Pts',(32.1681865421051,-50.,9.55545642260416));
#9158=CARTESIAN_POINT('Ctrl Pts',(32.1681865421051,-52.,9.55545642260416));
#9159=CARTESIAN_POINT('Ctrl Pts',(31.8091707916982,-50.,9.66858588967891));
#9160=CARTESIAN_POINT('Ctrl Pts',(31.8091707916982,-52.,9.66858588967891));
#9161=CARTESIAN_POINT('Ctrl Pts',(31.6882636398077,-50.,9.70668494701385));
#9162=CARTESIAN_POINT('Ctrl Pts',(31.6882636398077,-52.,9.70668494701385));
#9163=CARTESIAN_POINT('',(32.772848829627,-50.,9.39290583133698));
#9164=CARTESIAN_POINT('Ctrl Pts',(31.6882636398077,-50.,9.70668494701385));
#9165=CARTESIAN_POINT('Ctrl Pts',(31.8091707916982,-50.,9.66858588967891));
#9166=CARTESIAN_POINT('Ctrl Pts',(32.1681865421051,-50.,9.55545642260416));
#9167=CARTESIAN_POINT('Ctrl Pts',(32.5317344116383,-50.,9.45772431268752));
#9168=CARTESIAN_POINT('Ctrl Pts',(32.772848829627,-50.,9.39290583133698));
#9169=CARTESIAN_POINT('',(32.772848829627,-52.,9.39290583133698));
#9170=CARTESIAN_POINT('Ctrl Pts',(32.772848829627,-52.,9.39290583133698));
#9171=CARTESIAN_POINT('Ctrl Pts',(32.5317344116383,-52.,9.45772431268752));
#9172=CARTESIAN_POINT('Ctrl Pts',(32.1681865421051,-52.,9.55545642260416));
#9173=CARTESIAN_POINT('Ctrl Pts',(31.8091707916982,-52.,9.66858588967891));
#9174=CARTESIAN_POINT('Ctrl Pts',(31.6882636398077,-52.,9.70668494701385));
#9175=CARTESIAN_POINT('',(32.772848829627,-50.,9.39290583133698));
#9176=CARTESIAN_POINT('Ctrl Pts',(34.5907189697027,-50.,8.82332921028137));
#9177=CARTESIAN_POINT('Ctrl Pts',(34.5907189697027,-52.,8.82332921028137));
#9178=CARTESIAN_POINT('Ctrl Pts',(34.3543575202626,-50.,8.9107439063733));
#9179=CARTESIAN_POINT('Ctrl Pts',(34.3543575202626,-52.,8.9107439063733));
#9180=CARTESIAN_POINT('Ctrl Pts',(33.7582136402553,-50.,9.13121867593213));
#9181=CARTESIAN_POINT('Ctrl Pts',(33.7582136402553,-52.,9.13121867593213));
#9182=CARTESIAN_POINT('Ctrl Pts',(33.1437110421653,-50.,9.29441451482202));
#9183=CARTESIAN_POINT('Ctrl Pts',(33.1437110421653,-52.,9.29441451482202));
#9184=CARTESIAN_POINT('Ctrl Pts',(32.772848829627,-50.,9.39290583133698));
#9185=CARTESIAN_POINT('Ctrl Pts',(32.772848829627,-52.,9.39290583133698));
#9186=CARTESIAN_POINT('',(34.5907189697027,-50.,8.82332921028137));
#9187=CARTESIAN_POINT('Ctrl Pts',(32.772848829627,-50.,9.39290583133698));
#9188=CARTESIAN_POINT('Ctrl Pts',(33.1437110421653,-50.,9.29441451482202));
#9189=CARTESIAN_POINT('Ctrl Pts',(33.7582136402553,-50.,9.13121867593213));
#9190=CARTESIAN_POINT('Ctrl Pts',(34.3543575202626,-50.,8.9107439063733));
#9191=CARTESIAN_POINT('Ctrl Pts',(34.5907189697027,-50.,8.82332921028137));
#9192=CARTESIAN_POINT('',(34.5907189697027,-52.,8.82332921028137));
#9193=CARTESIAN_POINT('Ctrl Pts',(34.5907189697027,-52.,8.82332921028137));
#9194=CARTESIAN_POINT('Ctrl Pts',(34.3543575202626,-52.,8.9107439063733));
#9195=CARTESIAN_POINT('Ctrl Pts',(33.7582136402553,-52.,9.13121867593213));
#9196=CARTESIAN_POINT('Ctrl Pts',(33.1437110421653,-52.,9.29441451482202));
#9197=CARTESIAN_POINT('Ctrl Pts',(32.772848829627,-52.,9.39290583133698));
#9198=CARTESIAN_POINT('',(34.5907189697027,-50.,8.82332921028137));
#9199=CARTESIAN_POINT('Ctrl Pts',(35.3990437835455,-50.,8.17871809005737));
#9200=CARTESIAN_POINT('Ctrl Pts',(35.3990437835455,-52.,8.17871809005737));
#9201=CARTESIAN_POINT('Ctrl Pts',(35.2901644083459,-50.,8.31209924658663));
#9202=CARTESIAN_POINT('Ctrl Pts',(35.2901644083459,-52.,8.31209924658663));
#9203=CARTESIAN_POINT('Ctrl Pts',(35.0673514504211,-50.,8.58505314592016));
#9204=CARTESIAN_POINT('Ctrl Pts',(35.0673514504211,-52.,8.58505314592016));
#9205=CARTESIAN_POINT('Ctrl Pts',(34.7519810455258,-50.,8.74271176536883));
#9206=CARTESIAN_POINT('Ctrl Pts',(34.7519810455258,-52.,8.74271176536883));
#9207=CARTESIAN_POINT('Ctrl Pts',(34.5907189697027,-50.,8.82332921028137));
#9208=CARTESIAN_POINT('Ctrl Pts',(34.5907189697027,-52.,8.82332921028137));
#9209=CARTESIAN_POINT('',(35.3990437835455,-50.,8.17871809005737));
#9210=CARTESIAN_POINT('Ctrl Pts',(34.5907189697027,-50.,8.82332921028137));
#9211=CARTESIAN_POINT('Ctrl Pts',(34.7519810455258,-50.,8.74271176536883));
#9212=CARTESIAN_POINT('Ctrl Pts',(35.0673514504211,-50.,8.58505314592016));
#9213=CARTESIAN_POINT('Ctrl Pts',(35.2901644083459,-50.,8.31209924658663));
#9214=CARTESIAN_POINT('Ctrl Pts',(35.3990437835455,-50.,8.17871809005737));
#9215=CARTESIAN_POINT('',(35.3990437835455,-52.,8.17871809005737));
#9216=CARTESIAN_POINT('Ctrl Pts',(35.3990437835455,-52.,8.17871809005737));
#9217=CARTESIAN_POINT('Ctrl Pts',(35.2901644083459,-52.,8.31209924658663));
#9218=CARTESIAN_POINT('Ctrl Pts',(35.0673514504211,-52.,8.58505314592016));
#9219=CARTESIAN_POINT('Ctrl Pts',(34.7519810455258,-52.,8.74271176536883));
#9220=CARTESIAN_POINT('Ctrl Pts',(34.5907189697027,-52.,8.82332921028137));
#9221=CARTESIAN_POINT('',(35.3990437835455,-50.,8.17871809005737));
#9222=CARTESIAN_POINT('Ctrl Pts',(35.6923558562994,-50.,7.12823987007141));
#9223=CARTESIAN_POINT('Ctrl Pts',(35.6923558562994,-52.,7.12823987007141));
#9224=CARTESIAN_POINT('Ctrl Pts',(35.6829386209903,-50.,7.32470136149023));
#9225=CARTESIAN_POINT('Ctrl Pts',(35.6829386209903,-52.,7.32470136149023));
#9226=CARTESIAN_POINT('Ctrl Pts',(35.6650508512939,-50.,7.69787435732024));
#9227=CARTESIAN_POINT('Ctrl Pts',(35.6650508512939,-52.,7.69787435732024));
#9228=CARTESIAN_POINT('Ctrl Pts',(35.4845281154465,-50.,8.0241936047129));
#9229=CARTESIAN_POINT('Ctrl Pts',(35.4845281154465,-52.,8.0241936047129));
#9230=CARTESIAN_POINT('Ctrl Pts',(35.3990437835455,-50.,8.17871809005737));
#9231=CARTESIAN_POINT('Ctrl Pts',(35.3990437835455,-52.,8.17871809005737));
#9232=CARTESIAN_POINT('',(35.6923558562994,-50.,7.12823987007141));
#9233=CARTESIAN_POINT('Ctrl Pts',(35.3990437835455,-50.,8.17871809005737));
#9234=CARTESIAN_POINT('Ctrl Pts',(35.4845281154465,-50.,8.0241936047129));
#9235=CARTESIAN_POINT('Ctrl Pts',(35.6650508512939,-50.,7.69787435732024));
#9236=CARTESIAN_POINT('Ctrl Pts',(35.6829386209903,-50.,7.32470136149023));
#9237=CARTESIAN_POINT('Ctrl Pts',(35.6923558562994,-50.,7.12823987007141));
#9238=CARTESIAN_POINT('',(35.6923558562994,-52.,7.12823987007141));
#9239=CARTESIAN_POINT('Ctrl Pts',(35.6923558562994,-52.,7.12823987007141));
#9240=CARTESIAN_POINT('Ctrl Pts',(35.6829386209903,-52.,7.32470136149023));
#9241=CARTESIAN_POINT('Ctrl Pts',(35.6650508512939,-52.,7.69787435732024));
#9242=CARTESIAN_POINT('Ctrl Pts',(35.4845281154465,-52.,8.0241936047129));
#9243=CARTESIAN_POINT('Ctrl Pts',(35.3990437835455,-52.,8.17871809005737));
#9244=CARTESIAN_POINT('',(35.6923558562994,-50.,7.12823987007141));
#9245=CARTESIAN_POINT('Ctrl Pts',(35.3342416137457,-50.,5.97203254699707));
#9246=CARTESIAN_POINT('Ctrl Pts',(35.3342416137457,-52.,5.97203254699707));
#9247=CARTESIAN_POINT('Ctrl Pts',(35.4386834295593,-50.,6.15418297410517));
#9248=CARTESIAN_POINT('Ctrl Pts',(35.4386834295593,-52.,6.15418297410517));
#9249=CARTESIAN_POINT('Ctrl Pts',(35.6444470099118,-50.,6.51304234238132));
#9250=CARTESIAN_POINT('Ctrl Pts',(35.6444470099118,-52.,6.51304234238132));
#9251=CARTESIAN_POINT('Ctrl Pts',(35.6765484954671,-50.,6.92525753932049));
#9252=CARTESIAN_POINT('Ctrl Pts',(35.6765484954671,-52.,6.92525753932049));
#9253=CARTESIAN_POINT('Ctrl Pts',(35.6923558562994,-50.,7.12823987007141));
#9254=CARTESIAN_POINT('Ctrl Pts',(35.6923558562994,-52.,7.12823987007141));
#9255=CARTESIAN_POINT('',(35.3342416137457,-50.,5.97203254699707));
#9256=CARTESIAN_POINT('Ctrl Pts',(35.6923558562994,-50.,7.12823987007141));
#9257=CARTESIAN_POINT('Ctrl Pts',(35.6765484954671,-50.,6.92525753932049));
#9258=CARTESIAN_POINT('Ctrl Pts',(35.6444470099118,-50.,6.51304234238132));
#9259=CARTESIAN_POINT('Ctrl Pts',(35.4386834295593,-50.,6.15418297410517));
#9260=CARTESIAN_POINT('Ctrl Pts',(35.3342416137457,-50.,5.97203254699707));
#9261=CARTESIAN_POINT('',(35.3342416137457,-52.,5.97203254699707));
#9262=CARTESIAN_POINT('Ctrl Pts',(35.3342416137457,-52.,5.97203254699707));
#9263=CARTESIAN_POINT('Ctrl Pts',(35.4386834295593,-52.,6.15418297410517));
#9264=CARTESIAN_POINT('Ctrl Pts',(35.6444470099118,-52.,6.51304234238132));
#9265=CARTESIAN_POINT('Ctrl Pts',(35.6765484954671,-52.,6.92525753932049));
#9266=CARTESIAN_POINT('Ctrl Pts',(35.6923558562994,-52.,7.12823987007141));
#9267=CARTESIAN_POINT('',(35.3342416137457,-50.,5.97203254699707));
#9268=CARTESIAN_POINT('Ctrl Pts',(34.30081628263,-50.,5.13301491737366));
#9269=CARTESIAN_POINT('Ctrl Pts',(34.30081628263,-52.,5.13301491737366));
#9270=CARTESIAN_POINT('Ctrl Pts',(34.5105215895707,-50.,5.23892896132123));
#9271=CARTESIAN_POINT('Ctrl Pts',(34.5105215895707,-52.,5.23892896132123));
#9272=CARTESIAN_POINT('Ctrl Pts',(34.9162879363719,-50.,5.44386585736124));
#9273=CARTESIAN_POINT('Ctrl Pts',(34.9162879363719,-52.,5.44386585736124));
#9274=CARTESIAN_POINT('Ctrl Pts',(35.1980822524146,-50.,5.79996840919823));
#9275=CARTESIAN_POINT('Ctrl Pts',(35.1980822524146,-52.,5.79996840919823));
#9276=CARTESIAN_POINT('Ctrl Pts',(35.3342416137457,-50.,5.97203254699707));
#9277=CARTESIAN_POINT('Ctrl Pts',(35.3342416137457,-52.,5.97203254699707));
#9278=CARTESIAN_POINT('',(34.30081628263,-50.,5.13301491737366));
#9279=CARTESIAN_POINT('Ctrl Pts',(35.3342416137457,-50.,5.97203254699707));
#9280=CARTESIAN_POINT('Ctrl Pts',(35.1980822524146,-50.,5.79996840919823));
#9281=CARTESIAN_POINT('Ctrl Pts',(34.9162879363719,-50.,5.44386585736124));
#9282=CARTESIAN_POINT('Ctrl Pts',(34.5105215895707,-50.,5.23892896132123));
#9283=CARTESIAN_POINT('Ctrl Pts',(34.30081628263,-50.,5.13301491737366));
#9284=CARTESIAN_POINT('',(34.30081628263,-52.,5.13301491737366));
#9285=CARTESIAN_POINT('Ctrl Pts',(34.30081628263,-52.,5.13301491737366));
#9286=CARTESIAN_POINT('Ctrl Pts',(34.5105215895707,-52.,5.23892896132123));
#9287=CARTESIAN_POINT('Ctrl Pts',(34.9162879363719,-52.,5.44386585736124));
#9288=CARTESIAN_POINT('Ctrl Pts',(35.1980822524146,-52.,5.79996840919823));
#9289=CARTESIAN_POINT('Ctrl Pts',(35.3342416137457,-52.,5.97203254699707));
#9290=CARTESIAN_POINT('',(34.30081628263,-50.,5.13301491737366));
#9291=CARTESIAN_POINT('Ctrl Pts',(32.772848829627,-50.,4.83628869056702));
#9292=CARTESIAN_POINT('Ctrl Pts',(32.772848829627,-52.,4.83628869056702));
#9293=CARTESIAN_POINT('Ctrl Pts',(33.0451274150209,-50.,4.84669792351817));
#9294=CARTESIAN_POINT('Ctrl Pts',(33.0451274150209,-52.,4.84669792351817));
#9295=CARTESIAN_POINT('Ctrl Pts',(33.5700800803742,-50.,4.86676690754824));
#9296=CARTESIAN_POINT('Ctrl Pts',(33.5700800803742,-52.,4.86676690754824));
#9297=CARTESIAN_POINT('Ctrl Pts',(34.0633783360689,-50.,5.04650301262092));
#9298=CARTESIAN_POINT('Ctrl Pts',(34.0633783360689,-52.,5.04650301262092));
#9299=CARTESIAN_POINT('Ctrl Pts',(34.30081628263,-50.,5.13301491737366));
#9300=CARTESIAN_POINT('Ctrl Pts',(34.30081628263,-52.,5.13301491737366));
#9301=CARTESIAN_POINT('',(32.772848829627,-50.,4.83628869056702));
#9302=CARTESIAN_POINT('Ctrl Pts',(34.30081628263,-50.,5.13301491737366));
#9303=CARTESIAN_POINT('Ctrl Pts',(34.0633783360689,-50.,5.04650301262092));
#9304=CARTESIAN_POINT('Ctrl Pts',(33.5700800803742,-50.,4.86676690754824));
#9305=CARTESIAN_POINT('Ctrl Pts',(33.0451274150209,-50.,4.84669792351817));
#9306=CARTESIAN_POINT('Ctrl Pts',(32.772848829627,-50.,4.83628869056702));
#9307=CARTESIAN_POINT('',(32.772848829627,-52.,4.83628869056702));
#9308=CARTESIAN_POINT('Ctrl Pts',(32.772848829627,-52.,4.83628869056702));
#9309=CARTESIAN_POINT('Ctrl Pts',(33.0451274150209,-52.,4.84669792351817));
#9310=CARTESIAN_POINT('Ctrl Pts',(33.5700800803742,-52.,4.86676690754824));
#9311=CARTESIAN_POINT('Ctrl Pts',(34.0633783360689,-52.,5.04650301262092));
#9312=CARTESIAN_POINT('Ctrl Pts',(34.30081628263,-52.,5.13301491737366));
#9313=CARTESIAN_POINT('',(32.772848829627,-50.,4.83628869056702));
#9314=CARTESIAN_POINT('Ctrl Pts',(30.6207349151373,-50.,5.4229199886322));
#9315=CARTESIAN_POINT('Ctrl Pts',(30.6207349151373,-52.,5.4229199886322));
#9316=CARTESIAN_POINT('Ctrl Pts',(30.9164359306707,-50.,5.25233143574494));
#9317=CARTESIAN_POINT('Ctrl Pts',(30.9164359306707,-52.,5.25233143574494));
#9318=CARTESIAN_POINT('Ctrl Pts',(31.5792242276279,-50.,4.86997192221878));
#9319=CARTESIAN_POINT('Ctrl Pts',(31.5792242276279,-52.,4.86997192221878));
#9320=CARTESIAN_POINT('Ctrl Pts',(32.3473950958107,-50.,4.84829469031706));
#9321=CARTESIAN_POINT('Ctrl Pts',(32.3473950958107,-52.,4.84829469031706));
#9322=CARTESIAN_POINT('Ctrl Pts',(32.772848829627,-50.,4.83628869056702));
#9323=CARTESIAN_POINT('Ctrl Pts',(32.772848829627,-52.,4.83628869056702));
#9324=CARTESIAN_POINT('',(30.6207349151373,-50.,5.4229199886322));
#9325=CARTESIAN_POINT('Ctrl Pts',(32.772848829627,-50.,4.83628869056702));
#9326=CARTESIAN_POINT('Ctrl Pts',(32.3473950958107,-50.,4.84829469031706));
#9327=CARTESIAN_POINT('Ctrl Pts',(31.5792242276279,-50.,4.86997192221878));
#9328=CARTESIAN_POINT('Ctrl Pts',(30.9164359306707,-50.,5.25233143574494));
#9329=CARTESIAN_POINT('Ctrl Pts',(30.6207349151373,-50.,5.4229199886322));
#9330=CARTESIAN_POINT('',(30.6207349151373,-52.,5.4229199886322));
#9331=CARTESIAN_POINT('Ctrl Pts',(30.6207349151373,-52.,5.4229199886322));
#9332=CARTESIAN_POINT('Ctrl Pts',(30.9164359306707,-52.,5.25233143574494));
#9333=CARTESIAN_POINT('Ctrl Pts',(31.5792242276279,-52.,4.86997192221878));
#9334=CARTESIAN_POINT('Ctrl Pts',(32.3473950958107,-52.,4.84829469031706));
#9335=CARTESIAN_POINT('Ctrl Pts',(32.772848829627,-52.,4.83628869056702));
#9336=CARTESIAN_POINT('',(30.6207349151373,-50.,5.4229199886322));
#9337=CARTESIAN_POINT('Ctrl Pts',(29.6759869903326,-50.,7.16234683990479));
#9338=CARTESIAN_POINT('Ctrl Pts',(29.6759869903326,-52.,7.16234683990479));
#9339=CARTESIAN_POINT('Ctrl Pts',(29.7584799524272,-50.,6.80834339922731));
#9340=CARTESIAN_POINT('Ctrl Pts',(29.7584799524272,-52.,6.80834339922731));
#9341=CARTESIAN_POINT('Ctrl Pts',(29.9142680110867,-50.,6.13980747347479));
#9342=CARTESIAN_POINT('Ctrl Pts',(29.9142680110867,-52.,6.13980747347479));
#9343=CARTESIAN_POINT('Ctrl Pts',(30.3947010109787,-50.,5.65228795493367));
#9344=CARTESIAN_POINT('Ctrl Pts',(30.3947010109787,-52.,5.65228795493367));
#9345=CARTESIAN_POINT('Ctrl Pts',(30.6207349151373,-50.,5.4229199886322));
#9346=CARTESIAN_POINT('Ctrl Pts',(30.6207349151373,-52.,5.4229199886322));
#9347=CARTESIAN_POINT('Ctrl Pts',(30.6207349151373,-50.,5.4229199886322));
#9348=CARTESIAN_POINT('Ctrl Pts',(30.3947010109787,-50.,5.65228795493367));
#9349=CARTESIAN_POINT('Ctrl Pts',(29.9142680110867,-50.,6.13980747347479));
#9350=CARTESIAN_POINT('Ctrl Pts',(29.7584799524272,-50.,6.80834339922731));
#9351=CARTESIAN_POINT('Ctrl Pts',(29.6759869903326,-50.,7.16234683990479));
#9352=CARTESIAN_POINT('Ctrl Pts',(29.6759869903326,-52.,7.16234683990479));
#9353=CARTESIAN_POINT('Ctrl Pts',(29.7584799524272,-52.,6.80834339922731));
#9354=CARTESIAN_POINT('Ctrl Pts',(29.9142680110867,-52.,6.13980747347479));
#9355=CARTESIAN_POINT('Ctrl Pts',(30.3947010109787,-52.,5.65228795493367));
#9356=CARTESIAN_POINT('Ctrl Pts',(30.6207349151373,-52.,5.4229199886322));
#9357=CARTESIAN_POINT('Origin',(-9.68575477600098E-7,-52.,9.99999940395355));
#9358=CARTESIAN_POINT('Origin',(27.0702626556158,-50.,12.2442018985748));
#9359=CARTESIAN_POINT('',(27.0702626556158,-50.,5.));
#9360=CARTESIAN_POINT('',(27.0702626556158,-50.,12.2442018985748));
#9361=CARTESIAN_POINT('',(27.0702626556158,-50.,6.12210094928741));
#9362=CARTESIAN_POINT('',(27.0702626556158,-52.,5.));
#9363=CARTESIAN_POINT('',(27.0702626556158,-50.,5.));
#9364=CARTESIAN_POINT('',(27.0702626556158,-52.,12.2442018985748));
#9365=CARTESIAN_POINT('',(27.0702626556158,-52.,5.));
#9366=CARTESIAN_POINT('',(27.0702626556158,-50.,12.2442018985748));
#9367=CARTESIAN_POINT('Origin',(28.2980944961309,-50.,12.2442018985748));
#9368=CARTESIAN_POINT('',(28.2980944961309,-50.,12.2442018985748));
#9369=CARTESIAN_POINT('',(-10.8509527519345,-50.,12.2442018985748));
#9370=CARTESIAN_POINT('',(28.2980944961309,-52.,12.2442018985748));
#9371=CARTESIAN_POINT('',(27.0702626556158,-52.,12.2442018985748));
#9372=CARTESIAN_POINT('',(28.2980944961309,-50.,12.2442018985748));
#9373=CARTESIAN_POINT('Origin',(28.2980944961309,-50.,5.));
#9374=CARTESIAN_POINT('',(28.2980944961309,-50.,5.));
#9375=CARTESIAN_POINT('',(28.2980944961309,-50.,2.5));
#9376=CARTESIAN_POINT('',(28.2980944961309,-52.,5.));
#9377=CARTESIAN_POINT('',(28.2980944961309,-52.,12.2442018985748));
#9378=CARTESIAN_POINT('',(28.2980944961309,-50.,5.));
#9379=CARTESIAN_POINT('Origin',(27.0702626556158,-50.,5.));
#9380=CARTESIAN_POINT('',(-11.4648686721921,-50.,5.));
#9381=CARTESIAN_POINT('',(28.2980944961309,-52.,5.));
#9382=CARTESIAN_POINT('Origin',(-9.68575477600098E-7,-52.,9.99999940395355));
#9383=CARTESIAN_POINT('Origin',(20.8014991134405,-50.,7.35334277153015));
#9384=CARTESIAN_POINT('',(19.5873095840216,-50.,7.16234683990479));
#9385=CARTESIAN_POINT('',(20.8014991134405,-50.,7.35334277153015));
#9386=CARTESIAN_POINT('',(-14.3088222068158,-50.,1.83037591359862));
#9387=CARTESIAN_POINT('',(19.5873095840216,-52.,7.16234683990479));
#9388=CARTESIAN_POINT('',(19.5873095840216,-50.,7.16234683990479));
#9389=CARTESIAN_POINT('',(20.8014991134405,-52.,7.35334277153015));
#9390=CARTESIAN_POINT('',(19.5873095840216,-52.,7.16234683990479));
#9391=CARTESIAN_POINT('',(20.8014991134405,-50.,7.35334277153015));
#9392=CARTESIAN_POINT('Ctrl Pts',(21.3710763305426,-50.,6.23465180397034));
#9393=CARTESIAN_POINT('Ctrl Pts',(21.3710763305426,-52.,6.23465180397034));
#9394=CARTESIAN_POINT('Ctrl Pts',(21.2297955784098,-50.,6.38435693252299));
#9395=CARTESIAN_POINT('Ctrl Pts',(21.2297955784098,-52.,6.38435693252299));
#9396=CARTESIAN_POINT('Ctrl Pts',(20.9313701017807,-50.,6.7005771087869));
#9397=CARTESIAN_POINT('Ctrl Pts',(20.9313701017807,-52.,6.7005771087869));
#9398=CARTESIAN_POINT('Ctrl Pts',(20.8462969088897,-50.,7.12817729762731));
#9399=CARTESIAN_POINT('Ctrl Pts',(20.8462969088897,-52.,7.12817729762731));
#9400=CARTESIAN_POINT('Ctrl Pts',(20.8014991134405,-50.,7.35334277153015));
#9401=CARTESIAN_POINT('Ctrl Pts',(20.8014991134405,-52.,7.35334277153015));
#9402=CARTESIAN_POINT('',(21.3710763305426,-50.,6.23465180397034));
#9403=CARTESIAN_POINT('Ctrl Pts',(20.8014991134405,-50.,7.35334277153015));
#9404=CARTESIAN_POINT('Ctrl Pts',(20.8462969088897,-50.,7.12817729762731));
#9405=CARTESIAN_POINT('Ctrl Pts',(20.9313701017807,-50.,6.7005771087869));
#9406=CARTESIAN_POINT('Ctrl Pts',(21.2297955784098,-50.,6.38435693252299));
#9407=CARTESIAN_POINT('Ctrl Pts',(21.3710763305426,-50.,6.23465180397034));
#9408=CARTESIAN_POINT('',(21.3710763305426,-52.,6.23465180397034));
#9409=CARTESIAN_POINT('Ctrl Pts',(21.3710763305426,-52.,6.23465180397034));
#9410=CARTESIAN_POINT('Ctrl Pts',(21.2297955784098,-52.,6.38435693252299));
#9411=CARTESIAN_POINT('Ctrl Pts',(20.9313701017807,-52.,6.7005771087869));
#9412=CARTESIAN_POINT('Ctrl Pts',(20.8462969088897,-52.,7.12817729762731));
#9413=CARTESIAN_POINT('Ctrl Pts',(20.8014991134405,-52.,7.35334277153015));
#9414=CARTESIAN_POINT('',(21.3710763305426,-50.,6.23465180397034));
#9415=CARTESIAN_POINT('Ctrl Pts',(22.6773526519537,-50.,5.84583878517151));
#9416=CARTESIAN_POINT('Ctrl Pts',(22.6773526519537,-52.,5.84583878517151));
#9417=CARTESIAN_POINT('Ctrl Pts',(22.4215288290871,-50.,5.85556954879918));
#9418=CARTESIAN_POINT('Ctrl Pts',(22.4215288290871,-52.,5.85556954879918));
#9419=CARTESIAN_POINT('Ctrl Pts',(21.9509661927645,-50.,5.87346832669548));
#9420=CARTESIAN_POINT('Ctrl Pts',(21.9509661927645,-52.,5.87346832669548));
#9421=CARTESIAN_POINT('Ctrl Pts',(21.5527844839237,-50.,6.12147516998689));
#9422=CARTESIAN_POINT('Ctrl Pts',(21.5527844839237,-52.,6.12147516998689));
#9423=CARTESIAN_POINT('Ctrl Pts',(21.3710763305426,-50.,6.23465180397034));
#9424=CARTESIAN_POINT('Ctrl Pts',(21.3710763305426,-52.,6.23465180397034));
#9425=CARTESIAN_POINT('',(22.6773526519537,-50.,5.84583878517151));
#9426=CARTESIAN_POINT('Ctrl Pts',(21.3710763305426,-50.,6.23465180397034));
#9427=CARTESIAN_POINT('Ctrl Pts',(21.5527844839237,-50.,6.12147516998689));
#9428=CARTESIAN_POINT('Ctrl Pts',(21.9509661927645,-50.,5.87346832669548));
#9429=CARTESIAN_POINT('Ctrl Pts',(22.4215288290871,-50.,5.85556954879918));
#9430=CARTESIAN_POINT('Ctrl Pts',(22.6773526519537,-50.,5.84583878517151));
#9431=CARTESIAN_POINT('',(22.6773526519537,-52.,5.84583878517151));
#9432=CARTESIAN_POINT('Ctrl Pts',(22.6773526519537,-52.,5.84583878517151));
#9433=CARTESIAN_POINT('Ctrl Pts',(22.4215288290871,-52.,5.85556954879918));
#9434=CARTESIAN_POINT('Ctrl Pts',(21.9509661927645,-52.,5.87346832669548));
#9435=CARTESIAN_POINT('Ctrl Pts',(21.5527844839237,-52.,6.12147516998689));
#9436=CARTESIAN_POINT('Ctrl Pts',(21.3710763305426,-52.,6.23465180397034));
#9437=CARTESIAN_POINT('',(22.6773526519537,-50.,5.84583878517151));
#9438=CARTESIAN_POINT('Ctrl Pts',(23.9324643462896,-50.,6.19031429290771));
#9439=CARTESIAN_POINT('Ctrl Pts',(23.9324643462896,-52.,6.19031429290771));
#9440=CARTESIAN_POINT('Ctrl Pts',(23.7638164313502,-50.,6.0902291733337));
#9441=CARTESIAN_POINT('Ctrl Pts',(23.7638164313502,-52.,6.0902291733337));
#9442=CARTESIAN_POINT('Ctrl Pts',(23.3792119429014,-50.,5.86198332618573));
#9443=CARTESIAN_POINT('Ctrl Pts',(23.3792119429014,-52.,5.86198332618573));
#9444=CARTESIAN_POINT('Ctrl Pts',(22.9297351941461,-50.,5.85164422275174));
#9445=CARTESIAN_POINT('Ctrl Pts',(22.9297351941461,-52.,5.85164422275174));
#9446=CARTESIAN_POINT('Ctrl Pts',(22.6773526519537,-50.,5.84583878517151));
#9447=CARTESIAN_POINT('Ctrl Pts',(22.6773526519537,-52.,5.84583878517151));
#9448=CARTESIAN_POINT('',(23.9324643462896,-50.,6.19031429290771));
#9449=CARTESIAN_POINT('Ctrl Pts',(22.6773526519537,-50.,5.84583878517151));
#9450=CARTESIAN_POINT('Ctrl Pts',(22.9297351941461,-50.,5.85164422275174));
#9451=CARTESIAN_POINT('Ctrl Pts',(23.3792119429014,-50.,5.86198332618573));
#9452=CARTESIAN_POINT('Ctrl Pts',(23.7638164313502,-50.,6.0902291733337));
#9453=CARTESIAN_POINT('Ctrl Pts',(23.9324643462896,-50.,6.19031429290771));
#9454=CARTESIAN_POINT('',(23.9324643462896,-52.,6.19031429290771));
#9455=CARTESIAN_POINT('Ctrl Pts',(23.9324643462896,-52.,6.19031429290771));
#9456=CARTESIAN_POINT('Ctrl Pts',(23.7638164313502,-52.,6.0902291733337));
#9457=CARTESIAN_POINT('Ctrl Pts',(23.3792119429014,-52.,5.86198332618573));
#9458=CARTESIAN_POINT('Ctrl Pts',(22.9297351941461,-52.,5.85164422275174));
#9459=CARTESIAN_POINT('Ctrl Pts',(22.6773526519537,-52.,5.84583878517151));
#9460=CARTESIAN_POINT('',(23.9324643462896,-50.,6.19031429290771));
#9461=CARTESIAN_POINT('Ctrl Pts',(24.3417432159185,-50.,6.9986355304718));
#9462=CARTESIAN_POINT('Ctrl Pts',(24.3417432159185,-52.,6.9986355304718));
#9463=CARTESIAN_POINT('Ctrl Pts',(24.3220550300518,-50.,6.84683849521559));
#9464=CARTESIAN_POINT('Ctrl Pts',(24.3220550300518,-52.,6.84683849521559));
#9465=CARTESIAN_POINT('Ctrl Pts',(24.2809928015347,-50.,6.53024637280736));
#9466=CARTESIAN_POINT('Ctrl Pts',(24.2809928015347,-52.,6.53024637280736));
#9467=CARTESIAN_POINT('Ctrl Pts',(24.0517773982703,-50.,6.3066845155067));
#9468=CARTESIAN_POINT('Ctrl Pts',(24.0517773982703,-52.,6.3066845155067));
#9469=CARTESIAN_POINT('Ctrl Pts',(23.9324643462896,-50.,6.19031429290771));
#9470=CARTESIAN_POINT('Ctrl Pts',(23.9324643462896,-52.,6.19031429290771));
#9471=CARTESIAN_POINT('',(24.3417432159185,-50.,6.9986355304718));
#9472=CARTESIAN_POINT('Ctrl Pts',(23.9324643462896,-50.,6.19031429290771));
#9473=CARTESIAN_POINT('Ctrl Pts',(24.0517773982703,-50.,6.3066845155067));
#9474=CARTESIAN_POINT('Ctrl Pts',(24.2809928015347,-50.,6.53024637280736));
#9475=CARTESIAN_POINT('Ctrl Pts',(24.3220550300518,-50.,6.84683849521559));
#9476=CARTESIAN_POINT('Ctrl Pts',(24.3417432159185,-50.,6.9986355304718));
#9477=CARTESIAN_POINT('',(24.3417432159185,-52.,6.9986355304718));
#9478=CARTESIAN_POINT('Ctrl Pts',(24.3417432159185,-52.,6.9986355304718));
#9479=CARTESIAN_POINT('Ctrl Pts',(24.3220550300518,-52.,6.84683849521559));
#9480=CARTESIAN_POINT('Ctrl Pts',(24.2809928015347,-52.,6.53024637280736));
#9481=CARTESIAN_POINT('Ctrl Pts',(24.0517773982703,-52.,6.3066845155067));
#9482=CARTESIAN_POINT('Ctrl Pts',(23.9324643462896,-52.,6.19031429290771));
#9483=CARTESIAN_POINT('',(24.3417432159185,-50.,6.9986355304718));
#9484=CARTESIAN_POINT('Ctrl Pts',(23.9802148193121,-50.,7.65347898006439));
#9485=CARTESIAN_POINT('Ctrl Pts',(23.9802148193121,-52.,7.65347898006439));
#9486=CARTESIAN_POINT('Ctrl Pts',(24.085657308807,-50.,7.5673679998007));
#9487=CARTESIAN_POINT('Ctrl Pts',(24.085657308807,-52.,7.5673679998007));
#9488=CARTESIAN_POINT('Ctrl Pts',(24.2940128562306,-50.,7.39721173245568));
#9489=CARTESIAN_POINT('Ctrl Pts',(24.2940128562306,-52.,7.39721173245568));
#9490=CARTESIAN_POINT('Ctrl Pts',(24.3259623848708,-50.,7.13041462755528));
#9491=CARTESIAN_POINT('Ctrl Pts',(24.3259623848708,-52.,7.13041462755528));
#9492=CARTESIAN_POINT('Ctrl Pts',(24.3417432159185,-50.,6.9986355304718));
#9493=CARTESIAN_POINT('Ctrl Pts',(24.3417432159185,-52.,6.9986355304718));
#9494=CARTESIAN_POINT('',(23.9802148193121,-50.,7.65347898006439));
#9495=CARTESIAN_POINT('Ctrl Pts',(24.3417432159185,-50.,6.9986355304718));
#9496=CARTESIAN_POINT('Ctrl Pts',(24.3259623848708,-50.,7.13041462755528));
#9497=CARTESIAN_POINT('Ctrl Pts',(24.2940128562306,-50.,7.39721173245568));
#9498=CARTESIAN_POINT('Ctrl Pts',(24.085657308807,-50.,7.5673679998007));
#9499=CARTESIAN_POINT('Ctrl Pts',(23.9802148193121,-50.,7.65347898006439));
#9500=CARTESIAN_POINT('',(23.9802148193121,-52.,7.65347898006439));
#9501=CARTESIAN_POINT('Ctrl Pts',(23.9802148193121,-52.,7.65347898006439));
#9502=CARTESIAN_POINT('Ctrl Pts',(24.085657308807,-52.,7.5673679998007));
#9503=CARTESIAN_POINT('Ctrl Pts',(24.2940128562306,-52.,7.39721173245568));
#9504=CARTESIAN_POINT('Ctrl Pts',(24.3259623848708,-52.,7.13041462755528));
#9505=CARTESIAN_POINT('Ctrl Pts',(24.3417432159185,-52.,6.9986355304718));
#9506=CARTESIAN_POINT('',(23.9802148193121,-50.,7.65347898006439));
#9507=CARTESIAN_POINT('Ctrl Pts',(22.7250983566046,-50.,8.06957721710205));
#9508=CARTESIAN_POINT('Ctrl Pts',(22.7250983566046,-52.,8.06957721710205));
#9509=CARTESIAN_POINT('Ctrl Pts',(23.0005329996309,-50.,8.00343422415054));
#9510=CARTESIAN_POINT('Ctrl Pts',(23.0005329996309,-52.,8.00343422415054));
#9511=CARTESIAN_POINT('Ctrl Pts',(23.4312787014183,-50.,7.8999947671375));
#9512=CARTESIAN_POINT('Ctrl Pts',(23.4312787014183,-52.,7.8999947671375));
#9513=CARTESIAN_POINT('Ctrl Pts',(23.8347411119829,-50.,7.71880819468828));
#9514=CARTESIAN_POINT('Ctrl Pts',(23.8347411119829,-52.,7.71880819468828));
#9515=CARTESIAN_POINT('Ctrl Pts',(23.9802148193121,-50.,7.65347898006439));
#9516=CARTESIAN_POINT('Ctrl Pts',(23.9802148193121,-52.,7.65347898006439));
#9517=CARTESIAN_POINT('',(22.7250983566046,-50.,8.06957721710205));
#9518=CARTESIAN_POINT('Ctrl Pts',(23.9802148193121,-50.,7.65347898006439));
#9519=CARTESIAN_POINT('Ctrl Pts',(23.8347411119829,-50.,7.71880819468828));
#9520=CARTESIAN_POINT('Ctrl Pts',(23.4312787014183,-50.,7.8999947671375));
#9521=CARTESIAN_POINT('Ctrl Pts',(23.0005329996309,-50.,8.00343422415054));
#9522=CARTESIAN_POINT('Ctrl Pts',(22.7250983566046,-50.,8.06957721710205));
#9523=CARTESIAN_POINT('',(22.7250983566046,-52.,8.06957721710205));
#9524=CARTESIAN_POINT('Ctrl Pts',(22.7250983566046,-52.,8.06957721710205));
#9525=CARTESIAN_POINT('Ctrl Pts',(23.0005329996309,-52.,8.00343422415054));
#9526=CARTESIAN_POINT('Ctrl Pts',(23.4312787014183,-52.,7.8999947671375));
#9527=CARTESIAN_POINT('Ctrl Pts',(23.8347411119829,-52.,7.71880819468828));
#9528=CARTESIAN_POINT('Ctrl Pts',(23.9802148193121,-52.,7.65347898006439));
#9529=CARTESIAN_POINT('',(22.7250983566046,-50.,8.06957721710205));
#9530=CARTESIAN_POINT('Ctrl Pts',(20.8526589721441,-50.,8.65961790084839));
#9531=CARTESIAN_POINT('Ctrl Pts',(20.8526589721441,-52.,8.65961790084839));
#9532=CARTESIAN_POINT('Ctrl Pts',(21.0943047704357,-50.,8.56476184694658));
#9533=CARTESIAN_POINT('Ctrl Pts',(21.0943047704357,-52.,8.56476184694658));
#9534=CARTESIAN_POINT('Ctrl Pts',(21.7045244610996,-50.,8.32522516855705));
#9535=CARTESIAN_POINT('Ctrl Pts',(21.7045244610996,-52.,8.32522516855705));
#9536=CARTESIAN_POINT('Ctrl Pts',(22.3407916962023,-50.,8.16584384796051));
#9537=CARTESIAN_POINT('Ctrl Pts',(22.3407916962023,-52.,8.16584384796051));
#9538=CARTESIAN_POINT('Ctrl Pts',(22.7250983566046,-50.,8.06957721710205));
#9539=CARTESIAN_POINT('Ctrl Pts',(22.7250983566046,-52.,8.06957721710205));
#9540=CARTESIAN_POINT('',(20.8526589721441,-50.,8.65961790084839));
#9541=CARTESIAN_POINT('Ctrl Pts',(22.7250983566046,-50.,8.06957721710205));
#9542=CARTESIAN_POINT('Ctrl Pts',(22.3407916962023,-50.,8.16584384796051));
#9543=CARTESIAN_POINT('Ctrl Pts',(21.7045244610996,-50.,8.32522516855705));
#9544=CARTESIAN_POINT('Ctrl Pts',(21.0943047704357,-50.,8.56476184694658));
#9545=CARTESIAN_POINT('Ctrl Pts',(20.8526589721441,-50.,8.65961790084839));
#9546=CARTESIAN_POINT('',(20.8526589721441,-52.,8.65961790084839));
#9547=CARTESIAN_POINT('Ctrl Pts',(20.8526589721441,-52.,8.65961790084839));
#9548=CARTESIAN_POINT('Ctrl Pts',(21.0943047704357,-52.,8.56476184694658));
#9549=CARTESIAN_POINT('Ctrl Pts',(21.7045244610996,-52.,8.32522516855705));
#9550=CARTESIAN_POINT('Ctrl Pts',(22.3407916962023,-52.,8.16584384796051));
#9551=CARTESIAN_POINT('Ctrl Pts',(22.7250983566046,-52.,8.06957721710205));
#9552=CARTESIAN_POINT('',(20.8526589721441,-50.,8.65961790084839));
#9553=CARTESIAN_POINT('Ctrl Pts',(20.0613906234503,-50.,9.34856772422791));
#9554=CARTESIAN_POINT('Ctrl Pts',(20.0613906234503,-52.,9.34856772422791));
#9555=CARTESIAN_POINT('Ctrl Pts',(20.1642175194972,-50.,9.20869956172966));
#9556=CARTESIAN_POINT('Ctrl Pts',(20.1642175194972,-52.,9.20869956172966));
#9557=CARTESIAN_POINT('Ctrl Pts',(20.3762933999044,-50.,8.92022772368839));
#9558=CARTESIAN_POINT('Ctrl Pts',(20.3762933999044,-52.,8.92022772368839));
#9559=CARTESIAN_POINT('Ctrl Pts',(20.6906968563613,-50.,8.74822404864891));
#9560=CARTESIAN_POINT('Ctrl Pts',(20.6906968563613,-52.,8.74822404864891));
#9561=CARTESIAN_POINT('Ctrl Pts',(20.8526589721441,-50.,8.65961790084839));
#9562=CARTESIAN_POINT('Ctrl Pts',(20.8526589721441,-52.,8.65961790084839));
#9563=CARTESIAN_POINT('',(20.0613906234503,-50.,9.34856772422791));
#9564=CARTESIAN_POINT('Ctrl Pts',(20.8526589721441,-50.,8.65961790084839));
#9565=CARTESIAN_POINT('Ctrl Pts',(20.6906968563613,-50.,8.74822404864891));
#9566=CARTESIAN_POINT('Ctrl Pts',(20.3762933999044,-50.,8.92022772368839));
#9567=CARTESIAN_POINT('Ctrl Pts',(20.1642175194972,-50.,9.20869956172966));
#9568=CARTESIAN_POINT('Ctrl Pts',(20.0613906234503,-50.,9.34856772422791));
#9569=CARTESIAN_POINT('',(20.0613906234503,-52.,9.34856772422791));
#9570=CARTESIAN_POINT('Ctrl Pts',(20.0613906234503,-52.,9.34856772422791));
#9571=CARTESIAN_POINT('Ctrl Pts',(20.1642175194972,-52.,9.20869956172966));
#9572=CARTESIAN_POINT('Ctrl Pts',(20.3762933999044,-52.,8.92022772368839));
#9573=CARTESIAN_POINT('Ctrl Pts',(20.6906968563613,-52.,8.74822404864891));
#9574=CARTESIAN_POINT('Ctrl Pts',(20.8526589721441,-52.,8.65961790084839));
#9575=CARTESIAN_POINT('',(20.0613906234503,-50.,9.34856772422791));
#9576=CARTESIAN_POINT('Ctrl Pts',(19.791949018836,-50.,10.320600271225));
#9577=CARTESIAN_POINT('Ctrl Pts',(19.791949018836,-52.,10.320600271225));
#9578=CARTESIAN_POINT('Ctrl Pts',(19.8028041322291,-50.,10.1476918292955));
#9579=CARTESIAN_POINT('Ctrl Pts',(19.8028041322291,-52.,10.1476918292955));
#9580=CARTESIAN_POINT('Ctrl Pts',(19.8243388886614,-50.,9.80466996971786));
#9581=CARTESIAN_POINT('Ctrl Pts',(19.8243388886614,-52.,9.80466996971786));
#9582=CARTESIAN_POINT('Ctrl Pts',(19.9828037818237,-50.,9.49977368339866));
#9583=CARTESIAN_POINT('Ctrl Pts',(19.9828037818237,-52.,9.49977368339866));
#9584=CARTESIAN_POINT('Ctrl Pts',(20.0613906234503,-50.,9.34856772422791));
#9585=CARTESIAN_POINT('Ctrl Pts',(20.0613906234503,-52.,9.34856772422791));
#9586=CARTESIAN_POINT('',(19.791949018836,-50.,10.320600271225));
#9587=CARTESIAN_POINT('Ctrl Pts',(20.0613906234503,-50.,9.34856772422791));
#9588=CARTESIAN_POINT('Ctrl Pts',(19.9828037818237,-50.,9.49977368339866));
#9589=CARTESIAN_POINT('Ctrl Pts',(19.8243388886614,-50.,9.80466996971786));
#9590=CARTESIAN_POINT('Ctrl Pts',(19.8028041322291,-50.,10.1476918292955));
#9591=CARTESIAN_POINT('Ctrl Pts',(19.791949018836,-50.,10.320600271225));
#9592=CARTESIAN_POINT('',(19.791949018836,-52.,10.320600271225));
#9593=CARTESIAN_POINT('Ctrl Pts',(19.791949018836,-52.,10.320600271225));
#9594=CARTESIAN_POINT('Ctrl Pts',(19.8028041322291,-52.,10.1476918292955));
#9595=CARTESIAN_POINT('Ctrl Pts',(19.8243388886614,-52.,9.80466996971786));
#9596=CARTESIAN_POINT('Ctrl Pts',(19.9828037818237,-52.,9.49977368339866));
#9597=CARTESIAN_POINT('Ctrl Pts',(20.0613906234503,-52.,9.34856772422791));
#9598=CARTESIAN_POINT('',(19.791949018836,-50.,10.320600271225));
#9599=CARTESIAN_POINT('Ctrl Pts',(20.0136401504278,-50.,11.2175989151001));
#9600=CARTESIAN_POINT('Ctrl Pts',(20.0136401504278,-52.,11.2175989151001));
#9601=CARTESIAN_POINT('Ctrl Pts',(19.9489816249128,-50.,11.0763610759913));
#9602=CARTESIAN_POINT('Ctrl Pts',(19.9489816249128,-52.,11.0763610759913));
#9603=CARTESIAN_POINT('Ctrl Pts',(19.8185289742965,-50.,10.7914048334496));
#9604=CARTESIAN_POINT('Ctrl Pts',(19.8185289742965,-52.,10.7914048334496));
#9605=CARTESIAN_POINT('Ctrl Pts',(19.800860273089,-50.,10.4784432429221));
#9606=CARTESIAN_POINT('Ctrl Pts',(19.800860273089,-52.,10.4784432429221));
#9607=CARTESIAN_POINT('Ctrl Pts',(19.791949018836,-50.,10.320600271225));
#9608=CARTESIAN_POINT('Ctrl Pts',(19.791949018836,-52.,10.320600271225));
#9609=CARTESIAN_POINT('',(20.0136401504278,-50.,11.2175989151001));
#9610=CARTESIAN_POINT('Ctrl Pts',(19.791949018836,-50.,10.320600271225));
#9611=CARTESIAN_POINT('Ctrl Pts',(19.800860273089,-50.,10.4784432429221));
#9612=CARTESIAN_POINT('Ctrl Pts',(19.8185289742965,-50.,10.7914048334496));
#9613=CARTESIAN_POINT('Ctrl Pts',(19.9489816249128,-50.,11.0763610759913));
#9614=CARTESIAN_POINT('Ctrl Pts',(20.0136401504278,-50.,11.2175989151001));
#9615=CARTESIAN_POINT('',(20.0136401504278,-52.,11.2175989151001));
#9616=CARTESIAN_POINT('Ctrl Pts',(20.0136401504278,-52.,11.2175989151001));
#9617=CARTESIAN_POINT('Ctrl Pts',(19.9489816249128,-52.,11.0763610759913));
#9618=CARTESIAN_POINT('Ctrl Pts',(19.8185289742965,-52.,10.7914048334496));
#9619=CARTESIAN_POINT('Ctrl Pts',(19.800860273089,-52.,10.4784432429221));
#9620=CARTESIAN_POINT('Ctrl Pts',(19.791949018836,-52.,10.320600271225));
#9621=CARTESIAN_POINT('',(20.0136401504278,-50.,11.2175989151001));
#9622=CARTESIAN_POINT('Ctrl Pts',(20.6173255294561,-50.,11.9031381607056));
#9623=CARTESIAN_POINT('Ctrl Pts',(20.6173255294561,-52.,11.9031381607056));
#9624=CARTESIAN_POINT('Ctrl Pts',(20.4966943522897,-50.,11.8063980323398));
#9625=CARTESIAN_POINT('Ctrl Pts',(20.4966943522897,-52.,11.8063980323398));
#9626=CARTESIAN_POINT('Ctrl Pts',(20.2555607257483,-50.,11.6130210088134));
#9627=CARTESIAN_POINT('Ctrl Pts',(20.2555607257483,-52.,11.6130210088134));
#9628=CARTESIAN_POINT('Ctrl Pts',(20.0942516375602,-50.,11.3493593615896));
#9629=CARTESIAN_POINT('Ctrl Pts',(20.0942516375602,-52.,11.3493593615896));
#9630=CARTESIAN_POINT('Ctrl Pts',(20.0136401504278,-50.,11.2175989151001));
#9631=CARTESIAN_POINT('Ctrl Pts',(20.0136401504278,-52.,11.2175989151001));
#9632=CARTESIAN_POINT('',(20.6173255294561,-50.,11.9031381607056));
#9633=CARTESIAN_POINT('Ctrl Pts',(20.0136401504278,-50.,11.2175989151001));
#9634=CARTESIAN_POINT('Ctrl Pts',(20.0942516375602,-50.,11.3493593615896));
#9635=CARTESIAN_POINT('Ctrl Pts',(20.2555607257483,-50.,11.6130210088134));
#9636=CARTESIAN_POINT('Ctrl Pts',(20.4966943522897,-50.,11.8063980323398));
#9637=CARTESIAN_POINT('Ctrl Pts',(20.6173255294561,-50.,11.9031381607056));
#9638=CARTESIAN_POINT('',(20.6173255294561,-52.,11.9031381607056));
#9639=CARTESIAN_POINT('Ctrl Pts',(20.6173255294561,-52.,11.9031381607056));
#9640=CARTESIAN_POINT('Ctrl Pts',(20.4966943522897,-52.,11.8063980323398));
#9641=CARTESIAN_POINT('Ctrl Pts',(20.2555607257483,-52.,11.6130210088134));
#9642=CARTESIAN_POINT('Ctrl Pts',(20.0942516375602,-52.,11.3493593615896));
#9643=CARTESIAN_POINT('Ctrl Pts',(20.0136401504278,-52.,11.2175989151001));
#9644=CARTESIAN_POINT('',(20.6173255294561,-50.,11.9031381607056));
#9645=CARTESIAN_POINT('Ctrl Pts',(21.3983609527349,-50.,12.2612553834915));
#9646=CARTESIAN_POINT('Ctrl Pts',(21.3983609527349,-52.,12.2612553834915));
#9647=CARTESIAN_POINT('Ctrl Pts',(21.2477448563908,-50.,12.2136002861726));
#9648=CARTESIAN_POINT('Ctrl Pts',(21.2477448563908,-52.,12.2136002861726));
#9649=CARTESIAN_POINT('Ctrl Pts',(20.9723107015757,-50.,12.1264526188829));
#9650=CARTESIAN_POINT('Ctrl Pts',(20.9723107015757,-52.,12.1264526188829));
#9651=CARTESIAN_POINT('Ctrl Pts',(20.7280271283459,-50.,11.97277844294));
#9652=CARTESIAN_POINT('Ctrl Pts',(20.7280271283459,-52.,11.97277844294));
#9653=CARTESIAN_POINT('Ctrl Pts',(20.6173255294561,-50.,11.9031381607056));
#9654=CARTESIAN_POINT('Ctrl Pts',(20.6173255294561,-52.,11.9031381607056));
#9655=CARTESIAN_POINT('',(21.3983609527349,-50.,12.2612553834915));
#9656=CARTESIAN_POINT('Ctrl Pts',(20.6173255294561,-50.,11.9031381607056));
#9657=CARTESIAN_POINT('Ctrl Pts',(20.7280271283459,-50.,11.97277844294));
#9658=CARTESIAN_POINT('Ctrl Pts',(20.9723107015757,-50.,12.1264526188829));
#9659=CARTESIAN_POINT('Ctrl Pts',(21.2477448563908,-50.,12.2136002861726));
#9660=CARTESIAN_POINT('Ctrl Pts',(21.3983609527349,-50.,12.2612553834915));
#9661=CARTESIAN_POINT('',(21.3983609527349,-52.,12.2612553834915));
#9662=CARTESIAN_POINT('Ctrl Pts',(21.3983609527349,-52.,12.2612553834915));
#9663=CARTESIAN_POINT('Ctrl Pts',(21.2477448563908,-52.,12.2136002861726));
#9664=CARTESIAN_POINT('Ctrl Pts',(20.9723107015757,-52.,12.1264526188829));
#9665=CARTESIAN_POINT('Ctrl Pts',(20.7280271283459,-52.,11.97277844294));
#9666=CARTESIAN_POINT('Ctrl Pts',(20.6173255294561,-52.,11.9031381607056));
#9667=CARTESIAN_POINT('',(21.3983609527349,-50.,12.2612553834915));
#9668=CARTESIAN_POINT('Ctrl Pts',(22.4590709060431,-50.,12.4079126119614));
#9669=CARTESIAN_POINT('Ctrl Pts',(22.4590709060431,-52.,12.4079126119614));
#9670=CARTESIAN_POINT('Ctrl Pts',(22.2753773635203,-50.,12.402400269462));
#9671=CARTESIAN_POINT('Ctrl Pts',(22.2753773635203,-52.,12.402400269462));
#9672=CARTESIAN_POINT('Ctrl Pts',(21.9164708795308,-50.,12.391630073418));
#9673=CARTESIAN_POINT('Ctrl Pts',(21.9164708795308,-52.,12.391630073418));
#9674=CARTESIAN_POINT('Ctrl Pts',(21.5683221261176,-50.,12.3040235956667));
#9675=CARTESIAN_POINT('Ctrl Pts',(21.5683221261176,-52.,12.3040235956667));
#9676=CARTESIAN_POINT('Ctrl Pts',(21.3983609527349,-50.,12.2612553834915));
#9677=CARTESIAN_POINT('Ctrl Pts',(21.3983609527349,-52.,12.2612553834915));
#9678=CARTESIAN_POINT('',(22.4590709060431,-50.,12.4079126119614));
#9679=CARTESIAN_POINT('Ctrl Pts',(21.3983609527349,-50.,12.2612553834915));
#9680=CARTESIAN_POINT('Ctrl Pts',(21.5683221261176,-50.,12.3040235956667));
#9681=CARTESIAN_POINT('Ctrl Pts',(21.9164708795308,-50.,12.391630073418));
#9682=CARTESIAN_POINT('Ctrl Pts',(22.2753773635203,-50.,12.402400269462));
#9683=CARTESIAN_POINT('Ctrl Pts',(22.4590709060431,-50.,12.4079126119614));
#9684=CARTESIAN_POINT('',(22.4590709060431,-52.,12.4079126119614));
#9685=CARTESIAN_POINT('Ctrl Pts',(22.4590709060431,-52.,12.4079126119614));
#9686=CARTESIAN_POINT('Ctrl Pts',(22.2753773635203,-52.,12.402400269462));
#9687=CARTESIAN_POINT('Ctrl Pts',(21.9164708795308,-52.,12.391630073418));
#9688=CARTESIAN_POINT('Ctrl Pts',(21.5683221261176,-52.,12.3040235956667));
#9689=CARTESIAN_POINT('Ctrl Pts',(21.3983609527349,-52.,12.2612553834915));
#9690=CARTESIAN_POINT('',(22.4590709060431,-50.,12.4079126119614));
#9691=CARTESIAN_POINT('Ctrl Pts',(23.9563395828009,-50.,12.1623468399048));
#9692=CARTESIAN_POINT('Ctrl Pts',(23.9563395828009,-52.,12.1623468399048));
#9693=CARTESIAN_POINT('Ctrl Pts',(23.7258514426279,-50.,12.2339135752027));
#9694=CARTESIAN_POINT('Ctrl Pts',(23.7258514426279,-52.,12.2339135752027));
#9695=CARTESIAN_POINT('Ctrl Pts',(23.2385072191454,-50.,12.3852343113358));
#9696=CARTESIAN_POINT('Ctrl Pts',(23.2385072191454,-52.,12.3852343113358));
#9697=CARTESIAN_POINT('Ctrl Pts',(22.7280884766427,-50.,12.4000853382803));
#9698=CARTESIAN_POINT('Ctrl Pts',(22.7280884766427,-52.,12.4000853382803));
#9699=CARTESIAN_POINT('Ctrl Pts',(22.4590709060431,-50.,12.4079126119614));
#9700=CARTESIAN_POINT('Ctrl Pts',(22.4590709060431,-52.,12.4079126119614));
#9701=CARTESIAN_POINT('',(23.9563395828009,-50.,12.1623468399048));
#9702=CARTESIAN_POINT('Ctrl Pts',(22.4590709060431,-50.,12.4079126119614));
#9703=CARTESIAN_POINT('Ctrl Pts',(22.7280884766427,-50.,12.4000853382803));
#9704=CARTESIAN_POINT('Ctrl Pts',(23.2385072191454,-50.,12.3852343113358));
#9705=CARTESIAN_POINT('Ctrl Pts',(23.7258514426279,-50.,12.2339135752027));
#9706=CARTESIAN_POINT('Ctrl Pts',(23.9563395828009,-50.,12.1623468399048));
#9707=CARTESIAN_POINT('',(23.9563395828009,-52.,12.1623468399048));
#9708=CARTESIAN_POINT('Ctrl Pts',(23.9563395828009,-52.,12.1623468399048));
#9709=CARTESIAN_POINT('Ctrl Pts',(23.7258514426279,-52.,12.2339135752027));
#9710=CARTESIAN_POINT('Ctrl Pts',(23.2385072191454,-52.,12.3852343113358));
#9711=CARTESIAN_POINT('Ctrl Pts',(22.7280884766427,-52.,12.4000853382803));
#9712=CARTESIAN_POINT('Ctrl Pts',(22.4590709060431,-52.,12.4079126119614));
#9713=CARTESIAN_POINT('',(23.9563395828009,-50.,12.1623468399048));
#9714=CARTESIAN_POINT('Ctrl Pts',(24.9079110473394,-50.,11.4972716569901));
#9715=CARTESIAN_POINT('Ctrl Pts',(24.9079110473394,-52.,11.4972716569901));
#9716=CARTESIAN_POINT('Ctrl Pts',(24.7844657763269,-50.,11.6324173639697));
#9717=CARTESIAN_POINT('Ctrl Pts',(24.7844657763269,-52.,11.6324173639697));
#9718=CARTESIAN_POINT('Ctrl Pts',(24.5176427754865,-50.,11.92453048253));
#9719=CARTESIAN_POINT('Ctrl Pts',(24.5176427754865,-52.,11.92453048253));
#9720=CARTESIAN_POINT('Ctrl Pts',(24.1525322550598,-50.,12.0792227328834));
#9721=CARTESIAN_POINT('Ctrl Pts',(24.1525322550598,-52.,12.0792227328834));
#9722=CARTESIAN_POINT('Ctrl Pts',(23.9563395828009,-50.,12.1623468399048));
#9723=CARTESIAN_POINT('Ctrl Pts',(23.9563395828009,-52.,12.1623468399048));
#9724=CARTESIAN_POINT('',(24.9079110473394,-50.,11.4972716569901));
#9725=CARTESIAN_POINT('Ctrl Pts',(23.9563395828009,-50.,12.1623468399048));
#9726=CARTESIAN_POINT('Ctrl Pts',(24.1525322550598,-50.,12.0792227328834));
#9727=CARTESIAN_POINT('Ctrl Pts',(24.5176427754865,-50.,11.92453048253));
#9728=CARTESIAN_POINT('Ctrl Pts',(24.7844657763269,-50.,11.6324173639697));
#9729=CARTESIAN_POINT('Ctrl Pts',(24.9079110473394,-50.,11.4972716569901));
#9730=CARTESIAN_POINT('',(24.9079110473394,-52.,11.4972716569901));
#9731=CARTESIAN_POINT('Ctrl Pts',(24.9079110473394,-52.,11.4972716569901));
#9732=CARTESIAN_POINT('Ctrl Pts',(24.7844657763269,-52.,11.6324173639697));
#9733=CARTESIAN_POINT('Ctrl Pts',(24.5176427754865,-52.,11.92453048253));
#9734=CARTESIAN_POINT('Ctrl Pts',(24.1525322550598,-52.,12.0792227328834));
#9735=CARTESIAN_POINT('Ctrl Pts',(23.9563395828009,-52.,12.1623468399048));
#9736=CARTESIAN_POINT('',(24.9079110473394,-50.,11.4972716569901));
#9737=CARTESIAN_POINT('Ctrl Pts',(25.330827459693,-50.,10.3751707077026));
#9738=CARTESIAN_POINT('Ctrl Pts',(25.330827459693,-52.,10.3751707077026));
#9739=CARTESIAN_POINT('Ctrl Pts',(25.2889947998128,-50.,10.5907168492717));
#9740=CARTESIAN_POINT('Ctrl Pts',(25.2889947998128,-52.,10.5907168492717));
#9741=CARTESIAN_POINT('Ctrl Pts',(25.2116171056111,-50.,10.9894116364662));
#9742=CARTESIAN_POINT('Ctrl Pts',(25.2116171056111,-52.,10.9894116364662));
#9743=CARTESIAN_POINT('Ctrl Pts',(25.0035095367322,-50.,11.3374109974386));
#9744=CARTESIAN_POINT('Ctrl Pts',(25.0035095367322,-52.,11.3374109974386));
#9745=CARTESIAN_POINT('Ctrl Pts',(24.9079110473394,-50.,11.4972716569901));
#9746=CARTESIAN_POINT('Ctrl Pts',(24.9079110473394,-52.,11.4972716569901));
#9747=CARTESIAN_POINT('',(25.330827459693,-50.,10.3751707077026));
#9748=CARTESIAN_POINT('Ctrl Pts',(24.9079110473394,-50.,11.4972716569901));
#9749=CARTESIAN_POINT('Ctrl Pts',(25.0035095367322,-50.,11.3374109974386));
#9750=CARTESIAN_POINT('Ctrl Pts',(25.2116171056111,-50.,10.9894116364662));
#9751=CARTESIAN_POINT('Ctrl Pts',(25.2889947998128,-50.,10.5907168492717));
#9752=CARTESIAN_POINT('Ctrl Pts',(25.330827459693,-50.,10.3751707077026));
#9753=CARTESIAN_POINT('',(25.330827459693,-52.,10.3751707077026));
#9754=CARTESIAN_POINT('Ctrl Pts',(25.330827459693,-52.,10.3751707077026));
#9755=CARTESIAN_POINT('Ctrl Pts',(25.2889947998128,-52.,10.5907168492717));
#9756=CARTESIAN_POINT('Ctrl Pts',(25.2116171056111,-52.,10.9894116364662));
#9757=CARTESIAN_POINT('Ctrl Pts',(25.0035095367322,-52.,11.3374109974386));
#9758=CARTESIAN_POINT('Ctrl Pts',(24.9079110473394,-52.,11.4972716569901));
#9759=CARTESIAN_POINT('',(25.330827459693,-50.,10.3751707077026));
#9760=CARTESIAN_POINT('Origin',(24.1302850097418,-50.,10.2114599943161));
#9761=CARTESIAN_POINT('',(24.1302850097418,-50.,10.2114599943161));
#9762=CARTESIAN_POINT('',(-12.94173605892,-50.,5.15617268142005));
#9763=CARTESIAN_POINT('',(24.1302850097418,-52.,10.2114599943161));
#9764=CARTESIAN_POINT('',(25.330827459693,-52.,10.3751707077026));
#9765=CARTESIAN_POINT('',(24.1302850097418,-50.,10.2114599943161));
#9766=CARTESIAN_POINT('Ctrl Pts',(23.6562039703131,-50.,11.0845839977264));
#9767=CARTESIAN_POINT('Ctrl Pts',(23.6562039703131,-52.,11.0845839977264));
#9768=CARTESIAN_POINT('Ctrl Pts',(23.7744028973713,-50.,10.9668728932167));
#9769=CARTESIAN_POINT('Ctrl Pts',(23.7744028973713,-52.,10.9668728932167));
#9770=CARTESIAN_POINT('Ctrl Pts',(24.0188213204337,-50.,10.7234632171964));
#9771=CARTESIAN_POINT('Ctrl Pts',(24.0188213204337,-52.,10.7234632171964));
#9772=CARTESIAN_POINT('Ctrl Pts',(24.0923264254645,-50.,10.3858209687873));
#9773=CARTESIAN_POINT('Ctrl Pts',(24.0923264254645,-52.,10.3858209687873));
#9774=CARTESIAN_POINT('Ctrl Pts',(24.1302850097418,-50.,10.2114599943161));
#9775=CARTESIAN_POINT('Ctrl Pts',(24.1302850097418,-52.,10.2114599943161));
#9776=CARTESIAN_POINT('',(23.6562039703131,-50.,11.0845839977264));
#9777=CARTESIAN_POINT('Ctrl Pts',(24.1302850097418,-50.,10.2114599943161));
#9778=CARTESIAN_POINT('Ctrl Pts',(24.0923264254645,-50.,10.3858209687873));
#9779=CARTESIAN_POINT('Ctrl Pts',(24.0188213204337,-50.,10.7234632171964));
#9780=CARTESIAN_POINT('Ctrl Pts',(23.7744028973713,-50.,10.9668728932167));
#9781=CARTESIAN_POINT('Ctrl Pts',(23.6562039703131,-50.,11.0845839977264));
#9782=CARTESIAN_POINT('',(23.6562039703131,-52.,11.0845839977264));
#9783=CARTESIAN_POINT('Ctrl Pts',(23.6562039703131,-52.,11.0845839977264));
#9784=CARTESIAN_POINT('Ctrl Pts',(23.7744028973713,-52.,10.9668728932167));
#9785=CARTESIAN_POINT('Ctrl Pts',(24.0188213204337,-52.,10.7234632171964));
#9786=CARTESIAN_POINT('Ctrl Pts',(24.0923264254645,-52.,10.3858209687873));
#9787=CARTESIAN_POINT('Ctrl Pts',(24.1302850097418,-52.,10.2114599943161));
#9788=CARTESIAN_POINT('',(23.6562039703131,-50.,11.0845839977264));
#9789=CARTESIAN_POINT('Ctrl Pts',(22.5477483123541,-50.,11.3983631134033));
#9790=CARTESIAN_POINT('Ctrl Pts',(22.5477483123541,-52.,11.3983631134033));
#9791=CARTESIAN_POINT('Ctrl Pts',(22.7651643885039,-50.,11.3910714851128));
#9792=CARTESIAN_POINT('Ctrl Pts',(22.7651643885039,-52.,11.3910714851128));
#9793=CARTESIAN_POINT('Ctrl Pts',(23.1621054588044,-50.,11.3777590070794));
#9794=CARTESIAN_POINT('Ctrl Pts',(23.1621054588044,-52.,11.3777590070794));
#9795=CARTESIAN_POINT('Ctrl Pts',(23.5023301556022,-50.,11.1758855418847));
#9796=CARTESIAN_POINT('Ctrl Pts',(23.5023301556022,-52.,11.1758855418847));
#9797=CARTESIAN_POINT('Ctrl Pts',(23.6562039703131,-50.,11.0845839977264));
#9798=CARTESIAN_POINT('Ctrl Pts',(23.6562039703131,-52.,11.0845839977264));
#9799=CARTESIAN_POINT('',(22.5477483123541,-50.,11.3983631134033));
#9800=CARTESIAN_POINT('Ctrl Pts',(23.6562039703131,-50.,11.0845839977264));
#9801=CARTESIAN_POINT('Ctrl Pts',(23.5023301556022,-50.,11.1758855418847));
#9802=CARTESIAN_POINT('Ctrl Pts',(23.1621054588044,-50.,11.3777590070794));
#9803=CARTESIAN_POINT('Ctrl Pts',(22.7651643885039,-50.,11.3910714851128));
#9804=CARTESIAN_POINT('Ctrl Pts',(22.5477483123541,-50.,11.3983631134033));
#9805=CARTESIAN_POINT('',(22.5477483123541,-52.,11.3983631134033));
#9806=CARTESIAN_POINT('Ctrl Pts',(22.5477483123541,-52.,11.3983631134033));
#9807=CARTESIAN_POINT('Ctrl Pts',(22.7651643885039,-52.,11.3910714851128));
#9808=CARTESIAN_POINT('Ctrl Pts',(23.1621054588044,-52.,11.3777590070794));
#9809=CARTESIAN_POINT('Ctrl Pts',(23.5023301556022,-52.,11.1758855418847));
#9810=CARTESIAN_POINT('Ctrl Pts',(23.6562039703131,-52.,11.0845839977264));
#9811=CARTESIAN_POINT('',(22.5477483123541,-50.,11.3983631134033));
#9812=CARTESIAN_POINT('Ctrl Pts',(21.3403775542974,-50.,11.1186903715134));
#9813=CARTESIAN_POINT('Ctrl Pts',(21.3403775542974,-52.,11.1186903715134));
#9814=CARTESIAN_POINT('Ctrl Pts',(21.4983672060675,-50.,11.1997415078336));
#9815=CARTESIAN_POINT('Ctrl Pts',(21.4983672060675,-52.,11.1997415078336));
#9816=CARTESIAN_POINT('Ctrl Pts',(21.8749669342313,-50.,11.392942996435));
#9817=CARTESIAN_POINT('Ctrl Pts',(21.8749669342313,-52.,11.392942996435));
#9818=CARTESIAN_POINT('Ctrl Pts',(22.3006475634391,-50.,11.396372399918));
#9819=CARTESIAN_POINT('Ctrl Pts',(22.3006475634391,-52.,11.396372399918));
#9820=CARTESIAN_POINT('Ctrl Pts',(22.5477483123541,-50.,11.3983631134033));
#9821=CARTESIAN_POINT('Ctrl Pts',(22.5477483123541,-52.,11.3983631134033));
#9822=CARTESIAN_POINT('',(21.3403775542974,-50.,11.1186903715134));
#9823=CARTESIAN_POINT('Ctrl Pts',(22.5477483123541,-50.,11.3983631134033));
#9824=CARTESIAN_POINT('Ctrl Pts',(22.3006475634391,-50.,11.396372399918));
#9825=CARTESIAN_POINT('Ctrl Pts',(21.8749669342313,-50.,11.392942996435));
#9826=CARTESIAN_POINT('Ctrl Pts',(21.4983672060675,-50.,11.1997415078336));
#9827=CARTESIAN_POINT('Ctrl Pts',(21.3403775542974,-50.,11.1186903715134));
#9828=CARTESIAN_POINT('',(21.3403775542974,-52.,11.1186903715134));
#9829=CARTESIAN_POINT('Ctrl Pts',(21.3403775542974,-52.,11.1186903715134));
#9830=CARTESIAN_POINT('Ctrl Pts',(21.4983672060675,-52.,11.1997415078336));
#9831=CARTESIAN_POINT('Ctrl Pts',(21.8749669342313,-52.,11.392942996435));
#9832=CARTESIAN_POINT('Ctrl Pts',(22.3006475634391,-52.,11.396372399918));
#9833=CARTESIAN_POINT('Ctrl Pts',(22.5477483123541,-52.,11.3983631134033));
#9834=CARTESIAN_POINT('',(21.3403775542974,-50.,11.1186903715134));
#9835=CARTESIAN_POINT('Ctrl Pts',(20.978849157691,-50.,10.4638475179672));
#9836=CARTESIAN_POINT('Ctrl Pts',(20.978849157691,-52.,10.4638475179672));
#9837=CARTESIAN_POINT('Ctrl Pts',(20.9970951142403,-50.,10.5872898320409));
#9838=CARTESIAN_POINT('Ctrl Pts',(20.9970951142403,-52.,10.5872898320409));
#9839=CARTESIAN_POINT('Ctrl Pts',(21.0358144206805,-50.,10.8492438037823));
#9840=CARTESIAN_POINT('Ctrl Pts',(21.0358144206805,-52.,10.8492438037823));
#9841=CARTESIAN_POINT('Ctrl Pts',(21.2350363179871,-50.,11.0254951307523));
#9842=CARTESIAN_POINT('Ctrl Pts',(21.2350363179871,-52.,11.0254951307523));
#9843=CARTESIAN_POINT('Ctrl Pts',(21.3403775542974,-50.,11.1186903715134));
#9844=CARTESIAN_POINT('Ctrl Pts',(21.3403775542974,-52.,11.1186903715134));
#9845=CARTESIAN_POINT('',(20.978849157691,-50.,10.4638475179672));
#9846=CARTESIAN_POINT('Ctrl Pts',(21.3403775542974,-50.,11.1186903715134));
#9847=CARTESIAN_POINT('Ctrl Pts',(21.2350363179871,-50.,11.0254951307523));
#9848=CARTESIAN_POINT('Ctrl Pts',(21.0358144206805,-50.,10.8492438037823));
#9849=CARTESIAN_POINT('Ctrl Pts',(20.9970951142403,-50.,10.5872898320409));
#9850=CARTESIAN_POINT('Ctrl Pts',(20.978849157691,-50.,10.4638475179672));
#9851=CARTESIAN_POINT('',(20.978849157691,-52.,10.4638475179672));
#9852=CARTESIAN_POINT('Ctrl Pts',(20.978849157691,-52.,10.4638475179672));
#9853=CARTESIAN_POINT('Ctrl Pts',(20.9970951142403,-52.,10.5872898320409));
#9854=CARTESIAN_POINT('Ctrl Pts',(21.0358144206805,-52.,10.8492438037823));
#9855=CARTESIAN_POINT('Ctrl Pts',(21.2350363179871,-52.,11.0254951307523));
#9856=CARTESIAN_POINT('Ctrl Pts',(21.3403775542974,-52.,11.1186903715134));
#9857=CARTESIAN_POINT('',(20.978849157691,-50.,10.4638475179672));
#9858=CARTESIAN_POINT('Ctrl Pts',(21.1289193481207,-50.,10.0341063737869));
#9859=CARTESIAN_POINT('Ctrl Pts',(21.1289193481207,-52.,10.0341063737869));
#9860=CARTESIAN_POINT('Ctrl Pts',(21.0851491523179,-50.,10.0995730870047));
#9861=CARTESIAN_POINT('Ctrl Pts',(21.0851491523179,-52.,10.0995730870047));
#9862=CARTESIAN_POINT('Ctrl Pts',(20.9980174304344,-50.,10.2298952695789));
#9863=CARTESIAN_POINT('Ctrl Pts',(20.9980174304344,-52.,10.2298952695789));
#9864=CARTESIAN_POINT('Ctrl Pts',(20.9852185719822,-50.,10.386107660324));
#9865=CARTESIAN_POINT('Ctrl Pts',(20.9852185719822,-52.,10.386107660324));
#9866=CARTESIAN_POINT('Ctrl Pts',(20.978849157691,-50.,10.4638475179672));
#9867=CARTESIAN_POINT('Ctrl Pts',(20.978849157691,-52.,10.4638475179672));
#9868=CARTESIAN_POINT('',(21.1289193481207,-50.,10.0341063737869));
#9869=CARTESIAN_POINT('Ctrl Pts',(20.978849157691,-50.,10.4638475179672));
#9870=CARTESIAN_POINT('Ctrl Pts',(20.9852185719822,-50.,10.386107660324));
#9871=CARTESIAN_POINT('Ctrl Pts',(20.9980174304344,-50.,10.2298952695789));
#9872=CARTESIAN_POINT('Ctrl Pts',(21.0851491523179,-50.,10.0995730870047));
#9873=CARTESIAN_POINT('Ctrl Pts',(21.1289193481207,-50.,10.0341063737869));
#9874=CARTESIAN_POINT('',(21.1289193481207,-52.,10.0341063737869));
#9875=CARTESIAN_POINT('Ctrl Pts',(21.1289193481207,-52.,10.0341063737869));
#9876=CARTESIAN_POINT('Ctrl Pts',(21.0851491523179,-52.,10.0995730870047));
#9877=CARTESIAN_POINT('Ctrl Pts',(20.9980174304344,-52.,10.2298952695789));
#9878=CARTESIAN_POINT('Ctrl Pts',(20.9852185719822,-52.,10.386107660324));
#9879=CARTESIAN_POINT('Ctrl Pts',(20.978849157691,-52.,10.4638475179672));
#9880=CARTESIAN_POINT('',(21.1289193481207,-50.,10.0341063737869));
#9881=CARTESIAN_POINT('Ctrl Pts',(21.5995862334967,-50.,9.70668494701385));
#9882=CARTESIAN_POINT('Ctrl Pts',(21.5995862334967,-52.,9.70668494701385));
#9883=CARTESIAN_POINT('Ctrl Pts',(21.5025162799976,-50.,9.7493806931241));
#9884=CARTESIAN_POINT('Ctrl Pts',(21.5025162799976,-52.,9.7493806931241));
#9885=CARTESIAN_POINT('Ctrl Pts',(21.3238411066744,-50.,9.82797009758375));
#9886=CARTESIAN_POINT('Ctrl Pts',(21.3238411066744,-52.,9.82797009758375));
#9887=CARTESIAN_POINT('Ctrl Pts',(21.1900327987458,-50.,9.96947685663472));
#9888=CARTESIAN_POINT('Ctrl Pts',(21.1900327987458,-52.,9.96947685663472));
#9889=CARTESIAN_POINT('Ctrl Pts',(21.1289193481207,-50.,10.0341063737869));
#9890=CARTESIAN_POINT('Ctrl Pts',(21.1289193481207,-52.,10.0341063737869));
#9891=CARTESIAN_POINT('',(21.5995862334967,-50.,9.70668494701385));
#9892=CARTESIAN_POINT('Ctrl Pts',(21.1289193481207,-50.,10.0341063737869));
#9893=CARTESIAN_POINT('Ctrl Pts',(21.1900327987458,-50.,9.96947685663472));
#9894=CARTESIAN_POINT('Ctrl Pts',(21.3238411066744,-50.,9.82797009758375));
#9895=CARTESIAN_POINT('Ctrl Pts',(21.5025162799976,-50.,9.7493806931241));
#9896=CARTESIAN_POINT('Ctrl Pts',(21.5995862334967,-50.,9.70668494701385));
#9897=CARTESIAN_POINT('',(21.5995862334967,-52.,9.70668494701385));
#9898=CARTESIAN_POINT('Ctrl Pts',(21.5995862334967,-52.,9.70668494701385));
#9899=CARTESIAN_POINT('Ctrl Pts',(21.5025162799976,-52.,9.7493806931241));
#9900=CARTESIAN_POINT('Ctrl Pts',(21.3238411066744,-52.,9.82797009758375));
#9901=CARTESIAN_POINT('Ctrl Pts',(21.1900327987458,-52.,9.96947685663472));
#9902=CARTESIAN_POINT('Ctrl Pts',(21.1289193481207,-52.,10.0341063737869));
#9903=CARTESIAN_POINT('',(21.5995862334967,-50.,9.70668494701385));
#9904=CARTESIAN_POINT('Ctrl Pts',(22.684171423316,-50.,9.39290583133698));
#9905=CARTESIAN_POINT('Ctrl Pts',(22.684171423316,-52.,9.39290583133698));
#9906=CARTESIAN_POINT('Ctrl Pts',(22.4430570053272,-50.,9.45772431268752));
#9907=CARTESIAN_POINT('Ctrl Pts',(22.4430570053272,-52.,9.45772431268752));
#9908=CARTESIAN_POINT('Ctrl Pts',(22.0795091357941,-50.,9.55545642260416));
#9909=CARTESIAN_POINT('Ctrl Pts',(22.0795091357941,-52.,9.55545642260416));
#9910=CARTESIAN_POINT('Ctrl Pts',(21.7204933853872,-50.,9.66858588967891));
#9911=CARTESIAN_POINT('Ctrl Pts',(21.7204933853872,-52.,9.66858588967891));
#9912=CARTESIAN_POINT('Ctrl Pts',(21.5995862334967,-50.,9.70668494701385));
#9913=CARTESIAN_POINT('Ctrl Pts',(21.5995862334967,-52.,9.70668494701385));
#9914=CARTESIAN_POINT('',(22.684171423316,-50.,9.39290583133698));
#9915=CARTESIAN_POINT('Ctrl Pts',(21.5995862334967,-50.,9.70668494701385));
#9916=CARTESIAN_POINT('Ctrl Pts',(21.7204933853872,-50.,9.66858588967891));
#9917=CARTESIAN_POINT('Ctrl Pts',(22.0795091357941,-50.,9.55545642260416));
#9918=CARTESIAN_POINT('Ctrl Pts',(22.4430570053272,-50.,9.45772431268752));
#9919=CARTESIAN_POINT('Ctrl Pts',(22.684171423316,-50.,9.39290583133698));
#9920=CARTESIAN_POINT('',(22.684171423316,-52.,9.39290583133698));
#9921=CARTESIAN_POINT('Ctrl Pts',(22.684171423316,-52.,9.39290583133698));
#9922=CARTESIAN_POINT('Ctrl Pts',(22.4430570053272,-52.,9.45772431268752));
#9923=CARTESIAN_POINT('Ctrl Pts',(22.0795091357941,-52.,9.55545642260416));
#9924=CARTESIAN_POINT('Ctrl Pts',(21.7204933853872,-52.,9.66858588967891));
#9925=CARTESIAN_POINT('Ctrl Pts',(21.5995862334967,-52.,9.70668494701385));
#9926=CARTESIAN_POINT('',(22.684171423316,-50.,9.39290583133698));
#9927=CARTESIAN_POINT('Ctrl Pts',(24.5020415633917,-50.,8.82332921028137));
#9928=CARTESIAN_POINT('Ctrl Pts',(24.5020415633917,-52.,8.82332921028137));
#9929=CARTESIAN_POINT('Ctrl Pts',(24.2656817429672,-50.,8.91074402476283));
#9930=CARTESIAN_POINT('Ctrl Pts',(24.2656817429672,-52.,8.91074402476283));
#9931=CARTESIAN_POINT('Ctrl Pts',(23.6695383986511,-50.,9.1312204143377));
#9932=CARTESIAN_POINT('Ctrl Pts',(23.6695383986511,-52.,9.1312204143377));
#9933=CARTESIAN_POINT('Ctrl Pts',(23.0550353612417,-50.,9.2944149272623));
#9934=CARTESIAN_POINT('Ctrl Pts',(23.0550353612417,-52.,9.2944149272623));
#9935=CARTESIAN_POINT('Ctrl Pts',(22.684171423316,-50.,9.39290583133698));
#9936=CARTESIAN_POINT('Ctrl Pts',(22.684171423316,-52.,9.39290583133698));
#9937=CARTESIAN_POINT('',(24.5020415633917,-50.,8.82332921028137));
#9938=CARTESIAN_POINT('Ctrl Pts',(22.684171423316,-50.,9.39290583133698));
#9939=CARTESIAN_POINT('Ctrl Pts',(23.0550353612417,-50.,9.2944149272623));
#9940=CARTESIAN_POINT('Ctrl Pts',(23.6695383986511,-50.,9.1312204143377));
#9941=CARTESIAN_POINT('Ctrl Pts',(24.2656817429672,-50.,8.91074402476283));
#9942=CARTESIAN_POINT('Ctrl Pts',(24.5020415633917,-50.,8.82332921028137));
#9943=CARTESIAN_POINT('',(24.5020415633917,-52.,8.82332921028137));
#9944=CARTESIAN_POINT('Ctrl Pts',(24.5020415633917,-52.,8.82332921028137));
#9945=CARTESIAN_POINT('Ctrl Pts',(24.2656817429672,-52.,8.91074402476283));
#9946=CARTESIAN_POINT('Ctrl Pts',(23.6695383986511,-52.,9.1312204143377));
#9947=CARTESIAN_POINT('Ctrl Pts',(23.0550353612417,-52.,9.2944149272623));
#9948=CARTESIAN_POINT('Ctrl Pts',(22.684171423316,-52.,9.39290583133698));
#9949=CARTESIAN_POINT('',(24.5020415633917,-50.,8.82332921028137));
#9950=CARTESIAN_POINT('Ctrl Pts',(25.3103663772345,-50.,8.17871809005737));
#9951=CARTESIAN_POINT('Ctrl Pts',(25.3103663772345,-52.,8.17871809005737));
#9952=CARTESIAN_POINT('Ctrl Pts',(25.2014870020349,-50.,8.31209924658663));
#9953=CARTESIAN_POINT('Ctrl Pts',(25.2014870020349,-52.,8.31209924658663));
#9954=CARTESIAN_POINT('Ctrl Pts',(24.97867404411,-50.,8.58505314592016));
#9955=CARTESIAN_POINT('Ctrl Pts',(24.97867404411,-52.,8.58505314592016));
#9956=CARTESIAN_POINT('Ctrl Pts',(24.6633036392148,-50.,8.74271176536883));
#9957=CARTESIAN_POINT('Ctrl Pts',(24.6633036392148,-52.,8.74271176536883));
#9958=CARTESIAN_POINT('Ctrl Pts',(24.5020415633917,-50.,8.82332921028137));
#9959=CARTESIAN_POINT('Ctrl Pts',(24.5020415633917,-52.,8.82332921028137));
#9960=CARTESIAN_POINT('',(25.3103663772345,-50.,8.17871809005737));
#9961=CARTESIAN_POINT('Ctrl Pts',(24.5020415633917,-50.,8.82332921028137));
#9962=CARTESIAN_POINT('Ctrl Pts',(24.6633036392148,-50.,8.74271176536883));
#9963=CARTESIAN_POINT('Ctrl Pts',(24.97867404411,-50.,8.58505314592016));
#9964=CARTESIAN_POINT('Ctrl Pts',(25.2014870020349,-50.,8.31209924658663));
#9965=CARTESIAN_POINT('Ctrl Pts',(25.3103663772345,-50.,8.17871809005737));
#9966=CARTESIAN_POINT('',(25.3103663772345,-52.,8.17871809005737));
#9967=CARTESIAN_POINT('Ctrl Pts',(25.3103663772345,-52.,8.17871809005737));
#9968=CARTESIAN_POINT('Ctrl Pts',(25.2014870020349,-52.,8.31209924658663));
#9969=CARTESIAN_POINT('Ctrl Pts',(24.97867404411,-52.,8.58505314592016));
#9970=CARTESIAN_POINT('Ctrl Pts',(24.6633036392148,-52.,8.74271176536883));
#9971=CARTESIAN_POINT('Ctrl Pts',(24.5020415633917,-52.,8.82332921028137));
#9972=CARTESIAN_POINT('',(25.3103663772345,-50.,8.17871809005737));
#9973=CARTESIAN_POINT('Ctrl Pts',(25.6036832183599,-50.,7.12823987007141));
#9974=CARTESIAN_POINT('Ctrl Pts',(25.6036832183599,-52.,7.12823987007141));
#9975=CARTESIAN_POINT('Ctrl Pts',(25.5942663384679,-50.,7.32470153122114));
#9976=CARTESIAN_POINT('Ctrl Pts',(25.5942663384679,-52.,7.32470153122114));
#9977=CARTESIAN_POINT('Ctrl Pts',(25.5763792113472,-50.,7.69787552808731));
#9978=CARTESIAN_POINT('Ctrl Pts',(25.5763792113472,-52.,7.69787552808731));
#9979=CARTESIAN_POINT('Ctrl Pts',(25.3958526795141,-50.,8.02419376893353));
#9980=CARTESIAN_POINT('Ctrl Pts',(25.3958526795141,-52.,8.02419376893353));
#9981=CARTESIAN_POINT('Ctrl Pts',(25.3103663772345,-50.,8.17871809005737));
#9982=CARTESIAN_POINT('Ctrl Pts',(25.3103663772345,-52.,8.17871809005737));
#9983=CARTESIAN_POINT('',(25.6036832183599,-50.,7.12823987007141));
#9984=CARTESIAN_POINT('Ctrl Pts',(25.3103663772345,-50.,8.17871809005737));
#9985=CARTESIAN_POINT('Ctrl Pts',(25.3958526795141,-50.,8.02419376893353));
#9986=CARTESIAN_POINT('Ctrl Pts',(25.5763792113472,-50.,7.69787552808731));
#9987=CARTESIAN_POINT('Ctrl Pts',(25.5942663384679,-50.,7.32470153122114));
#9988=CARTESIAN_POINT('Ctrl Pts',(25.6036832183599,-50.,7.12823987007141));
#9989=CARTESIAN_POINT('',(25.6036832183599,-52.,7.12823987007141));
#9990=CARTESIAN_POINT('Ctrl Pts',(25.6036832183599,-52.,7.12823987007141));
#9991=CARTESIAN_POINT('Ctrl Pts',(25.5942663384679,-52.,7.32470153122114));
#9992=CARTESIAN_POINT('Ctrl Pts',(25.5763792113472,-52.,7.69787552808731));
#9993=CARTESIAN_POINT('Ctrl Pts',(25.3958526795141,-52.,8.02419376893353));
#9994=CARTESIAN_POINT('Ctrl Pts',(25.3103663772345,-52.,8.17871809005737));
#9995=CARTESIAN_POINT('',(25.6036832183599,-50.,7.12823987007141));
#9996=CARTESIAN_POINT('Ctrl Pts',(25.2455642074347,-50.,5.97203254699707));
#9997=CARTESIAN_POINT('Ctrl Pts',(25.2455642074347,-52.,5.97203254699707));
#9998=CARTESIAN_POINT('Ctrl Pts',(25.3500104211415,-50.,6.15418255047022));
#9999=CARTESIAN_POINT('Ctrl Pts',(25.3500104211415,-52.,6.15418255047022));
#10000=CARTESIAN_POINT('Ctrl Pts',(25.5557818743613,-50.,6.51303970372124));
#10001=CARTESIAN_POINT('Ctrl Pts',(25.5557818743613,-52.,6.51303970372124));
#10002=CARTESIAN_POINT('Ctrl Pts',(25.5878783749067,-50.,6.92525720800115));
#10003=CARTESIAN_POINT('Ctrl Pts',(25.5878783749067,-52.,6.92525720800115));
#10004=CARTESIAN_POINT('Ctrl Pts',(25.6036832183599,-50.,7.12823987007141));
#10005=CARTESIAN_POINT('Ctrl Pts',(25.6036832183599,-52.,7.12823987007141));
#10006=CARTESIAN_POINT('',(25.2455642074347,-50.,5.97203254699707));
#10007=CARTESIAN_POINT('Ctrl Pts',(25.6036832183599,-50.,7.12823987007141));
#10008=CARTESIAN_POINT('Ctrl Pts',(25.5878783749067,-50.,6.92525720800115));
#10009=CARTESIAN_POINT('Ctrl Pts',(25.5557818743613,-50.,6.51303970372124));
#10010=CARTESIAN_POINT('Ctrl Pts',(25.3500104211415,-50.,6.15418255047022));
#10011=CARTESIAN_POINT('Ctrl Pts',(25.2455642074347,-50.,5.97203254699707));
#10012=CARTESIAN_POINT('',(25.2455642074347,-52.,5.97203254699707));
#10013=CARTESIAN_POINT('Ctrl Pts',(25.2455642074347,-52.,5.97203254699707));
#10014=CARTESIAN_POINT('Ctrl Pts',(25.3500104211415,-52.,6.15418255047022));
#10015=CARTESIAN_POINT('Ctrl Pts',(25.5557818743613,-52.,6.51303970372124));
#10016=CARTESIAN_POINT('Ctrl Pts',(25.5878783749067,-52.,6.92525720800115));
#10017=CARTESIAN_POINT('Ctrl Pts',(25.6036832183599,-52.,7.12823987007141));
#10018=CARTESIAN_POINT('',(25.2455642074347,-50.,5.97203254699707));
#10019=CARTESIAN_POINT('Ctrl Pts',(24.2121388763189,-50.,5.13301491737366));
#10020=CARTESIAN_POINT('Ctrl Pts',(24.2121388763189,-52.,5.13301491737366));
#10021=CARTESIAN_POINT('Ctrl Pts',(24.4218462446347,-50.,5.23892841188341));
#10022=CARTESIAN_POINT('Ctrl Pts',(24.4218462446347,-52.,5.23892841188341));
#10023=CARTESIAN_POINT('Ctrl Pts',(24.8276144598797,-50.,5.44386317398897));
#10024=CARTESIAN_POINT('Ctrl Pts',(24.8276144598797,-52.,5.44386317398897));
#10025=CARTESIAN_POINT('Ctrl Pts',(25.1094066393979,-50.,5.79996818337207));
#10026=CARTESIAN_POINT('Ctrl Pts',(25.1094066393979,-52.,5.79996818337207));
#10027=CARTESIAN_POINT('Ctrl Pts',(25.2455642074347,-50.,5.97203254699707));
#10028=CARTESIAN_POINT('Ctrl Pts',(25.2455642074347,-52.,5.97203254699707));
#10029=CARTESIAN_POINT('',(24.2121388763189,-50.,5.13301491737366));
#10030=CARTESIAN_POINT('Ctrl Pts',(25.2455642074347,-50.,5.97203254699707));
#10031=CARTESIAN_POINT('Ctrl Pts',(25.1094066393979,-50.,5.79996818337207));
#10032=CARTESIAN_POINT('Ctrl Pts',(24.8276144598797,-50.,5.44386317398897));
#10033=CARTESIAN_POINT('Ctrl Pts',(24.4218462446347,-50.,5.23892841188341));
#10034=CARTESIAN_POINT('Ctrl Pts',(24.2121388763189,-50.,5.13301491737366));
#10035=CARTESIAN_POINT('',(24.2121388763189,-52.,5.13301491737366));
#10036=CARTESIAN_POINT('Ctrl Pts',(24.2121388763189,-52.,5.13301491737366));
#10037=CARTESIAN_POINT('Ctrl Pts',(24.4218462446347,-52.,5.23892841188341));
#10038=CARTESIAN_POINT('Ctrl Pts',(24.8276144598797,-52.,5.44386317398897));
#10039=CARTESIAN_POINT('Ctrl Pts',(25.1094066393979,-52.,5.79996818337207));
#10040=CARTESIAN_POINT('Ctrl Pts',(25.2455642074347,-52.,5.97203254699707));
#10041=CARTESIAN_POINT('',(24.2121388763189,-50.,5.13301491737366));
#10042=CARTESIAN_POINT('Ctrl Pts',(22.684171423316,-50.,4.83628869056702));
#10043=CARTESIAN_POINT('Ctrl Pts',(22.684171423316,-52.,4.83628869056702));
#10044=CARTESIAN_POINT('Ctrl Pts',(22.9564516732411,-50.,4.84669759488008));
#10045=CARTESIAN_POINT('Ctrl Pts',(22.9564516732411,-52.,4.84669759488008));
#10046=CARTESIAN_POINT('Ctrl Pts',(23.4814045416201,-50.,4.86676583037394));
#10047=CARTESIAN_POINT('Ctrl Pts',(23.4814045416201,-52.,4.86676583037394));
#10048=CARTESIAN_POINT('Ctrl Pts',(23.9747025256992,-50.,5.04650302300768));
#10049=CARTESIAN_POINT('Ctrl Pts',(23.9747025256992,-52.,5.04650302300768));
#10050=CARTESIAN_POINT('Ctrl Pts',(24.2121388763189,-50.,5.13301491737366));
#10051=CARTESIAN_POINT('Ctrl Pts',(24.2121388763189,-52.,5.13301491737366));
#10052=CARTESIAN_POINT('',(22.684171423316,-50.,4.83628869056702));
#10053=CARTESIAN_POINT('Ctrl Pts',(24.2121388763189,-50.,5.13301491737366));
#10054=CARTESIAN_POINT('Ctrl Pts',(23.9747025256992,-50.,5.04650302300768));
#10055=CARTESIAN_POINT('Ctrl Pts',(23.4814045416201,-50.,4.86676583037394));
#10056=CARTESIAN_POINT('Ctrl Pts',(22.9564516732411,-50.,4.84669759488008));
#10057=CARTESIAN_POINT('Ctrl Pts',(22.684171423316,-50.,4.83628869056702));
#10058=CARTESIAN_POINT('',(22.684171423316,-52.,4.83628869056702));
#10059=CARTESIAN_POINT('Ctrl Pts',(22.684171423316,-52.,4.83628869056702));
#10060=CARTESIAN_POINT('Ctrl Pts',(22.9564516732411,-52.,4.84669759488008));
#10061=CARTESIAN_POINT('Ctrl Pts',(23.4814045416201,-52.,4.86676583037394));
#10062=CARTESIAN_POINT('Ctrl Pts',(23.9747025256992,-52.,5.04650302300768));
#10063=CARTESIAN_POINT('Ctrl Pts',(24.2121388763189,-52.,5.13301491737366));
#10064=CARTESIAN_POINT('',(22.684171423316,-50.,4.83628869056702));
#10065=CARTESIAN_POINT('Ctrl Pts',(20.5320575088263,-50.,5.4229199886322));
#10066=CARTESIAN_POINT('Ctrl Pts',(20.5320575088263,-52.,5.4229199886322));
#10067=CARTESIAN_POINT('Ctrl Pts',(20.8277585243597,-50.,5.25233143574494));
#10068=CARTESIAN_POINT('Ctrl Pts',(20.8277585243597,-52.,5.25233143574494));
#10069=CARTESIAN_POINT('Ctrl Pts',(21.4905468213168,-50.,4.86997192221878));
#10070=CARTESIAN_POINT('Ctrl Pts',(21.4905468213168,-52.,4.86997192221878));
#10071=CARTESIAN_POINT('Ctrl Pts',(22.2587176894997,-50.,4.84829469031706));
#10072=CARTESIAN_POINT('Ctrl Pts',(22.2587176894997,-52.,4.84829469031706));
#10073=CARTESIAN_POINT('Ctrl Pts',(22.684171423316,-50.,4.83628869056702));
#10074=CARTESIAN_POINT('Ctrl Pts',(22.684171423316,-52.,4.83628869056702));
#10075=CARTESIAN_POINT('',(20.5320575088263,-50.,5.4229199886322));
#10076=CARTESIAN_POINT('Ctrl Pts',(22.684171423316,-50.,4.83628869056702));
#10077=CARTESIAN_POINT('Ctrl Pts',(22.2587176894997,-50.,4.84829469031706));
#10078=CARTESIAN_POINT('Ctrl Pts',(21.4905468213168,-50.,4.86997192221878));
#10079=CARTESIAN_POINT('Ctrl Pts',(20.8277585243597,-50.,5.25233143574494));
#10080=CARTESIAN_POINT('Ctrl Pts',(20.5320575088263,-50.,5.4229199886322));
#10081=CARTESIAN_POINT('',(20.5320575088263,-52.,5.4229199886322));
#10082=CARTESIAN_POINT('Ctrl Pts',(20.5320575088263,-52.,5.4229199886322));
#10083=CARTESIAN_POINT('Ctrl Pts',(20.8277585243597,-52.,5.25233143574494));
#10084=CARTESIAN_POINT('Ctrl Pts',(21.4905468213168,-52.,4.86997192221878));
#10085=CARTESIAN_POINT('Ctrl Pts',(22.2587176894997,-52.,4.84829469031706));
#10086=CARTESIAN_POINT('Ctrl Pts',(22.684171423316,-52.,4.83628869056702));
#10087=CARTESIAN_POINT('',(20.5320575088263,-50.,5.4229199886322));
#10088=CARTESIAN_POINT('Ctrl Pts',(19.5873095840216,-50.,7.16234683990479));
#10089=CARTESIAN_POINT('Ctrl Pts',(19.5873095840216,-52.,7.16234683990479));
#10090=CARTESIAN_POINT('Ctrl Pts',(19.6698025461161,-50.,6.80834339922731));
#10091=CARTESIAN_POINT('Ctrl Pts',(19.6698025461161,-52.,6.80834339922731));
#10092=CARTESIAN_POINT('Ctrl Pts',(19.8255906047757,-50.,6.13980747347479));
#10093=CARTESIAN_POINT('Ctrl Pts',(19.8255906047757,-52.,6.13980747347479));
#10094=CARTESIAN_POINT('Ctrl Pts',(20.3060236046677,-50.,5.65228795493367));
#10095=CARTESIAN_POINT('Ctrl Pts',(20.3060236046677,-52.,5.65228795493367));
#10096=CARTESIAN_POINT('Ctrl Pts',(20.5320575088263,-50.,5.4229199886322));
#10097=CARTESIAN_POINT('Ctrl Pts',(20.5320575088263,-52.,5.4229199886322));
#10098=CARTESIAN_POINT('Ctrl Pts',(20.5320575088263,-50.,5.4229199886322));
#10099=CARTESIAN_POINT('Ctrl Pts',(20.3060236046677,-50.,5.65228795493367));
#10100=CARTESIAN_POINT('Ctrl Pts',(19.8255906047757,-50.,6.13980747347479));
#10101=CARTESIAN_POINT('Ctrl Pts',(19.6698025461161,-50.,6.80834339922731));
#10102=CARTESIAN_POINT('Ctrl Pts',(19.5873095840216,-50.,7.16234683990479));
#10103=CARTESIAN_POINT('Ctrl Pts',(19.5873095840216,-52.,7.16234683990479));
#10104=CARTESIAN_POINT('Ctrl Pts',(19.6698025461161,-52.,6.80834339922731));
#10105=CARTESIAN_POINT('Ctrl Pts',(19.8255906047757,-52.,6.13980747347479));
#10106=CARTESIAN_POINT('Ctrl Pts',(20.3060236046677,-52.,5.65228795493367));
#10107=CARTESIAN_POINT('Ctrl Pts',(20.5320575088263,-52.,5.4229199886322));
#10108=CARTESIAN_POINT('Origin',(-9.68575477600098E-7,-52.,9.99999940395355));
#10109=CARTESIAN_POINT('Origin',(9.10981915891171,-50.,9.10641193389893));
#10110=CARTESIAN_POINT('',(5.71964524686337,-50.,9.10641193389893));
#10111=CARTESIAN_POINT('',(9.10981915891171,-50.,9.10641193389893));
#10112=CARTESIAN_POINT('',(-20.4450904205441,-50.,9.10641193389893));
#10113=CARTESIAN_POINT('',(5.71964524686337,-52.,9.10641193389893));
#10114=CARTESIAN_POINT('',(5.71964524686337,-50.,9.10641193389893));
#10115=CARTESIAN_POINT('',(9.10981915891171,-52.,9.10641193389893));
#10116=CARTESIAN_POINT('',(5.71964524686337,-52.,9.10641193389893));
#10117=CARTESIAN_POINT('',(9.10981915891171,-50.,9.10641193389893));
#10118=CARTESIAN_POINT('Origin',(8.06616567075253,-50.,11.8758529424667));
#10119=CARTESIAN_POINT('',(8.06616567075253,-50.,11.8758529424667));
#10120=CARTESIAN_POINT('',(6.41522767071947,-50.,16.2567853609067));
#10121=CARTESIAN_POINT('',(8.06616567075253,-52.,11.8758529424667));
#10122=CARTESIAN_POINT('',(9.10981915891171,-52.,9.10641193389893));
#10123=CARTESIAN_POINT('',(8.06616567075253,-50.,11.8758529424667));
#10124=CARTESIAN_POINT('Ctrl Pts',(7.35675118863583,-50.,13.9495223760605));
#10125=CARTESIAN_POINT('Ctrl Pts',(7.35675118863583,-52.,13.9495223760605));
#10126=CARTESIAN_POINT('Ctrl Pts',(7.45181246992725,-50.,13.6405072916281));
#10127=CARTESIAN_POINT('Ctrl Pts',(7.45181246992725,-52.,13.6405072916281));
#10128=CARTESIAN_POINT('Ctrl Pts',(7.66670502673133,-50.,12.9419574647946));
#10129=CARTESIAN_POINT('Ctrl Pts',(7.66670502673133,-52.,12.9419574647946));
#10130=CARTESIAN_POINT('Ctrl Pts',(7.92315858888789,-50.,12.2575188186493));
#10131=CARTESIAN_POINT('Ctrl Pts',(7.92315858888789,-52.,12.2575188186493));
#10132=CARTESIAN_POINT('Ctrl Pts',(8.06616567075253,-50.,11.8758529424667));
#10133=CARTESIAN_POINT('Ctrl Pts',(8.06616567075253,-52.,11.8758529424667));
#10134=CARTESIAN_POINT('',(7.35675118863583,-50.,13.9495223760605));
#10135=CARTESIAN_POINT('Ctrl Pts',(8.06616567075253,-50.,11.8758529424667));
#10136=CARTESIAN_POINT('Ctrl Pts',(7.92315858888789,-50.,12.2575188186493));
#10137=CARTESIAN_POINT('Ctrl Pts',(7.66670502673133,-50.,12.9419574647946));
#10138=CARTESIAN_POINT('Ctrl Pts',(7.45181246992725,-50.,13.6405072916281));
#10139=CARTESIAN_POINT('Ctrl Pts',(7.35675118863583,-50.,13.9495223760605));
#10140=CARTESIAN_POINT('',(7.35675118863583,-52.,13.9495223760605));
#10141=CARTESIAN_POINT('Ctrl Pts',(7.35675118863583,-52.,13.9495223760605));
#10142=CARTESIAN_POINT('Ctrl Pts',(7.45181246992725,-52.,13.6405072916281));
#10143=CARTESIAN_POINT('Ctrl Pts',(7.66670502673133,-52.,12.9419574647946));
#10144=CARTESIAN_POINT('Ctrl Pts',(7.92315858888789,-52.,12.2575188186493));
#10145=CARTESIAN_POINT('Ctrl Pts',(8.06616567075253,-52.,11.8758529424667));
#10146=CARTESIAN_POINT('',(7.35675118863583,-50.,13.9495223760605));
#10147=CARTESIAN_POINT('Ctrl Pts',(6.81787274777889,-50.,12.0395636558533));
#10148=CARTESIAN_POINT('Ctrl Pts',(6.81787274777889,-52.,12.0395636558533));
#10149=CARTESIAN_POINT('Ctrl Pts',(6.92705667965207,-50.,12.3549786325127));
#10150=CARTESIAN_POINT('Ctrl Pts',(6.92705667965207,-52.,12.3549786325127));
#10151=CARTESIAN_POINT('Ctrl Pts',(7.14381743744639,-50.,12.9811659128883));
#10152=CARTESIAN_POINT('Ctrl Pts',(7.14381743744639,-52.,12.9811659128883));
#10153=CARTESIAN_POINT('Ctrl Pts',(7.28612497004582,-50.,13.6283363035896));
#10154=CARTESIAN_POINT('Ctrl Pts',(7.28612497004582,-52.,13.6283363035896));
#10155=CARTESIAN_POINT('Ctrl Pts',(7.35675118863583,-50.,13.9495223760605));
#10156=CARTESIAN_POINT('Ctrl Pts',(7.35675118863583,-52.,13.9495223760605));
#10157=CARTESIAN_POINT('',(6.81787274777889,-50.,12.0395636558533));
#10158=CARTESIAN_POINT('Ctrl Pts',(7.35675118863583,-50.,13.9495223760605));
#10159=CARTESIAN_POINT('Ctrl Pts',(7.28612497004582,-50.,13.6283363035896));
#10160=CARTESIAN_POINT('Ctrl Pts',(7.14381743744639,-50.,12.9811659128883));
#10161=CARTESIAN_POINT('Ctrl Pts',(6.92705667965207,-50.,12.3549786325127));
#10162=CARTESIAN_POINT('Ctrl Pts',(6.81787274777889,-50.,12.0395636558533));
#10163=CARTESIAN_POINT('',(6.81787274777889,-52.,12.0395636558533));
#10164=CARTESIAN_POINT('Ctrl Pts',(6.81787274777889,-52.,12.0395636558533));
#10165=CARTESIAN_POINT('Ctrl Pts',(6.92705667965207,-52.,12.3549786325127));
#10166=CARTESIAN_POINT('Ctrl Pts',(7.14381743744639,-52.,12.9811659128883));
#10167=CARTESIAN_POINT('Ctrl Pts',(7.28612497004582,-52.,13.6283363035896));
#10168=CARTESIAN_POINT('Ctrl Pts',(7.35675118863583,-52.,13.9495223760605));
#10169=CARTESIAN_POINT('',(6.81787274777889,-50.,12.0395636558533));
#10170=CARTESIAN_POINT('Origin',(5.71964524686337,-50.,9.10641193389893));
#10171=CARTESIAN_POINT('',(0.799005558452683,-50.,-4.03565814096877));
#10172=CARTESIAN_POINT('',(6.81787274777889,-52.,12.0395636558533));
#10173=CARTESIAN_POINT('Origin',(6.67462132871151,-50.,15.));
#10174=CARTESIAN_POINT('',(2.83424161374569,-50.,5.));
#10175=CARTESIAN_POINT('',(6.67462132871151,-50.,15.));
#10176=CARTESIAN_POINT('',(0.522369510212721,-50.,-1.01990499669521));
#10177=CARTESIAN_POINT('',(2.83424161374569,-52.,5.));
#10178=CARTESIAN_POINT('',(2.83424161374569,-50.,5.));
#10179=CARTESIAN_POINT('',(6.67462132871151,-52.,15.));
#10180=CARTESIAN_POINT('',(2.83424161374569,-52.,5.));
#10181=CARTESIAN_POINT('',(6.67462132871151,-50.,15.));
#10182=CARTESIAN_POINT('Origin',(8.10026906430721,-50.,15.));
#10183=CARTESIAN_POINT('',(8.10026906430721,-50.,15.));
#10184=CARTESIAN_POINT('',(-20.9498654678464,-50.,15.));
#10185=CARTESIAN_POINT('',(8.10026906430721,-52.,15.));
#10186=CARTESIAN_POINT('',(6.67462132871151,-52.,15.));
#10187=CARTESIAN_POINT('',(8.10026906430721,-50.,15.));
#10188=CARTESIAN_POINT('Origin',(12.1930386871099,-50.,5.));
#10189=CARTESIAN_POINT('',(12.1930386871099,-50.,5.));
#10190=CARTESIAN_POINT('',(8.60786991028917,-50.,13.7597619881806));
#10191=CARTESIAN_POINT('',(12.1930386871099,-52.,5.));
#10192=CARTESIAN_POINT('',(8.10026906430721,-52.,15.));
#10193=CARTESIAN_POINT('',(12.1930386871099,-50.,5.));
#10194=CARTESIAN_POINT('Origin',(10.6855370849371,-50.,5.));
#10195=CARTESIAN_POINT('',(10.6855370849371,-50.,5.));
#10196=CARTESIAN_POINT('',(-19.6572314575315,-50.,5.));
#10197=CARTESIAN_POINT('',(10.6855370849371,-52.,5.));
#10198=CARTESIAN_POINT('',(12.1930386871099,-52.,5.));
#10199=CARTESIAN_POINT('',(10.6855370849371,-50.,5.));
#10200=CARTESIAN_POINT('Origin',(9.51909802854061,-50.,8.02864909172058));
#10201=CARTESIAN_POINT('',(9.51909802854061,-50.,8.02864909172058));
#10202=CARTESIAN_POINT('',(7.02142705342054,-50.,14.5138305409629));
#10203=CARTESIAN_POINT('',(9.51909802854061,-52.,8.02864909172058));
#10204=CARTESIAN_POINT('',(10.6855370849371,-52.,5.));
#10205=CARTESIAN_POINT('',(9.51909802854061,-50.,8.02864909172058));
#10206=CARTESIAN_POINT('Origin',(5.33765099942684,-50.,8.02864909172058));
#10207=CARTESIAN_POINT('',(5.33765099942684,-50.,8.02864909172058));
#10208=CARTESIAN_POINT('',(-22.3311745002866,-50.,8.02864909172058));
#10209=CARTESIAN_POINT('',(5.33765099942684,-52.,8.02864909172058));
#10210=CARTESIAN_POINT('',(9.51909802854061,-52.,8.02864909172058));
#10211=CARTESIAN_POINT('',(5.33765099942684,-50.,8.02864909172058));
#10212=CARTESIAN_POINT('Origin',(4.23942349851131,-50.,5.));
#10213=CARTESIAN_POINT('',(4.23942349851131,-50.,5.));
#10214=CARTESIAN_POINT('',(0.286705216527228,-50.,-5.90065275598963));
#10215=CARTESIAN_POINT('',(4.23942349851131,-52.,5.));
#10216=CARTESIAN_POINT('',(5.33765099942684,-52.,8.02864909172058));
#10217=CARTESIAN_POINT('',(4.23942349851131,-50.,5.));
#10218=CARTESIAN_POINT('Origin',(2.83424161374569,-50.,5.));
#10219=CARTESIAN_POINT('',(-23.5828791931272,-50.,5.));
#10220=CARTESIAN_POINT('',(4.23942349851131,-52.,5.));
#10221=CARTESIAN_POINT('Origin',(-9.68575477600098E-7,-52.,9.99999940395355));
#10222=CARTESIAN_POINT('Origin',(-50.,-50.,0.));
#10223=CARTESIAN_POINT('',(-48.,-50.,18.));
#10224=CARTESIAN_POINT('',(50.,-50.,18.));
#10225=CARTESIAN_POINT('',(-25.,-50.,18.));
#10226=CARTESIAN_POINT('',(-48.,-50.,2.));
#10227=CARTESIAN_POINT('',(-48.,-50.,0.));
#10228=CARTESIAN_POINT('',(50.,-50.,2.));
#10229=CARTESIAN_POINT('',(-25.,-50.,2.));
#10230=CARTESIAN_POINT('',(50.,-50.,0.));
#10231=CARTESIAN_POINT('',(-14.8260567337275,-50.,5.));
#10232=CARTESIAN_POINT('',(-14.8260567337275,-50.,5.91405153274536));
#10233=CARTESIAN_POINT('',(-14.8260567337275,-50.,2.95702576637268));
#10234=CARTESIAN_POINT('',(-16.8519780784845,-50.,4.83628869056702));
#10235=CARTESIAN_POINT('Ctrl Pts',(-14.8260567337275,-50.,5.91405153274536));
#10236=CARTESIAN_POINT('Ctrl Pts',(-15.0856156216953,-50.,5.59971971580453));
#10237=CARTESIAN_POINT('Ctrl Pts',(-15.6117642994198,-50.,4.96254149723149));
#10238=CARTESIAN_POINT('Ctrl Pts',(-16.4349069457253,-50.,4.87874621037404));
#10239=CARTESIAN_POINT('Ctrl Pts',(-16.8519780784845,-50.,4.83628869056702));
#10240=CARTESIAN_POINT('',(-18.4447477012873,-50.,5.31377911567688));
#10241=CARTESIAN_POINT('Ctrl Pts',(-16.8519780784845,-50.,4.83628869056702));
#10242=CARTESIAN_POINT('Ctrl Pts',(-17.1350319519259,-50.,4.85625818321522));
#10243=CARTESIAN_POINT('Ctrl Pts',(-17.7016677439798,-50.,4.89623442217657));
#10244=CARTESIAN_POINT('Ctrl Pts',(-18.1969005471617,-50.,5.1745111096076));
#10245=CARTESIAN_POINT('Ctrl Pts',(-18.4447477012873,-50.,5.31377911567688));
#10246=CARTESIAN_POINT('',(-19.5702574402094,-50.,6.6473400592804));
#10247=CARTESIAN_POINT('Ctrl Pts',(-18.4447477012873,-50.,5.31377911567688));
#10248=CARTESIAN_POINT('Ctrl Pts',(-18.6746442473049,-50.,5.49172844178715));
#10249=CARTESIAN_POINT('Ctrl Pts',(-19.1447546525735,-50.,5.85561311628135));
#10250=CARTESIAN_POINT('Ctrl Pts',(-19.4263630642948,-50.,6.37959785483889));
#10251=CARTESIAN_POINT('Ctrl Pts',(-19.5702574402094,-50.,6.6473400592804));
#10252=CARTESIAN_POINT('',(-19.9693033844233,-50.,8.61528038978577));
#10253=CARTESIAN_POINT('Ctrl Pts',(-19.5702574402094,-50.,6.6473400592804));
#10254=CARTESIAN_POINT('Ctrl Pts',(-19.6865891063535,-50.,6.95057324687289));
#10255=CARTESIAN_POINT('Ctrl Pts',(-19.9294949982459,-50.,7.58373814792663));
#10256=CARTESIAN_POINT('Ctrl Pts',(-19.9556660723782,-50.,8.26190099437004));
#10257=CARTESIAN_POINT('Ctrl Pts',(-19.9693033844233,-50.,8.61528038978577));
#10258=CARTESIAN_POINT('',(-19.6077749878168,-50.,10.5832201242447));
#10259=CARTESIAN_POINT('Ctrl Pts',(-19.9693033844233,-50.,8.61528038978577));
#10260=CARTESIAN_POINT('Ctrl Pts',(-19.9563178453405,-50.,8.96324558106059));
#10261=CARTESIAN_POINT('Ctrl Pts',(-19.9311720245955,-50.,9.63706206796622));
#10262=CARTESIAN_POINT('Ctrl Pts',(-19.7131893517469,-50.,10.2748108367836));
#10263=CARTESIAN_POINT('Ctrl Pts',(-19.6077749878168,-50.,10.5832201242447));
#10264=CARTESIAN_POINT('',(-18.5231921821833,-50.,11.9372451305389));
#10265=CARTESIAN_POINT('Ctrl Pts',(-19.6077749878168,-50.,10.5832201242447));
#10266=CARTESIAN_POINT('Ctrl Pts',(-19.4756181165412,-50.,10.8582123300283));
#10267=CARTESIAN_POINT('Ctrl Pts',(-19.2182621816457,-50.,11.393718925526));
#10268=CARTESIAN_POINT('Ctrl Pts',(-18.7506682664605,-50.,11.7593648984558));
#10269=CARTESIAN_POINT('Ctrl Pts',(-18.5231921821833,-50.,11.9372451305389));
#10270=CARTESIAN_POINT('',(-16.9065473228693,-50.,12.4079132080078));
#10271=CARTESIAN_POINT('Ctrl Pts',(-18.5231921821833,-50.,11.9372451305389));
#10272=CARTESIAN_POINT('Ctrl Pts',(-18.273700816774,-50.,12.0745200726694));
#10273=CARTESIAN_POINT('Ctrl Pts',(-17.7700099193428,-50.,12.3516604806472));
#10274=CARTESIAN_POINT('Ctrl Pts',(-17.1961561890221,-50.,12.3890458144977));
#10275=CARTESIAN_POINT('Ctrl Pts',(-16.9065473228693,-50.,12.4079132080078));
#10276=CARTESIAN_POINT('',(-15.7401082664728,-50.,12.1316516399384));
#10277=CARTESIAN_POINT('Ctrl Pts',(-16.9065473228693,-50.,12.4079132080078));
#10278=CARTESIAN_POINT('Ctrl Pts',(-16.6970684783074,-50.,12.3979028226362));
#10279=CARTESIAN_POINT('Ctrl Pts',(-16.2907431686002,-50.,12.3784857166039));
#10280=CARTESIAN_POINT('Ctrl Pts',(-15.9198092050585,-50.,12.2122064959425));
#10281=CARTESIAN_POINT('Ctrl Pts',(-15.7401082664728,-50.,12.1316516399384));
#10282=CARTESIAN_POINT('',(-14.9079106003046,-50.,11.412006020546));
#10283=CARTESIAN_POINT('Ctrl Pts',(-15.7401082664728,-50.,12.1316516399384));
#10284=CARTESIAN_POINT('Ctrl Pts',(-15.5784087989057,-50.,12.0337998519234));
#10285=CARTESIAN_POINT('Ctrl Pts',(-15.2600301960068,-50.,11.8411343099268));
#10286=CARTESIAN_POINT('Ctrl Pts',(-15.0240434181669,-50.,11.5535371312211));
#10287=CARTESIAN_POINT('Ctrl Pts',(-14.9079106003046,-50.,11.412006020546));
#10288=CARTESIAN_POINT('',(-14.9079106003046,-50.,15.));
#10289=CARTESIAN_POINT('',(-14.9079106003046,-50.,7.5));
#10290=CARTESIAN_POINT('',(-13.6869022995234,-50.,15.));
#10291=CARTESIAN_POINT('',(-31.8434511497617,-50.,15.));
#10292=CARTESIAN_POINT('',(-13.6869022995234,-50.,5.));
#10293=CARTESIAN_POINT('',(-13.6869022995234,-50.,2.5));
#10294=CARTESIAN_POINT('',(-32.4130283668637,-50.,5.));
#10295=CARTESIAN_POINT('',(-30.8560714870691,-50.,8.62210094928741));
#10296=CARTESIAN_POINT('',(-29.7373817116022,-50.,11.6030013561249));
#10297=CARTESIAN_POINT('Ctrl Pts',(-30.8560714870691,-50.,8.62210094928741));
#10298=CARTESIAN_POINT('Ctrl Pts',(-30.8280897670789,-50.,9.23184041602926));
#10299=CARTESIAN_POINT('Ctrl Pts',(-30.7766232877764,-50.,10.3533277175926));
#10300=CARTESIAN_POINT('Ctrl Pts',(-30.0630112640259,-50.,11.211436317812));
#10301=CARTESIAN_POINT('Ctrl Pts',(-29.7373817116022,-50.,11.6030013561249));
#10302=CARTESIAN_POINT('',(-27.459072843194,-50.,12.4079126119614));
#10303=CARTESIAN_POINT('Ctrl Pts',(-29.7373817116022,-50.,11.6030013561249));
#10304=CARTESIAN_POINT('Ctrl Pts',(-29.4037708688201,-50.,11.8377308322638));
#10305=CARTESIAN_POINT('Ctrl Pts',(-28.7204489800016,-50.,12.318517930366));
#10306=CARTESIAN_POINT('Ctrl Pts',(-27.8860845611798,-50.,12.3776499682876));
#10307=CARTESIAN_POINT('Ctrl Pts',(-27.459072843194,-50.,12.4079126119614));
#10308=CARTESIAN_POINT('',(-25.0170538574457,-50.,11.4290589094162));
#10309=CARTESIAN_POINT('Ctrl Pts',(-27.459072843194,-50.,12.4079126119614));
#10310=CARTESIAN_POINT('Ctrl Pts',(-26.9881976412582,-50.,12.3715198155753));
#10311=CARTESIAN_POINT('Ctrl Pts',(-26.0702170441113,-50.,12.3005713332152));
#10312=CARTESIAN_POINT('Ctrl Pts',(-25.3619954548484,-50.,11.7145045947836));
#10313=CARTESIAN_POINT('Ctrl Pts',(-25.0170538574457,-50.,11.4290589094162));
#10314=CARTESIAN_POINT('',(-24.0688965469599,-50.,8.72442007064819));
#10315=CARTESIAN_POINT('Ctrl Pts',(-25.0170538574457,-50.,11.4290589094162));
#10316=CARTESIAN_POINT('Ctrl Pts',(-24.7408279280904,-50.,11.0548480437511));
#10317=CARTESIAN_POINT('Ctrl Pts',(-24.1495713489056,-50.,10.2538564900494));
#10318=CARTESIAN_POINT('Ctrl Pts',(-24.0969395718069,-50.,9.25606096070129));
#10319=CARTESIAN_POINT('Ctrl Pts',(-24.0688965469599,-50.,8.72442007064819));
#10320=CARTESIAN_POINT('',(-24.4884035736322,-50.,6.52455687522888));
#10321=CARTESIAN_POINT('Ctrl Pts',(-24.0688965469599,-50.,8.72442007064819));
#10322=CARTESIAN_POINT('Ctrl Pts',(-24.0770821595091,-50.,8.30256356946395));
#10323=CARTESIAN_POINT('Ctrl Pts',(-24.0918070646196,-50.,7.54369587167848));
#10324=CARTESIAN_POINT('Ctrl Pts',(-24.366439855967,-50.,6.83796856191774));
#10325=CARTESIAN_POINT('Ctrl Pts',(-24.4884035736322,-50.,6.52455687522888));
#10326=CARTESIAN_POINT('',(-25.7094142585993,-50.,5.27967214584351));
#10327=CARTESIAN_POINT('Ctrl Pts',(-24.4884035736322,-50.,6.52455687522888));
#10328=CARTESIAN_POINT('Ctrl Pts',(-24.6445966214777,-50.,6.27206864947874));
#10329=CARTESIAN_POINT('Ctrl Pts',(-24.9580210085178,-50.,5.76541378562775));
#10330=CARTESIAN_POINT('Ctrl Pts',(-25.4583973041955,-50.,5.44194321632828));
#10331=CARTESIAN_POINT('Ctrl Pts',(-25.7094142585993,-50.,5.27967214584351));
#10332=CARTESIAN_POINT('',(-27.459072843194,-50.,4.83628869056702));
#10333=CARTESIAN_POINT('Ctrl Pts',(-25.7094142585993,-50.,5.27967214584351));
#10334=CARTESIAN_POINT('Ctrl Pts',(-25.9840988467727,-50.,5.15035482816275));
#10335=CARTESIAN_POINT('Ctrl Pts',(-26.5384901790098,-50.,4.88935583835004));
#10336=CARTESIAN_POINT('Ctrl Pts',(-27.1503643268257,-50.,4.85408424668311));
#10337=CARTESIAN_POINT('Ctrl Pts',(-27.459072843194,-50.,4.83628869056702));
#10338=CARTESIAN_POINT('',(-29.9181447178125,-50.,5.81173300743103));
#10339=CARTESIAN_POINT('Ctrl Pts',(-27.459072843194,-50.,4.83628869056702));
#10340=CARTESIAN_POINT('Ctrl Pts',(-27.9362549452292,-50.,4.87129300345659));
#10341=CARTESIAN_POINT('Ctrl Pts',(-28.8601315609151,-50.,4.93906517259057));
#10342=CARTESIAN_POINT('Ctrl Pts',(-29.5733186358673,-50.,5.5273143984885));
#10343=CARTESIAN_POINT('Ctrl Pts',(-29.9181447178125,-50.,5.81173300743103));
#10344=CARTESIAN_POINT('Ctrl Pts',(-29.9181447178125,-50.,5.81173300743103));
#10345=CARTESIAN_POINT('Ctrl Pts',(-30.1911956762657,-50.,6.19491505412892));
#10346=CARTESIAN_POINT('Ctrl Pts',(-30.7875183077041,-50.,7.03175564865105));
#10347=CARTESIAN_POINT('Ctrl Pts',(-30.8319724894186,-50.,8.06303530100343));
#10348=CARTESIAN_POINT('Ctrl Pts',(-30.8560714870691,-50.,8.62210094928741));
#10349=CARTESIAN_POINT('',(-4.00068499147892,-50.,5.));
#10350=CARTESIAN_POINT('',(-4.00068499147892,-50.,12.2442018985748));
#10351=CARTESIAN_POINT('',(-4.00068499147892,-50.,6.12210094928741));
#10352=CARTESIAN_POINT('',(-2.89563395082951,-50.,12.2442018985748));
#10353=CARTESIAN_POINT('',(-26.4478169754148,-50.,12.2442018985748));
#10354=CARTESIAN_POINT('',(-2.89563395082951,-50.,11.1459755897522));
#10355=CARTESIAN_POINT('',(-2.89563395082951,-50.,5.5729877948761));
#10356=CARTESIAN_POINT('',(-2.1145985275507,-50.,12.1623468399048));
#10357=CARTESIAN_POINT('Ctrl Pts',(-2.89563395082951,-50.,11.1459755897522));
#10358=CARTESIAN_POINT('Ctrl Pts',(-2.7725401994568,-50.,11.3691134358009));
#10359=CARTESIAN_POINT('Ctrl Pts',(-2.56317287160968,-50.,11.7486434610687));
#10360=CARTESIAN_POINT('Ctrl Pts',(-2.24550095820536,-50.,12.0416204127764));
#10361=CARTESIAN_POINT('Ctrl Pts',(-2.1145985275507,-50.,12.1623468399048));
#10362=CARTESIAN_POINT('',(-1.326739564538,-50.,12.4079126119614));
#10363=CARTESIAN_POINT('Ctrl Pts',(-2.1145985275507,-50.,12.1623468399048));
#10364=CARTESIAN_POINT('Ctrl Pts',(-1.99244137987324,-50.,12.2339699570316));
#10365=CARTESIAN_POINT('Ctrl Pts',(-1.74880400970457,-50.,12.376819296852));
#10366=CARTESIAN_POINT('Ctrl Pts',(-1.4671668781904,-50.,12.39756738918));
#10367=CARTESIAN_POINT('Ctrl Pts',(-1.326739564538,-50.,12.4079126119614));
#10368=CARTESIAN_POINT('',(-0.0648043304681778,-50.,12.0122784376144));
#10369=CARTESIAN_POINT('Ctrl Pts',(-1.326739564538,-50.,12.4079126119614));
#10370=CARTESIAN_POINT('Ctrl Pts',(-1.11403851636786,-50.,12.3883031533893));
#10371=CARTESIAN_POINT('Ctrl Pts',(-0.66571995440083,-50.,12.3469715081358));
#10372=CARTESIAN_POINT('Ctrl Pts',(-0.271821112196751,-50.,12.1275809519221));
#10373=CARTESIAN_POINT('Ctrl Pts',(-0.0648043304681778,-50.,12.0122784376144));
#10374=CARTESIAN_POINT('',(-0.487720742821693,-50.,10.8731240034103));
#10375=CARTESIAN_POINT('',(-5.26039197931486,-50.,-1.9823941161015));
#10376=CARTESIAN_POINT('',(-1.38813234865665,-50.,11.1391544342041));
#10377=CARTESIAN_POINT('Ctrl Pts',(-0.487720742821693,-50.,10.8731240034103));
#10378=CARTESIAN_POINT('Ctrl Pts',(-0.63458929724078,-50.,10.9506801316339));
#10379=CARTESIAN_POINT('Ctrl Pts',(-0.917188204025488,-50.,11.0999106945487));
#10380=CARTESIAN_POINT('Ctrl Pts',(-1.23533066601761,-50.,11.1264214816433));
#10381=CARTESIAN_POINT('Ctrl Pts',(-1.38813234865665,-50.,11.1391544342041));
#10382=CARTESIAN_POINT('',(-2.11118914186954,-50.,10.8969986438751));
#10383=CARTESIAN_POINT('Ctrl Pts',(-1.38813234865665,-50.,11.1391544342041));
#10384=CARTESIAN_POINT('Ctrl Pts',(-1.51885001156523,-50.,11.1290831329246));
#10385=CARTESIAN_POINT('Ctrl Pts',(-1.7801645231034,-50.,11.1089498386487));
#10386=CARTESIAN_POINT('Ctrl Pts',(-2.00088161720078,-50.,10.9676272627773));
#10387=CARTESIAN_POINT('Ctrl Pts',(-2.11118914186954,-50.,10.8969986438751));
#10388=CARTESIAN_POINT('',(-2.56821371614933,-50.,10.2251023054123));
#10389=CARTESIAN_POINT('Ctrl Pts',(-2.11118914186954,-50.,10.8969986438751));
#10390=CARTESIAN_POINT('Ctrl Pts',(-2.21102717846348,-50.,10.8063673446858));
#10391=CARTESIAN_POINT('Ctrl Pts',(-2.41707538074318,-50.,10.6193202341322));
#10392=CARTESIAN_POINT('Ctrl Pts',(-2.5168061982354,-50.,10.3591898297866));
#10393=CARTESIAN_POINT('Ctrl Pts',(-2.56821371614933,-50.,10.2251023054123));
#10394=CARTESIAN_POINT('',(-2.7728483825922,-50.,8.79263281822205));
#10395=CARTESIAN_POINT('Ctrl Pts',(-2.56821371614933,-50.,10.2251023054123));
#10396=CARTESIAN_POINT('Ctrl Pts',(-2.62788151343112,-50.,9.99782587175335));
#10397=CARTESIAN_POINT('Ctrl Pts',(-2.75113869665821,-50.,9.5283355553201));
#10398=CARTESIAN_POINT('Ctrl Pts',(-2.76545993760378,-50.,9.04301410966113));
#10399=CARTESIAN_POINT('Ctrl Pts',(-2.7728483825922,-50.,8.79263281822205));
#10400=CARTESIAN_POINT('',(-2.7728483825922,-50.,5.));
#10401=CARTESIAN_POINT('',(-2.7728483825922,-50.,2.5));
#10402=CARTESIAN_POINT('',(-27.0003424957395,-50.,5.));
#10403=CARTESIAN_POINT('Origin',(-4.00068499147892,-50.,12.2442018985748));
#10404=CARTESIAN_POINT('',(-4.00068499147892,-52.,5.));
#10405=CARTESIAN_POINT('',(-4.00068499147892,-50.,5.));
#10406=CARTESIAN_POINT('',(-4.00068499147892,-52.,12.2442018985748));
#10407=CARTESIAN_POINT('',(-4.00068499147892,-52.,5.));
#10408=CARTESIAN_POINT('',(-4.00068499147892,-50.,12.2442018985748));
#10409=CARTESIAN_POINT('Origin',(-2.89563395082951,-50.,12.2442018985748));
#10410=CARTESIAN_POINT('',(-2.89563395082951,-52.,12.2442018985748));
#10411=CARTESIAN_POINT('',(-4.00068499147892,-52.,12.2442018985748));
#10412=CARTESIAN_POINT('',(-2.89563395082951,-50.,12.2442018985748));
#10413=CARTESIAN_POINT('Origin',(-2.89563395082951,-50.,11.1459755897522));
#10414=CARTESIAN_POINT('',(-2.89563395082951,-52.,11.1459755897522));
#10415=CARTESIAN_POINT('',(-2.89563395082951,-52.,12.2442018985748));
#10416=CARTESIAN_POINT('',(-2.89563395082951,-50.,11.1459755897522));
#10417=CARTESIAN_POINT('Ctrl Pts',(-2.1145985275507,-50.,12.1623468399048));
#10418=CARTESIAN_POINT('Ctrl Pts',(-2.1145985275507,-52.,12.1623468399048));
#10419=CARTESIAN_POINT('Ctrl Pts',(-2.24550095820536,-50.,12.0416204127764));
#10420=CARTESIAN_POINT('Ctrl Pts',(-2.24550095820536,-52.,12.0416204127764));
#10421=CARTESIAN_POINT('Ctrl Pts',(-2.56317287160968,-50.,11.7486434610687));
#10422=CARTESIAN_POINT('Ctrl Pts',(-2.56317287160968,-52.,11.7486434610687));
#10423=CARTESIAN_POINT('Ctrl Pts',(-2.7725401994568,-50.,11.3691134358009));
#10424=CARTESIAN_POINT('Ctrl Pts',(-2.7725401994568,-52.,11.3691134358009));
#10425=CARTESIAN_POINT('Ctrl Pts',(-2.89563395082951,-50.,11.1459755897522));
#10426=CARTESIAN_POINT('Ctrl Pts',(-2.89563395082951,-52.,11.1459755897522));
#10427=CARTESIAN_POINT('',(-2.1145985275507,-52.,12.1623468399048));
#10428=CARTESIAN_POINT('Ctrl Pts',(-2.1145985275507,-52.,12.1623468399048));
#10429=CARTESIAN_POINT('Ctrl Pts',(-2.24550095820536,-52.,12.0416204127764));
#10430=CARTESIAN_POINT('Ctrl Pts',(-2.56317287160968,-52.,11.7486434610687));
#10431=CARTESIAN_POINT('Ctrl Pts',(-2.7725401994568,-52.,11.3691134358009));
#10432=CARTESIAN_POINT('Ctrl Pts',(-2.89563395082951,-52.,11.1459755897522));
#10433=CARTESIAN_POINT('',(-2.1145985275507,-50.,12.1623468399048));
#10434=CARTESIAN_POINT('Ctrl Pts',(-1.326739564538,-50.,12.4079126119614));
#10435=CARTESIAN_POINT('Ctrl Pts',(-1.326739564538,-52.,12.4079126119614));
#10436=CARTESIAN_POINT('Ctrl Pts',(-1.4671668781904,-50.,12.39756738918));
#10437=CARTESIAN_POINT('Ctrl Pts',(-1.4671668781904,-52.,12.39756738918));
#10438=CARTESIAN_POINT('Ctrl Pts',(-1.74880400970457,-50.,12.376819296852));
#10439=CARTESIAN_POINT('Ctrl Pts',(-1.74880400970457,-52.,12.376819296852));
#10440=CARTESIAN_POINT('Ctrl Pts',(-1.99244137987324,-50.,12.2339699570316));
#10441=CARTESIAN_POINT('Ctrl Pts',(-1.99244137987324,-52.,12.2339699570316));
#10442=CARTESIAN_POINT('Ctrl Pts',(-2.1145985275507,-50.,12.1623468399048));
#10443=CARTESIAN_POINT('Ctrl Pts',(-2.1145985275507,-52.,12.1623468399048));
#10444=CARTESIAN_POINT('',(-1.326739564538,-52.,12.4079126119614));
#10445=CARTESIAN_POINT('Ctrl Pts',(-1.326739564538,-52.,12.4079126119614));
#10446=CARTESIAN_POINT('Ctrl Pts',(-1.4671668781904,-52.,12.39756738918));
#10447=CARTESIAN_POINT('Ctrl Pts',(-1.74880400970457,-52.,12.376819296852));
#10448=CARTESIAN_POINT('Ctrl Pts',(-1.99244137987324,-52.,12.2339699570316));
#10449=CARTESIAN_POINT('Ctrl Pts',(-2.1145985275507,-52.,12.1623468399048));
#10450=CARTESIAN_POINT('',(-1.326739564538,-50.,12.4079126119614));
#10451=CARTESIAN_POINT('Ctrl Pts',(-0.0648043304681778,-50.,12.0122784376144));
#10452=CARTESIAN_POINT('Ctrl Pts',(-0.0648043304681778,-52.,12.0122784376144));
#10453=CARTESIAN_POINT('Ctrl Pts',(-0.271821112196751,-50.,12.1275809519221));
#10454=CARTESIAN_POINT('Ctrl Pts',(-0.271821112196751,-52.,12.1275809519221));
#10455=CARTESIAN_POINT('Ctrl Pts',(-0.66571995440083,-50.,12.3469715081358));
#10456=CARTESIAN_POINT('Ctrl Pts',(-0.66571995440083,-52.,12.3469715081358));
#10457=CARTESIAN_POINT('Ctrl Pts',(-1.11403851636786,-50.,12.3883031533893));
#10458=CARTESIAN_POINT('Ctrl Pts',(-1.11403851636786,-52.,12.3883031533893));
#10459=CARTESIAN_POINT('Ctrl Pts',(-1.326739564538,-50.,12.4079126119614));
#10460=CARTESIAN_POINT('Ctrl Pts',(-1.326739564538,-52.,12.4079126119614));
#10461=CARTESIAN_POINT('',(-0.0648043304681778,-52.,12.0122784376144));
#10462=CARTESIAN_POINT('Ctrl Pts',(-0.0648043304681778,-52.,12.0122784376144));
#10463=CARTESIAN_POINT('Ctrl Pts',(-0.271821112196751,-52.,12.1275809519221));
#10464=CARTESIAN_POINT('Ctrl Pts',(-0.66571995440083,-52.,12.3469715081358));
#10465=CARTESIAN_POINT('Ctrl Pts',(-1.11403851636786,-52.,12.3883031533893));
#10466=CARTESIAN_POINT('Ctrl Pts',(-1.326739564538,-52.,12.4079126119614));
#10467=CARTESIAN_POINT('',(-0.0648043304681778,-50.,12.0122784376144));
#10468=CARTESIAN_POINT('Origin',(-0.487720742821693,-50.,10.8731240034103));
#10469=CARTESIAN_POINT('',(-0.487720742821693,-52.,10.8731240034103));
#10470=CARTESIAN_POINT('',(-0.0648043304681778,-52.,12.0122784376144));
#10471=CARTESIAN_POINT('',(-0.487720742821693,-50.,10.8731240034103));
#10472=CARTESIAN_POINT('Ctrl Pts',(-1.38813234865665,-50.,11.1391544342041));
#10473=CARTESIAN_POINT('Ctrl Pts',(-1.38813234865665,-52.,11.1391544342041));
#10474=CARTESIAN_POINT('Ctrl Pts',(-1.23533066601761,-50.,11.1264214816433));
#10475=CARTESIAN_POINT('Ctrl Pts',(-1.23533066601761,-52.,11.1264214816433));
#10476=CARTESIAN_POINT('Ctrl Pts',(-0.917188204025488,-50.,11.0999106945487));
#10477=CARTESIAN_POINT('Ctrl Pts',(-0.917188204025488,-52.,11.0999106945487));
#10478=CARTESIAN_POINT('Ctrl Pts',(-0.63458929724078,-50.,10.9506801316339));
#10479=CARTESIAN_POINT('Ctrl Pts',(-0.63458929724078,-52.,10.9506801316339));
#10480=CARTESIAN_POINT('Ctrl Pts',(-0.487720742821693,-50.,10.8731240034103));
#10481=CARTESIAN_POINT('Ctrl Pts',(-0.487720742821693,-52.,10.8731240034103));
#10482=CARTESIAN_POINT('',(-1.38813234865665,-52.,11.1391544342041));
#10483=CARTESIAN_POINT('Ctrl Pts',(-1.38813234865665,-52.,11.1391544342041));
#10484=CARTESIAN_POINT('Ctrl Pts',(-1.23533066601761,-52.,11.1264214816433));
#10485=CARTESIAN_POINT('Ctrl Pts',(-0.917188204025488,-52.,11.0999106945487));
#10486=CARTESIAN_POINT('Ctrl Pts',(-0.63458929724078,-52.,10.9506801316339));
#10487=CARTESIAN_POINT('Ctrl Pts',(-0.487720742821693,-52.,10.8731240034103));
#10488=CARTESIAN_POINT('',(-1.38813234865665,-50.,11.1391544342041));
#10489=CARTESIAN_POINT('Ctrl Pts',(-2.11118914186954,-50.,10.8969986438751));
#10490=CARTESIAN_POINT('Ctrl Pts',(-2.11118914186954,-52.,10.8969986438751));
#10491=CARTESIAN_POINT('Ctrl Pts',(-2.00088161720078,-50.,10.9676272627773));
#10492=CARTESIAN_POINT('Ctrl Pts',(-2.00088161720078,-52.,10.9676272627773));
#10493=CARTESIAN_POINT('Ctrl Pts',(-1.7801645231034,-50.,11.1089498386487));
#10494=CARTESIAN_POINT('Ctrl Pts',(-1.7801645231034,-52.,11.1089498386487));
#10495=CARTESIAN_POINT('Ctrl Pts',(-1.51885001156523,-50.,11.1290831329246));
#10496=CARTESIAN_POINT('Ctrl Pts',(-1.51885001156523,-52.,11.1290831329246));
#10497=CARTESIAN_POINT('Ctrl Pts',(-1.38813234865665,-50.,11.1391544342041));
#10498=CARTESIAN_POINT('Ctrl Pts',(-1.38813234865665,-52.,11.1391544342041));
#10499=CARTESIAN_POINT('',(-2.11118914186954,-52.,10.8969986438751));
#10500=CARTESIAN_POINT('Ctrl Pts',(-2.11118914186954,-52.,10.8969986438751));
#10501=CARTESIAN_POINT('Ctrl Pts',(-2.00088161720078,-52.,10.9676272627773));
#10502=CARTESIAN_POINT('Ctrl Pts',(-1.7801645231034,-52.,11.1089498386487));
#10503=CARTESIAN_POINT('Ctrl Pts',(-1.51885001156523,-52.,11.1290831329246));
#10504=CARTESIAN_POINT('Ctrl Pts',(-1.38813234865665,-52.,11.1391544342041));
#10505=CARTESIAN_POINT('',(-2.11118914186954,-50.,10.8969986438751));
#10506=CARTESIAN_POINT('Ctrl Pts',(-2.56821371614933,-50.,10.2251023054123));
#10507=CARTESIAN_POINT('Ctrl Pts',(-2.56821371614933,-52.,10.2251023054123));
#10508=CARTESIAN_POINT('Ctrl Pts',(-2.5168061982354,-50.,10.3591898297866));
#10509=CARTESIAN_POINT('Ctrl Pts',(-2.5168061982354,-52.,10.3591898297866));
#10510=CARTESIAN_POINT('Ctrl Pts',(-2.41707538074318,-50.,10.6193202341322));
#10511=CARTESIAN_POINT('Ctrl Pts',(-2.41707538074318,-52.,10.6193202341322));
#10512=CARTESIAN_POINT('Ctrl Pts',(-2.21102717846348,-50.,10.8063673446858));
#10513=CARTESIAN_POINT('Ctrl Pts',(-2.21102717846348,-52.,10.8063673446858));
#10514=CARTESIAN_POINT('Ctrl Pts',(-2.11118914186954,-50.,10.8969986438751));
#10515=CARTESIAN_POINT('Ctrl Pts',(-2.11118914186954,-52.,10.8969986438751));
#10516=CARTESIAN_POINT('',(-2.56821371614933,-52.,10.2251023054123));
#10517=CARTESIAN_POINT('Ctrl Pts',(-2.56821371614933,-52.,10.2251023054123));
#10518=CARTESIAN_POINT('Ctrl Pts',(-2.5168061982354,-52.,10.3591898297866));
#10519=CARTESIAN_POINT('Ctrl Pts',(-2.41707538074318,-52.,10.6193202341322));
#10520=CARTESIAN_POINT('Ctrl Pts',(-2.21102717846348,-52.,10.8063673446858));
#10521=CARTESIAN_POINT('Ctrl Pts',(-2.11118914186954,-52.,10.8969986438751));
#10522=CARTESIAN_POINT('',(-2.56821371614933,-50.,10.2251023054123));
#10523=CARTESIAN_POINT('Ctrl Pts',(-2.7728483825922,-50.,8.79263281822205));
#10524=CARTESIAN_POINT('Ctrl Pts',(-2.7728483825922,-52.,8.79263281822205));
#10525=CARTESIAN_POINT('Ctrl Pts',(-2.76545993760378,-50.,9.04301410966113));
#10526=CARTESIAN_POINT('Ctrl Pts',(-2.76545993760378,-52.,9.04301410966113));
#10527=CARTESIAN_POINT('Ctrl Pts',(-2.75113869665821,-50.,9.5283355553201));
#10528=CARTESIAN_POINT('Ctrl Pts',(-2.75113869665821,-52.,9.5283355553201));
#10529=CARTESIAN_POINT('Ctrl Pts',(-2.62788151343112,-50.,9.99782587175335));
#10530=CARTESIAN_POINT('Ctrl Pts',(-2.62788151343112,-52.,9.99782587175335));
#10531=CARTESIAN_POINT('Ctrl Pts',(-2.56821371614933,-50.,10.2251023054123));
#10532=CARTESIAN_POINT('Ctrl Pts',(-2.56821371614933,-52.,10.2251023054123));
#10533=CARTESIAN_POINT('',(-2.7728483825922,-52.,8.79263281822205));
#10534=CARTESIAN_POINT('Ctrl Pts',(-2.7728483825922,-52.,8.79263281822205));
#10535=CARTESIAN_POINT('Ctrl Pts',(-2.76545993760378,-52.,9.04301410966113));
#10536=CARTESIAN_POINT('Ctrl Pts',(-2.75113869665821,-52.,9.5283355553201));
#10537=CARTESIAN_POINT('Ctrl Pts',(-2.62788151343112,-52.,9.99782587175335));
#10538=CARTESIAN_POINT('Ctrl Pts',(-2.56821371614933,-52.,10.2251023054123));
#10539=CARTESIAN_POINT('',(-2.7728483825922,-50.,8.79263281822205));
#10540=CARTESIAN_POINT('Origin',(-2.7728483825922,-50.,5.));
#10541=CARTESIAN_POINT('',(-2.7728483825922,-52.,5.));
#10542=CARTESIAN_POINT('',(-2.7728483825922,-52.,8.79263281822205));
#10543=CARTESIAN_POINT('',(-2.7728483825922,-50.,5.));
#10544=CARTESIAN_POINT('Origin',(-4.00068499147892,-50.,5.));
#10545=CARTESIAN_POINT('',(-2.7728483825922,-52.,5.));
#10546=CARTESIAN_POINT('Origin',(-9.68575477600098E-7,-52.,9.99999940395355));
#10547=CARTESIAN_POINT('Ctrl Pts',(-18.1207368522882,-50.,6.53478860855103));
#10548=CARTESIAN_POINT('Ctrl Pts',(-18.1207368522882,-52.,6.53478860855103));
#10549=CARTESIAN_POINT('Ctrl Pts',(-18.291248062001,-50.,6.81572960668315));
#10550=CARTESIAN_POINT('Ctrl Pts',(-18.291248062001,-52.,6.81572960668315));
#10551=CARTESIAN_POINT('Ctrl Pts',(-18.6770205965127,-50.,7.45134365857019));
#10552=CARTESIAN_POINT('Ctrl Pts',(-18.6770205965127,-52.,7.45134365857019));
#10553=CARTESIAN_POINT('Ctrl Pts',(-18.6964975907396,-50.,8.19841441982028));
#10554=CARTESIAN_POINT('Ctrl Pts',(-18.6964975907396,-52.,8.19841441982028));
#10555=CARTESIAN_POINT('Ctrl Pts',(-18.7073657661676,-50.,8.61528038978577));
#10556=CARTESIAN_POINT('Ctrl Pts',(-18.7073657661676,-52.,8.61528038978577));
#10557=CARTESIAN_POINT('',(-18.7073657661676,-50.,8.61528038978577));
#10558=CARTESIAN_POINT('',(-18.1207368522882,-50.,6.53478860855103));
#10559=CARTESIAN_POINT('Ctrl Pts',(-18.7073657661676,-50.,8.61528038978577));
#10560=CARTESIAN_POINT('Ctrl Pts',(-18.6964975907396,-50.,8.19841441982028));
#10561=CARTESIAN_POINT('Ctrl Pts',(-18.6770205965127,-50.,7.45134365857019));
#10562=CARTESIAN_POINT('Ctrl Pts',(-18.291248062001,-50.,6.81572960668315));
#10563=CARTESIAN_POINT('Ctrl Pts',(-18.1207368522882,-50.,6.53478860855103));
#10564=CARTESIAN_POINT('',(-18.7073657661676,-52.,8.61528038978577));
#10565=CARTESIAN_POINT('',(-18.7073657661676,-50.,8.61528038978577));
#10566=CARTESIAN_POINT('',(-18.1207368522882,-52.,6.53478860855103));
#10567=CARTESIAN_POINT('Ctrl Pts',(-18.1207368522882,-52.,6.53478860855103));
#10568=CARTESIAN_POINT('Ctrl Pts',(-18.291248062001,-52.,6.81572960668315));
#10569=CARTESIAN_POINT('Ctrl Pts',(-18.6770205965127,-52.,7.45134365857019));
#10570=CARTESIAN_POINT('Ctrl Pts',(-18.6964975907396,-52.,8.19841441982028));
#10571=CARTESIAN_POINT('Ctrl Pts',(-18.7073657661676,-52.,8.61528038978577));
#10572=CARTESIAN_POINT('',(-18.1207368522882,-50.,6.53478860855103));
#10573=CARTESIAN_POINT('Ctrl Pts',(-16.7360160499811,-50.,5.84583878517151));
#10574=CARTESIAN_POINT('Ctrl Pts',(-16.7360160499811,-52.,5.84583878517151));
#10575=CARTESIAN_POINT('Ctrl Pts',(-16.9964964820217,-50.,5.87847331249443));
#10576=CARTESIAN_POINT('Ctrl Pts',(-16.9964964820217,-52.,5.87847331249443));
#10577=CARTESIAN_POINT('Ctrl Pts',(-17.5369677810641,-50.,5.94618674969075));
#10578=CARTESIAN_POINT('Ctrl Pts',(-17.5369677810641,-52.,5.94618674969075));
#10579=CARTESIAN_POINT('Ctrl Pts',(-17.9215198558861,-50.,6.33392237534523));
#10580=CARTESIAN_POINT('Ctrl Pts',(-17.9215198558861,-52.,6.33392237534523));
#10581=CARTESIAN_POINT('Ctrl Pts',(-18.1207368522882,-50.,6.53478860855103));
#10582=CARTESIAN_POINT('Ctrl Pts',(-18.1207368522882,-52.,6.53478860855103));
#10583=CARTESIAN_POINT('',(-16.7360160499811,-50.,5.84583878517151));
#10584=CARTESIAN_POINT('Ctrl Pts',(-18.1207368522882,-50.,6.53478860855103));
#10585=CARTESIAN_POINT('Ctrl Pts',(-17.9215198558861,-50.,6.33392237534523));
#10586=CARTESIAN_POINT('Ctrl Pts',(-17.5369677810641,-50.,5.94618674969075));
#10587=CARTESIAN_POINT('Ctrl Pts',(-16.9964964820217,-50.,5.87847331249443));
#10588=CARTESIAN_POINT('Ctrl Pts',(-16.7360160499811,-50.,5.84583878517151));
#10589=CARTESIAN_POINT('',(-16.7360160499811,-52.,5.84583878517151));
#10590=CARTESIAN_POINT('Ctrl Pts',(-16.7360160499811,-52.,5.84583878517151));
#10591=CARTESIAN_POINT('Ctrl Pts',(-16.9964964820217,-52.,5.87847331249443));
#10592=CARTESIAN_POINT('Ctrl Pts',(-17.5369677810641,-52.,5.94618674969075));
#10593=CARTESIAN_POINT('Ctrl Pts',(-17.9215198558861,-52.,6.33392237534523));
#10594=CARTESIAN_POINT('Ctrl Pts',(-18.1207368522882,-52.,6.53478860855103));
#10595=CARTESIAN_POINT('',(-16.7360160499811,-50.,5.84583878517151));
#10596=CARTESIAN_POINT('Ctrl Pts',(-15.3683493286371,-50.,6.50409340858459));
#10597=CARTESIAN_POINT('Ctrl Pts',(-15.3683493286371,-52.,6.50409340858459));
#10598=CARTESIAN_POINT('Ctrl Pts',(-15.5630879545245,-50.,6.31212729560116));
#10599=CARTESIAN_POINT('Ctrl Pts',(-15.5630879545245,-52.,6.31212729560116));
#10600=CARTESIAN_POINT('Ctrl Pts',(-15.9445372961119,-50.,5.93610868567731));
#10601=CARTESIAN_POINT('Ctrl Pts',(-15.9445372961119,-52.,5.93610868567731));
#10602=CARTESIAN_POINT('Ctrl Pts',(-16.4759175747348,-50.,5.87550359091319));
#10603=CARTESIAN_POINT('Ctrl Pts',(-16.4759175747348,-52.,5.87550359091319));
#10604=CARTESIAN_POINT('Ctrl Pts',(-16.7360160499811,-50.,5.84583878517151));
#10605=CARTESIAN_POINT('Ctrl Pts',(-16.7360160499811,-52.,5.84583878517151));
#10606=CARTESIAN_POINT('',(-15.3683493286371,-50.,6.50409340858459));
#10607=CARTESIAN_POINT('Ctrl Pts',(-16.7360160499811,-50.,5.84583878517151));
#10608=CARTESIAN_POINT('Ctrl Pts',(-16.4759175747348,-50.,5.87550359091319));
#10609=CARTESIAN_POINT('Ctrl Pts',(-15.9445372961119,-50.,5.93610868567731));
#10610=CARTESIAN_POINT('Ctrl Pts',(-15.5630879545245,-50.,6.31212729560116));
#10611=CARTESIAN_POINT('Ctrl Pts',(-15.3683493286371,-50.,6.50409340858459));
#10612=CARTESIAN_POINT('',(-15.3683493286371,-52.,6.50409340858459));
#10613=CARTESIAN_POINT('Ctrl Pts',(-15.3683493286371,-52.,6.50409340858459));
#10614=CARTESIAN_POINT('Ctrl Pts',(-15.5630879545245,-52.,6.31212729560116));
#10615=CARTESIAN_POINT('Ctrl Pts',(-15.9445372961119,-52.,5.93610868567731));
#10616=CARTESIAN_POINT('Ctrl Pts',(-16.4759175747348,-52.,5.87550359091319));
#10617=CARTESIAN_POINT('Ctrl Pts',(-16.7360160499811,-52.,5.84583878517151));
#10618=CARTESIAN_POINT('',(-15.3683493286371,-50.,6.50409340858459));
#10619=CARTESIAN_POINT('Ctrl Pts',(-14.8055932670832,-50.,8.51296067237854));
#10620=CARTESIAN_POINT('Ctrl Pts',(-14.8055932670832,-52.,8.51296067237854));
#10621=CARTESIAN_POINT('Ctrl Pts',(-14.8155257401076,-50.,8.1092470023073));
#10622=CARTESIAN_POINT('Ctrl Pts',(-14.8155257401076,-52.,8.1092470023073));
#10623=CARTESIAN_POINT('Ctrl Pts',(-14.8332670769643,-50.,7.38813553321731));
#10624=CARTESIAN_POINT('Ctrl Pts',(-14.8332670769643,-52.,7.38813553321731));
#10625=CARTESIAN_POINT('Ctrl Pts',(-15.2048130616145,-50.,6.77428168057689));
#10626=CARTESIAN_POINT('Ctrl Pts',(-15.2048130616145,-52.,6.77428168057689));
#10627=CARTESIAN_POINT('Ctrl Pts',(-15.3683493286371,-50.,6.50409340858459));
#10628=CARTESIAN_POINT('Ctrl Pts',(-15.3683493286371,-52.,6.50409340858459));
#10629=CARTESIAN_POINT('',(-14.8055932670832,-50.,8.51296067237854));
#10630=CARTESIAN_POINT('Ctrl Pts',(-15.3683493286371,-50.,6.50409340858459));
#10631=CARTESIAN_POINT('Ctrl Pts',(-15.2048130616145,-50.,6.77428168057689));
#10632=CARTESIAN_POINT('Ctrl Pts',(-14.8332670769643,-50.,7.38813553321731));
#10633=CARTESIAN_POINT('Ctrl Pts',(-14.8155257401076,-50.,8.1092470023073));
#10634=CARTESIAN_POINT('Ctrl Pts',(-14.8055932670832,-50.,8.51296067237854));
#10635=CARTESIAN_POINT('',(-14.8055932670832,-52.,8.51296067237854));
#10636=CARTESIAN_POINT('Ctrl Pts',(-14.8055932670832,-52.,8.51296067237854));
#10637=CARTESIAN_POINT('Ctrl Pts',(-14.8155257401076,-52.,8.1092470023073));
#10638=CARTESIAN_POINT('Ctrl Pts',(-14.8332670769643,-52.,7.38813553321731));
#10639=CARTESIAN_POINT('Ctrl Pts',(-15.2048130616145,-52.,6.77428168057689));
#10640=CARTESIAN_POINT('Ctrl Pts',(-15.3683493286371,-52.,6.50409340858459));
#10641=CARTESIAN_POINT('',(-14.8055932670832,-50.,8.51296067237854));
#10642=CARTESIAN_POINT('Ctrl Pts',(-15.3785798698664,-50.,10.6957715749741));
#10643=CARTESIAN_POINT('Ctrl Pts',(-15.3785798698664,-52.,10.6957715749741));
#10644=CARTESIAN_POINT('Ctrl Pts',(-15.212209827521,-50.,10.4045446053101));
#10645=CARTESIAN_POINT('Ctrl Pts',(-15.212209827521,-52.,10.4045446053101));
#10646=CARTESIAN_POINT('Ctrl Pts',(-14.8281931916519,-50.,9.7323322310864));
#10647=CARTESIAN_POINT('Ctrl Pts',(-14.8281931916519,-52.,9.7323322310864));
#10648=CARTESIAN_POINT('Ctrl Pts',(-14.8137685989898,-50.,8.95405803885756));
#10649=CARTESIAN_POINT('Ctrl Pts',(-14.8137685989898,-52.,8.95405803885756));
#10650=CARTESIAN_POINT('Ctrl Pts',(-14.8055932670832,-50.,8.51296067237854));
#10651=CARTESIAN_POINT('Ctrl Pts',(-14.8055932670832,-52.,8.51296067237854));
#10652=CARTESIAN_POINT('',(-15.3785798698664,-50.,10.6957715749741));
#10653=CARTESIAN_POINT('Ctrl Pts',(-14.8055932670832,-50.,8.51296067237854));
#10654=CARTESIAN_POINT('Ctrl Pts',(-14.8137685989898,-50.,8.95405803885756));
#10655=CARTESIAN_POINT('Ctrl Pts',(-14.8281931916519,-50.,9.7323322310864));
#10656=CARTESIAN_POINT('Ctrl Pts',(-15.212209827521,-50.,10.4045446053101));
#10657=CARTESIAN_POINT('Ctrl Pts',(-15.3785798698664,-50.,10.6957715749741));
#10658=CARTESIAN_POINT('',(-15.3785798698664,-52.,10.6957715749741));
#10659=CARTESIAN_POINT('Ctrl Pts',(-15.3785798698664,-52.,10.6957715749741));
#10660=CARTESIAN_POINT('Ctrl Pts',(-15.212209827521,-52.,10.4045446053101));
#10661=CARTESIAN_POINT('Ctrl Pts',(-14.8281931916519,-52.,9.7323322310864));
#10662=CARTESIAN_POINT('Ctrl Pts',(-14.8137685989898,-52.,8.95405803885756));
#10663=CARTESIAN_POINT('Ctrl Pts',(-14.8055932670832,-52.,8.51296067237854));
#10664=CARTESIAN_POINT('',(-15.3785798698664,-50.,10.6957715749741));
#10665=CARTESIAN_POINT('Ctrl Pts',(-16.7905852943659,-50.,11.3915425539017));
#10666=CARTESIAN_POINT('Ctrl Pts',(-16.7905852943659,-52.,11.3915425539017));
#10667=CARTESIAN_POINT('Ctrl Pts',(-16.5201072047051,-50.,11.3602209741659));
#10668=CARTESIAN_POINT('Ctrl Pts',(-16.5201072047051,-52.,11.3602209741659));
#10669=CARTESIAN_POINT('Ctrl Pts',(-15.9676964510343,-50.,11.2962513657968));
#10670=CARTESIAN_POINT('Ctrl Pts',(-15.9676964510343,-52.,11.2962513657968));
#10671=CARTESIAN_POINT('Ctrl Pts',(-15.5776480276794,-50.,10.8986794705998));
#10672=CARTESIAN_POINT('Ctrl Pts',(-15.5776480276794,-52.,10.8986794705998));
#10673=CARTESIAN_POINT('Ctrl Pts',(-15.3785798698664,-50.,10.6957715749741));
#10674=CARTESIAN_POINT('Ctrl Pts',(-15.3785798698664,-52.,10.6957715749741));
#10675=CARTESIAN_POINT('',(-16.7905852943659,-50.,11.3915425539017));
#10676=CARTESIAN_POINT('Ctrl Pts',(-15.3785798698664,-50.,10.6957715749741));
#10677=CARTESIAN_POINT('Ctrl Pts',(-15.5776480276794,-50.,10.8986794705998));
#10678=CARTESIAN_POINT('Ctrl Pts',(-15.9676964510343,-50.,11.2962513657968));
#10679=CARTESIAN_POINT('Ctrl Pts',(-16.5201072047051,-50.,11.3602209741659));
#10680=CARTESIAN_POINT('Ctrl Pts',(-16.7905852943659,-50.,11.3915425539017));
#10681=CARTESIAN_POINT('',(-16.7905852943659,-52.,11.3915425539017));
#10682=CARTESIAN_POINT('Ctrl Pts',(-16.7905852943659,-52.,11.3915425539017));
#10683=CARTESIAN_POINT('Ctrl Pts',(-16.5201072047051,-52.,11.3602209741659));
#10684=CARTESIAN_POINT('Ctrl Pts',(-15.9676964510343,-52.,11.2962513657968));
#10685=CARTESIAN_POINT('Ctrl Pts',(-15.5776480276794,-52.,10.8986794705998));
#10686=CARTESIAN_POINT('Ctrl Pts',(-15.3785798698664,-52.,10.6957715749741));
#10687=CARTESIAN_POINT('',(-16.7905852943659,-50.,11.3915425539017));
#10688=CARTESIAN_POINT('Ctrl Pts',(-18.1582520157099,-50.,10.7230567932129));
#10689=CARTESIAN_POINT('Ctrl Pts',(-18.1582520157099,-52.,10.7230567932129));
#10690=CARTESIAN_POINT('Ctrl Pts',(-17.9662375335315,-50.,10.9180173585966));
#10691=CARTESIAN_POINT('Ctrl Pts',(-17.9662375335315,-52.,10.9180173585966));
#10692=CARTESIAN_POINT('Ctrl Pts',(-17.5882624887754,-50.,11.301791684317));
#10693=CARTESIAN_POINT('Ctrl Pts',(-17.5882624887754,-52.,11.301791684317));
#10694=CARTESIAN_POINT('Ctrl Pts',(-17.0536233042002,-50.,11.3619467596607));
#10695=CARTESIAN_POINT('Ctrl Pts',(-17.0536233042002,-52.,11.3619467596607));
#10696=CARTESIAN_POINT('Ctrl Pts',(-16.7905852943659,-50.,11.3915425539017));
#10697=CARTESIAN_POINT('Ctrl Pts',(-16.7905852943659,-52.,11.3915425539017));
#10698=CARTESIAN_POINT('',(-18.1582520157099,-50.,10.7230567932129));
#10699=CARTESIAN_POINT('Ctrl Pts',(-16.7905852943659,-50.,11.3915425539017));
#10700=CARTESIAN_POINT('Ctrl Pts',(-17.0536233042002,-50.,11.3619467596607));
#10701=CARTESIAN_POINT('Ctrl Pts',(-17.5882624887754,-50.,11.301791684317));
#10702=CARTESIAN_POINT('Ctrl Pts',(-17.9662375335315,-50.,10.9180173585966));
#10703=CARTESIAN_POINT('Ctrl Pts',(-18.1582520157099,-50.,10.7230567932129));
#10704=CARTESIAN_POINT('',(-18.1582520157099,-52.,10.7230567932129));
#10705=CARTESIAN_POINT('Ctrl Pts',(-18.1582520157099,-52.,10.7230567932129));
#10706=CARTESIAN_POINT('Ctrl Pts',(-17.9662375335315,-52.,10.9180173585966));
#10707=CARTESIAN_POINT('Ctrl Pts',(-17.5882624887754,-52.,11.301791684317));
#10708=CARTESIAN_POINT('Ctrl Pts',(-17.0536233042002,-52.,11.3619467596607));
#10709=CARTESIAN_POINT('Ctrl Pts',(-16.7905852943659,-52.,11.3915425539017));
#10710=CARTESIAN_POINT('',(-18.1582520157099,-50.,10.7230567932129));
#10711=CARTESIAN_POINT('Ctrl Pts',(-18.7073657661676,-50.,8.61528038978577));
#10712=CARTESIAN_POINT('Ctrl Pts',(-18.7073657661676,-52.,8.61528038978577));
#10713=CARTESIAN_POINT('Ctrl Pts',(-18.6998176065293,-50.,9.04171026626721));
#10714=CARTESIAN_POINT('Ctrl Pts',(-18.6998176065293,-52.,9.04171026626721));
#10715=CARTESIAN_POINT('Ctrl Pts',(-18.686524062921,-50.,9.79272302042837));
#10716=CARTESIAN_POINT('Ctrl Pts',(-18.686524062921,-52.,9.79272302042837));
#10717=CARTESIAN_POINT('Ctrl Pts',(-18.3176688599268,-50.,10.4423096385817));
#10718=CARTESIAN_POINT('Ctrl Pts',(-18.3176688599268,-52.,10.4423096385817));
#10719=CARTESIAN_POINT('Ctrl Pts',(-18.1582520157099,-50.,10.7230567932129));
#10720=CARTESIAN_POINT('Ctrl Pts',(-18.1582520157099,-52.,10.7230567932129));
#10721=CARTESIAN_POINT('Ctrl Pts',(-18.1582520157099,-50.,10.7230567932129));
#10722=CARTESIAN_POINT('Ctrl Pts',(-18.3176688599268,-50.,10.4423096385817));
#10723=CARTESIAN_POINT('Ctrl Pts',(-18.686524062921,-50.,9.79272302042837));
#10724=CARTESIAN_POINT('Ctrl Pts',(-18.6998176065293,-50.,9.04171026626721));
#10725=CARTESIAN_POINT('Ctrl Pts',(-18.7073657661676,-50.,8.61528038978577));
#10726=CARTESIAN_POINT('Ctrl Pts',(-18.7073657661676,-52.,8.61528038978577));
#10727=CARTESIAN_POINT('Ctrl Pts',(-18.6998176065293,-52.,9.04171026626721));
#10728=CARTESIAN_POINT('Ctrl Pts',(-18.686524062921,-52.,9.79272302042837));
#10729=CARTESIAN_POINT('Ctrl Pts',(-18.3176688599268,-52.,10.4423096385817));
#10730=CARTESIAN_POINT('Ctrl Pts',(-18.1582520157099,-52.,10.7230567932129));
#10731=CARTESIAN_POINT('Origin',(-14.8260567337275,-50.,5.91405153274536));
#10732=CARTESIAN_POINT('',(-14.8260567337275,-52.,5.));
#10733=CARTESIAN_POINT('',(-14.8260567337275,-50.,5.));
#10734=CARTESIAN_POINT('',(-14.8260567337275,-52.,5.91405153274536));
#10735=CARTESIAN_POINT('',(-14.8260567337275,-52.,5.));
#10736=CARTESIAN_POINT('',(-14.8260567337275,-50.,5.91405153274536));
#10737=CARTESIAN_POINT('Ctrl Pts',(-16.8519780784845,-50.,4.83628869056702));
#10738=CARTESIAN_POINT('Ctrl Pts',(-16.8519780784845,-52.,4.83628869056702));
#10739=CARTESIAN_POINT('Ctrl Pts',(-16.4349069457253,-50.,4.87874621037404));
#10740=CARTESIAN_POINT('Ctrl Pts',(-16.4349069457253,-52.,4.87874621037404));
#10741=CARTESIAN_POINT('Ctrl Pts',(-15.6117642994198,-50.,4.96254149723149));
#10742=CARTESIAN_POINT('Ctrl Pts',(-15.6117642994198,-52.,4.96254149723149));
#10743=CARTESIAN_POINT('Ctrl Pts',(-15.0856156216953,-50.,5.59971971580453));
#10744=CARTESIAN_POINT('Ctrl Pts',(-15.0856156216953,-52.,5.59971971580453));
#10745=CARTESIAN_POINT('Ctrl Pts',(-14.8260567337275,-50.,5.91405153274536));
#10746=CARTESIAN_POINT('Ctrl Pts',(-14.8260567337275,-52.,5.91405153274536));
#10747=CARTESIAN_POINT('',(-16.8519780784845,-52.,4.83628869056702));
#10748=CARTESIAN_POINT('Ctrl Pts',(-16.8519780784845,-52.,4.83628869056702));
#10749=CARTESIAN_POINT('Ctrl Pts',(-16.4349069457253,-52.,4.87874621037404));
#10750=CARTESIAN_POINT('Ctrl Pts',(-15.6117642994198,-52.,4.96254149723149));
#10751=CARTESIAN_POINT('Ctrl Pts',(-15.0856156216953,-52.,5.59971971580453));
#10752=CARTESIAN_POINT('Ctrl Pts',(-14.8260567337275,-52.,5.91405153274536));
#10753=CARTESIAN_POINT('',(-16.8519780784845,-50.,4.83628869056702));
#10754=CARTESIAN_POINT('Ctrl Pts',(-18.4447477012873,-50.,5.31377911567688));
#10755=CARTESIAN_POINT('Ctrl Pts',(-18.4447477012873,-52.,5.31377911567688));
#10756=CARTESIAN_POINT('Ctrl Pts',(-18.1969005471617,-50.,5.1745111096076));
#10757=CARTESIAN_POINT('Ctrl Pts',(-18.1969005471617,-52.,5.1745111096076));
#10758=CARTESIAN_POINT('Ctrl Pts',(-17.7016677439798,-50.,4.89623442217657));
#10759=CARTESIAN_POINT('Ctrl Pts',(-17.7016677439798,-52.,4.89623442217657));
#10760=CARTESIAN_POINT('Ctrl Pts',(-17.1350319519259,-50.,4.85625818321522));
#10761=CARTESIAN_POINT('Ctrl Pts',(-17.1350319519259,-52.,4.85625818321522));
#10762=CARTESIAN_POINT('Ctrl Pts',(-16.8519780784845,-50.,4.83628869056702));
#10763=CARTESIAN_POINT('Ctrl Pts',(-16.8519780784845,-52.,4.83628869056702));
#10764=CARTESIAN_POINT('',(-18.4447477012873,-52.,5.31377911567688));
#10765=CARTESIAN_POINT('Ctrl Pts',(-18.4447477012873,-52.,5.31377911567688));
#10766=CARTESIAN_POINT('Ctrl Pts',(-18.1969005471617,-52.,5.1745111096076));
#10767=CARTESIAN_POINT('Ctrl Pts',(-17.7016677439798,-52.,4.89623442217657));
#10768=CARTESIAN_POINT('Ctrl Pts',(-17.1350319519259,-52.,4.85625818321522));
#10769=CARTESIAN_POINT('Ctrl Pts',(-16.8519780784845,-52.,4.83628869056702));
#10770=CARTESIAN_POINT('',(-18.4447477012873,-50.,5.31377911567688));
#10771=CARTESIAN_POINT('Ctrl Pts',(-19.5702574402094,-50.,6.6473400592804));
#10772=CARTESIAN_POINT('Ctrl Pts',(-19.5702574402094,-52.,6.6473400592804));
#10773=CARTESIAN_POINT('Ctrl Pts',(-19.4263630642948,-50.,6.37959785483889));
#10774=CARTESIAN_POINT('Ctrl Pts',(-19.4263630642948,-52.,6.37959785483889));
#10775=CARTESIAN_POINT('Ctrl Pts',(-19.1447546525735,-50.,5.85561311628135));
#10776=CARTESIAN_POINT('Ctrl Pts',(-19.1447546525735,-52.,5.85561311628135));
#10777=CARTESIAN_POINT('Ctrl Pts',(-18.6746442473049,-50.,5.49172844178715));
#10778=CARTESIAN_POINT('Ctrl Pts',(-18.6746442473049,-52.,5.49172844178715));
#10779=CARTESIAN_POINT('Ctrl Pts',(-18.4447477012873,-50.,5.31377911567688));
#10780=CARTESIAN_POINT('Ctrl Pts',(-18.4447477012873,-52.,5.31377911567688));
#10781=CARTESIAN_POINT('',(-19.5702574402094,-52.,6.6473400592804));
#10782=CARTESIAN_POINT('Ctrl Pts',(-19.5702574402094,-52.,6.6473400592804));
#10783=CARTESIAN_POINT('Ctrl Pts',(-19.4263630642948,-52.,6.37959785483889));
#10784=CARTESIAN_POINT('Ctrl Pts',(-19.1447546525735,-52.,5.85561311628135));
#10785=CARTESIAN_POINT('Ctrl Pts',(-18.6746442473049,-52.,5.49172844178715));
#10786=CARTESIAN_POINT('Ctrl Pts',(-18.4447477012873,-52.,5.31377911567688));
#10787=CARTESIAN_POINT('',(-19.5702574402094,-50.,6.6473400592804));
#10788=CARTESIAN_POINT('Ctrl Pts',(-19.9693033844233,-50.,8.61528038978577));
#10789=CARTESIAN_POINT('Ctrl Pts',(-19.9693033844233,-52.,8.61528038978577));
#10790=CARTESIAN_POINT('Ctrl Pts',(-19.9556660723782,-50.,8.26190099437004));
#10791=CARTESIAN_POINT('Ctrl Pts',(-19.9556660723782,-52.,8.26190099437004));
#10792=CARTESIAN_POINT('Ctrl Pts',(-19.9294949982459,-50.,7.58373814792663));
#10793=CARTESIAN_POINT('Ctrl Pts',(-19.9294949982459,-52.,7.58373814792663));
#10794=CARTESIAN_POINT('Ctrl Pts',(-19.6865891063535,-50.,6.95057324687289));
#10795=CARTESIAN_POINT('Ctrl Pts',(-19.6865891063535,-52.,6.95057324687289));
#10796=CARTESIAN_POINT('Ctrl Pts',(-19.5702574402094,-50.,6.6473400592804));
#10797=CARTESIAN_POINT('Ctrl Pts',(-19.5702574402094,-52.,6.6473400592804));
#10798=CARTESIAN_POINT('',(-19.9693033844233,-52.,8.61528038978577));
#10799=CARTESIAN_POINT('Ctrl Pts',(-19.9693033844233,-52.,8.61528038978577));
#10800=CARTESIAN_POINT('Ctrl Pts',(-19.9556660723782,-52.,8.26190099437004));
#10801=CARTESIAN_POINT('Ctrl Pts',(-19.9294949982459,-52.,7.58373814792663));
#10802=CARTESIAN_POINT('Ctrl Pts',(-19.6865891063535,-52.,6.95057324687289));
#10803=CARTESIAN_POINT('Ctrl Pts',(-19.5702574402094,-52.,6.6473400592804));
#10804=CARTESIAN_POINT('',(-19.9693033844233,-50.,8.61528038978577));
#10805=CARTESIAN_POINT('Ctrl Pts',(-19.6077749878168,-50.,10.5832201242447));
#10806=CARTESIAN_POINT('Ctrl Pts',(-19.6077749878168,-52.,10.5832201242447));
#10807=CARTESIAN_POINT('Ctrl Pts',(-19.7131893517469,-50.,10.2748108367836));
#10808=CARTESIAN_POINT('Ctrl Pts',(-19.7131893517469,-52.,10.2748108367836));
#10809=CARTESIAN_POINT('Ctrl Pts',(-19.9311720245955,-50.,9.63706206796622));
#10810=CARTESIAN_POINT('Ctrl Pts',(-19.9311720245955,-52.,9.63706206796622));
#10811=CARTESIAN_POINT('Ctrl Pts',(-19.9563178453405,-50.,8.96324558106059));
#10812=CARTESIAN_POINT('Ctrl Pts',(-19.9563178453405,-52.,8.96324558106059));
#10813=CARTESIAN_POINT('Ctrl Pts',(-19.9693033844233,-50.,8.61528038978577));
#10814=CARTESIAN_POINT('Ctrl Pts',(-19.9693033844233,-52.,8.61528038978577));
#10815=CARTESIAN_POINT('',(-19.6077749878168,-52.,10.5832201242447));
#10816=CARTESIAN_POINT('Ctrl Pts',(-19.6077749878168,-52.,10.5832201242447));
#10817=CARTESIAN_POINT('Ctrl Pts',(-19.7131893517469,-52.,10.2748108367836));
#10818=CARTESIAN_POINT('Ctrl Pts',(-19.9311720245955,-52.,9.63706206796622));
#10819=CARTESIAN_POINT('Ctrl Pts',(-19.9563178453405,-52.,8.96324558106059));
#10820=CARTESIAN_POINT('Ctrl Pts',(-19.9693033844233,-52.,8.61528038978577));
#10821=CARTESIAN_POINT('',(-19.6077749878168,-50.,10.5832201242447));
#10822=CARTESIAN_POINT('Ctrl Pts',(-18.5231921821833,-50.,11.9372451305389));
#10823=CARTESIAN_POINT('Ctrl Pts',(-18.5231921821833,-52.,11.9372451305389));
#10824=CARTESIAN_POINT('Ctrl Pts',(-18.7506682664605,-50.,11.7593648984558));
#10825=CARTESIAN_POINT('Ctrl Pts',(-18.7506682664605,-52.,11.7593648984558));
#10826=CARTESIAN_POINT('Ctrl Pts',(-19.2182621816457,-50.,11.393718925526));
#10827=CARTESIAN_POINT('Ctrl Pts',(-19.2182621816457,-52.,11.393718925526));
#10828=CARTESIAN_POINT('Ctrl Pts',(-19.4756181165412,-50.,10.8582123300283));
#10829=CARTESIAN_POINT('Ctrl Pts',(-19.4756181165412,-52.,10.8582123300283));
#10830=CARTESIAN_POINT('Ctrl Pts',(-19.6077749878168,-50.,10.5832201242447));
#10831=CARTESIAN_POINT('Ctrl Pts',(-19.6077749878168,-52.,10.5832201242447));
#10832=CARTESIAN_POINT('',(-18.5231921821833,-52.,11.9372451305389));
#10833=CARTESIAN_POINT('Ctrl Pts',(-18.5231921821833,-52.,11.9372451305389));
#10834=CARTESIAN_POINT('Ctrl Pts',(-18.7506682664605,-52.,11.7593648984558));
#10835=CARTESIAN_POINT('Ctrl Pts',(-19.2182621816457,-52.,11.393718925526));
#10836=CARTESIAN_POINT('Ctrl Pts',(-19.4756181165412,-52.,10.8582123300283));
#10837=CARTESIAN_POINT('Ctrl Pts',(-19.6077749878168,-52.,10.5832201242447));
#10838=CARTESIAN_POINT('',(-18.5231921821833,-50.,11.9372451305389));
#10839=CARTESIAN_POINT('Ctrl Pts',(-16.9065473228693,-50.,12.4079132080078));
#10840=CARTESIAN_POINT('Ctrl Pts',(-16.9065473228693,-52.,12.4079132080078));
#10841=CARTESIAN_POINT('Ctrl Pts',(-17.1961561890221,-50.,12.3890458144977));
#10842=CARTESIAN_POINT('Ctrl Pts',(-17.1961561890221,-52.,12.3890458144977));
#10843=CARTESIAN_POINT('Ctrl Pts',(-17.7700099193428,-50.,12.3516604806472));
#10844=CARTESIAN_POINT('Ctrl Pts',(-17.7700099193428,-52.,12.3516604806472));
#10845=CARTESIAN_POINT('Ctrl Pts',(-18.273700816774,-50.,12.0745200726694));
#10846=CARTESIAN_POINT('Ctrl Pts',(-18.273700816774,-52.,12.0745200726694));
#10847=CARTESIAN_POINT('Ctrl Pts',(-18.5231921821833,-50.,11.9372451305389));
#10848=CARTESIAN_POINT('Ctrl Pts',(-18.5231921821833,-52.,11.9372451305389));
#10849=CARTESIAN_POINT('',(-16.9065473228693,-52.,12.4079132080078));
#10850=CARTESIAN_POINT('Ctrl Pts',(-16.9065473228693,-52.,12.4079132080078));
#10851=CARTESIAN_POINT('Ctrl Pts',(-17.1961561890221,-52.,12.3890458144977));
#10852=CARTESIAN_POINT('Ctrl Pts',(-17.7700099193428,-52.,12.3516604806472));
#10853=CARTESIAN_POINT('Ctrl Pts',(-18.273700816774,-52.,12.0745200726694));
#10854=CARTESIAN_POINT('Ctrl Pts',(-18.5231921821833,-52.,11.9372451305389));
#10855=CARTESIAN_POINT('',(-16.9065473228693,-50.,12.4079132080078));
#10856=CARTESIAN_POINT('Ctrl Pts',(-15.7401082664728,-50.,12.1316516399384));
#10857=CARTESIAN_POINT('Ctrl Pts',(-15.7401082664728,-52.,12.1316516399384));
#10858=CARTESIAN_POINT('Ctrl Pts',(-15.9198092050585,-50.,12.2122064959425));
#10859=CARTESIAN_POINT('Ctrl Pts',(-15.9198092050585,-52.,12.2122064959425));
#10860=CARTESIAN_POINT('Ctrl Pts',(-16.2907431686002,-50.,12.3784857166039));
#10861=CARTESIAN_POINT('Ctrl Pts',(-16.2907431686002,-52.,12.3784857166039));
#10862=CARTESIAN_POINT('Ctrl Pts',(-16.6970684783074,-50.,12.3979028226362));
#10863=CARTESIAN_POINT('Ctrl Pts',(-16.6970684783074,-52.,12.3979028226362));
#10864=CARTESIAN_POINT('Ctrl Pts',(-16.9065473228693,-50.,12.4079132080078));
#10865=CARTESIAN_POINT('Ctrl Pts',(-16.9065473228693,-52.,12.4079132080078));
#10866=CARTESIAN_POINT('',(-15.7401082664728,-52.,12.1316516399384));
#10867=CARTESIAN_POINT('Ctrl Pts',(-15.7401082664728,-52.,12.1316516399384));
#10868=CARTESIAN_POINT('Ctrl Pts',(-15.9198092050585,-52.,12.2122064959425));
#10869=CARTESIAN_POINT('Ctrl Pts',(-16.2907431686002,-52.,12.3784857166039));
#10870=CARTESIAN_POINT('Ctrl Pts',(-16.6970684783074,-52.,12.3979028226362));
#10871=CARTESIAN_POINT('Ctrl Pts',(-16.9065473228693,-52.,12.4079132080078));
#10872=CARTESIAN_POINT('',(-15.7401082664728,-50.,12.1316516399384));
#10873=CARTESIAN_POINT('Ctrl Pts',(-14.9079106003046,-50.,11.412006020546));
#10874=CARTESIAN_POINT('Ctrl Pts',(-14.9079106003046,-52.,11.412006020546));
#10875=CARTESIAN_POINT('Ctrl Pts',(-15.0240434181669,-50.,11.5535371312211));
#10876=CARTESIAN_POINT('Ctrl Pts',(-15.0240434181669,-52.,11.5535371312211));
#10877=CARTESIAN_POINT('Ctrl Pts',(-15.2600301960068,-50.,11.8411343099268));
#10878=CARTESIAN_POINT('Ctrl Pts',(-15.2600301960068,-52.,11.8411343099268));
#10879=CARTESIAN_POINT('Ctrl Pts',(-15.5784087989057,-50.,12.0337998519234));
#10880=CARTESIAN_POINT('Ctrl Pts',(-15.5784087989057,-52.,12.0337998519234));
#10881=CARTESIAN_POINT('Ctrl Pts',(-15.7401082664728,-50.,12.1316516399384));
#10882=CARTESIAN_POINT('Ctrl Pts',(-15.7401082664728,-52.,12.1316516399384));
#10883=CARTESIAN_POINT('',(-14.9079106003046,-52.,11.412006020546));
#10884=CARTESIAN_POINT('Ctrl Pts',(-14.9079106003046,-52.,11.412006020546));
#10885=CARTESIAN_POINT('Ctrl Pts',(-15.0240434181669,-52.,11.5535371312211));
#10886=CARTESIAN_POINT('Ctrl Pts',(-15.2600301960068,-52.,11.8411343099268));
#10887=CARTESIAN_POINT('Ctrl Pts',(-15.5784087989057,-52.,12.0337998519234));
#10888=CARTESIAN_POINT('Ctrl Pts',(-15.7401082664728,-52.,12.1316516399384));
#10889=CARTESIAN_POINT('',(-14.9079106003046,-50.,11.412006020546));
#10890=CARTESIAN_POINT('Origin',(-14.9079106003046,-50.,15.));
#10891=CARTESIAN_POINT('',(-14.9079106003046,-52.,15.));
#10892=CARTESIAN_POINT('',(-14.9079106003046,-52.,11.412006020546));
#10893=CARTESIAN_POINT('',(-14.9079106003046,-50.,15.));
#10894=CARTESIAN_POINT('Origin',(-13.6869022995234,-50.,15.));
#10895=CARTESIAN_POINT('',(-13.6869022995234,-52.,15.));
#10896=CARTESIAN_POINT('',(-14.9079106003046,-52.,15.));
#10897=CARTESIAN_POINT('',(-13.6869022995234,-50.,15.));
#10898=CARTESIAN_POINT('Origin',(-13.6869022995234,-50.,5.));
#10899=CARTESIAN_POINT('',(-13.6869022995234,-52.,5.));
#10900=CARTESIAN_POINT('',(-13.6869022995234,-52.,15.));
#10901=CARTESIAN_POINT('',(-13.6869022995234,-50.,5.));
#10902=CARTESIAN_POINT('Origin',(-14.8260567337275,-50.,5.));
#10903=CARTESIAN_POINT('',(-13.6869022995234,-52.,5.));
#10904=CARTESIAN_POINT('Origin',(-9.68575477600098E-7,-52.,9.99999940395355));
#10905=CARTESIAN_POINT('Origin',(-50.,-50.,0.));
#10906=CARTESIAN_POINT('Ctrl Pts',(-28.9870402961969,-50.,6.53819918632507));
#10907=CARTESIAN_POINT('Ctrl Pts',(-28.9870402961969,-52.,6.53819918632507));
#10908=CARTESIAN_POINT('Ctrl Pts',(-29.163539638154,-50.,6.81949937610336));
#10909=CARTESIAN_POINT('Ctrl Pts',(-29.163539638154,-52.,6.81949937610336));
#10910=CARTESIAN_POINT('Ctrl Pts',(-29.5610042561343,-50.,7.45296843739451));
#10911=CARTESIAN_POINT('Ctrl Pts',(-29.5610042561343,-52.,7.45296843739451));
#10912=CARTESIAN_POINT('Ctrl Pts',(-29.5822966434769,-50.,8.20436938310165));
#10913=CARTESIAN_POINT('Ctrl Pts',(-29.5822966434769,-52.,8.20436938310165));
#10914=CARTESIAN_POINT('Ctrl Pts',(-29.5941338688135,-50.,8.62210094928741));
#10915=CARTESIAN_POINT('Ctrl Pts',(-29.5941338688135,-52.,8.62210094928741));
#10916=CARTESIAN_POINT('',(-29.5941338688135,-50.,8.62210094928741));
#10917=CARTESIAN_POINT('',(-28.9870402961969,-50.,6.53819918632507));
#10918=CARTESIAN_POINT('Ctrl Pts',(-29.5941338688135,-50.,8.62210094928741));
#10919=CARTESIAN_POINT('Ctrl Pts',(-29.5822966434769,-50.,8.20436938310165));
#10920=CARTESIAN_POINT('Ctrl Pts',(-29.5610042561343,-50.,7.45296843739451));
#10921=CARTESIAN_POINT('Ctrl Pts',(-29.163539638154,-50.,6.81949937610336));
#10922=CARTESIAN_POINT('Ctrl Pts',(-28.9870402961969,-50.,6.53819918632507));
#10923=CARTESIAN_POINT('',(-29.5941338688135,-52.,8.62210094928741));
#10924=CARTESIAN_POINT('',(-29.5941338688135,-50.,8.62210094928741));
#10925=CARTESIAN_POINT('',(-28.9870402961969,-52.,6.53819918632507));
#10926=CARTESIAN_POINT('Ctrl Pts',(-28.9870402961969,-52.,6.53819918632507));
#10927=CARTESIAN_POINT('Ctrl Pts',(-29.163539638154,-52.,6.81949937610336));
#10928=CARTESIAN_POINT('Ctrl Pts',(-29.5610042561343,-52.,7.45296843739451));
#10929=CARTESIAN_POINT('Ctrl Pts',(-29.5822966434769,-52.,8.20436938310165));
#10930=CARTESIAN_POINT('Ctrl Pts',(-29.5941338688135,-52.,8.62210094928741));
#10931=CARTESIAN_POINT('',(-28.9870402961969,-50.,6.53819918632507));
#10932=CARTESIAN_POINT('Ctrl Pts',(-27.459072843194,-50.,5.84583878517151));
#10933=CARTESIAN_POINT('Ctrl Pts',(-27.459072843194,-52.,5.84583878517151));
#10934=CARTESIAN_POINT('Ctrl Pts',(-27.7529549940185,-50.,5.87468531837008));
#10935=CARTESIAN_POINT('Ctrl Pts',(-27.7529549940185,-52.,5.87468531837008));
#10936=CARTESIAN_POINT('Ctrl Pts',(-28.3407115596883,-50.,5.93237762542821));
#10937=CARTESIAN_POINT('Ctrl Pts',(-28.3407115596883,-52.,5.93237762542821));
#10938=CARTESIAN_POINT('Ctrl Pts',(-28.7715992744577,-50.,6.336260437978));
#10939=CARTESIAN_POINT('Ctrl Pts',(-28.7715992744577,-52.,6.336260437978));
#10940=CARTESIAN_POINT('Ctrl Pts',(-28.9870402961969,-50.,6.53819918632507));
#10941=CARTESIAN_POINT('Ctrl Pts',(-28.9870402961969,-52.,6.53819918632507));
#10942=CARTESIAN_POINT('',(-27.459072843194,-50.,5.84583878517151));
#10943=CARTESIAN_POINT('Ctrl Pts',(-28.9870402961969,-50.,6.53819918632507));
#10944=CARTESIAN_POINT('Ctrl Pts',(-28.7715992744577,-50.,6.336260437978));
#10945=CARTESIAN_POINT('Ctrl Pts',(-28.3407115596883,-50.,5.93237762542821));
#10946=CARTESIAN_POINT('Ctrl Pts',(-27.7529549940185,-50.,5.87468531837008));
#10947=CARTESIAN_POINT('Ctrl Pts',(-27.459072843194,-50.,5.84583878517151));
#10948=CARTESIAN_POINT('',(-27.459072843194,-52.,5.84583878517151));
#10949=CARTESIAN_POINT('Ctrl Pts',(-27.459072843194,-52.,5.84583878517151));
#10950=CARTESIAN_POINT('Ctrl Pts',(-27.7529549940185,-52.,5.87468531837008));
#10951=CARTESIAN_POINT('Ctrl Pts',(-28.3407115596883,-52.,5.93237762542821));
#10952=CARTESIAN_POINT('Ctrl Pts',(-28.7715992744577,-52.,6.336260437978));
#10953=CARTESIAN_POINT('Ctrl Pts',(-28.9870402961969,-52.,6.53819918632507));
#10954=CARTESIAN_POINT('',(-27.459072843194,-50.,5.84583878517151));
#10955=CARTESIAN_POINT('Ctrl Pts',(-25.9379265457392,-50.,6.54160976409912));
#10956=CARTESIAN_POINT('Ctrl Pts',(-25.9379265457392,-52.,6.54160976409912));
#10957=CARTESIAN_POINT('Ctrl Pts',(-26.1526342739727,-50.,6.33867720600371));
#10958=CARTESIAN_POINT('Ctrl Pts',(-26.1526342739727,-52.,6.33867720600371));
#10959=CARTESIAN_POINT('Ctrl Pts',(-26.5808007774632,-50.,5.93399254672766));
#10960=CARTESIAN_POINT('Ctrl Pts',(-26.5808007774632,-52.,5.93399254672766));
#10961=CARTESIAN_POINT('Ctrl Pts',(-27.1668853535438,-50.,5.87516617391282));
#10962=CARTESIAN_POINT('Ctrl Pts',(-27.1668853535438,-52.,5.87516617391282));
#10963=CARTESIAN_POINT('Ctrl Pts',(-27.459072843194,-50.,5.84583878517151));
#10964=CARTESIAN_POINT('Ctrl Pts',(-27.459072843194,-52.,5.84583878517151));
#10965=CARTESIAN_POINT('',(-25.9379265457392,-50.,6.54160976409912));
#10966=CARTESIAN_POINT('Ctrl Pts',(-27.459072843194,-50.,5.84583878517151));
#10967=CARTESIAN_POINT('Ctrl Pts',(-27.1668853535438,-50.,5.87516617391282));
#10968=CARTESIAN_POINT('Ctrl Pts',(-26.5808007774632,-50.,5.93399254672766));
#10969=CARTESIAN_POINT('Ctrl Pts',(-26.1526342739727,-50.,6.33867720600371));
#10970=CARTESIAN_POINT('Ctrl Pts',(-25.9379265457392,-50.,6.54160976409912));
#10971=CARTESIAN_POINT('',(-25.9379265457392,-52.,6.54160976409912));
#10972=CARTESIAN_POINT('Ctrl Pts',(-25.9379265457392,-52.,6.54160976409912));
#10973=CARTESIAN_POINT('Ctrl Pts',(-26.1526342739727,-52.,6.33867720600371));
#10974=CARTESIAN_POINT('Ctrl Pts',(-26.5808007774632,-52.,5.93399254672766));
#10975=CARTESIAN_POINT('Ctrl Pts',(-27.1668853535438,-52.,5.87516617391282));
#10976=CARTESIAN_POINT('Ctrl Pts',(-27.459072843194,-52.,5.84583878517151));
#10977=CARTESIAN_POINT('',(-25.9379265457392,-50.,6.54160976409912));
#10978=CARTESIAN_POINT('Ctrl Pts',(-25.3308317810297,-50.,8.66302847862244));
#10979=CARTESIAN_POINT('Ctrl Pts',(-25.3308317810297,-52.,8.66302847862244));
#10980=CARTESIAN_POINT('Ctrl Pts',(-25.3418788603287,-50.,8.23640797140371));
#10981=CARTESIAN_POINT('Ctrl Pts',(-25.3418788603287,-52.,8.23640797140371));
#10982=CARTESIAN_POINT('Ctrl Pts',(-25.3616518170982,-50.,7.47280805345929));
#10983=CARTESIAN_POINT('Ctrl Pts',(-25.3616518170982,-52.,7.47280805345929));
#10984=CARTESIAN_POINT('Ctrl Pts',(-25.7614806381932,-50.,6.82672746769668));
#10985=CARTESIAN_POINT('Ctrl Pts',(-25.7614806381932,-52.,6.82672746769668));
#10986=CARTESIAN_POINT('Ctrl Pts',(-25.9379265457392,-50.,6.54160976409912));
#10987=CARTESIAN_POINT('Ctrl Pts',(-25.9379265457392,-52.,6.54160976409912));
#10988=CARTESIAN_POINT('',(-25.3308317810297,-50.,8.66302847862244));
#10989=CARTESIAN_POINT('Ctrl Pts',(-25.9379265457392,-50.,6.54160976409912));
#10990=CARTESIAN_POINT('Ctrl Pts',(-25.7614806381932,-50.,6.82672746769668));
#10991=CARTESIAN_POINT('Ctrl Pts',(-25.3616518170982,-50.,7.47280805345929));
#10992=CARTESIAN_POINT('Ctrl Pts',(-25.3418788603287,-50.,8.23640797140371));
#10993=CARTESIAN_POINT('Ctrl Pts',(-25.3308317810297,-50.,8.66302847862244));
#10994=CARTESIAN_POINT('',(-25.3308317810297,-52.,8.66302847862244));
#10995=CARTESIAN_POINT('Ctrl Pts',(-25.3308317810297,-52.,8.66302847862244));
#10996=CARTESIAN_POINT('Ctrl Pts',(-25.3418788603287,-52.,8.23640797140371));
#10997=CARTESIAN_POINT('Ctrl Pts',(-25.3616518170982,-52.,7.47280805345929));
#10998=CARTESIAN_POINT('Ctrl Pts',(-25.7614806381932,-52.,6.82672746769668));
#10999=CARTESIAN_POINT('Ctrl Pts',(-25.9379265457392,-52.,6.54160976409912));
#11000=CARTESIAN_POINT('',(-25.3308317810297,-50.,8.66302847862244));
#11001=CARTESIAN_POINT('Ctrl Pts',(-25.9413371235132,-50.,10.6991815567017));
#11002=CARTESIAN_POINT('Ctrl Pts',(-25.9413371235132,-52.,10.6991815567017));
#11003=CARTESIAN_POINT('Ctrl Pts',(-25.7637543792228,-50.,10.4221042644325));
#11004=CARTESIAN_POINT('Ctrl Pts',(-25.7637543792228,-52.,10.4221042644325));
#11005=CARTESIAN_POINT('Ctrl Pts',(-25.3681913828721,-50.,9.80491860042739));
#11006=CARTESIAN_POINT('Ctrl Pts',(-25.3681913828721,-52.,9.80491860042739));
#11007=CARTESIAN_POINT('Ctrl Pts',(-25.3441049373191,-50.,9.06872033037181));
#11008=CARTESIAN_POINT('Ctrl Pts',(-25.3441049373191,-52.,9.06872033037181));
#11009=CARTESIAN_POINT('Ctrl Pts',(-25.3308317810297,-50.,8.66302847862244));
#11010=CARTESIAN_POINT('Ctrl Pts',(-25.3308317810297,-52.,8.66302847862244));
#11011=CARTESIAN_POINT('',(-25.9413371235132,-50.,10.6991815567017));
#11012=CARTESIAN_POINT('Ctrl Pts',(-25.3308317810297,-50.,8.66302847862244));
#11013=CARTESIAN_POINT('Ctrl Pts',(-25.3441049373191,-50.,9.06872033037181));
#11014=CARTESIAN_POINT('Ctrl Pts',(-25.3681913828721,-50.,9.80491860042739));
#11015=CARTESIAN_POINT('Ctrl Pts',(-25.7637543792228,-50.,10.4221042644325));
#11016=CARTESIAN_POINT('Ctrl Pts',(-25.9413371235132,-50.,10.6991815567017));
#11017=CARTESIAN_POINT('',(-25.9413371235132,-52.,10.6991815567017));
#11018=CARTESIAN_POINT('Ctrl Pts',(-25.9413371235132,-52.,10.6991815567017));
#11019=CARTESIAN_POINT('Ctrl Pts',(-25.7637543792228,-52.,10.4221042644325));
#11020=CARTESIAN_POINT('Ctrl Pts',(-25.3681913828721,-52.,9.80491860042739));
#11021=CARTESIAN_POINT('Ctrl Pts',(-25.3441049373191,-52.,9.06872033037181));
#11022=CARTESIAN_POINT('Ctrl Pts',(-25.3308317810297,-52.,8.66302847862244));
#11023=CARTESIAN_POINT('',(-25.9413371235132,-50.,10.6991815567017));
#11024=CARTESIAN_POINT('Ctrl Pts',(-27.459072843194,-50.,11.3915419578552));
#11025=CARTESIAN_POINT('Ctrl Pts',(-27.459072843194,-52.,11.3915419578552));
#11026=CARTESIAN_POINT('Ctrl Pts',(-27.1685272798376,-50.,11.3621254573421));
#11027=CARTESIAN_POINT('Ctrl Pts',(-27.1685272798376,-52.,11.3621254573421));
#11028=CARTESIAN_POINT('Ctrl Pts',(-26.5845393858004,-50.,11.3029991709651));
#11029=CARTESIAN_POINT('Ctrl Pts',(-26.5845393858004,-52.,11.3029991709651));
#11030=CARTESIAN_POINT('Ctrl Pts',(-26.1564457049453,-50.,10.9011185803465));
#11031=CARTESIAN_POINT('Ctrl Pts',(-26.1564457049453,-52.,10.9011185803465));
#11032=CARTESIAN_POINT('Ctrl Pts',(-25.9413371235132,-50.,10.6991815567017));
#11033=CARTESIAN_POINT('Ctrl Pts',(-25.9413371235132,-52.,10.6991815567017));
#11034=CARTESIAN_POINT('',(-27.459072843194,-50.,11.3915419578552));
#11035=CARTESIAN_POINT('Ctrl Pts',(-25.9413371235132,-50.,10.6991815567017));
#11036=CARTESIAN_POINT('Ctrl Pts',(-26.1564457049453,-50.,10.9011185803465));
#11037=CARTESIAN_POINT('Ctrl Pts',(-26.5845393858004,-50.,11.3029991709651));
#11038=CARTESIAN_POINT('Ctrl Pts',(-27.1685272798376,-50.,11.3621254573421));
#11039=CARTESIAN_POINT('Ctrl Pts',(-27.459072843194,-50.,11.3915419578552));
#11040=CARTESIAN_POINT('',(-27.459072843194,-52.,11.3915419578552));
#11041=CARTESIAN_POINT('Ctrl Pts',(-27.459072843194,-52.,11.3915419578552));
#11042=CARTESIAN_POINT('Ctrl Pts',(-27.1685272798376,-52.,11.3621254573421));
#11043=CARTESIAN_POINT('Ctrl Pts',(-26.5845393858004,-52.,11.3029991709651));
#11044=CARTESIAN_POINT('Ctrl Pts',(-26.1564457049453,-52.,10.9011185803465));
#11045=CARTESIAN_POINT('Ctrl Pts',(-25.9413371235132,-52.,10.6991815567017));
#11046=CARTESIAN_POINT('',(-27.459072843194,-50.,11.3915419578552));
#11047=CARTESIAN_POINT('Ctrl Pts',(-28.9870402961969,-50.,10.7025921344757));
#11048=CARTESIAN_POINT('Ctrl Pts',(-28.9870402961969,-52.,10.7025921344757));
#11049=CARTESIAN_POINT('Ctrl Pts',(-28.7714769912069,-50.,10.9035359441517));
#11050=CARTESIAN_POINT('Ctrl Pts',(-28.7714769912069,-52.,10.9035359441517));
#11051=CARTESIAN_POINT('Ctrl Pts',(-28.3400004071256,-50.,11.3057498023743));
#11052=CARTESIAN_POINT('Ctrl Pts',(-28.3400004071256,-52.,11.3057498023743));
#11053=CARTESIAN_POINT('Ctrl Pts',(-27.7528741054477,-50.,11.3629291131631));
#11054=CARTESIAN_POINT('Ctrl Pts',(-27.7528741054477,-52.,11.3629291131631));
#11055=CARTESIAN_POINT('Ctrl Pts',(-27.459072843194,-50.,11.3915419578552));
#11056=CARTESIAN_POINT('Ctrl Pts',(-27.459072843194,-52.,11.3915419578552));
#11057=CARTESIAN_POINT('',(-28.9870402961969,-50.,10.7025921344757));
#11058=CARTESIAN_POINT('Ctrl Pts',(-27.459072843194,-50.,11.3915419578552));
#11059=CARTESIAN_POINT('Ctrl Pts',(-27.7528741054477,-50.,11.3629291131631));
#11060=CARTESIAN_POINT('Ctrl Pts',(-28.3400004071256,-50.,11.3057498023743));
#11061=CARTESIAN_POINT('Ctrl Pts',(-28.7714769912069,-50.,10.9035359441517));
#11062=CARTESIAN_POINT('Ctrl Pts',(-28.9870402961969,-50.,10.7025921344757));
#11063=CARTESIAN_POINT('',(-28.9870402961969,-52.,10.7025921344757));
#11064=CARTESIAN_POINT('Ctrl Pts',(-28.9870402961969,-52.,10.7025921344757));
#11065=CARTESIAN_POINT('Ctrl Pts',(-28.7714769912069,-52.,10.9035359441517));
#11066=CARTESIAN_POINT('Ctrl Pts',(-28.3400004071256,-52.,11.3057498023743));
#11067=CARTESIAN_POINT('Ctrl Pts',(-27.7528741054477,-52.,11.3629291131631));
#11068=CARTESIAN_POINT('Ctrl Pts',(-27.459072843194,-52.,11.3915419578552));
#11069=CARTESIAN_POINT('',(-28.9870402961969,-50.,10.7025921344757));
#11070=CARTESIAN_POINT('Ctrl Pts',(-29.5941338688135,-50.,8.62210094928741));
#11071=CARTESIAN_POINT('Ctrl Pts',(-29.5941338688135,-52.,8.62210094928741));
#11072=CARTESIAN_POINT('Ctrl Pts',(-29.5824106006117,-50.,9.03961215040985));
#11073=CARTESIAN_POINT('Ctrl Pts',(-29.5824106006117,-52.,9.03961215040985));
#11074=CARTESIAN_POINT('Ctrl Pts',(-29.5613384045015,-50.,9.79007505518527));
#11075=CARTESIAN_POINT('Ctrl Pts',(-29.5613384045015,-52.,9.79007505518527));
#11076=CARTESIAN_POINT('Ctrl Pts',(-29.1635318554552,-50.,10.4221601430676));
#11077=CARTESIAN_POINT('Ctrl Pts',(-29.1635318554552,-52.,10.4221601430676));
#11078=CARTESIAN_POINT('Ctrl Pts',(-28.9870402961969,-50.,10.7025921344757));
#11079=CARTESIAN_POINT('Ctrl Pts',(-28.9870402961969,-52.,10.7025921344757));
#11080=CARTESIAN_POINT('Ctrl Pts',(-28.9870402961969,-50.,10.7025921344757));
#11081=CARTESIAN_POINT('Ctrl Pts',(-29.1635318554552,-50.,10.4221601430676));
#11082=CARTESIAN_POINT('Ctrl Pts',(-29.5613384045015,-50.,9.79007505518527));
#11083=CARTESIAN_POINT('Ctrl Pts',(-29.5824106006117,-50.,9.03961215040985));
#11084=CARTESIAN_POINT('Ctrl Pts',(-29.5941338688135,-50.,8.62210094928741));
#11085=CARTESIAN_POINT('Ctrl Pts',(-29.5941338688135,-52.,8.62210094928741));
#11086=CARTESIAN_POINT('Ctrl Pts',(-29.5824106006117,-52.,9.03961215040985));
#11087=CARTESIAN_POINT('Ctrl Pts',(-29.5613384045015,-52.,9.79007505518527));
#11088=CARTESIAN_POINT('Ctrl Pts',(-29.1635318554552,-52.,10.4221601430676));
#11089=CARTESIAN_POINT('Ctrl Pts',(-28.9870402961969,-52.,10.7025921344757));
#11090=CARTESIAN_POINT('Ctrl Pts',(-29.7373817116022,-50.,11.6030013561249));
#11091=CARTESIAN_POINT('Ctrl Pts',(-29.7373817116022,-52.,11.6030013561249));
#11092=CARTESIAN_POINT('Ctrl Pts',(-30.0630112640259,-50.,11.211436317812));
#11093=CARTESIAN_POINT('Ctrl Pts',(-30.0630112640259,-52.,11.211436317812));
#11094=CARTESIAN_POINT('Ctrl Pts',(-30.7766232877764,-50.,10.3533277175926));
#11095=CARTESIAN_POINT('Ctrl Pts',(-30.7766232877764,-52.,10.3533277175926));
#11096=CARTESIAN_POINT('Ctrl Pts',(-30.8280897670789,-50.,9.23184041602926));
#11097=CARTESIAN_POINT('Ctrl Pts',(-30.8280897670789,-52.,9.23184041602926));
#11098=CARTESIAN_POINT('Ctrl Pts',(-30.8560714870691,-50.,8.62210094928741));
#11099=CARTESIAN_POINT('Ctrl Pts',(-30.8560714870691,-52.,8.62210094928741));
#11100=CARTESIAN_POINT('',(-30.8560714870691,-52.,8.62210094928741));
#11101=CARTESIAN_POINT('',(-30.8560714870691,-50.,8.62210094928741));
#11102=CARTESIAN_POINT('',(-29.7373817116022,-52.,11.6030013561249));
#11103=CARTESIAN_POINT('Ctrl Pts',(-29.7373817116022,-52.,11.6030013561249));
#11104=CARTESIAN_POINT('Ctrl Pts',(-30.0630112640259,-52.,11.211436317812));
#11105=CARTESIAN_POINT('Ctrl Pts',(-30.7766232877764,-52.,10.3533277175926));
#11106=CARTESIAN_POINT('Ctrl Pts',(-30.8280897670789,-52.,9.23184041602926));
#11107=CARTESIAN_POINT('Ctrl Pts',(-30.8560714870691,-52.,8.62210094928741));
#11108=CARTESIAN_POINT('',(-29.7373817116022,-50.,11.6030013561249));
#11109=CARTESIAN_POINT('Ctrl Pts',(-27.459072843194,-50.,12.4079126119614));
#11110=CARTESIAN_POINT('Ctrl Pts',(-27.459072843194,-52.,12.4079126119614));
#11111=CARTESIAN_POINT('Ctrl Pts',(-27.8860845611798,-50.,12.3776499682876));
#11112=CARTESIAN_POINT('Ctrl Pts',(-27.8860845611798,-52.,12.3776499682876));
#11113=CARTESIAN_POINT('Ctrl Pts',(-28.7204489800016,-50.,12.318517930366));
#11114=CARTESIAN_POINT('Ctrl Pts',(-28.7204489800016,-52.,12.318517930366));
#11115=CARTESIAN_POINT('Ctrl Pts',(-29.4037708688201,-50.,11.8377308322638));
#11116=CARTESIAN_POINT('Ctrl Pts',(-29.4037708688201,-52.,11.8377308322638));
#11117=CARTESIAN_POINT('Ctrl Pts',(-29.7373817116022,-50.,11.6030013561249));
#11118=CARTESIAN_POINT('Ctrl Pts',(-29.7373817116022,-52.,11.6030013561249));
#11119=CARTESIAN_POINT('',(-27.459072843194,-52.,12.4079126119614));
#11120=CARTESIAN_POINT('Ctrl Pts',(-27.459072843194,-52.,12.4079126119614));
#11121=CARTESIAN_POINT('Ctrl Pts',(-27.8860845611798,-52.,12.3776499682876));
#11122=CARTESIAN_POINT('Ctrl Pts',(-28.7204489800016,-52.,12.318517930366));
#11123=CARTESIAN_POINT('Ctrl Pts',(-29.4037708688201,-52.,11.8377308322638));
#11124=CARTESIAN_POINT('Ctrl Pts',(-29.7373817116022,-52.,11.6030013561249));
#11125=CARTESIAN_POINT('',(-27.459072843194,-50.,12.4079126119614));
#11126=CARTESIAN_POINT('Ctrl Pts',(-25.0170538574457,-50.,11.4290589094162));
#11127=CARTESIAN_POINT('Ctrl Pts',(-25.0170538574457,-52.,11.4290589094162));
#11128=CARTESIAN_POINT('Ctrl Pts',(-25.3619954548484,-50.,11.7145045947836));
#11129=CARTESIAN_POINT('Ctrl Pts',(-25.3619954548484,-52.,11.7145045947836));
#11130=CARTESIAN_POINT('Ctrl Pts',(-26.0702170441113,-50.,12.3005713332152));
#11131=CARTESIAN_POINT('Ctrl Pts',(-26.0702170441113,-52.,12.3005713332152));
#11132=CARTESIAN_POINT('Ctrl Pts',(-26.9881976412582,-50.,12.3715198155753));
#11133=CARTESIAN_POINT('Ctrl Pts',(-26.9881976412582,-52.,12.3715198155753));
#11134=CARTESIAN_POINT('Ctrl Pts',(-27.459072843194,-50.,12.4079126119614));
#11135=CARTESIAN_POINT('Ctrl Pts',(-27.459072843194,-52.,12.4079126119614));
#11136=CARTESIAN_POINT('',(-25.0170538574457,-52.,11.4290589094162));
#11137=CARTESIAN_POINT('Ctrl Pts',(-25.0170538574457,-52.,11.4290589094162));
#11138=CARTESIAN_POINT('Ctrl Pts',(-25.3619954548484,-52.,11.7145045947836));
#11139=CARTESIAN_POINT('Ctrl Pts',(-26.0702170441113,-52.,12.3005713332152));
#11140=CARTESIAN_POINT('Ctrl Pts',(-26.9881976412582,-52.,12.3715198155753));
#11141=CARTESIAN_POINT('Ctrl Pts',(-27.459072843194,-52.,12.4079126119614));
#11142=CARTESIAN_POINT('',(-25.0170538574457,-50.,11.4290589094162));
#11143=CARTESIAN_POINT('Ctrl Pts',(-24.0688965469599,-50.,8.72442007064819));
#11144=CARTESIAN_POINT('Ctrl Pts',(-24.0688965469599,-52.,8.72442007064819));
#11145=CARTESIAN_POINT('Ctrl Pts',(-24.0969395718069,-50.,9.25606096070129));
#11146=CARTESIAN_POINT('Ctrl Pts',(-24.0969395718069,-52.,9.25606096070129));
#11147=CARTESIAN_POINT('Ctrl Pts',(-24.1495713489056,-50.,10.2538564900494));
#11148=CARTESIAN_POINT('Ctrl Pts',(-24.1495713489056,-52.,10.2538564900494));
#11149=CARTESIAN_POINT('Ctrl Pts',(-24.7408279280904,-50.,11.0548480437511));
#11150=CARTESIAN_POINT('Ctrl Pts',(-24.7408279280904,-52.,11.0548480437511));
#11151=CARTESIAN_POINT('Ctrl Pts',(-25.0170538574457,-50.,11.4290589094162));
#11152=CARTESIAN_POINT('Ctrl Pts',(-25.0170538574457,-52.,11.4290589094162));
#11153=CARTESIAN_POINT('',(-24.0688965469599,-52.,8.72442007064819));
#11154=CARTESIAN_POINT('Ctrl Pts',(-24.0688965469599,-52.,8.72442007064819));
#11155=CARTESIAN_POINT('Ctrl Pts',(-24.0969395718069,-52.,9.25606096070129));
#11156=CARTESIAN_POINT('Ctrl Pts',(-24.1495713489056,-52.,10.2538564900494));
#11157=CARTESIAN_POINT('Ctrl Pts',(-24.7408279280904,-52.,11.0548480437511));
#11158=CARTESIAN_POINT('Ctrl Pts',(-25.0170538574457,-52.,11.4290589094162));
#11159=CARTESIAN_POINT('',(-24.0688965469599,-50.,8.72442007064819));
#11160=CARTESIAN_POINT('Ctrl Pts',(-24.4884035736322,-50.,6.52455687522888));
#11161=CARTESIAN_POINT('Ctrl Pts',(-24.4884035736322,-52.,6.52455687522888));
#11162=CARTESIAN_POINT('Ctrl Pts',(-24.366439855967,-50.,6.83796856191774));
#11163=CARTESIAN_POINT('Ctrl Pts',(-24.366439855967,-52.,6.83796856191774));
#11164=CARTESIAN_POINT('Ctrl Pts',(-24.0918070646196,-50.,7.54369587167848));
#11165=CARTESIAN_POINT('Ctrl Pts',(-24.0918070646196,-52.,7.54369587167848));
#11166=CARTESIAN_POINT('Ctrl Pts',(-24.0770821595091,-50.,8.30256356946395));
#11167=CARTESIAN_POINT('Ctrl Pts',(-24.0770821595091,-52.,8.30256356946395));
#11168=CARTESIAN_POINT('Ctrl Pts',(-24.0688965469599,-50.,8.72442007064819));
#11169=CARTESIAN_POINT('Ctrl Pts',(-24.0688965469599,-52.,8.72442007064819));
#11170=CARTESIAN_POINT('',(-24.4884035736322,-52.,6.52455687522888));
#11171=CARTESIAN_POINT('Ctrl Pts',(-24.4884035736322,-52.,6.52455687522888));
#11172=CARTESIAN_POINT('Ctrl Pts',(-24.366439855967,-52.,6.83796856191774));
#11173=CARTESIAN_POINT('Ctrl Pts',(-24.0918070646196,-52.,7.54369587167848));
#11174=CARTESIAN_POINT('Ctrl Pts',(-24.0770821595091,-52.,8.30256356946395));
#11175=CARTESIAN_POINT('Ctrl Pts',(-24.0688965469599,-52.,8.72442007064819));
#11176=CARTESIAN_POINT('',(-24.4884035736322,-50.,6.52455687522888));
#11177=CARTESIAN_POINT('Ctrl Pts',(-25.7094142585993,-50.,5.27967214584351));
#11178=CARTESIAN_POINT('Ctrl Pts',(-25.7094142585993,-52.,5.27967214584351));
#11179=CARTESIAN_POINT('Ctrl Pts',(-25.4583973041955,-50.,5.44194321632828));
#11180=CARTESIAN_POINT('Ctrl Pts',(-25.4583973041955,-52.,5.44194321632828));
#11181=CARTESIAN_POINT('Ctrl Pts',(-24.9580210085178,-50.,5.76541378562775));
#11182=CARTESIAN_POINT('Ctrl Pts',(-24.9580210085178,-52.,5.76541378562775));
#11183=CARTESIAN_POINT('Ctrl Pts',(-24.6445966214777,-50.,6.27206864947874));
#11184=CARTESIAN_POINT('Ctrl Pts',(-24.6445966214777,-52.,6.27206864947874));
#11185=CARTESIAN_POINT('Ctrl Pts',(-24.4884035736322,-50.,6.52455687522888));
#11186=CARTESIAN_POINT('Ctrl Pts',(-24.4884035736322,-52.,6.52455687522888));
#11187=CARTESIAN_POINT('',(-25.7094142585993,-52.,5.27967214584351));
#11188=CARTESIAN_POINT('Ctrl Pts',(-25.7094142585993,-52.,5.27967214584351));
#11189=CARTESIAN_POINT('Ctrl Pts',(-25.4583973041955,-52.,5.44194321632828));
#11190=CARTESIAN_POINT('Ctrl Pts',(-24.9580210085178,-52.,5.76541378562775));
#11191=CARTESIAN_POINT('Ctrl Pts',(-24.6445966214777,-52.,6.27206864947874));
#11192=CARTESIAN_POINT('Ctrl Pts',(-24.4884035736322,-52.,6.52455687522888));
#11193=CARTESIAN_POINT('',(-25.7094142585993,-50.,5.27967214584351));
#11194=CARTESIAN_POINT('Ctrl Pts',(-27.459072843194,-50.,4.83628869056702));
#11195=CARTESIAN_POINT('Ctrl Pts',(-27.459072843194,-52.,4.83628869056702));
#11196=CARTESIAN_POINT('Ctrl Pts',(-27.1503643268257,-50.,4.85408424668311));
#11197=CARTESIAN_POINT('Ctrl Pts',(-27.1503643268257,-52.,4.85408424668311));
#11198=CARTESIAN_POINT('Ctrl Pts',(-26.5384901790098,-50.,4.88935583835004));
#11199=CARTESIAN_POINT('Ctrl Pts',(-26.5384901790098,-52.,4.88935583835004));
#11200=CARTESIAN_POINT('Ctrl Pts',(-25.9840988467727,-50.,5.15035482816275));
#11201=CARTESIAN_POINT('Ctrl Pts',(-25.9840988467727,-52.,5.15035482816275));
#11202=CARTESIAN_POINT('Ctrl Pts',(-25.7094142585993,-50.,5.27967214584351));
#11203=CARTESIAN_POINT('Ctrl Pts',(-25.7094142585993,-52.,5.27967214584351));
#11204=CARTESIAN_POINT('',(-27.459072843194,-52.,4.83628869056702));
#11205=CARTESIAN_POINT('Ctrl Pts',(-27.459072843194,-52.,4.83628869056702));
#11206=CARTESIAN_POINT('Ctrl Pts',(-27.1503643268257,-52.,4.85408424668311));
#11207=CARTESIAN_POINT('Ctrl Pts',(-26.5384901790098,-52.,4.88935583835004));
#11208=CARTESIAN_POINT('Ctrl Pts',(-25.9840988467727,-52.,5.15035482816275));
#11209=CARTESIAN_POINT('Ctrl Pts',(-25.7094142585993,-52.,5.27967214584351));
#11210=CARTESIAN_POINT('',(-27.459072843194,-50.,4.83628869056702));
#11211=CARTESIAN_POINT('Ctrl Pts',(-29.9181447178125,-50.,5.81173300743103));
#11212=CARTESIAN_POINT('Ctrl Pts',(-29.9181447178125,-52.,5.81173300743103));
#11213=CARTESIAN_POINT('Ctrl Pts',(-29.5733186358673,-50.,5.5273143984885));
#11214=CARTESIAN_POINT('Ctrl Pts',(-29.5733186358673,-52.,5.5273143984885));
#11215=CARTESIAN_POINT('Ctrl Pts',(-28.8601315609151,-50.,4.93906517259057));
#11216=CARTESIAN_POINT('Ctrl Pts',(-28.8601315609151,-52.,4.93906517259057));
#11217=CARTESIAN_POINT('Ctrl Pts',(-27.9362549452292,-50.,4.87129300345659));
#11218=CARTESIAN_POINT('Ctrl Pts',(-27.9362549452292,-52.,4.87129300345659));
#11219=CARTESIAN_POINT('Ctrl Pts',(-27.459072843194,-50.,4.83628869056702));
#11220=CARTESIAN_POINT('Ctrl Pts',(-27.459072843194,-52.,4.83628869056702));
#11221=CARTESIAN_POINT('',(-29.9181447178125,-52.,5.81173300743103));
#11222=CARTESIAN_POINT('Ctrl Pts',(-29.9181447178125,-52.,5.81173300743103));
#11223=CARTESIAN_POINT('Ctrl Pts',(-29.5733186358673,-52.,5.5273143984885));
#11224=CARTESIAN_POINT('Ctrl Pts',(-28.8601315609151,-52.,4.93906517259057));
#11225=CARTESIAN_POINT('Ctrl Pts',(-27.9362549452292,-52.,4.87129300345659));
#11226=CARTESIAN_POINT('Ctrl Pts',(-27.459072843194,-52.,4.83628869056702));
#11227=CARTESIAN_POINT('',(-29.9181447178125,-50.,5.81173300743103));
#11228=CARTESIAN_POINT('Ctrl Pts',(-30.8560714870691,-50.,8.62210094928741));
#11229=CARTESIAN_POINT('Ctrl Pts',(-30.8560714870691,-52.,8.62210094928741));
#11230=CARTESIAN_POINT('Ctrl Pts',(-30.8319724894186,-50.,8.06303530100343));
#11231=CARTESIAN_POINT('Ctrl Pts',(-30.8319724894186,-52.,8.06303530100343));
#11232=CARTESIAN_POINT('Ctrl Pts',(-30.7875183077041,-50.,7.03175564865105));
#11233=CARTESIAN_POINT('Ctrl Pts',(-30.7875183077041,-52.,7.03175564865105));
#11234=CARTESIAN_POINT('Ctrl Pts',(-30.1911956762657,-50.,6.19491505412892));
#11235=CARTESIAN_POINT('Ctrl Pts',(-30.1911956762657,-52.,6.19491505412892));
#11236=CARTESIAN_POINT('Ctrl Pts',(-29.9181447178125,-50.,5.81173300743103));
#11237=CARTESIAN_POINT('Ctrl Pts',(-29.9181447178125,-52.,5.81173300743103));
#11238=CARTESIAN_POINT('Ctrl Pts',(-30.8560714870691,-52.,8.62210094928741));
#11239=CARTESIAN_POINT('Ctrl Pts',(-30.8319724894186,-52.,8.06303530100343));
#11240=CARTESIAN_POINT('Ctrl Pts',(-30.7875183077041,-52.,7.03175564865105));
#11241=CARTESIAN_POINT('Ctrl Pts',(-30.1911956762657,-52.,6.19491505412892));
#11242=CARTESIAN_POINT('Ctrl Pts',(-29.9181447178125,-52.,5.81173300743103));
#11243=CARTESIAN_POINT('Origin',(-9.68575477600098E-7,-52.,9.99999940395355));
#11244=CARTESIAN_POINT('Origin',(-50.,-50.,0.));
#11245=CARTESIAN_POINT('Origin',(38.,-20.,5.));
#11246=CARTESIAN_POINT('',(38.,-38.,7.));
#11247=CARTESIAN_POINT('',(38.,38.,7.));
#11248=CARTESIAN_POINT('',(38.,-20.,7.));
#11249=CARTESIAN_POINT('',(40.,40.,5.));
#11250=CARTESIAN_POINT('Origin',(38.,38.,5.));
#11251=CARTESIAN_POINT('',(40.,-40.,5.));
#11252=CARTESIAN_POINT('',(40.,-20.,5.));
#11253=CARTESIAN_POINT('Origin',(38.,-38.,5.));
#11254=CARTESIAN_POINT('Origin',(20.,38.,5.));
#11255=CARTESIAN_POINT('',(-40.,40.,5.));
#11256=CARTESIAN_POINT('',(20.,40.,5.));
#11257=CARTESIAN_POINT('',(-38.,38.,7.));
#11258=CARTESIAN_POINT('',(20.,38.,7.));
#11259=CARTESIAN_POINT('Origin',(-38.,38.,5.));
#11260=CARTESIAN_POINT('Origin',(-38.,20.,5.));
#11261=CARTESIAN_POINT('',(-40.,-40.,5.));
#11262=CARTESIAN_POINT('',(-40.,20.,5.));
#11263=CARTESIAN_POINT('',(-38.,-38.,7.));
#11264=CARTESIAN_POINT('',(-38.,20.,7.));
#11265=CARTESIAN_POINT('Origin',(-38.,-38.,5.));
#11266=CARTESIAN_POINT('Origin',(-20.,-38.,5.));
#11267=CARTESIAN_POINT('',(-20.,-40.,5.));
#11268=CARTESIAN_POINT('',(-20.,-38.,7.));
#11269=CARTESIAN_POINT('Origin',(-40.,-40.,0.));
#11270=CARTESIAN_POINT('',(40.,-40.,2.));
#11271=CARTESIAN_POINT('',(40.,-40.,0.));
#11272=CARTESIAN_POINT('',(-40.,-40.,2.));
#11273=CARTESIAN_POINT('',(-20.,-40.,2.));
#11274=CARTESIAN_POINT('',(-40.,-40.,0.));
#11275=CARTESIAN_POINT('Origin',(40.,-40.,0.));
#11276=CARTESIAN_POINT('',(40.,40.,2.));
#11277=CARTESIAN_POINT('',(40.,40.,0.));
#11278=CARTESIAN_POINT('',(40.,-20.,2.));
#11279=CARTESIAN_POINT('Origin',(0.,0.,7.));
#11280=CARTESIAN_POINT('',(1.65,2.02066721859313E-16,7.));
#11281=CARTESIAN_POINT('Origin',(0.,0.,7.));
#11282=CARTESIAN_POINT('Origin',(0.,0.,25.));
#11283=CARTESIAN_POINT('',(1.65,2.02066721859313E-16,25.));
#11284=CARTESIAN_POINT('Origin',(0.,0.,25.));
#11285=CARTESIAN_POINT('',(1.65,-2.02066721859313E-16,25.));
#11286=CARTESIAN_POINT('Origin',(0.,0.,22.));
#11287=CARTESIAN_POINT('',(20.,-2.44929359829471E-15,22.));
#11288=CARTESIAN_POINT('Origin',(0.,0.,22.));
#11289=CARTESIAN_POINT('',(22.,2.69422295812418E-15,20.));
#11290=CARTESIAN_POINT('Origin',(22.,-2.69422295812418E-15,22.));
#11291=CARTESIAN_POINT('Origin',(0.,0.,20.));
#11292=CARTESIAN_POINT('Origin',(0.,0.,20.));
#11293=CARTESIAN_POINT('',(20.,2.44929359829471E-15,23.));
#11294=CARTESIAN_POINT('',(-20.,-2.44929359829471E-15,23.));
#11295=CARTESIAN_POINT('Origin',(0.,0.,23.));
#11296=CARTESIAN_POINT('',(20.,2.44929359829471E-15,20.));
#11297=CARTESIAN_POINT('Origin',(0.,0.,23.));
#11298=CARTESIAN_POINT('Origin',(0.,0.,20.));
#11299=CARTESIAN_POINT('',(-48.,-48.,20.));
#11300=CARTESIAN_POINT('',(-48.,48.,20.));
#11301=CARTESIAN_POINT('',(-48.,25.,20.));
#11302=CARTESIAN_POINT('',(48.,-48.,20.));
#11303=CARTESIAN_POINT('',(-25.,-48.,20.));
#11304=CARTESIAN_POINT('',(48.,48.,20.));
#11305=CARTESIAN_POINT('',(48.,-25.,20.));
#11306=CARTESIAN_POINT('',(25.,48.,20.));
#11307=CARTESIAN_POINT('Origin',(0.,0.,23.));
#11308=CARTESIAN_POINT('',(-18.,-2.20436423846524E-15,25.));
#11309=CARTESIAN_POINT('Origin',(0.,0.,25.));
#11310=CARTESIAN_POINT('Origin',(-18.,-2.20436423846524E-15,23.));
#11311=CARTESIAN_POINT('Origin',(0.,0.,25.));
#11312=CARTESIAN_POINT('Origin',(20.,42.,2.));
#11313=CARTESIAN_POINT('',(-42.,42.,0.));
#11314=CARTESIAN_POINT('',(42.,42.,0.));
#11315=CARTESIAN_POINT('',(20.,42.,0.));
#11316=CARTESIAN_POINT('Origin',(42.,42.,2.));
#11317=CARTESIAN_POINT('',(-40.,40.,2.));
#11318=CARTESIAN_POINT('',(20.,40.,2.));
#11319=CARTESIAN_POINT('Origin',(-42.,42.,2.));
#11320=CARTESIAN_POINT('Origin',(-20.,-42.,2.));
#11321=CARTESIAN_POINT('',(42.,-42.,0.));
#11322=CARTESIAN_POINT('',(-42.,-42.,0.));
#11323=CARTESIAN_POINT('',(-20.,-42.,0.));
#11324=CARTESIAN_POINT('Origin',(-42.,-42.,2.));
#11325=CARTESIAN_POINT('Origin',(42.,-42.,2.));
#11326=CARTESIAN_POINT('Origin',(-42.,20.,2.));
#11327=CARTESIAN_POINT('',(-40.,20.,2.));
#11328=CARTESIAN_POINT('',(-42.,20.,0.));
#11329=CARTESIAN_POINT('Origin',(42.,-20.,2.));
#11330=CARTESIAN_POINT('',(42.,-20.,0.));
#11331=CARTESIAN_POINT('Origin',(0.,0.,0.));
#11332=CARTESIAN_POINT('',(48.,-48.,0.));
#11333=CARTESIAN_POINT('',(48.,48.,0.));
#11334=CARTESIAN_POINT('',(48.,-25.,0.));
#11335=CARTESIAN_POINT('',(-48.,-48.,0.));
#11336=CARTESIAN_POINT('',(-25.,-48.,0.));
#11337=CARTESIAN_POINT('',(-48.,48.,0.));
#11338=CARTESIAN_POINT('',(-48.,25.,0.));
#11339=CARTESIAN_POINT('',(25.,48.,0.));
#11340=CARTESIAN_POINT('Origin',(48.,-25.,2.));
#11341=CARTESIAN_POINT('',(50.,50.,2.));
#11342=CARTESIAN_POINT('',(50.,-25.,2.));
#11343=CARTESIAN_POINT('Origin',(48.,-48.,2.));
#11344=CARTESIAN_POINT('Origin',(48.,48.,2.));
#11345=CARTESIAN_POINT('Origin',(-48.,-48.,2.));
#11346=CARTESIAN_POINT('',(-50.,-48.,2.));
#11347=CARTESIAN_POINT('Origin',(-48.,-48.,2.));
#11348=CARTESIAN_POINT('Origin',(-48.,-48.,2.));
#11349=CARTESIAN_POINT('Origin',(-48.,-48.,2.));
#11350=CARTESIAN_POINT('Origin',(-48.,48.,2.));
#11351=CARTESIAN_POINT('',(-48.,50.,2.));
#11352=CARTESIAN_POINT('',(-50.,48.,2.));
#11353=CARTESIAN_POINT('Origin',(-48.,48.,2.));
#11354=CARTESIAN_POINT('Origin',(-48.,48.,2.));
#11355=CARTESIAN_POINT('Origin',(-48.,48.,2.));
#11356=CARTESIAN_POINT('Origin',(25.,48.,2.));
#11357=CARTESIAN_POINT('',(25.,50.,2.));
#11358=CARTESIAN_POINT('Origin',(-48.,25.,2.));
#11359=CARTESIAN_POINT('',(-50.,25.,2.));
#11360=CARTESIAN_POINT('Origin',(-48.,-48.,18.));
#11361=CARTESIAN_POINT('',(-50.,-48.,18.));
#11362=CARTESIAN_POINT('Origin',(-48.,-48.,18.));
#11363=CARTESIAN_POINT('Origin',(-48.,-48.,18.));
#11364=CARTESIAN_POINT('Origin',(-48.,-48.,18.));
#11365=CARTESIAN_POINT('Origin',(-48.,-48.,0.));
#11366=CARTESIAN_POINT('',(-50.,-48.,0.));
#11367=CARTESIAN_POINT('Origin',(-48.,48.,18.));
#11368=CARTESIAN_POINT('',(-48.,50.,18.));
#11369=CARTESIAN_POINT('Origin',(-48.,48.,18.));
#11370=CARTESIAN_POINT('',(-50.,48.,18.));
#11371=CARTESIAN_POINT('Origin',(-48.,48.,18.));
#11372=CARTESIAN_POINT('Origin',(-48.,48.,18.));
#11373=CARTESIAN_POINT('Origin',(-48.,48.,0.));
#11374=CARTESIAN_POINT('',(-48.,50.,0.));
#11375=CARTESIAN_POINT('',(-50.,48.,0.));
#11376=CARTESIAN_POINT('Origin',(-48.,25.,18.));
#11377=CARTESIAN_POINT('',(-50.,25.,18.));
#11378=CARTESIAN_POINT('Origin',(25.,48.,18.));
#11379=CARTESIAN_POINT('',(50.,50.,18.));
#11380=CARTESIAN_POINT('',(25.,50.,18.));
#11381=CARTESIAN_POINT('Origin',(48.,48.,18.));
#11382=CARTESIAN_POINT('Origin',(48.,-25.,18.));
#11383=CARTESIAN_POINT('',(50.,-25.,18.));
#11384=CARTESIAN_POINT('Origin',(48.,-48.,18.));
#11385=CARTESIAN_POINT('Origin',(-25.,-48.,18.));
#11386=CARTESIAN_POINT('Origin',(-25.,-48.,2.));
#11387=CARTESIAN_POINT('Origin',(50.,-50.,0.));
#11388=CARTESIAN_POINT('',(50.,50.,0.));
#11389=CARTESIAN_POINT('Origin',(-50.,-50.,0.));
#11390=CARTESIAN_POINT('Origin',(-50.,50.,0.));
#11391=CARTESIAN_POINT('Origin',(-40.,40.,0.));
#11392=CARTESIAN_POINT('',(-40.,40.,0.));
#11393=CARTESIAN_POINT('Origin',(40.,40.,0.));
#11394=CARTESIAN_POINT('Origin',(50.,50.,0.));
#11395=UNCERTAINTY_MEASURE_WITH_UNIT(LENGTH_MEASURE(0.01),#11399,
'DISTANCE_ACCURACY_VALUE',
'Maximum model space distance between geometric entities at asserted c
onnectivities');
#11396=UNCERTAINTY_MEASURE_WITH_UNIT(LENGTH_MEASURE(0.01),#11399,
'DISTANCE_ACCURACY_VALUE',
'Maximum model space distance between geometric entities at asserted c
onnectivities');
#11397=(
GEOMETRIC_REPRESENTATION_CONTEXT(3)
GLOBAL_UNCERTAINTY_ASSIGNED_CONTEXT((#11395))
GLOBAL_UNIT_ASSIGNED_CONTEXT((#11399,#11401,#11402))
REPRESENTATION_CONTEXT('','3D')
);
#11398=(
GEOMETRIC_REPRESENTATION_CONTEXT(3)
GLOBAL_UNCERTAINTY_ASSIGNED_CONTEXT((#11396))
GLOBAL_UNIT_ASSIGNED_CONTEXT((#11399,#11401,#11402))
REPRESENTATION_CONTEXT('','3D')
);
#11399=(
LENGTH_UNIT()
NAMED_UNIT(*)
SI_UNIT(.MILLI.,.METRE.)
);
#11400=(
LENGTH_UNIT()
NAMED_UNIT(*)
SI_UNIT($,.METRE.)
);
#11401=(
NAMED_UNIT(*)
PLANE_ANGLE_UNIT()
SI_UNIT($,.RADIAN.)
);
#11402=(
NAMED_UNIT(*)
SI_UNIT($,.STERADIAN.)
SOLID_ANGLE_UNIT()
);
#11403=SHAPE_DEFINITION_REPRESENTATION(#11404,#11405);
#11404=PRODUCT_DEFINITION_SHAPE('',$,#11407);
#11405=SHAPE_REPRESENTATION('',(#5568),#11397);
#11406=PRODUCT_DEFINITION_CONTEXT('part definition',#11411,'design');
#11407=PRODUCT_DEFINITION('2026-07-24-17-27-04-377','Base',#11408,#11406);
#11408=PRODUCT_DEFINITION_FORMATION('',$,#11413);
#11409=PRODUCT_RELATED_PRODUCT_CATEGORY('Base','Base',(#11413));
#11410=APPLICATION_PROTOCOL_DEFINITION('international standard',
'automotive_design',2009,#11411);
#11411=APPLICATION_CONTEXT(
'Core Data for Automotive Mechanical Design Process');
#11412=PRODUCT_CONTEXT('part definition',#11411,'mechanical');
#11413=PRODUCT('2026-07-24-17-27-04-377','Base',$,(#11412));
#11414=PRESENTATION_STYLE_ASSIGNMENT((#11415));
#11415=SURFACE_STYLE_USAGE(.BOTH.,#11416);
#11416=SURFACE_SIDE_STYLE('',(#11417));
#11417=SURFACE_STYLE_FILL_AREA(#11418);
#11418=FILL_AREA_STYLE('Steel - Satin',(#11419));
#11419=FILL_AREA_STYLE_COLOUR('Steel - Satin',#11420);
#11420=COLOUR_RGB('Steel - Satin',0.627450980392157,0.627450980392157,0.627450980392157);
ENDSEC;
END-ISO-10303-21;
