ISO-10303-21;
HEADER;
/* Generated by software containing ST-Developer
 * from STEP Tools, Inc. (www.steptools.com) 
 */

FILE_DESCRIPTION(
/* description */ (''),
/* implementation_level */ '2;1');

FILE_NAME(
/* name */ 'Solder Assist.step',
/* time_stamp */ '2026-07-25T10:07:55-04:00',
/* author */ (''),
/* organization */ (''),
/* preprocessor_version */ 'ST-DEVELOPER v20.1',
/* originating_system */ 'Autodesk Translation Framework v15.8.0.0',
/* authorisation */ '');

FILE_SCHEMA (('AUTOMOTIVE_DESIGN { 1 0 10303 214 3 1 1 }'));
ENDSEC;

DATA;
#10=MECHANICAL_DESIGN_GEOMETRIC_PRESENTATION_REPRESENTATION('',(#82,#83,
#84,#85,#86,#87,#88,#89,#90),#14354);
#11=ITEM_DEFINED_TRANSFORMATION($,$,#7248,#7607);
#12=ITEM_DEFINED_TRANSFORMATION($,$,#7394,#7608);
#13=ITEM_DEFINED_TRANSFORMATION($,$,#7560,#7609);
#14=ITEM_DEFINED_TRANSFORMATION($,$,#7587,#7610);
#15=ITEM_DEFINED_TRANSFORMATION($,$,#7459,#7611);
#16=ITEM_DEFINED_TRANSFORMATION($,$,#7560,#7612);
#17=ITEM_DEFINED_TRANSFORMATION($,$,#7587,#7613);
#18=ITEM_DEFINED_TRANSFORMATION($,$,#7489,#7614);
#19=ITEM_DEFINED_TRANSFORMATION($,$,#7560,#7615);
#20=ITEM_DEFINED_TRANSFORMATION($,$,#7587,#7616);
#21=(
REPRESENTATION_RELATIONSHIP($,$,#14384,#14383)
REPRESENTATION_RELATIONSHIP_WITH_TRANSFORMATION(#11)
SHAPE_REPRESENTATION_RELATIONSHIP()
);
#22=(
REPRESENTATION_RELATIONSHIP($,$,#14385,#14383)
REPRESENTATION_RELATIONSHIP_WITH_TRANSFORMATION(#12)
SHAPE_REPRESENTATION_RELATIONSHIP()
);
#23=(
REPRESENTATION_RELATIONSHIP($,$,#14388,#14383)
REPRESENTATION_RELATIONSHIP_WITH_TRANSFORMATION(#13)
SHAPE_REPRESENTATION_RELATIONSHIP()
);
#24=(
REPRESENTATION_RELATIONSHIP($,$,#14389,#14383)
REPRESENTATION_RELATIONSHIP_WITH_TRANSFORMATION(#14)
SHAPE_REPRESENTATION_RELATIONSHIP()
);
#25=(
REPRESENTATION_RELATIONSHIP($,$,#14386,#14383)
REPRESENTATION_RELATIONSHIP_WITH_TRANSFORMATION(#15)
SHAPE_REPRESENTATION_RELATIONSHIP()
);
#26=(
REPRESENTATION_RELATIONSHIP($,$,#14388,#14383)
REPRESENTATION_RELATIONSHIP_WITH_TRANSFORMATION(#16)
SHAPE_REPRESENTATION_RELATIONSHIP()
);
#27=(
REPRESENTATION_RELATIONSHIP($,$,#14389,#14383)
REPRESENTATION_RELATIONSHIP_WITH_TRANSFORMATION(#17)
SHAPE_REPRESENTATION_RELATIONSHIP()
);
#28=(
REPRESENTATION_RELATIONSHIP($,$,#14387,#14383)
REPRESENTATION_RELATIONSHIP_WITH_TRANSFORMATION(#18)
SHAPE_REPRESENTATION_RELATIONSHIP()
);
#29=(
REPRESENTATION_RELATIONSHIP($,$,#14388,#14383)
REPRESENTATION_RELATIONSHIP_WITH_TRANSFORMATION(#19)
SHAPE_REPRESENTATION_RELATIONSHIP()
);
#30=(
REPRESENTATION_RELATIONSHIP($,$,#14389,#14383)
REPRESENTATION_RELATIONSHIP_WITH_TRANSFORMATION(#20)
SHAPE_REPRESENTATION_RELATIONSHIP()
);
#31=CONTEXT_DEPENDENT_SHAPE_REPRESENTATION(#21,#14373);
#32=CONTEXT_DEPENDENT_SHAPE_REPRESENTATION(#22,#14374);
#33=CONTEXT_DEPENDENT_SHAPE_REPRESENTATION(#23,#14375);
#34=CONTEXT_DEPENDENT_SHAPE_REPRESENTATION(#24,#14376);
#35=CONTEXT_DEPENDENT_SHAPE_REPRESENTATION(#25,#14377);
#36=CONTEXT_DEPENDENT_SHAPE_REPRESENTATION(#26,#14378);
#37=CONTEXT_DEPENDENT_SHAPE_REPRESENTATION(#27,#14379);
#38=CONTEXT_DEPENDENT_SHAPE_REPRESENTATION(#28,#14380);
#39=CONTEXT_DEPENDENT_SHAPE_REPRESENTATION(#29,#14381);
#40=CONTEXT_DEPENDENT_SHAPE_REPRESENTATION(#30,#14382);
#41=NEXT_ASSEMBLY_USAGE_OCCURRENCE('Base:1','Base:1','Base:1',#14391,#14392,
'Base:1');
#42=NEXT_ASSEMBLY_USAGE_OCCURRENCE('Horizontal Arm:1',
'Horizontal Arm:1','Horizontal Arm:1',#14391,#14393,'Horizontal Arm:1');
#43=NEXT_ASSEMBLY_USAGE_OCCURRENCE(
'Hexagon Socket Head Cap Screw ISO 4762 - M3 x 25 Steel 4.6 Plain:1',
'Hexagon Socket Head Cap Screw ISO 4762 - M3 x 25 Steel 4.6 Plain:1',
'Hexagon Socket Head Cap Screw ISO 4762 - M3 x 25 Steel 4.6 Plain:1',#14391,
#14396,
'Hexagon Socket Head Cap Screw ISO 4762 - M3 x 25 Steel 4.6 Plain:1');
#44=NEXT_ASSEMBLY_USAGE_OCCURRENCE(
'Hexagon Regular Nut DIN EN ISO 4032 - M3 Steel 6 Plain:1',
'Hexagon Regular Nut DIN EN ISO 4032 - M3 Steel 6 Plain:1',
'Hexagon Regular Nut DIN EN ISO 4032 - M3 Steel 6 Plain:1',#14391,#14397,
'Hexagon Regular Nut DIN EN ISO 4032 - M3 Steel 6 Plain:1');
#45=NEXT_ASSEMBLY_USAGE_OCCURRENCE('Vertical Arm:1','Vertical Arm:1',
'Vertical Arm:1',#14391,#14394,'Vertical Arm:1');
#46=NEXT_ASSEMBLY_USAGE_OCCURRENCE(
'Hexagon Socket Head Cap Screw ISO 4762 - M3 x 25 Steel 4.6 Plain:2',
'Hexagon Socket Head Cap Screw ISO 4762 - M3 x 25 Steel 4.6 Plain:2',
'Hexagon Socket Head Cap Screw ISO 4762 - M3 x 25 Steel 4.6 Plain:2',#14391,
#14396,
'Hexagon Socket Head Cap Screw ISO 4762 - M3 x 25 Steel 4.6 Plain:2');
#47=NEXT_ASSEMBLY_USAGE_OCCURRENCE(
'Hexagon Regular Nut DIN EN ISO 4032 - M3 Steel 6 Plain:2',
'Hexagon Regular Nut DIN EN ISO 4032 - M3 Steel 6 Plain:2',
'Hexagon Regular Nut DIN EN ISO 4032 - M3 Steel 6 Plain:2',#14391,#14397,
'Hexagon Regular Nut DIN EN ISO 4032 - M3 Steel 6 Plain:2');
#48=NEXT_ASSEMBLY_USAGE_OCCURRENCE('Lateral Arm:1','Lateral Arm:1',
'Lateral Arm:1',#14391,#14395,'Lateral Arm:1');
#49=NEXT_ASSEMBLY_USAGE_OCCURRENCE(
'Hexagon Socket Head Cap Screw ISO 4762 - M3 x 25 Steel 4.6 Plain:3',
'Hexagon Socket Head Cap Screw ISO 4762 - M3 x 25 Steel 4.6 Plain:3',
'Hexagon Socket Head Cap Screw ISO 4762 - M3 x 25 Steel 4.6 Plain:3',#14391,
#14396,
'Hexagon Socket Head Cap Screw ISO 4762 - M3 x 25 Steel 4.6 Plain:3');
#50=NEXT_ASSEMBLY_USAGE_OCCURRENCE(
'Hexagon Regular Nut DIN EN ISO 4032 - M3 Steel 6 Plain:3',
'Hexagon Regular Nut DIN EN ISO 4032 - M3 Steel 6 Plain:3',
'Hexagon Regular Nut DIN EN ISO 4032 - M3 Steel 6 Plain:3',#14391,#14397,
'Hexagon Regular Nut DIN EN ISO 4032 - M3 Steel 6 Plain:3');
#51=(
BOUNDED_CURVE()
B_SPLINE_CURVE(2,(#14254,#14255,#14256),.UNSPECIFIED.,.F.,.F.)
B_SPLINE_CURVE_WITH_KNOTS((3,3),(0.000144272746222942,0.321515614919824),
 .UNSPECIFIED.)
CURVE()
GEOMETRIC_REPRESENTATION_ITEM()
RATIONAL_B_SPLINE_CURVE((1.00013898062186,1.15486101937814,1.00013898062186))
REPRESENTATION_ITEM('')
);
#52=(
BOUNDED_CURVE()
B_SPLINE_CURVE(2,(#14259,#14260,#14261),.UNSPECIFIED.,.F.,.F.)
B_SPLINE_CURVE_WITH_KNOTS((3,3),(0.000144272746222813,0.321515614919824),
 .UNSPECIFIED.)
CURVE()
GEOMETRIC_REPRESENTATION_ITEM()
RATIONAL_B_SPLINE_CURVE((1.00013898062186,1.15486101937814,1.00013898062186))
REPRESENTATION_ITEM('')
);
#53=(
BOUNDED_CURVE()
B_SPLINE_CURVE(2,(#14264,#14265,#14266),.UNSPECIFIED.,.F.,.F.)
B_SPLINE_CURVE_WITH_KNOTS((3,3),(0.000144272746223131,0.321515614919824),
 .UNSPECIFIED.)
CURVE()
GEOMETRIC_REPRESENTATION_ITEM()
RATIONAL_B_SPLINE_CURVE((1.00013898062186,1.15486101937814,1.00013898062186))
REPRESENTATION_ITEM('')
);
#54=(
BOUNDED_CURVE()
B_SPLINE_CURVE(2,(#14269,#14270,#14271),.UNSPECIFIED.,.F.,.F.)
B_SPLINE_CURVE_WITH_KNOTS((3,3),(0.000144272746222902,0.321515614919823),
 .UNSPECIFIED.)
CURVE()
GEOMETRIC_REPRESENTATION_ITEM()
RATIONAL_B_SPLINE_CURVE((1.00013898062186,1.15486101937814,1.00013898062186))
REPRESENTATION_ITEM('')
);
#55=(
BOUNDED_CURVE()
B_SPLINE_CURVE(2,(#14278,#14279,#14280),.UNSPECIFIED.,.F.,.F.)
B_SPLINE_CURVE_WITH_KNOTS((3,3),(0.160829943833023,0.321515614919824),
 .UNSPECIFIED.)
CURVE()
GEOMETRIC_REPRESENTATION_ITEM()
RATIONAL_B_SPLINE_CURVE((1.0775,1.0775,1.00013898062186))
REPRESENTATION_ITEM('')
);
#56=(
BOUNDED_CURVE()
B_SPLINE_CURVE(2,(#14282,#14283,#14284),.UNSPECIFIED.,.F.,.F.)
B_SPLINE_CURVE_WITH_KNOTS((3,3),(0.000144272746223154,0.321515614919824),
 .UNSPECIFIED.)
CURVE()
GEOMETRIC_REPRESENTATION_ITEM()
RATIONAL_B_SPLINE_CURVE((1.00013898062186,1.15486101937814,1.00013898062186))
REPRESENTATION_ITEM('')
);
#57=(
BOUNDED_CURVE()
B_SPLINE_CURVE(2,(#14285,#14286,#14287),.UNSPECIFIED.,.F.,.F.)
B_SPLINE_CURVE_WITH_KNOTS((3,3),(0.000144272746223234,0.321515614919824),
 .UNSPECIFIED.)
CURVE()
GEOMETRIC_REPRESENTATION_ITEM()
RATIONAL_B_SPLINE_CURVE((1.00013898062186,1.15486101937814,1.00013898062186))
REPRESENTATION_ITEM('')
);
#58=(
BOUNDED_CURVE()
B_SPLINE_CURVE(2,(#14289,#14290,#14291),.UNSPECIFIED.,.F.,.F.)
B_SPLINE_CURVE_WITH_KNOTS((3,3),(0.000144272746223226,0.321515614919824),
 .UNSPECIFIED.)
CURVE()
GEOMETRIC_REPRESENTATION_ITEM()
RATIONAL_B_SPLINE_CURVE((1.00013898062186,1.15486101937814,1.00013898062186))
REPRESENTATION_ITEM('')
);
#59=(
BOUNDED_CURVE()
B_SPLINE_CURVE(2,(#14292,#14293,#14294),.UNSPECIFIED.,.F.,.F.)
B_SPLINE_CURVE_WITH_KNOTS((3,3),(0.000144272746223326,0.160829943833023),
 .UNSPECIFIED.)
CURVE()
GEOMETRIC_REPRESENTATION_ITEM()
RATIONAL_B_SPLINE_CURVE((1.00013898062186,1.0775,1.0775))
REPRESENTATION_ITEM('')
);
#60=(
BOUNDED_CURVE()
B_SPLINE_CURVE(2,(#14297,#14298,#14299),.UNSPECIFIED.,.F.,.F.)
B_SPLINE_CURVE_WITH_KNOTS((3,3),(0.000144272746223001,0.321515614919823),
 .UNSPECIFIED.)
CURVE()
GEOMETRIC_REPRESENTATION_ITEM()
RATIONAL_B_SPLINE_CURVE((1.00013898062186,1.15486101937814,1.00013898062186))
REPRESENTATION_ITEM('')
);
#61=(
BOUNDED_CURVE()
B_SPLINE_CURVE(2,(#14303,#14304,#14305),.UNSPECIFIED.,.F.,.F.)
B_SPLINE_CURVE_WITH_KNOTS((3,3),(0.160829943833023,0.321515614919823),
 .UNSPECIFIED.)
CURVE()
GEOMETRIC_REPRESENTATION_ITEM()
RATIONAL_B_SPLINE_CURVE((1.0775,1.0775,1.00013898062186))
REPRESENTATION_ITEM('')
);
#62=(
BOUNDED_CURVE()
B_SPLINE_CURVE(2,(#14307,#14308,#14309),.UNSPECIFIED.,.F.,.F.)
B_SPLINE_CURVE_WITH_KNOTS((3,3),(0.000144272746222902,0.160829943833023),
 .UNSPECIFIED.)
CURVE()
GEOMETRIC_REPRESENTATION_ITEM()
RATIONAL_B_SPLINE_CURVE((1.00013898062186,1.0775,1.0775))
REPRESENTATION_ITEM('')
);
#63=(
BOUNDED_CURVE()
B_SPLINE_CURVE(2,(#14313,#14314,#14315),.UNSPECIFIED.,.F.,.F.)
B_SPLINE_CURVE_WITH_KNOTS((3,3),(0.000144272746222795,0.321515614919823),
 .UNSPECIFIED.)
CURVE()
GEOMETRIC_REPRESENTATION_ITEM()
RATIONAL_B_SPLINE_CURVE((1.00013898062186,1.15486101937815,1.00013898062186))
REPRESENTATION_ITEM('')
);
#64=(
BOUNDED_CURVE()
B_SPLINE_CURVE(2,(#14318,#14319,#14320),.UNSPECIFIED.,.F.,.F.)
B_SPLINE_CURVE_WITH_KNOTS((3,3),(0.000144272746222912,0.321515614919823),
 .UNSPECIFIED.)
CURVE()
GEOMETRIC_REPRESENTATION_ITEM()
RATIONAL_B_SPLINE_CURVE((1.00013898062186,1.15486101937814,1.00013898062186))
REPRESENTATION_ITEM('')
);
#65=CONICAL_SURFACE('',#7561,1.37999999999744,0.785398163397976);
#66=CONICAL_SURFACE('',#7588,1.15358983848622,0.523598775598299);
#67=CONICAL_SURFACE('',#7591,1.15358983848622,0.5235987755983);
#68=CONICAL_SURFACE('',#7596,2.935625,1.0471975511966);
#69=CONICAL_SURFACE('',#7604,2.935625,1.0471975511966);
#70=SHAPE_REPRESENTATION_RELATIONSHIP('SRR','None',#14384,#76);
#71=SHAPE_REPRESENTATION_RELATIONSHIP('SRR','None',#14385,#77);
#72=SHAPE_REPRESENTATION_RELATIONSHIP('SRR','None',#14386,#78);
#73=SHAPE_REPRESENTATION_RELATIONSHIP('SRR','None',#14387,#79);
#74=SHAPE_REPRESENTATION_RELATIONSHIP('SRR','None',#14388,#80);
#75=SHAPE_REPRESENTATION_RELATIONSHIP('SRR','None',#14389,#81);
#76=ADVANCED_BREP_SHAPE_REPRESENTATION('',(#91),#14348);
#77=ADVANCED_BREP_SHAPE_REPRESENTATION('',(#92,#93,#94),#14349);
#78=ADVANCED_BREP_SHAPE_REPRESENTATION('',(#95,#96),#14350);
#79=ADVANCED_BREP_SHAPE_REPRESENTATION('',(#97),#14351);
#80=ADVANCED_BREP_SHAPE_REPRESENTATION('',(#98),#14352);
#81=ADVANCED_BREP_SHAPE_REPRESENTATION('',(#99),#14353);
#82=STYLED_ITEM('',(#14422),#91);
#83=STYLED_ITEM('',(#14422),#92);
#84=STYLED_ITEM('',(#14422),#93);
#85=STYLED_ITEM('',(#14422),#94);
#86=STYLED_ITEM('',(#14422),#95);
#87=STYLED_ITEM('',(#14422),#96);
#88=STYLED_ITEM('',(#14422),#97);
#89=STYLED_ITEM('',(#14422),#98);
#90=STYLED_ITEM('',(#14423),#99);
#91=MANIFOLD_SOLID_BREP('Body1',#7171);
#92=MANIFOLD_SOLID_BREP('Body1',#7172);
#93=MANIFOLD_SOLID_BREP('Body2',#7173);
#94=MANIFOLD_SOLID_BREP('Body3',#7174);
#95=MANIFOLD_SOLID_BREP('Body1',#7175);
#96=MANIFOLD_SOLID_BREP('Body2',#7176);
#97=MANIFOLD_SOLID_BREP('Body1',#7177);
#98=MANIFOLD_SOLID_BREP('Body1',#7178);
#99=MANIFOLD_SOLID_BREP('Body1',#7179);
#100=SPHERICAL_SURFACE('',#7361,2.);
#101=SPHERICAL_SURFACE('',#7365,2.);
#102=SPHERICAL_SURFACE('',#7371,1.99999999999999);
#103=SPHERICAL_SURFACE('',#7376,1.99999999999999);
#104=SPHERICAL_SURFACE('',#7490,2.);
#105=SPHERICAL_SURFACE('',#7494,2.);
#106=SPHERICAL_SURFACE('',#7499,2.);
#107=SPHERICAL_SURFACE('',#7503,1.99999999999999);
#108=SPHERICAL_SURFACE('',#7507,2.);
#109=SPHERICAL_SURFACE('',#7512,2.);
#110=SPHERICAL_SURFACE('',#7516,2.);
#111=SPHERICAL_SURFACE('',#7520,2.);
#112=SPHERICAL_SURFACE('',#7524,2.);
#113=SPHERICAL_SURFACE('',#7528,2.);
#114=TOROIDAL_SURFACE('',#7337,22.,2.);
#115=TOROIDAL_SURFACE('',#7345,18.,2.);
#116=TOROIDAL_SURFACE('',#7398,23.,2.);
#117=TOROIDAL_SURFACE('',#7406,23.,2.);
#118=TOROIDAL_SURFACE('',#7410,22.,2.);
#119=TOROIDAL_SURFACE('',#7415,18.,2.);
#120=TOROIDAL_SURFACE('',#7438,23.,2.);
#121=TOROIDAL_SURFACE('',#7446,23.,2.);
#122=TOROIDAL_SURFACE('',#7450,22.,2.);
#123=TOROIDAL_SURFACE('',#7455,18.,2.);
#124=TOROIDAL_SURFACE('',#7473,23.,2.);
#125=TOROIDAL_SURFACE('',#7483,23.,2.);
#126=TOROIDAL_SURFACE('',#7564,2.44999999999999,0.3);
#127=CIRCLE('',#7334,1.65);
#128=CIRCLE('',#7336,1.65);
#129=CIRCLE('',#7338,20.);
#130=CIRCLE('',#7339,2.);
#131=CIRCLE('',#7340,22.);
#132=CIRCLE('',#7342,20.);
#133=CIRCLE('',#7343,20.);
#134=CIRCLE('',#7346,18.);
#135=CIRCLE('',#7347,2.);
#136=CIRCLE('',#7362,1.99999999999999);
#137=CIRCLE('',#7363,2.);
#138=CIRCLE('',#7364,2.);
#139=CIRCLE('',#7366,1.99999999999999);
#140=CIRCLE('',#7367,2.);
#141=CIRCLE('',#7368,2.);
#142=CIRCLE('',#7372,2.);
#143=CIRCLE('',#7373,1.99999999999999);
#144=CIRCLE('',#7374,2.);
#145=CIRCLE('',#7377,2.);
#146=CIRCLE('',#7378,1.99999999999999);
#147=CIRCLE('',#7379,2.);
#148=CIRCLE('',#7396,1.65);
#149=CIRCLE('',#7397,1.65);
#150=CIRCLE('',#7399,25.);
#151=CIRCLE('',#7400,2.);
#152=CIRCLE('',#7401,23.);
#153=CIRCLE('',#7403,25.);
#154=CIRCLE('',#7405,22.);
#155=CIRCLE('',#7407,23.);
#156=CIRCLE('',#7408,2.);
#157=CIRCLE('',#7411,2.);
#158=CIRCLE('',#7412,20.);
#159=CIRCLE('',#7414,20.);
#160=CIRCLE('',#7416,18.);
#161=CIRCLE('',#7417,2.);
#162=CIRCLE('',#7420,2.);
#163=CIRCLE('',#7421,2.);
#164=CIRCLE('',#7423,2.);
#165=CIRCLE('',#7424,2.);
#166=CIRCLE('',#7425,2.);
#167=CIRCLE('',#7427,2.);
#168=CIRCLE('',#7429,2.);
#169=CIRCLE('',#7431,2.);
#170=CIRCLE('',#7436,1.65);
#171=CIRCLE('',#7437,1.65);
#172=CIRCLE('',#7439,25.);
#173=CIRCLE('',#7440,2.);
#174=CIRCLE('',#7441,23.);
#175=CIRCLE('',#7443,25.);
#176=CIRCLE('',#7445,22.);
#177=CIRCLE('',#7447,23.);
#178=CIRCLE('',#7448,2.);
#179=CIRCLE('',#7451,2.);
#180=CIRCLE('',#7452,20.);
#181=CIRCLE('',#7454,20.);
#182=CIRCLE('',#7456,18.);
#183=CIRCLE('',#7457,2.);
#184=CIRCLE('',#7461,2.);
#185=CIRCLE('',#7462,2.);
#186=CIRCLE('',#7464,1.65);
#187=CIRCLE('',#7466,2.);
#188=CIRCLE('',#7468,1.65);
#189=CIRCLE('',#7470,2.);
#190=CIRCLE('',#7474,23.);
#191=CIRCLE('',#7475,2.);
#192=CIRCLE('',#7476,25.);
#193=CIRCLE('',#7477,25.);
#194=CIRCLE('',#7479,25.);
#195=CIRCLE('',#7480,25.);
#196=CIRCLE('',#7482,1.65);
#197=CIRCLE('',#7484,2.);
#198=CIRCLE('',#7485,23.);
#199=CIRCLE('',#7487,1.65);
#200=CIRCLE('',#7491,2.);
#201=CIRCLE('',#7492,2.);
#202=CIRCLE('',#7493,2.);
#203=CIRCLE('',#7495,2.);
#204=CIRCLE('',#7496,2.);
#205=CIRCLE('',#7497,2.);
#206=CIRCLE('',#7500,2.);
#207=CIRCLE('',#7501,2.);
#208=CIRCLE('',#7502,2.);
#209=CIRCLE('',#7504,2.);
#210=CIRCLE('',#7505,1.99999999999999);
#211=CIRCLE('',#7506,2.);
#212=CIRCLE('',#7508,2.);
#213=CIRCLE('',#7509,2.);
#214=CIRCLE('',#7510,2.);
#215=CIRCLE('',#7513,2.);
#216=CIRCLE('',#7514,2.);
#217=CIRCLE('',#7515,2.);
#218=CIRCLE('',#7517,2.);
#219=CIRCLE('',#7518,2.);
#220=CIRCLE('',#7519,2.);
#221=CIRCLE('',#7521,2.);
#222=CIRCLE('',#7522,2.);
#223=CIRCLE('',#7523,2.);
#224=CIRCLE('',#7525,2.);
#225=CIRCLE('',#7526,2.);
#226=CIRCLE('',#7527,2.);
#227=CIRCLE('',#7529,2.);
#228=CIRCLE('',#7530,2.);
#229=CIRCLE('',#7531,2.);
#230=CIRCLE('',#7550,1.65);
#231=CIRCLE('',#7556,1.65);
#232=CIRCLE('',#7562,1.4635);
#233=CIRCLE('',#7563,1.22999999999729);
#234=CIRCLE('',#7565,2.74999999999999);
#235=CIRCLE('',#7566,0.3);
#236=CIRCLE('',#7567,2.44999999999999);
#237=CIRCLE('',#7570,2.74999999999999);
#238=CIRCLE('',#7584,1.4635);
#239=CIRCLE('',#7589,1.2645);
#240=CIRCLE('',#7590,1.5);
#241=CIRCLE('',#7592,1.5);
#242=CIRCLE('',#7593,1.2645);
#243=CIRCLE('',#7597,2.695);
#244=CIRCLE('',#7603,2.695);
#245=ELLIPSE('',#7324,2.82842712474619,2.);
#246=ELLIPSE('',#7325,2.82842712474619,2.);
#247=ELLIPSE('',#7327,2.82842712474619,2.);
#248=ELLIPSE('',#7329,2.82842712474619,2.);
#249=ELLIPSE('',#7350,2.82842712474619,2.);
#250=ELLIPSE('',#7351,2.82842712474619,2.);
#251=ELLIPSE('',#7353,2.82842712474619,2.);
#252=ELLIPSE('',#7354,2.82842712474619,2.);
#253=ELLIPSE('',#7359,2.82842712474619,2.);
#254=ELLIPSE('',#7360,2.82842712474619,2.);
#255=ELLIPSE('',#7383,2.82842712474619,2.);
#256=ELLIPSE('',#7385,2.82842712474619,2.);
#257=ELLIPSE('',#7533,2.82842712474618,2.);
#258=ELLIPSE('',#7538,2.82842712474619,2.);
#259=CYLINDRICAL_SURFACE('',#7323,2.);
#260=CYLINDRICAL_SURFACE('',#7326,2.);
#261=CYLINDRICAL_SURFACE('',#7328,2.);
#262=CYLINDRICAL_SURFACE('',#7330,2.);
#263=CYLINDRICAL_SURFACE('',#7335,1.65);
#264=CYLINDRICAL_SURFACE('',#7341,20.);
#265=CYLINDRICAL_SURFACE('',#7349,2.);
#266=CYLINDRICAL_SURFACE('',#7352,2.);
#267=CYLINDRICAL_SURFACE('',#7355,2.);
#268=CYLINDRICAL_SURFACE('',#7356,2.);
#269=CYLINDRICAL_SURFACE('',#7358,2.);
#270=CYLINDRICAL_SURFACE('',#7369,2.);
#271=CYLINDRICAL_SURFACE('',#7370,2.);
#272=CYLINDRICAL_SURFACE('',#7375,2.);
#273=CYLINDRICAL_SURFACE('',#7380,2.);
#274=CYLINDRICAL_SURFACE('',#7381,2.);
#275=CYLINDRICAL_SURFACE('',#7382,2.);
#276=CYLINDRICAL_SURFACE('',#7384,2.);
#277=CYLINDRICAL_SURFACE('',#7386,2.);
#278=CYLINDRICAL_SURFACE('',#7387,2.);
#279=CYLINDRICAL_SURFACE('',#7395,1.65);
#280=CYLINDRICAL_SURFACE('',#7402,25.);
#281=CYLINDRICAL_SURFACE('',#7413,20.);
#282=CYLINDRICAL_SURFACE('',#7419,2.);
#283=CYLINDRICAL_SURFACE('',#7426,2.);
#284=CYLINDRICAL_SURFACE('',#7428,2.);
#285=CYLINDRICAL_SURFACE('',#7432,2.);
#286=CYLINDRICAL_SURFACE('',#7435,1.65);
#287=CYLINDRICAL_SURFACE('',#7442,25.);
#288=CYLINDRICAL_SURFACE('',#7453,20.);
#289=CYLINDRICAL_SURFACE('',#7465,2.);
#290=CYLINDRICAL_SURFACE('',#7469,2.);
#291=CYLINDRICAL_SURFACE('',#7471,1.65);
#292=CYLINDRICAL_SURFACE('',#7478,25.);
#293=CYLINDRICAL_SURFACE('',#7488,1.65);
#294=CYLINDRICAL_SURFACE('',#7498,2.);
#295=CYLINDRICAL_SURFACE('',#7511,2.);
#296=CYLINDRICAL_SURFACE('',#7532,2.);
#297=CYLINDRICAL_SURFACE('',#7534,2.);
#298=CYLINDRICAL_SURFACE('',#7535,2.);
#299=CYLINDRICAL_SURFACE('',#7536,2.);
#300=CYLINDRICAL_SURFACE('',#7537,2.);
#301=CYLINDRICAL_SURFACE('',#7539,2.);
#302=CYLINDRICAL_SURFACE('',#7540,2.);
#303=CYLINDRICAL_SURFACE('',#7541,2.);
#304=CYLINDRICAL_SURFACE('',#7542,2.);
#305=CYLINDRICAL_SURFACE('',#7543,2.);
#306=CYLINDRICAL_SURFACE('',#7544,2.);
#307=CYLINDRICAL_SURFACE('',#7545,2.);
#308=CYLINDRICAL_SURFACE('',#7546,2.);
#309=CYLINDRICAL_SURFACE('',#7547,2.);
#310=CYLINDRICAL_SURFACE('',#7548,2.);
#311=CYLINDRICAL_SURFACE('',#7559,1.65);
#312=CYLINDRICAL_SURFACE('',#7569,2.74999999999999);
#313=CYLINDRICAL_SURFACE('',#7583,1.4635);
#314=CYLINDRICAL_SURFACE('',#7606,1.2645);
#315=FACE_BOUND('',#1411,.T.);
#316=FACE_BOUND('',#1560,.T.);
#317=FACE_BOUND('',#1562,.T.);
#318=FACE_BOUND('',#1563,.T.);
#319=FACE_BOUND('',#1564,.T.);
#320=FACE_BOUND('',#1565,.T.);
#321=FACE_BOUND('',#1566,.T.);
#322=FACE_BOUND('',#1567,.T.);
#323=FACE_BOUND('',#1568,.T.);
#324=FACE_BOUND('',#1569,.T.);
#325=FACE_BOUND('',#1570,.T.);
#326=FACE_BOUND('',#1571,.T.);
#327=FACE_BOUND('',#1572,.T.);
#328=FACE_BOUND('',#1573,.T.);
#329=FACE_BOUND('',#1574,.T.);
#330=FACE_BOUND('',#1612,.T.);
#331=FACE_BOUND('',#1632,.T.);
#332=FACE_BOUND('',#1641,.T.);
#333=FACE_BOUND('',#1646,.T.);
#334=FACE_BOUND('',#1649,.T.);
#335=FACE_BOUND('',#1655,.T.);
#336=FACE_BOUND('',#1680,.T.);
#337=FACE_BOUND('',#1683,.T.);
#338=FACE_BOUND('',#1688,.T.);
#339=FACE_BOUND('',#1701,.T.);
#340=FACE_BOUND('',#1704,.T.);
#341=FACE_BOUND('',#1709,.T.);
#342=FACE_BOUND('',#1712,.T.);
#343=FACE_BOUND('',#1715,.T.);
#344=FACE_BOUND('',#1722,.T.);
#345=FACE_BOUND('',#1725,.T.);
#346=FACE_BOUND('',#1755,.T.);
#347=FACE_BOUND('',#1761,.T.);
#348=FACE_BOUND('',#1768,.T.);
#349=FACE_BOUND('',#1785,.T.);
#350=FACE_BOUND('',#1796,.T.);
#351=FACE_BOUND('',#1799,.T.);
#352=B_SPLINE_CURVE_WITH_KNOTS('',3,(#8889,#8890,#8891,#8892,#8893),
 .UNSPECIFIED.,.F.,.F.,(4,1,4),(0.,0.0698729780660153,0.130775224356029),
 .UNSPECIFIED.);
#353=B_SPLINE_CURVE_WITH_KNOTS('',3,(#8895,#8896,#8897,#8898,#8899),
 .UNSPECIFIED.,.F.,.F.,(4,1,4),(-0.130775224356029,-0.0698729780660153,
0.),.UNSPECIFIED.);
#354=B_SPLINE_CURVE_WITH_KNOTS('',3,(#8912,#8913,#8914,#8915,#8916),
 .UNSPECIFIED.,.F.,.F.,(4,1,4),(0.,0.0600095779698195,0.12846865249571),
 .UNSPECIFIED.);
#355=B_SPLINE_CURVE_WITH_KNOTS('',3,(#8918,#8919,#8920,#8921,#8922),
 .UNSPECIFIED.,.F.,.F.,(4,1,4),(-0.12846865249571,-0.0600095779698195,0.),
 .UNSPECIFIED.);
#356=B_SPLINE_CURVE_WITH_KNOTS('',3,(#8935,#8936,#8937,#8938,#8939),
 .UNSPECIFIED.,.F.,.F.,(4,1,4),(0.,0.0758158829845135,0.157157560034864),
 .UNSPECIFIED.);
#357=B_SPLINE_CURVE_WITH_KNOTS('',3,(#8941,#8942,#8943,#8944,#8945),
 .UNSPECIFIED.,.F.,.F.,(4,1,4),(-0.157157560034864,-0.0758158829845135,
0.),.UNSPECIFIED.);
#358=B_SPLINE_CURVE_WITH_KNOTS('',3,(#8958,#8959,#8960,#8961,#8962),
 .UNSPECIFIED.,.F.,.F.,(4,1,4),(0.,0.0715042975063759,0.136161951308311),
 .UNSPECIFIED.);
#359=B_SPLINE_CURVE_WITH_KNOTS('',3,(#8964,#8965,#8966,#8967,#8968),
 .UNSPECIFIED.,.F.,.F.,(4,1,4),(-0.136161951308311,-0.0715042975063759,
0.),.UNSPECIFIED.);
#360=B_SPLINE_CURVE_WITH_KNOTS('',3,(#8981,#8982,#8983,#8984,#8985),
 .UNSPECIFIED.,.F.,.F.,(4,1,4),(0.,0.0571740327173634,0.107218827620665),
 .UNSPECIFIED.);
#361=B_SPLINE_CURVE_WITH_KNOTS('',3,(#8987,#8988,#8989,#8990,#8991),
 .UNSPECIFIED.,.F.,.F.,(4,1,4),(-0.107218827620665,-0.0571740327173634,
0.),.UNSPECIFIED.);
#362=B_SPLINE_CURVE_WITH_KNOTS('',3,(#9004,#9005,#9006,#9007,#9008),
 .UNSPECIFIED.,.F.,.F.,(4,1,4),(0.,0.0461825120420049,0.0913347379675628),
 .UNSPECIFIED.);
#363=B_SPLINE_CURVE_WITH_KNOTS('',3,(#9010,#9011,#9012,#9013,#9014),
 .UNSPECIFIED.,.F.,.F.,(4,1,4),(-0.0913347379675628,-0.0461825120420049,
0.),.UNSPECIFIED.);
#364=B_SPLINE_CURVE_WITH_KNOTS('',3,(#9027,#9028,#9029,#9030,#9031),
 .UNSPECIFIED.,.F.,.F.,(4,1,4),(0.,0.0446071582795966,0.0878673179734664),
 .UNSPECIFIED.);
#365=B_SPLINE_CURVE_WITH_KNOTS('',3,(#9033,#9034,#9035,#9036,#9037),
 .UNSPECIFIED.,.F.,.F.,(4,1,4),(-0.0878673179734664,-0.0446071582795966,
0.),.UNSPECIFIED.);
#366=B_SPLINE_CURVE_WITH_KNOTS('',3,(#9050,#9051,#9052,#9053,#9054),
 .UNSPECIFIED.,.F.,.F.,(4,1,4),(0.,0.048490558758718,0.108625347236074),
 .UNSPECIFIED.);
#367=B_SPLINE_CURVE_WITH_KNOTS('',3,(#9056,#9057,#9058,#9059,#9060),
 .UNSPECIFIED.,.F.,.F.,(4,1,4),(-0.108625347236074,-0.048490558758718,0.),
 .UNSPECIFIED.);
#368=B_SPLINE_CURVE_WITH_KNOTS('',3,(#9073,#9074,#9075,#9076,#9077),
 .UNSPECIFIED.,.F.,.F.,(4,1,4),(0.,0.0676665308280695,0.184654136353423),
 .UNSPECIFIED.);
#369=B_SPLINE_CURVE_WITH_KNOTS('',3,(#9079,#9080,#9081,#9082,#9083),
 .UNSPECIFIED.,.F.,.F.,(4,1,4),(-0.184654136353423,-0.0676665308280695,
0.),.UNSPECIFIED.);
#370=B_SPLINE_CURVE_WITH_KNOTS('',3,(#9096,#9097,#9098,#9099,#9100),
 .UNSPECIFIED.,.F.,.F.,(4,1,4),(0.,0.121485517916051,0.203186457484569),
 .UNSPECIFIED.);
#371=B_SPLINE_CURVE_WITH_KNOTS('',3,(#9102,#9103,#9104,#9105,#9106),
 .UNSPECIFIED.,.F.,.F.,(4,1,4),(-0.203186457484569,-0.121485517916051,0.),
 .UNSPECIFIED.);
#372=B_SPLINE_CURVE_WITH_KNOTS('',3,(#9119,#9120,#9121,#9122,#9123),
 .UNSPECIFIED.,.F.,.F.,(4,1,4),(0.,0.0753212458063606,0.142900270683372),
 .UNSPECIFIED.);
#373=B_SPLINE_CURVE_WITH_KNOTS('',3,(#9125,#9126,#9127,#9128,#9129),
 .UNSPECIFIED.,.F.,.F.,(4,1,4),(-0.142900270683372,-0.0753212458063606,
0.),.UNSPECIFIED.);
#374=B_SPLINE_CURVE_WITH_KNOTS('',3,(#9142,#9143,#9144,#9145,#9146),
 .UNSPECIFIED.,.F.,.F.,(4,1,4),(0.,0.0645414736921776,0.13069659508606),
 .UNSPECIFIED.);
#375=B_SPLINE_CURVE_WITH_KNOTS('',3,(#9148,#9149,#9150,#9151,#9152),
 .UNSPECIFIED.,.F.,.F.,(4,1,4),(-0.13069659508606,-0.0645414736921776,0.),
 .UNSPECIFIED.);
#376=B_SPLINE_CURVE_WITH_KNOTS('',3,(#9165,#9166,#9167,#9168,#9169),
 .UNSPECIFIED.,.F.,.F.,(4,1,4),(0.,0.0740272441962973,0.149548363090776),
 .UNSPECIFIED.);
#377=B_SPLINE_CURVE_WITH_KNOTS('',3,(#9171,#9172,#9173,#9174,#9175),
 .UNSPECIFIED.,.F.,.F.,(4,1,4),(-0.149548363090776,-0.0740272441962973,
0.),.UNSPECIFIED.);
#378=B_SPLINE_CURVE_WITH_KNOTS('',3,(#9188,#9189,#9190,#9191,#9192),
 .UNSPECIFIED.,.F.,.F.,(4,1,4),(0.,0.0784002500842333,0.162332245299089),
 .UNSPECIFIED.);
#379=B_SPLINE_CURVE_WITH_KNOTS('',3,(#9194,#9195,#9196,#9197,#9198),
 .UNSPECIFIED.,.F.,.F.,(4,1,4),(-0.162332245299089,-0.0784002500842333,
0.),.UNSPECIFIED.);
#380=B_SPLINE_CURVE_WITH_KNOTS('',3,(#9211,#9212,#9213,#9214,#9215),
 .UNSPECIFIED.,.F.,.F.,(4,1,4),(0.,0.0908186705609991,0.187545886888351),
 .UNSPECIFIED.);
#381=B_SPLINE_CURVE_WITH_KNOTS('',3,(#9217,#9218,#9219,#9220,#9221),
 .UNSPECIFIED.,.F.,.F.,(4,1,4),(-0.187545886888351,-0.0908186705609991,
0.),.UNSPECIFIED.);
#382=B_SPLINE_CURVE_WITH_KNOTS('',3,(#9234,#9235,#9236,#9237,#9238),
 .UNSPECIFIED.,.F.,.F.,(4,1,4),(0.,0.10500378186879,0.200355166618266),
 .UNSPECIFIED.);
#383=B_SPLINE_CURVE_WITH_KNOTS('',3,(#9240,#9241,#9242,#9243,#9244),
 .UNSPECIFIED.,.F.,.F.,(4,1,4),(-0.200355166618266,-0.10500378186879,0.),
 .UNSPECIFIED.);
#384=B_SPLINE_CURVE_WITH_KNOTS('',3,(#9257,#9258,#9259,#9260,#9261),
 .UNSPECIFIED.,.F.,.F.,(4,1,4),(0.,0.0871851663170577,0.169760881375292),
 .UNSPECIFIED.);
#385=B_SPLINE_CURVE_WITH_KNOTS('',3,(#9263,#9264,#9265,#9266,#9267),
 .UNSPECIFIED.,.F.,.F.,(4,1,4),(-0.169760881375292,-0.0871851663170577,
0.),.UNSPECIFIED.);
#386=B_SPLINE_CURVE_WITH_KNOTS('',3,(#9280,#9281,#9282,#9283,#9284),
 .UNSPECIFIED.,.F.,.F.,(4,1,4),(0.,0.082079051829504,0.166633567436802),
 .UNSPECIFIED.);
#387=B_SPLINE_CURVE_WITH_KNOTS('',3,(#9286,#9287,#9288,#9289,#9290),
 .UNSPECIFIED.,.F.,.F.,(4,1,4),(-0.166633567436802,-0.082079051829504,0.),
 .UNSPECIFIED.);
#388=B_SPLINE_CURVE_WITH_KNOTS('',3,(#9309,#9310,#9311,#9312,#9313),
 .UNSPECIFIED.,.F.,.F.,(4,1,4),(0.,0.0861880936234744,0.162310076937512),
 .UNSPECIFIED.);
#389=B_SPLINE_CURVE_WITH_KNOTS('',3,(#9315,#9316,#9317,#9318,#9319),
 .UNSPECIFIED.,.F.,.F.,(4,1,4),(-0.162310076937512,-0.0861880936234744,
0.),.UNSPECIFIED.);
#390=B_SPLINE_CURVE_WITH_KNOTS('',3,(#9332,#9333,#9334,#9335,#9336),
 .UNSPECIFIED.,.F.,.F.,(4,1,4),(0.,0.0816030182082024,0.18353543903086),
 .UNSPECIFIED.);
#391=B_SPLINE_CURVE_WITH_KNOTS('',3,(#9338,#9339,#9340,#9341,#9342),
 .UNSPECIFIED.,.F.,.F.,(4,1,4),(-0.18353543903086,-0.0816030182082024,0.),
 .UNSPECIFIED.);
#392=B_SPLINE_CURVE_WITH_KNOTS('',3,(#9355,#9356,#9357,#9358,#9359),
 .UNSPECIFIED.,.F.,.F.,(4,1,4),(0.,0.104350092788488,0.182822382294414),
 .UNSPECIFIED.);
#393=B_SPLINE_CURVE_WITH_KNOTS('',3,(#9361,#9362,#9363,#9364,#9365),
 .UNSPECIFIED.,.F.,.F.,(4,1,4),(-0.182822382294414,-0.104350092788488,0.),
 .UNSPECIFIED.);
#394=B_SPLINE_CURVE_WITH_KNOTS('',3,(#9378,#9379,#9380,#9381,#9382),
 .UNSPECIFIED.,.F.,.F.,(4,1,4),(0.,0.0636388875446569,0.122808017819053),
 .UNSPECIFIED.);
#395=B_SPLINE_CURVE_WITH_KNOTS('',3,(#9384,#9385,#9386,#9387,#9388),
 .UNSPECIFIED.,.F.,.F.,(4,1,4),(-0.122808017819053,-0.0636388875446569,
0.),.UNSPECIFIED.);
#396=B_SPLINE_CURVE_WITH_KNOTS('',3,(#9401,#9402,#9403,#9404,#9405),
 .UNSPECIFIED.,.F.,.F.,(4,1,4),(0.,0.0500658817781103,0.09921490561675),
 .UNSPECIFIED.);
#397=B_SPLINE_CURVE_WITH_KNOTS('',3,(#9407,#9408,#9409,#9410,#9411),
 .UNSPECIFIED.,.F.,.F.,(4,1,4),(-0.09921490561675,-0.0500658817781103,0.),
 .UNSPECIFIED.);
#398=B_SPLINE_CURVE_WITH_KNOTS('',3,(#9424,#9425,#9426,#9427,#9428),
 .UNSPECIFIED.,.F.,.F.,(4,1,4),(0.,0.0774490773667732,0.212882271059074),
 .UNSPECIFIED.);
#399=B_SPLINE_CURVE_WITH_KNOTS('',3,(#9430,#9431,#9432,#9433,#9434),
 .UNSPECIFIED.,.F.,.F.,(4,1,4),(-0.212882271059074,-0.0774490773667732,
0.),.UNSPECIFIED.);
#400=B_SPLINE_CURVE_WITH_KNOTS('',3,(#9447,#9448,#9449,#9450,#9451),
 .UNSPECIFIED.,.F.,.F.,(4,1,4),(0.,0.140231557811943,0.230565710097225),
 .UNSPECIFIED.);
#401=B_SPLINE_CURVE_WITH_KNOTS('',3,(#9453,#9454,#9455,#9456,#9457),
 .UNSPECIFIED.,.F.,.F.,(4,1,4),(-0.230565710097225,-0.140231557811943,0.),
 .UNSPECIFIED.);
#402=B_SPLINE_CURVE_WITH_KNOTS('',3,(#9470,#9471,#9472,#9473,#9474),
 .UNSPECIFIED.,.F.,.F.,(4,1,4),(0.,0.0885423207811168,0.165932899466623),
 .UNSPECIFIED.);
#403=B_SPLINE_CURVE_WITH_KNOTS('',3,(#9476,#9477,#9478,#9479,#9480),
 .UNSPECIFIED.,.F.,.F.,(4,1,4),(-0.165932899466623,-0.0885423207811168,
0.),.UNSPECIFIED.);
#404=B_SPLINE_CURVE_WITH_KNOTS('',3,(#9493,#9494,#9495,#9496,#9497),
 .UNSPECIFIED.,.F.,.F.,(4,1,4),(0.,0.0733880702875056,0.149900010067412),
 .UNSPECIFIED.);
#405=B_SPLINE_CURVE_WITH_KNOTS('',3,(#9499,#9500,#9501,#9502,#9503),
 .UNSPECIFIED.,.F.,.F.,(4,1,4),(-0.149900010067412,-0.0733880702875056,
0.),.UNSPECIFIED.);
#406=B_SPLINE_CURVE_WITH_KNOTS('',3,(#9516,#9517,#9518,#9519,#9520),
 .UNSPECIFIED.,.F.,.F.,(4,1,4),(0.,0.0783445223692298,0.158903047992126),
 .UNSPECIFIED.);
#407=B_SPLINE_CURVE_WITH_KNOTS('',3,(#9522,#9523,#9524,#9525,#9526),
 .UNSPECIFIED.,.F.,.F.,(4,1,4),(-0.158903047992126,-0.0783445223692298,
0.),.UNSPECIFIED.);
#408=B_SPLINE_CURVE_WITH_KNOTS('',3,(#9539,#9540,#9541,#9542,#9543),
 .UNSPECIFIED.,.F.,.F.,(4,1,4),(0.,0.0838951656527431,0.172975630057708),
 .UNSPECIFIED.);
#409=B_SPLINE_CURVE_WITH_KNOTS('',3,(#9545,#9546,#9547,#9548,#9549),
 .UNSPECIFIED.,.F.,.F.,(4,1,4),(-0.172975630057708,-0.0838951656527431,
0.),.UNSPECIFIED.);
#410=B_SPLINE_CURVE_WITH_KNOTS('',3,(#9562,#9563,#9564,#9565,#9566),
 .UNSPECIFIED.,.F.,.F.,(4,1,4),(0.,0.0956163908777278,0.197810392921454),
 .UNSPECIFIED.);
#411=B_SPLINE_CURVE_WITH_KNOTS('',3,(#9568,#9569,#9570,#9571,#9572),
 .UNSPECIFIED.,.F.,.F.,(4,1,4),(-0.197810392921454,-0.0956163908777278,
0.),.UNSPECIFIED.);
#412=B_SPLINE_CURVE_WITH_KNOTS('',3,(#9585,#9586,#9587,#9588,#9589),
 .UNSPECIFIED.,.F.,.F.,(4,1,4),(0.,0.125135676297765,0.232080096844355),
 .UNSPECIFIED.);
#413=B_SPLINE_CURVE_WITH_KNOTS('',3,(#9591,#9592,#9593,#9594,#9595),
 .UNSPECIFIED.,.F.,.F.,(4,1,4),(-0.232080096844355,-0.125135676297765,0.),
 .UNSPECIFIED.);
#414=B_SPLINE_CURVE_WITH_KNOTS('',3,(#9608,#9609,#9610,#9611,#9612),
 .UNSPECIFIED.,.F.,.F.,(4,1,4),(0.,0.0956790352205747,0.188857663838392),
 .UNSPECIFIED.);
#415=B_SPLINE_CURVE_WITH_KNOTS('',3,(#9614,#9615,#9616,#9617,#9618),
 .UNSPECIFIED.,.F.,.F.,(4,1,4),(-0.188857663838392,-0.0956790352205747,
0.),.UNSPECIFIED.);
#416=B_SPLINE_CURVE_WITH_KNOTS('',3,(#9630,#9631,#9632,#9633,#9634),
 .UNSPECIFIED.,.F.,.F.,(4,1,4),(0.,0.0935651144537266,0.189827224370903),
 .UNSPECIFIED.);
#417=B_SPLINE_CURVE_WITH_KNOTS('',3,(#9635,#9636,#9637,#9638,#9639),
 .UNSPECIFIED.,.F.,.F.,(4,1,4),(-0.189827224370903,-0.0935651144537266,
0.),.UNSPECIFIED.);
#418=B_SPLINE_CURVE_WITH_KNOTS('',3,(#9686,#9687,#9688,#9689,#9690),
 .UNSPECIFIED.,.F.,.F.,(4,1,4),(0.,0.081503791990215,0.146356519209801),
 .UNSPECIFIED.);
#419=B_SPLINE_CURVE_WITH_KNOTS('',3,(#9692,#9693,#9694,#9695,#9696),
 .UNSPECIFIED.,.F.,.F.,(4,1,4),(-0.146356519209801,-0.081503791990215,0.),
 .UNSPECIFIED.);
#420=B_SPLINE_CURVE_WITH_KNOTS('',3,(#9709,#9710,#9711,#9712,#9713),
 .UNSPECIFIED.,.F.,.F.,(4,1,4),(0.,0.0858386069476378,0.17242880700158),
 .UNSPECIFIED.);
#421=B_SPLINE_CURVE_WITH_KNOTS('',3,(#9715,#9716,#9717,#9718,#9719),
 .UNSPECIFIED.,.F.,.F.,(4,1,4),(-0.17242880700158,-0.0858386069476378,0.),
 .UNSPECIFIED.);
#422=B_SPLINE_CURVE_WITH_KNOTS('',3,(#9732,#9733,#9734,#9735,#9736),
 .UNSPECIFIED.,.F.,.F.,(4,1,4),(0.,0.0791240079989,0.156242843503925),
 .UNSPECIFIED.);
#423=B_SPLINE_CURVE_WITH_KNOTS('',3,(#9738,#9739,#9740,#9741,#9742),
 .UNSPECIFIED.,.F.,.F.,(4,1,4),(-0.156242843503925,-0.0791240079989,0.),
 .UNSPECIFIED.);
#424=B_SPLINE_CURVE_WITH_KNOTS('',3,(#9754,#9755,#9756,#9757,#9758),
 .UNSPECIFIED.,.F.,.F.,(4,1,4),(0.,0.0798866946382736,0.167247072241773),
 .UNSPECIFIED.);
#425=B_SPLINE_CURVE_WITH_KNOTS('',3,(#9759,#9760,#9761,#9762,#9763),
 .UNSPECIFIED.,.F.,.F.,(4,1,4),(-0.167247072241773,-0.0798866946382736,
0.),.UNSPECIFIED.);
#426=B_SPLINE_CURVE_WITH_KNOTS('',3,(#9784,#9785,#9786,#9787,#9788),
 .UNSPECIFIED.,.F.,.F.,(4,1,4),(0.,0.10761667690737,0.208257950867343),
 .UNSPECIFIED.);
#427=B_SPLINE_CURVE_WITH_KNOTS('',3,(#9790,#9791,#9792,#9793,#9794),
 .UNSPECIFIED.,.F.,.F.,(4,1,4),(-0.208257950867343,-0.10761667690737,0.),
 .UNSPECIFIED.);
#428=B_SPLINE_CURVE_WITH_KNOTS('',3,(#9807,#9808,#9809,#9810,#9811),
 .UNSPECIFIED.,.F.,.F.,(4,1,4),(0.,0.103261967180955,0.219220658189223),
 .UNSPECIFIED.);
#429=B_SPLINE_CURVE_WITH_KNOTS('',3,(#9813,#9814,#9815,#9816,#9817),
 .UNSPECIFIED.,.F.,.F.,(4,1,4),(-0.219220658189223,-0.103261967180955,0.),
 .UNSPECIFIED.);
#430=B_SPLINE_CURVE_WITH_KNOTS('',3,(#9830,#9831,#9832,#9833,#9834),
 .UNSPECIFIED.,.F.,.F.,(4,1,4),(0.,0.144565910587593,0.276454073250248),
 .UNSPECIFIED.);
#431=B_SPLINE_CURVE_WITH_KNOTS('',3,(#9836,#9837,#9838,#9839,#9840),
 .UNSPECIFIED.,.F.,.F.,(4,1,4),(-0.276454073250248,-0.144565910587593,0.),
 .UNSPECIFIED.);
#432=B_SPLINE_CURVE_WITH_KNOTS('',3,(#9853,#9854,#9855,#9856,#9857),
 .UNSPECIFIED.,.F.,.F.,(4,1,4),(0.,0.136755659209686,0.295446934493481),
 .UNSPECIFIED.);
#433=B_SPLINE_CURVE_WITH_KNOTS('',3,(#9859,#9860,#9861,#9862,#9863),
 .UNSPECIFIED.,.F.,.F.,(4,1,4),(-0.295446934493481,-0.136755659209686,0.),
 .UNSPECIFIED.);
#434=B_SPLINE_CURVE_WITH_KNOTS('',3,(#9876,#9877,#9878,#9879,#9880),
 .UNSPECIFIED.,.F.,.F.,(4,1,4),(0.,0.164043341691686,0.304495936833343),
 .UNSPECIFIED.);
#435=B_SPLINE_CURVE_WITH_KNOTS('',3,(#9882,#9883,#9884,#9885,#9886),
 .UNSPECIFIED.,.F.,.F.,(4,1,4),(-0.304495936833343,-0.164043341691686,0.),
 .UNSPECIFIED.);
#436=B_SPLINE_CURVE_WITH_KNOTS('',3,(#9899,#9900,#9901,#9902,#9903),
 .UNSPECIFIED.,.F.,.F.,(4,1,4),(0.,0.131993568792442,0.270398775198888),
 .UNSPECIFIED.);
#437=B_SPLINE_CURVE_WITH_KNOTS('',3,(#9905,#9906,#9907,#9908,#9909),
 .UNSPECIFIED.,.F.,.F.,(4,1,4),(-0.270398775198888,-0.131993568792442,0.),
 .UNSPECIFIED.);
#438=B_SPLINE_CURVE_WITH_KNOTS('',3,(#9922,#9923,#9924,#9925,#9926),
 .UNSPECIFIED.,.F.,.F.,(4,1,4),(0.,0.134288066066595,0.263166697533859),
 .UNSPECIFIED.);
#439=B_SPLINE_CURVE_WITH_KNOTS('',3,(#9928,#9929,#9930,#9931,#9932),
 .UNSPECIFIED.,.F.,.F.,(4,1,4),(-0.263166697533859,-0.134288066066595,0.),
 .UNSPECIFIED.);
#440=B_SPLINE_CURVE_WITH_KNOTS('',3,(#9945,#9946,#9947,#9948,#9949),
 .UNSPECIFIED.,.F.,.F.,(4,1,4),(0.,0.137617295583108,0.298549397049263),
 .UNSPECIFIED.);
#441=B_SPLINE_CURVE_WITH_KNOTS('',3,(#9951,#9952,#9953,#9954,#9955),
 .UNSPECIFIED.,.F.,.F.,(4,1,4),(-0.298549397049263,-0.137617295583108,0.),
 .UNSPECIFIED.);
#442=B_SPLINE_CURVE_WITH_KNOTS('',3,(#9968,#9969,#9970,#9971,#9972),
 .UNSPECIFIED.,.F.,.F.,(4,1,4),(0.,0.0136436174962033,0.0327500625051732),
 .UNSPECIFIED.);
#443=B_SPLINE_CURVE_WITH_KNOTS('',3,(#9974,#9975,#9976,#9977,#9978),
 .UNSPECIFIED.,.F.,.F.,(4,1,4),(-0.0327500625051732,-0.0136436174962033,
0.),.UNSPECIFIED.);
#444=B_SPLINE_CURVE_WITH_KNOTS('',3,(#9997,#9998,#9999,#10000,#10001),
 .UNSPECIFIED.,.F.,.F.,(4,1,4),(0.,0.107324887136278,0.198019249617392),
 .UNSPECIFIED.);
#445=B_SPLINE_CURVE_WITH_KNOTS('',3,(#10003,#10004,#10005,#10006,#10007),
 .UNSPECIFIED.,.F.,.F.,(4,1,4),(-0.198019249617392,-0.107324887136278,0.),
 .UNSPECIFIED.);
#446=B_SPLINE_CURVE_WITH_KNOTS('',3,(#10020,#10021,#10022,#10023,#10024),
 .UNSPECIFIED.,.F.,.F.,(4,1,4),(0.,0.0831668247843591,0.167884078798029),
 .UNSPECIFIED.);
#447=B_SPLINE_CURVE_WITH_KNOTS('',3,(#10026,#10027,#10028,#10029,#10030),
 .UNSPECIFIED.,.F.,.F.,(4,1,4),(-0.167884078798029,-0.0831668247843591,
0.),.UNSPECIFIED.);
#448=B_SPLINE_CURVE_WITH_KNOTS('',3,(#10043,#10044,#10045,#10046,#10047),
 .UNSPECIFIED.,.F.,.F.,(4,1,4),(0.,0.0632104685997126,0.122239361199419),
 .UNSPECIFIED.);
#449=B_SPLINE_CURVE_WITH_KNOTS('',3,(#10049,#10050,#10051,#10052,#10053),
 .UNSPECIFIED.,.F.,.F.,(4,1,4),(-0.122239361199419,-0.0632104685997126,
0.),.UNSPECIFIED.);
#450=B_SPLINE_CURVE_WITH_KNOTS('',3,(#10065,#10066,#10067,#10068,#10069),
 .UNSPECIFIED.,.F.,.F.,(4,1,4),(0.,0.0628661920406909,0.137683989249252),
 .UNSPECIFIED.);
#451=B_SPLINE_CURVE_WITH_KNOTS('',3,(#10070,#10071,#10072,#10073,#10074),
 .UNSPECIFIED.,.F.,.F.,(4,1,4),(-0.137683989249252,-0.0628661920406909,
0.),.UNSPECIFIED.);
#452=B_SPLINE_CURVE_WITH_KNOTS('',3,(#10097,#10098,#10099,#10100,#10101),
 .UNSPECIFIED.,.F.,.F.,(4,1,4),(0.,0.0497907235540038,0.0935322522194925),
 .UNSPECIFIED.);
#453=B_SPLINE_CURVE_WITH_KNOTS('',3,(#10103,#10104,#10105,#10106,#10107),
 .UNSPECIFIED.,.F.,.F.,(4,1,4),(-0.0935322522194925,-0.0497907235540038,
0.),.UNSPECIFIED.);
#454=B_SPLINE_CURVE_WITH_KNOTS('',3,(#10120,#10121,#10122,#10123,#10124),
 .UNSPECIFIED.,.F.,.F.,(4,1,4),(0.,0.059580237957698,0.106669531508746),
 .UNSPECIFIED.);
#455=B_SPLINE_CURVE_WITH_KNOTS('',3,(#10126,#10127,#10128,#10129,#10130),
 .UNSPECIFIED.,.F.,.F.,(4,1,4),(-0.106669531508746,-0.059580237957698,0.),
 .UNSPECIFIED.);
#456=B_SPLINE_CURVE_WITH_KNOTS('',3,(#10143,#10144,#10145,#10146,#10147),
 .UNSPECIFIED.,.F.,.F.,(4,1,4),(0.,0.0397921522082957,0.0770392990940713),
 .UNSPECIFIED.);
#457=B_SPLINE_CURVE_WITH_KNOTS('',3,(#10149,#10150,#10151,#10152,#10153),
 .UNSPECIFIED.,.F.,.F.,(4,1,4),(-0.0770392990940713,-0.0397921522082957,
0.),.UNSPECIFIED.);
#458=B_SPLINE_CURVE_WITH_KNOTS('',3,(#10166,#10167,#10168,#10169,#10170),
 .UNSPECIFIED.,.F.,.F.,(4,1,4),(0.,0.0546335291403978,0.146200928131145),
 .UNSPECIFIED.);
#459=B_SPLINE_CURVE_WITH_KNOTS('',3,(#10172,#10173,#10174,#10175,#10176),
 .UNSPECIFIED.,.F.,.F.,(4,1,4),(-0.146200928131145,-0.0546335291403978,
0.),.UNSPECIFIED.);
#460=B_SPLINE_CURVE_WITH_KNOTS('',3,(#10255,#10256,#10257,#10258,#10259),
 .UNSPECIFIED.,.F.,.F.,(4,1,4),(0.,0.0431749622071468,0.0680406822043496),
 .UNSPECIFIED.);
#461=B_SPLINE_CURVE_WITH_KNOTS('',3,(#10261,#10262,#10263,#10264,#10265),
 .UNSPECIFIED.,.F.,.F.,(4,1,4),(-0.0680406822043496,-0.0431749622071468,
0.),.UNSPECIFIED.);
#462=B_SPLINE_CURVE_WITH_KNOTS('',3,(#10278,#10279,#10280,#10281,#10282),
 .UNSPECIFIED.,.F.,.F.,(4,1,4),(0.,0.0159441635615633,0.0322980746704565),
 .UNSPECIFIED.);
#463=B_SPLINE_CURVE_WITH_KNOTS('',3,(#10284,#10285,#10286,#10287,#10288),
 .UNSPECIFIED.,.F.,.F.,(4,1,4),(-0.0322980746704565,-0.0159441635615633,
0.),.UNSPECIFIED.);
#464=B_SPLINE_CURVE_WITH_KNOTS('',3,(#10301,#10302,#10303,#10304,#10305),
 .UNSPECIFIED.,.F.,.F.,(4,1,4),(0.,0.0190209984633334,0.0432524926321505),
 .UNSPECIFIED.);
#465=B_SPLINE_CURVE_WITH_KNOTS('',3,(#10307,#10308,#10309,#10310,#10311),
 .UNSPECIFIED.,.F.,.F.,(4,1,4),(-0.0432524926321505,-0.0190209984633334,
0.),.UNSPECIFIED.);
#466=B_SPLINE_CURVE_WITH_KNOTS('',3,(#10323,#10324,#10325,#10326,#10327),
 .UNSPECIFIED.,.F.,.F.,(4,1,4),(0.,0.0237345627457687,0.0541300708359824),
 .UNSPECIFIED.);
#467=B_SPLINE_CURVE_WITH_KNOTS('',3,(#10328,#10329,#10330,#10331,#10332),
 .UNSPECIFIED.,.F.,.F.,(4,1,4),(-0.0541300708359824,-0.0237345627457687,
0.),.UNSPECIFIED.);
#468=B_SPLINE_CURVE_WITH_KNOTS('',3,(#10354,#10355,#10356,#10357,#10358),
 .UNSPECIFIED.,.F.,.F.,(4,1,4),(0.,0.0673043672973322,0.127814267735121),
 .UNSPECIFIED.);
#469=B_SPLINE_CURVE_WITH_KNOTS('',3,(#10360,#10361,#10362,#10363,#10364),
 .UNSPECIFIED.,.F.,.F.,(4,1,4),(-0.127814267735121,-0.0673043672973322,
0.),.UNSPECIFIED.);
#470=B_SPLINE_CURVE_WITH_KNOTS('',3,(#10377,#10378,#10379,#10380,#10381),
 .UNSPECIFIED.,.F.,.F.,(4,1,4),(0.,0.0631551948361298,0.138393588477396),
 .UNSPECIFIED.);
#471=B_SPLINE_CURVE_WITH_KNOTS('',3,(#10383,#10384,#10385,#10386,#10387),
 .UNSPECIFIED.,.F.,.F.,(4,1,4),(-0.138393588477396,-0.0631551948361298,
0.),.UNSPECIFIED.);
#472=B_SPLINE_CURVE_WITH_KNOTS('',3,(#10400,#10401,#10402,#10403,#10404),
 .UNSPECIFIED.,.F.,.F.,(4,1,4),(0.,0.0741715634583177,0.132093891466205),
 .UNSPECIFIED.);
#473=B_SPLINE_CURVE_WITH_KNOTS('',3,(#10406,#10407,#10408,#10409,#10410),
 .UNSPECIFIED.,.F.,.F.,(4,1,4),(-0.132093891466205,-0.0741715634583177,
0.),.UNSPECIFIED.);
#474=B_SPLINE_CURVE_WITH_KNOTS('',3,(#10423,#10424,#10425,#10426,#10427),
 .UNSPECIFIED.,.F.,.F.,(4,1,4),(0.,0.0484083943425784,0.0929986237584526),
 .UNSPECIFIED.);
#475=B_SPLINE_CURVE_WITH_KNOTS('',3,(#10429,#10430,#10431,#10432,#10433),
 .UNSPECIFIED.,.F.,.F.,(4,1,4),(-0.0929986237584526,-0.0484083943425784,
0.),.UNSPECIFIED.);
#476=B_SPLINE_CURVE_WITH_KNOTS('',3,(#10446,#10447,#10448,#10449,#10450),
 .UNSPECIFIED.,.F.,.F.,(4,1,4),(0.,0.0382589792117733,0.0774578551618362),
 .UNSPECIFIED.);
#477=B_SPLINE_CURVE_WITH_KNOTS('',3,(#10452,#10453,#10454,#10455,#10456),
 .UNSPECIFIED.,.F.,.F.,(4,1,4),(-0.0774578551618362,-0.0382589792117733,
0.),.UNSPECIFIED.);
#478=B_SPLINE_CURVE_WITH_KNOTS('',3,(#10469,#10470,#10471,#10472,#10473),
 .UNSPECIFIED.,.F.,.F.,(4,1,4),(0.,0.0477626979439927,0.132465677304449),
 .UNSPECIFIED.);
#479=B_SPLINE_CURVE_WITH_KNOTS('',3,(#10475,#10476,#10477,#10478,#10479),
 .UNSPECIFIED.,.F.,.F.,(4,1,4),(-0.132465677304449,-0.0477626979439927,
0.),.UNSPECIFIED.);
#480=B_SPLINE_CURVE_WITH_KNOTS('',3,(#10492,#10493,#10494,#10495,#10496),
 .UNSPECIFIED.,.F.,.F.,(4,1,4),(0.,0.118682517440957,0.196493594849862),
 .UNSPECIFIED.);
#481=B_SPLINE_CURVE_WITH_KNOTS('',3,(#10498,#10499,#10500,#10501,#10502),
 .UNSPECIFIED.,.F.,.F.,(4,1,4),(-0.196493594849862,-0.118682517440957,0.),
 .UNSPECIFIED.);
#482=B_SPLINE_CURVE_WITH_KNOTS('',3,(#10515,#10516,#10517,#10518,#10519),
 .UNSPECIFIED.,.F.,.F.,(4,1,4),(0.,0.054633398929602,0.106055230128558),
 .UNSPECIFIED.);
#483=B_SPLINE_CURVE_WITH_KNOTS('',3,(#10521,#10522,#10523,#10524,#10525),
 .UNSPECIFIED.,.F.,.F.,(4,1,4),(-0.106055230128558,-0.054633398929602,0.),
 .UNSPECIFIED.);
#484=B_SPLINE_CURVE_WITH_KNOTS('',3,(#10538,#10539,#10540,#10541,#10542),
 .UNSPECIFIED.,.F.,.F.,(4,1,4),(0.,0.0505174972993469,0.101865015143463),
 .UNSPECIFIED.);
#485=B_SPLINE_CURVE_WITH_KNOTS('',3,(#10544,#10545,#10546,#10547,#10548),
 .UNSPECIFIED.,.F.,.F.,(4,1,4),(-0.101865015143463,-0.0505174972993469,
0.),.UNSPECIFIED.);
#486=B_SPLINE_CURVE_WITH_KNOTS('',3,(#10561,#10562,#10563,#10564,#10565),
 .UNSPECIFIED.,.F.,.F.,(4,1,4),(0.,0.0469685983754134,0.0931267508087865),
 .UNSPECIFIED.);
#487=B_SPLINE_CURVE_WITH_KNOTS('',3,(#10567,#10568,#10569,#10570,#10571),
 .UNSPECIFIED.,.F.,.F.,(4,1,4),(-0.0931267508087865,-0.0469685983754134,
0.),.UNSPECIFIED.);
#488=B_SPLINE_CURVE_WITH_KNOTS('',3,(#10584,#10585,#10586,#10587,#10588),
 .UNSPECIFIED.,.F.,.F.,(4,1,4),(0.,0.0459567530476973,0.0919625997971848),
 .UNSPECIFIED.);
#489=B_SPLINE_CURVE_WITH_KNOTS('',3,(#10590,#10591,#10592,#10593,#10594),
 .UNSPECIFIED.,.F.,.F.,(4,1,4),(-0.0919625997971848,-0.0459567530476973,
0.),.UNSPECIFIED.);
#490=B_SPLINE_CURVE_WITH_KNOTS('',3,(#10607,#10608,#10609,#10610,#10611),
 .UNSPECIFIED.,.F.,.F.,(4,1,4),(0.,0.039078485868669,0.0862329681422909),
 .UNSPECIFIED.);
#491=B_SPLINE_CURVE_WITH_KNOTS('',3,(#10613,#10614,#10615,#10616,#10617),
 .UNSPECIFIED.,.F.,.F.,(4,1,4),(-0.0862329681422909,-0.039078485868669,
0.),.UNSPECIFIED.);
#492=B_SPLINE_CURVE_WITH_KNOTS('',3,(#10630,#10631,#10632,#10633,#10634),
 .UNSPECIFIED.,.F.,.F.,(4,1,4),(0.,0.0524123609625481,0.107360603788767),
 .UNSPECIFIED.);
#493=B_SPLINE_CURVE_WITH_KNOTS('',3,(#10636,#10637,#10638,#10639,#10640),
 .UNSPECIFIED.,.F.,.F.,(4,1,4),(-0.107360603788767,-0.0524123609625481,
0.),.UNSPECIFIED.);
#494=B_SPLINE_CURVE_WITH_KNOTS('',3,(#10653,#10654,#10655,#10656,#10657),
 .UNSPECIFIED.,.F.,.F.,(4,1,4),(0.,0.0802997914631077,0.152355400808161),
 .UNSPECIFIED.);
#495=B_SPLINE_CURVE_WITH_KNOTS('',3,(#10659,#10660,#10661,#10662,#10663),
 .UNSPECIFIED.,.F.,.F.,(4,1,4),(-0.152355400808161,-0.0802997914631077,
0.),.UNSPECIFIED.);
#496=B_SPLINE_CURVE_WITH_KNOTS('',3,(#10676,#10677,#10678,#10679,#10680),
 .UNSPECIFIED.,.F.,.F.,(4,1,4),(0.,0.0630375080503729,0.117311503562696),
 .UNSPECIFIED.);
#497=B_SPLINE_CURVE_WITH_KNOTS('',3,(#10682,#10683,#10684,#10685,#10686),
 .UNSPECIFIED.,.F.,.F.,(4,1,4),(-0.117311503562696,-0.0630375080503729,
0.),.UNSPECIFIED.);
#498=B_SPLINE_CURVE_WITH_KNOTS('',3,(#10699,#10700,#10701,#10702,#10703),
 .UNSPECIFIED.,.F.,.F.,(4,1,4),(0.,0.0554581773535166,0.120726834131023),
 .UNSPECIFIED.);
#499=B_SPLINE_CURVE_WITH_KNOTS('',3,(#10705,#10706,#10707,#10708,#10709),
 .UNSPECIFIED.,.F.,.F.,(4,1,4),(-0.120726834131023,-0.0554581773535166,
0.),.UNSPECIFIED.);
#500=B_SPLINE_CURVE_WITH_KNOTS('',3,(#10728,#10729,#10730,#10731,#10732),
 .UNSPECIFIED.,.F.,.F.,(4,1,4),(0.,0.0522859113354038,0.101249777283621),
 .UNSPECIFIED.);
#501=B_SPLINE_CURVE_WITH_KNOTS('',3,(#10734,#10735,#10736,#10737,#10738),
 .UNSPECIFIED.,.F.,.F.,(4,1,4),(-0.101249777283621,-0.0522859113354038,
0.),.UNSPECIFIED.);
#502=B_SPLINE_CURVE_WITH_KNOTS('',3,(#10751,#10752,#10753,#10754,#10755),
 .UNSPECIFIED.,.F.,.F.,(4,1,4),(0.,0.0528509361245201,0.116856748838241),
 .UNSPECIFIED.);
#503=B_SPLINE_CURVE_WITH_KNOTS('',3,(#10757,#10758,#10759,#10760,#10761),
 .UNSPECIFIED.,.F.,.F.,(4,1,4),(-0.116856748838241,-0.0528509361245201,
0.),.UNSPECIFIED.);
#504=B_SPLINE_CURVE_WITH_KNOTS('',3,(#10774,#10775,#10776,#10777,#10778),
 .UNSPECIFIED.,.F.,.F.,(4,1,4),(0.,0.0728128559683475,0.125434756790954),
 .UNSPECIFIED.);
#505=B_SPLINE_CURVE_WITH_KNOTS('',3,(#10780,#10781,#10782,#10783,#10784),
 .UNSPECIFIED.,.F.,.F.,(4,1,4),(-0.125434756790954,-0.0728128559683475,
0.),.UNSPECIFIED.);
#506=B_SPLINE_CURVE_WITH_KNOTS('',3,(#10797,#10798,#10799,#10800,#10801),
 .UNSPECIFIED.,.F.,.F.,(4,1,4),(0.,0.0407016732935959,0.0769752175037906),
 .UNSPECIFIED.);
#507=B_SPLINE_CURVE_WITH_KNOTS('',3,(#10803,#10804,#10805,#10806,#10807),
 .UNSPECIFIED.,.F.,.F.,(4,1,4),(-0.0769752175037906,-0.0407016732935959,
0.),.UNSPECIFIED.);
#508=B_SPLINE_CURVE_WITH_KNOTS('',3,(#10820,#10821,#10822,#10823,#10824),
 .UNSPECIFIED.,.F.,.F.,(4,1,4),(0.,0.02298896500722,0.0461945942970223),
 .UNSPECIFIED.);
#509=B_SPLINE_CURVE_WITH_KNOTS('',3,(#10826,#10827,#10828,#10829,#10830),
 .UNSPECIFIED.,.F.,.F.,(4,1,4),(-0.0461945942970223,-0.02298896500722,0.),
 .UNSPECIFIED.);
#510=B_SPLINE_CURVE_WITH_KNOTS('',3,(#10843,#10844,#10845,#10846,#10847),
 .UNSPECIFIED.,.F.,.F.,(4,1,4),(0.,0.0264216964581824,0.0578496452792435),
 .UNSPECIFIED.);
#511=B_SPLINE_CURVE_WITH_KNOTS('',3,(#10849,#10850,#10851,#10852,#10853),
 .UNSPECIFIED.,.F.,.F.,(4,1,4),(-0.0578496452792435,-0.0264216964581824,
0.),.UNSPECIFIED.);
#512=B_SPLINE_CURVE_WITH_KNOTS('',3,(#10866,#10867,#10868,#10869,#10870),
 .UNSPECIFIED.,.F.,.F.,(4,1,4),(0.,0.0380273196787665,0.11291645280668),
 .UNSPECIFIED.);
#513=B_SPLINE_CURVE_WITH_KNOTS('',3,(#10872,#10873,#10874,#10875,#10876),
 .UNSPECIFIED.,.F.,.F.,(4,1,4),(-0.11291645280668,-0.0380273196787665,0.),
 .UNSPECIFIED.);
#514=B_SPLINE_CURVE_WITH_KNOTS('',3,(#10889,#10890,#10891,#10892,#10893),
 .UNSPECIFIED.,.F.,.F.,(4,1,4),(0.,0.115025359444378,0.190592030773444),
 .UNSPECIFIED.);
#515=B_SPLINE_CURVE_WITH_KNOTS('',3,(#10895,#10896,#10897,#10898,#10899),
 .UNSPECIFIED.,.F.,.F.,(4,1,4),(-0.190592030773444,-0.115025359444378,0.),
 .UNSPECIFIED.);
#516=B_SPLINE_CURVE_WITH_KNOTS('',3,(#10912,#10913,#10914,#10915,#10916),
 .UNSPECIFIED.,.F.,.F.,(4,1,4),(0.,0.053404289057264,0.104439510512143),
 .UNSPECIFIED.);
#517=B_SPLINE_CURVE_WITH_KNOTS('',3,(#10918,#10919,#10920,#10921,#10922),
 .UNSPECIFIED.,.F.,.F.,(4,1,4),(-0.104439510512143,-0.053404289057264,0.),
 .UNSPECIFIED.);
#518=B_SPLINE_CURVE_WITH_KNOTS('',3,(#10935,#10936,#10937,#10938,#10939),
 .UNSPECIFIED.,.F.,.F.,(4,1,4),(0.,0.0522632457768359,0.110367641672946),
 .UNSPECIFIED.);
#519=B_SPLINE_CURVE_WITH_KNOTS('',3,(#10941,#10942,#10943,#10944,#10945),
 .UNSPECIFIED.,.F.,.F.,(4,1,4),(-0.110367641672946,-0.0522632457768359,
0.),.UNSPECIFIED.);
#520=B_SPLINE_CURVE_WITH_KNOTS('',3,(#10958,#10959,#10960,#10961,#10962),
 .UNSPECIFIED.,.F.,.F.,(4,1,4),(0.,0.0602696528675264,0.122395219004203),
 .UNSPECIFIED.);
#521=B_SPLINE_CURVE_WITH_KNOTS('',3,(#10964,#10965,#10966,#10967,#10968),
 .UNSPECIFIED.,.F.,.F.,(4,1,4),(-0.122395219004203,-0.0602696528675264,
0.),.UNSPECIFIED.);
#522=B_SPLINE_CURVE_WITH_KNOTS('',3,(#10981,#10982,#10983,#10984,#10985),
 .UNSPECIFIED.,.F.,.F.,(4,1,4),(0.,0.0650075600561553,0.13453987389407),
 .UNSPECIFIED.);
#523=B_SPLINE_CURVE_WITH_KNOTS('',3,(#10987,#10988,#10989,#10990,#10991),
 .UNSPECIFIED.,.F.,.F.,(4,1,4),(-0.13453987389407,-0.0650075600561553,0.),
 .UNSPECIFIED.);
#524=B_SPLINE_CURVE_WITH_KNOTS('',3,(#11004,#11005,#11006,#11007,#11008),
 .UNSPECIFIED.,.F.,.F.,(4,1,4),(0.,0.0753271877451486,0.156498869954231),
 .UNSPECIFIED.);
#525=B_SPLINE_CURVE_WITH_KNOTS('',3,(#11010,#11011,#11012,#11013,#11014),
 .UNSPECIFIED.,.F.,.F.,(4,1,4),(-0.156498869954231,-0.0753271877451486,
0.),.UNSPECIFIED.);
#526=B_SPLINE_CURVE_WITH_KNOTS('',3,(#11027,#11028,#11029,#11030,#11031),
 .UNSPECIFIED.,.F.,.F.,(4,1,4),(0.,0.125264966938171,0.226170064468943),
 .UNSPECIFIED.);
#527=B_SPLINE_CURVE_WITH_KNOTS('',3,(#11033,#11034,#11035,#11036,#11037),
 .UNSPECIFIED.,.F.,.F.,(4,1,4),(-0.226170064468943,-0.125264966938171,0.),
 .UNSPECIFIED.);
#528=B_SPLINE_CURVE_WITH_KNOTS('',3,(#11049,#11050,#11051,#11052,#11053),
 .UNSPECIFIED.,.F.,.F.,(4,1,4),(0.,0.0947503550852873,0.201391014785672),
 .UNSPECIFIED.);
#529=B_SPLINE_CURVE_WITH_KNOTS('',3,(#11054,#11055,#11056,#11057,#11058),
 .UNSPECIFIED.,.F.,.F.,(4,1,4),(-0.201391014785672,-0.0947503550852873,
0.),.UNSPECIFIED.);
#530=B_SPLINE_CURVE_WITH_KNOTS('',3,(#11105,#11106,#11107,#11108,#11109),
 .UNSPECIFIED.,.F.,.F.,(4,1,4),(0.,0.0673043672973322,0.127814267735121),
 .UNSPECIFIED.);
#531=B_SPLINE_CURVE_WITH_KNOTS('',3,(#11111,#11112,#11113,#11114,#11115),
 .UNSPECIFIED.,.F.,.F.,(4,1,4),(-0.127814267735121,-0.0673043672973322,
0.),.UNSPECIFIED.);
#532=B_SPLINE_CURVE_WITH_KNOTS('',3,(#11128,#11129,#11130,#11131,#11132),
 .UNSPECIFIED.,.F.,.F.,(4,1,4),(0.,0.0631551948361298,0.138393588477396),
 .UNSPECIFIED.);
#533=B_SPLINE_CURVE_WITH_KNOTS('',3,(#11134,#11135,#11136,#11137,#11138),
 .UNSPECIFIED.,.F.,.F.,(4,1,4),(-0.138393588477396,-0.0631551948361298,
0.),.UNSPECIFIED.);
#534=B_SPLINE_CURVE_WITH_KNOTS('',3,(#11151,#11152,#11153,#11154,#11155),
 .UNSPECIFIED.,.F.,.F.,(4,1,4),(0.,0.0741715634583177,0.132093891466205),
 .UNSPECIFIED.);
#535=B_SPLINE_CURVE_WITH_KNOTS('',3,(#11157,#11158,#11159,#11160,#11161),
 .UNSPECIFIED.,.F.,.F.,(4,1,4),(-0.132093891466205,-0.0741715634583177,
0.),.UNSPECIFIED.);
#536=B_SPLINE_CURVE_WITH_KNOTS('',3,(#11174,#11175,#11176,#11177,#11178),
 .UNSPECIFIED.,.F.,.F.,(4,1,4),(0.,0.0484086967079255,0.0929989261237996),
 .UNSPECIFIED.);
#537=B_SPLINE_CURVE_WITH_KNOTS('',3,(#11180,#11181,#11182,#11183,#11184),
 .UNSPECIFIED.,.F.,.F.,(4,1,4),(-0.0929989261237996,-0.0484086967079255,
0.),.UNSPECIFIED.);
#538=B_SPLINE_CURVE_WITH_KNOTS('',3,(#11197,#11198,#11199,#11200,#11201),
 .UNSPECIFIED.,.F.,.F.,(4,1,4),(0.,0.0382589792117733,0.0774581849980441),
 .UNSPECIFIED.);
#539=B_SPLINE_CURVE_WITH_KNOTS('',3,(#11203,#11204,#11205,#11206,#11207),
 .UNSPECIFIED.,.F.,.F.,(4,1,4),(-0.0774581849980441,-0.0382589792117733,
0.),.UNSPECIFIED.);
#540=B_SPLINE_CURVE_WITH_KNOTS('',3,(#11220,#11221,#11222,#11223,#11224),
 .UNSPECIFIED.,.F.,.F.,(4,1,4),(0.,0.0477626979439927,0.132465677304449),
 .UNSPECIFIED.);
#541=B_SPLINE_CURVE_WITH_KNOTS('',3,(#11226,#11227,#11228,#11229,#11230),
 .UNSPECIFIED.,.F.,.F.,(4,1,4),(-0.132465677304449,-0.0477626979439927,
0.),.UNSPECIFIED.);
#542=B_SPLINE_CURVE_WITH_KNOTS('',3,(#11243,#11244,#11245,#11246,#11247),
 .UNSPECIFIED.,.F.,.F.,(4,1,4),(0.,0.118682517440957,0.196493594849862),
 .UNSPECIFIED.);
#543=B_SPLINE_CURVE_WITH_KNOTS('',3,(#11249,#11250,#11251,#11252,#11253),
 .UNSPECIFIED.,.F.,.F.,(4,1,4),(-0.196493594849862,-0.118682517440957,0.),
 .UNSPECIFIED.);
#544=B_SPLINE_CURVE_WITH_KNOTS('',3,(#11266,#11267,#11268,#11269,#11270),
 .UNSPECIFIED.,.F.,.F.,(4,1,4),(0.,0.054633398929602,0.106055230128558),
 .UNSPECIFIED.);
#545=B_SPLINE_CURVE_WITH_KNOTS('',3,(#11272,#11273,#11274,#11275,#11276),
 .UNSPECIFIED.,.F.,.F.,(4,1,4),(-0.106055230128558,-0.054633398929602,0.),
 .UNSPECIFIED.);
#546=B_SPLINE_CURVE_WITH_KNOTS('',3,(#11289,#11290,#11291,#11292,#11293),
 .UNSPECIFIED.,.F.,.F.,(4,1,4),(0.,0.0505174972993469,0.101865015143463),
 .UNSPECIFIED.);
#547=B_SPLINE_CURVE_WITH_KNOTS('',3,(#11295,#11296,#11297,#11298,#11299),
 .UNSPECIFIED.,.F.,.F.,(4,1,4),(-0.101865015143463,-0.0505174972993469,
0.),.UNSPECIFIED.);
#548=B_SPLINE_CURVE_WITH_KNOTS('',3,(#11312,#11313,#11314,#11315,#11316),
 .UNSPECIFIED.,.F.,.F.,(4,1,4),(0.,0.0469685983754134,0.0931267508087865),
 .UNSPECIFIED.);
#549=B_SPLINE_CURVE_WITH_KNOTS('',3,(#11318,#11319,#11320,#11321,#11322),
 .UNSPECIFIED.,.F.,.F.,(4,1,4),(-0.0931267508087865,-0.0469685983754134,
0.),.UNSPECIFIED.);
#550=B_SPLINE_CURVE_WITH_KNOTS('',3,(#11335,#11336,#11337,#11338,#11339),
 .UNSPECIFIED.,.F.,.F.,(4,1,4),(0.,0.0459567530476973,0.0919625997971848),
 .UNSPECIFIED.);
#551=B_SPLINE_CURVE_WITH_KNOTS('',3,(#11341,#11342,#11343,#11344,#11345),
 .UNSPECIFIED.,.F.,.F.,(4,1,4),(-0.0919625997971848,-0.0459567530476973,
0.),.UNSPECIFIED.);
#552=B_SPLINE_CURVE_WITH_KNOTS('',3,(#11358,#11359,#11360,#11361,#11362),
 .UNSPECIFIED.,.F.,.F.,(4,1,4),(0.,0.039078485868669,0.0862329681422909),
 .UNSPECIFIED.);
#553=B_SPLINE_CURVE_WITH_KNOTS('',3,(#11364,#11365,#11366,#11367,#11368),
 .UNSPECIFIED.,.F.,.F.,(4,1,4),(-0.0862329681422909,-0.039078485868669,
0.),.UNSPECIFIED.);
#554=B_SPLINE_CURVE_WITH_KNOTS('',3,(#11381,#11382,#11383,#11384,#11385),
 .UNSPECIFIED.,.F.,.F.,(4,1,4),(0.,0.0524123609625481,0.107360603788767),
 .UNSPECIFIED.);
#555=B_SPLINE_CURVE_WITH_KNOTS('',3,(#11387,#11388,#11389,#11390,#11391),
 .UNSPECIFIED.,.F.,.F.,(4,1,4),(-0.107360603788767,-0.0524123609625481,
0.),.UNSPECIFIED.);
#556=B_SPLINE_CURVE_WITH_KNOTS('',3,(#11404,#11405,#11406,#11407,#11408),
 .UNSPECIFIED.,.F.,.F.,(4,1,4),(0.,0.0802997914631077,0.152355400808161),
 .UNSPECIFIED.);
#557=B_SPLINE_CURVE_WITH_KNOTS('',3,(#11410,#11411,#11412,#11413,#11414),
 .UNSPECIFIED.,.F.,.F.,(4,1,4),(-0.152355400808161,-0.0802997914631077,
0.),.UNSPECIFIED.);
#558=B_SPLINE_CURVE_WITH_KNOTS('',3,(#11427,#11428,#11429,#11430,#11431),
 .UNSPECIFIED.,.F.,.F.,(4,1,4),(0.,0.0630375080503729,0.117311159713042),
 .UNSPECIFIED.);
#559=B_SPLINE_CURVE_WITH_KNOTS('',3,(#11433,#11434,#11435,#11436,#11437),
 .UNSPECIFIED.,.F.,.F.,(4,1,4),(-0.117311159713042,-0.0630375080503729,
0.),.UNSPECIFIED.);
#560=B_SPLINE_CURVE_WITH_KNOTS('',3,(#11450,#11451,#11452,#11453,#11454),
 .UNSPECIFIED.,.F.,.F.,(4,1,4),(0.,0.0554584002222632,0.120726937396973),
 .UNSPECIFIED.);
#561=B_SPLINE_CURVE_WITH_KNOTS('',3,(#11456,#11457,#11458,#11459,#11460),
 .UNSPECIFIED.,.F.,.F.,(4,1,4),(-0.120726937396973,-0.0554584002222632,
0.),.UNSPECIFIED.);
#562=B_SPLINE_CURVE_WITH_KNOTS('',3,(#11479,#11480,#11481,#11482,#11483),
 .UNSPECIFIED.,.F.,.F.,(4,1,4),(0.,0.0522859113354038,0.101249777283621),
 .UNSPECIFIED.);
#563=B_SPLINE_CURVE_WITH_KNOTS('',3,(#11485,#11486,#11487,#11488,#11489),
 .UNSPECIFIED.,.F.,.F.,(4,1,4),(-0.101249777283621,-0.0522859113354038,
0.),.UNSPECIFIED.);
#564=B_SPLINE_CURVE_WITH_KNOTS('',3,(#11502,#11503,#11504,#11505,#11506),
 .UNSPECIFIED.,.F.,.F.,(4,1,4),(0.,0.0528509361245201,0.116856748838241),
 .UNSPECIFIED.);
#565=B_SPLINE_CURVE_WITH_KNOTS('',3,(#11508,#11509,#11510,#11511,#11512),
 .UNSPECIFIED.,.F.,.F.,(4,1,4),(-0.116856748838241,-0.0528509361245201,
0.),.UNSPECIFIED.);
#566=B_SPLINE_CURVE_WITH_KNOTS('',3,(#11525,#11526,#11527,#11528,#11529),
 .UNSPECIFIED.,.F.,.F.,(4,1,4),(0.,0.0728128559683475,0.125434756790954),
 .UNSPECIFIED.);
#567=B_SPLINE_CURVE_WITH_KNOTS('',3,(#11531,#11532,#11533,#11534,#11535),
 .UNSPECIFIED.,.F.,.F.,(4,1,4),(-0.125434756790954,-0.0728128559683475,
0.),.UNSPECIFIED.);
#568=B_SPLINE_CURVE_WITH_KNOTS('',3,(#11548,#11549,#11550,#11551,#11552),
 .UNSPECIFIED.,.F.,.F.,(4,1,4),(0.,0.0407016732935959,0.0769752175037906),
 .UNSPECIFIED.);
#569=B_SPLINE_CURVE_WITH_KNOTS('',3,(#11554,#11555,#11556,#11557,#11558),
 .UNSPECIFIED.,.F.,.F.,(4,1,4),(-0.0769752175037906,-0.0407016732935959,
0.),.UNSPECIFIED.);
#570=B_SPLINE_CURVE_WITH_KNOTS('',3,(#11571,#11572,#11573,#11574,#11575),
 .UNSPECIFIED.,.F.,.F.,(4,1,4),(0.,0.02298896500722,0.0461945942970223),
 .UNSPECIFIED.);
#571=B_SPLINE_CURVE_WITH_KNOTS('',3,(#11577,#11578,#11579,#11580,#11581),
 .UNSPECIFIED.,.F.,.F.,(4,1,4),(-0.0461945942970223,-0.02298896500722,0.),
 .UNSPECIFIED.);
#572=B_SPLINE_CURVE_WITH_KNOTS('',3,(#11594,#11595,#11596,#11597,#11598),
 .UNSPECIFIED.,.F.,.F.,(4,1,4),(0.,0.0264216964581824,0.0578496452792435),
 .UNSPECIFIED.);
#573=B_SPLINE_CURVE_WITH_KNOTS('',3,(#11600,#11601,#11602,#11603,#11604),
 .UNSPECIFIED.,.F.,.F.,(4,1,4),(-0.0578496452792435,-0.0264216964581824,
0.),.UNSPECIFIED.);
#574=B_SPLINE_CURVE_WITH_KNOTS('',3,(#11617,#11618,#11619,#11620,#11621),
 .UNSPECIFIED.,.F.,.F.,(4,1,4),(0.,0.0380273196787665,0.11291645280668),
 .UNSPECIFIED.);
#575=B_SPLINE_CURVE_WITH_KNOTS('',3,(#11623,#11624,#11625,#11626,#11627),
 .UNSPECIFIED.,.F.,.F.,(4,1,4),(-0.11291645280668,-0.0380273196787665,0.),
 .UNSPECIFIED.);
#576=B_SPLINE_CURVE_WITH_KNOTS('',3,(#11640,#11641,#11642,#11643,#11644),
 .UNSPECIFIED.,.F.,.F.,(4,1,4),(0.,0.115025359444378,0.190592030773444),
 .UNSPECIFIED.);
#577=B_SPLINE_CURVE_WITH_KNOTS('',3,(#11646,#11647,#11648,#11649,#11650),
 .UNSPECIFIED.,.F.,.F.,(4,1,4),(-0.190592030773444,-0.115025359444378,0.),
 .UNSPECIFIED.);
#578=B_SPLINE_CURVE_WITH_KNOTS('',3,(#11663,#11664,#11665,#11666,#11667),
 .UNSPECIFIED.,.F.,.F.,(4,1,4),(0.,0.053404289057264,0.104439510512143),
 .UNSPECIFIED.);
#579=B_SPLINE_CURVE_WITH_KNOTS('',3,(#11669,#11670,#11671,#11672,#11673),
 .UNSPECIFIED.,.F.,.F.,(4,1,4),(-0.104439510512143,-0.053404289057264,0.),
 .UNSPECIFIED.);
#580=B_SPLINE_CURVE_WITH_KNOTS('',3,(#11686,#11687,#11688,#11689,#11690),
 .UNSPECIFIED.,.F.,.F.,(4,1,4),(0.,0.0522632457768359,0.110367641672946),
 .UNSPECIFIED.);
#581=B_SPLINE_CURVE_WITH_KNOTS('',3,(#11692,#11693,#11694,#11695,#11696),
 .UNSPECIFIED.,.F.,.F.,(4,1,4),(-0.110367641672946,-0.0522632457768359,
0.),.UNSPECIFIED.);
#582=B_SPLINE_CURVE_WITH_KNOTS('',3,(#11709,#11710,#11711,#11712,#11713),
 .UNSPECIFIED.,.F.,.F.,(4,1,4),(0.,0.0602696528675264,0.122395219004203),
 .UNSPECIFIED.);
#583=B_SPLINE_CURVE_WITH_KNOTS('',3,(#11715,#11716,#11717,#11718,#11719),
 .UNSPECIFIED.,.F.,.F.,(4,1,4),(-0.122395219004203,-0.0602696528675264,
0.),.UNSPECIFIED.);
#584=B_SPLINE_CURVE_WITH_KNOTS('',3,(#11732,#11733,#11734,#11735,#11736),
 .UNSPECIFIED.,.F.,.F.,(4,1,4),(0.,0.0650078809070158,0.134539786016115),
 .UNSPECIFIED.);
#585=B_SPLINE_CURVE_WITH_KNOTS('',3,(#11738,#11739,#11740,#11741,#11742),
 .UNSPECIFIED.,.F.,.F.,(4,1,4),(-0.134539786016115,-0.0650078809070158,
0.),.UNSPECIFIED.);
#586=B_SPLINE_CURVE_WITH_KNOTS('',3,(#11755,#11756,#11757,#11758,#11759),
 .UNSPECIFIED.,.F.,.F.,(4,1,4),(0.,0.0753271877451486,0.156498869954231),
 .UNSPECIFIED.);
#587=B_SPLINE_CURVE_WITH_KNOTS('',3,(#11761,#11762,#11763,#11764,#11765),
 .UNSPECIFIED.,.F.,.F.,(4,1,4),(-0.156498869954231,-0.0753271877451486,
0.),.UNSPECIFIED.);
#588=B_SPLINE_CURVE_WITH_KNOTS('',3,(#11778,#11779,#11780,#11781,#11782),
 .UNSPECIFIED.,.F.,.F.,(4,1,4),(0.,0.125264966938171,0.226170064468943),
 .UNSPECIFIED.);
#589=B_SPLINE_CURVE_WITH_KNOTS('',3,(#11784,#11785,#11786,#11787,#11788),
 .UNSPECIFIED.,.F.,.F.,(4,1,4),(-0.226170064468943,-0.125264966938171,0.),
 .UNSPECIFIED.);
#590=B_SPLINE_CURVE_WITH_KNOTS('',3,(#11800,#11801,#11802,#11803,#11804),
 .UNSPECIFIED.,.F.,.F.,(4,1,4),(0.,0.0947503550852873,0.201391014785672),
 .UNSPECIFIED.);
#591=B_SPLINE_CURVE_WITH_KNOTS('',3,(#11805,#11806,#11807,#11808,#11809),
 .UNSPECIFIED.,.F.,.F.,(4,1,4),(-0.201391014785672,-0.0947503550852873,
0.),.UNSPECIFIED.);
#592=B_SPLINE_CURVE_WITH_KNOTS('',3,(#11856,#11857,#11858,#11859,#11860),
 .UNSPECIFIED.,.F.,.F.,(4,1,4),(0.,0.0673043672973322,0.127814267735121),
 .UNSPECIFIED.);
#593=B_SPLINE_CURVE_WITH_KNOTS('',3,(#11862,#11863,#11864,#11865,#11866),
 .UNSPECIFIED.,.F.,.F.,(4,1,4),(-0.127814267735121,-0.0673043672973322,
0.),.UNSPECIFIED.);
#594=B_SPLINE_CURVE_WITH_KNOTS('',3,(#11879,#11880,#11881,#11882,#11883),
 .UNSPECIFIED.,.F.,.F.,(4,1,4),(0.,0.0631551948361298,0.138393588477396),
 .UNSPECIFIED.);
#595=B_SPLINE_CURVE_WITH_KNOTS('',3,(#11885,#11886,#11887,#11888,#11889),
 .UNSPECIFIED.,.F.,.F.,(4,1,4),(-0.138393588477396,-0.0631551948361298,
0.),.UNSPECIFIED.);
#596=B_SPLINE_CURVE_WITH_KNOTS('',3,(#11902,#11903,#11904,#11905,#11906),
 .UNSPECIFIED.,.F.,.F.,(4,1,4),(0.,0.0741710898462275,0.132093844630146),
 .UNSPECIFIED.);
#597=B_SPLINE_CURVE_WITH_KNOTS('',3,(#11908,#11909,#11910,#11911,#11912),
 .UNSPECIFIED.,.F.,.F.,(4,1,4),(-0.132093844630146,-0.0741710898462275,
0.),.UNSPECIFIED.);
#598=B_SPLINE_CURVE_WITH_KNOTS('',3,(#11925,#11926,#11927,#11928,#11929),
 .UNSPECIFIED.,.F.,.F.,(4,1,4),(0.,0.0484083943425784,0.0929986237584526),
 .UNSPECIFIED.);
#599=B_SPLINE_CURVE_WITH_KNOTS('',3,(#11931,#11932,#11933,#11934,#11935),
 .UNSPECIFIED.,.F.,.F.,(4,1,4),(-0.0929986237584526,-0.0484083943425784,
0.),.UNSPECIFIED.);
#600=B_SPLINE_CURVE_WITH_KNOTS('',3,(#11948,#11949,#11950,#11951,#11952),
 .UNSPECIFIED.,.F.,.F.,(4,1,4),(0.,0.0382588665647356,0.0774580723510063),
 .UNSPECIFIED.);
#601=B_SPLINE_CURVE_WITH_KNOTS('',3,(#11954,#11955,#11956,#11957,#11958),
 .UNSPECIFIED.,.F.,.F.,(4,1,4),(-0.0774580723510063,-0.0382588665647356,
0.),.UNSPECIFIED.);
#602=B_SPLINE_CURVE_WITH_KNOTS('',3,(#11971,#11972,#11973,#11974,#11975),
 .UNSPECIFIED.,.F.,.F.,(4,1,4),(0.,0.0477622586990308,0.132465696946338),
 .UNSPECIFIED.);
#603=B_SPLINE_CURVE_WITH_KNOTS('',3,(#11977,#11978,#11979,#11980,#11981),
 .UNSPECIFIED.,.F.,.F.,(4,1,4),(-0.132465696946338,-0.0477622586990308,
0.),.UNSPECIFIED.);
#604=B_SPLINE_CURVE_WITH_KNOTS('',3,(#11994,#11995,#11996,#11997,#11998),
 .UNSPECIFIED.,.F.,.F.,(4,1,4),(0.,0.118682517440957,0.196493594849862),
 .UNSPECIFIED.);
#605=B_SPLINE_CURVE_WITH_KNOTS('',3,(#12000,#12001,#12002,#12003,#12004),
 .UNSPECIFIED.,.F.,.F.,(4,1,4),(-0.196493594849862,-0.118682517440957,0.),
 .UNSPECIFIED.);
#606=B_SPLINE_CURVE_WITH_KNOTS('',3,(#12017,#12018,#12019,#12020,#12021),
 .UNSPECIFIED.,.F.,.F.,(4,1,4),(0.,0.054633398929602,0.106055230128558),
 .UNSPECIFIED.);
#607=B_SPLINE_CURVE_WITH_KNOTS('',3,(#12023,#12024,#12025,#12026,#12027),
 .UNSPECIFIED.,.F.,.F.,(4,1,4),(-0.106055230128558,-0.054633398929602,0.),
 .UNSPECIFIED.);
#608=B_SPLINE_CURVE_WITH_KNOTS('',3,(#12040,#12041,#12042,#12043,#12044),
 .UNSPECIFIED.,.F.,.F.,(4,1,4),(0.,0.0505174972993469,0.101865015143463),
 .UNSPECIFIED.);
#609=B_SPLINE_CURVE_WITH_KNOTS('',3,(#12046,#12047,#12048,#12049,#12050),
 .UNSPECIFIED.,.F.,.F.,(4,1,4),(-0.101865015143463,-0.0505174972993469,
0.),.UNSPECIFIED.);
#610=B_SPLINE_CURVE_WITH_KNOTS('',3,(#12063,#12064,#12065,#12066,#12067),
 .UNSPECIFIED.,.F.,.F.,(4,1,4),(0.,0.0469686546395782,0.0931266353065198),
 .UNSPECIFIED.);
#611=B_SPLINE_CURVE_WITH_KNOTS('',3,(#12069,#12070,#12071,#12072,#12073),
 .UNSPECIFIED.,.F.,.F.,(4,1,4),(-0.0931266353065198,-0.0469686546395782,
0.),.UNSPECIFIED.);
#612=B_SPLINE_CURVE_WITH_KNOTS('',3,(#12086,#12087,#12088,#12089,#12090),
 .UNSPECIFIED.,.F.,.F.,(4,1,4),(0.,0.0459567530476973,0.0919625997971848),
 .UNSPECIFIED.);
#613=B_SPLINE_CURVE_WITH_KNOTS('',3,(#12092,#12093,#12094,#12095,#12096),
 .UNSPECIFIED.,.F.,.F.,(4,1,4),(-0.0919625997971848,-0.0459567530476973,
0.),.UNSPECIFIED.);
#614=B_SPLINE_CURVE_WITH_KNOTS('',3,(#12109,#12110,#12111,#12112,#12113),
 .UNSPECIFIED.,.F.,.F.,(4,1,4),(0.,0.0390780728222452,0.0862330025915556),
 .UNSPECIFIED.);
#615=B_SPLINE_CURVE_WITH_KNOTS('',3,(#12115,#12116,#12117,#12118,#12119),
 .UNSPECIFIED.,.F.,.F.,(4,1,4),(-0.0862330025915556,-0.0390780728222452,
0.),.UNSPECIFIED.);
#616=B_SPLINE_CURVE_WITH_KNOTS('',3,(#12132,#12133,#12134,#12135,#12136),
 .UNSPECIFIED.,.F.,.F.,(4,1,4),(0.,0.0524118947439678,0.107360613344654),
 .UNSPECIFIED.);
#617=B_SPLINE_CURVE_WITH_KNOTS('',3,(#12138,#12139,#12140,#12141,#12142),
 .UNSPECIFIED.,.F.,.F.,(4,1,4),(-0.107360613344654,-0.0524118947439678,
0.),.UNSPECIFIED.);
#618=B_SPLINE_CURVE_WITH_KNOTS('',3,(#12155,#12156,#12157,#12158,#12159),
 .UNSPECIFIED.,.F.,.F.,(4,1,4),(0.,0.0802993160215438,0.152355386364467),
 .UNSPECIFIED.);
#619=B_SPLINE_CURVE_WITH_KNOTS('',3,(#12161,#12162,#12163,#12164,#12165),
 .UNSPECIFIED.,.F.,.F.,(4,1,4),(-0.152355386364467,-0.0802993160215438,
0.),.UNSPECIFIED.);
#620=B_SPLINE_CURVE_WITH_KNOTS('',3,(#12178,#12179,#12180,#12181,#12182),
 .UNSPECIFIED.,.F.,.F.,(4,1,4),(0.,0.0630375080503729,0.117311503562696),
 .UNSPECIFIED.);
#621=B_SPLINE_CURVE_WITH_KNOTS('',3,(#12184,#12185,#12186,#12187,#12188),
 .UNSPECIFIED.,.F.,.F.,(4,1,4),(-0.117311503562696,-0.0630375080503729,
0.),.UNSPECIFIED.);
#622=B_SPLINE_CURVE_WITH_KNOTS('',3,(#12201,#12202,#12203,#12204,#12205),
 .UNSPECIFIED.,.F.,.F.,(4,1,4),(0.,0.0554584002222632,0.120726937396973),
 .UNSPECIFIED.);
#623=B_SPLINE_CURVE_WITH_KNOTS('',3,(#12207,#12208,#12209,#12210,#12211),
 .UNSPECIFIED.,.F.,.F.,(4,1,4),(-0.120726937396973,-0.0554584002222632,
0.),.UNSPECIFIED.);
#624=B_SPLINE_CURVE_WITH_KNOTS('',3,(#12230,#12231,#12232,#12233,#12234),
 .UNSPECIFIED.,.F.,.F.,(4,1,4),(0.,0.0522860567522331,0.101249616296326),
 .UNSPECIFIED.);
#625=B_SPLINE_CURVE_WITH_KNOTS('',3,(#12236,#12237,#12238,#12239,#12240),
 .UNSPECIFIED.,.F.,.F.,(4,1,4),(-0.101249616296326,-0.0522860567522331,
0.),.UNSPECIFIED.);
#626=B_SPLINE_CURVE_WITH_KNOTS('',3,(#12253,#12254,#12255,#12256,#12257),
 .UNSPECIFIED.,.F.,.F.,(4,1,4),(0.,0.0528509361245201,0.116856748838241),
 .UNSPECIFIED.);
#627=B_SPLINE_CURVE_WITH_KNOTS('',3,(#12259,#12260,#12261,#12262,#12263),
 .UNSPECIFIED.,.F.,.F.,(4,1,4),(-0.116856748838241,-0.0528509361245201,
0.),.UNSPECIFIED.);
#628=B_SPLINE_CURVE_WITH_KNOTS('',3,(#12276,#12277,#12278,#12279,#12280),
 .UNSPECIFIED.,.F.,.F.,(4,1,4),(0.,0.0728128559683475,0.125434756790954),
 .UNSPECIFIED.);
#629=B_SPLINE_CURVE_WITH_KNOTS('',3,(#12282,#12283,#12284,#12285,#12286),
 .UNSPECIFIED.,.F.,.F.,(4,1,4),(-0.125434756790954,-0.0728128559683475,
0.),.UNSPECIFIED.);
#630=B_SPLINE_CURVE_WITH_KNOTS('',3,(#12299,#12300,#12301,#12302,#12303),
 .UNSPECIFIED.,.F.,.F.,(4,1,4),(0.,0.0407016732935959,0.0769752175037906),
 .UNSPECIFIED.);
#631=B_SPLINE_CURVE_WITH_KNOTS('',3,(#12305,#12306,#12307,#12308,#12309),
 .UNSPECIFIED.,.F.,.F.,(4,1,4),(-0.0769752175037906,-0.0407016732935959,
0.),.UNSPECIFIED.);
#632=B_SPLINE_CURVE_WITH_KNOTS('',3,(#12322,#12323,#12324,#12325,#12326),
 .UNSPECIFIED.,.F.,.F.,(4,1,4),(0.,0.02298896500722,0.0461945942970223),
 .UNSPECIFIED.);
#633=B_SPLINE_CURVE_WITH_KNOTS('',3,(#12328,#12329,#12330,#12331,#12332),
 .UNSPECIFIED.,.F.,.F.,(4,1,4),(-0.0461945942970223,-0.02298896500722,0.),
 .UNSPECIFIED.);
#634=B_SPLINE_CURVE_WITH_KNOTS('',3,(#12345,#12346,#12347,#12348,#12349),
 .UNSPECIFIED.,.F.,.F.,(4,1,4),(0.,0.0264213486834229,0.057849719241152),
 .UNSPECIFIED.);
#635=B_SPLINE_CURVE_WITH_KNOTS('',3,(#12351,#12352,#12353,#12354,#12355),
 .UNSPECIFIED.,.F.,.F.,(4,1,4),(-0.057849719241152,-0.0264213486834229,
0.),.UNSPECIFIED.);
#636=B_SPLINE_CURVE_WITH_KNOTS('',3,(#12368,#12369,#12370,#12371,#12372),
 .UNSPECIFIED.,.F.,.F.,(4,1,4),(0.,0.0380273196787665,0.11291645280668),
 .UNSPECIFIED.);
#637=B_SPLINE_CURVE_WITH_KNOTS('',3,(#12374,#12375,#12376,#12377,#12378),
 .UNSPECIFIED.,.F.,.F.,(4,1,4),(-0.11291645280668,-0.0380273196787665,0.),
 .UNSPECIFIED.);
#638=B_SPLINE_CURVE_WITH_KNOTS('',3,(#12391,#12392,#12393,#12394,#12395),
 .UNSPECIFIED.,.F.,.F.,(4,1,4),(0.,0.115025817894768,0.190592039959926),
 .UNSPECIFIED.);
#639=B_SPLINE_CURVE_WITH_KNOTS('',3,(#12397,#12398,#12399,#12400,#12401),
 .UNSPECIFIED.,.F.,.F.,(4,1,4),(-0.190592039959926,-0.115025817894768,0.),
 .UNSPECIFIED.);
#640=B_SPLINE_CURVE_WITH_KNOTS('',3,(#12414,#12415,#12416,#12417,#12418),
 .UNSPECIFIED.,.F.,.F.,(4,1,4),(0.,0.053404289057264,0.104439510512143),
 .UNSPECIFIED.);
#641=B_SPLINE_CURVE_WITH_KNOTS('',3,(#12420,#12421,#12422,#12423,#12424),
 .UNSPECIFIED.,.F.,.F.,(4,1,4),(-0.104439510512143,-0.053404289057264,0.),
 .UNSPECIFIED.);
#642=B_SPLINE_CURVE_WITH_KNOTS('',3,(#12437,#12438,#12439,#12440,#12441),
 .UNSPECIFIED.,.F.,.F.,(4,1,4),(0.,0.0522634464867332,0.110367842382843),
 .UNSPECIFIED.);
#643=B_SPLINE_CURVE_WITH_KNOTS('',3,(#12443,#12444,#12445,#12446,#12447),
 .UNSPECIFIED.,.F.,.F.,(4,1,4),(-0.110367842382843,-0.0522634464867332,
0.),.UNSPECIFIED.);
#644=B_SPLINE_CURVE_WITH_KNOTS('',3,(#12460,#12461,#12462,#12463,#12464),
 .UNSPECIFIED.,.F.,.F.,(4,1,4),(0.,0.0602695820349142,0.12239556047317),
 .UNSPECIFIED.);
#645=B_SPLINE_CURVE_WITH_KNOTS('',3,(#12466,#12467,#12468,#12469,#12470),
 .UNSPECIFIED.,.F.,.F.,(4,1,4),(-0.12239556047317,-0.0602695820349142,0.),
 .UNSPECIFIED.);
#646=B_SPLINE_CURVE_WITH_KNOTS('',3,(#12483,#12484,#12485,#12486,#12487),
 .UNSPECIFIED.,.F.,.F.,(4,1,4),(0.,0.0650075600561553,0.13453987389407),
 .UNSPECIFIED.);
#647=B_SPLINE_CURVE_WITH_KNOTS('',3,(#12489,#12490,#12491,#12492,#12493),
 .UNSPECIFIED.,.F.,.F.,(4,1,4),(-0.13453987389407,-0.0650075600561553,0.),
 .UNSPECIFIED.);
#648=B_SPLINE_CURVE_WITH_KNOTS('',3,(#12506,#12507,#12508,#12509,#12510),
 .UNSPECIFIED.,.F.,.F.,(4,1,4),(0.,0.0753267321931285,0.156498889243969),
 .UNSPECIFIED.);
#649=B_SPLINE_CURVE_WITH_KNOTS('',3,(#12512,#12513,#12514,#12515,#12516),
 .UNSPECIFIED.,.F.,.F.,(4,1,4),(-0.156498889243969,-0.0753267321931285,
0.),.UNSPECIFIED.);
#650=B_SPLINE_CURVE_WITH_KNOTS('',3,(#12529,#12530,#12531,#12532,#12533),
 .UNSPECIFIED.,.F.,.F.,(4,1,4),(0.,0.125264966938171,0.226170064468943),
 .UNSPECIFIED.);
#651=B_SPLINE_CURVE_WITH_KNOTS('',3,(#12535,#12536,#12537,#12538,#12539),
 .UNSPECIFIED.,.F.,.F.,(4,1,4),(-0.226170064468943,-0.125264966938171,0.),
 .UNSPECIFIED.);
#652=B_SPLINE_CURVE_WITH_KNOTS('',3,(#12551,#12552,#12553,#12554,#12555),
 .UNSPECIFIED.,.F.,.F.,(4,1,4),(0.,0.0947503550852873,0.201391014785672),
 .UNSPECIFIED.);
#653=B_SPLINE_CURVE_WITH_KNOTS('',3,(#12556,#12557,#12558,#12559,#12560),
 .UNSPECIFIED.,.F.,.F.,(4,1,4),(-0.201391014785672,-0.0947503550852873,
0.),.UNSPECIFIED.);
#654=B_SPLINE_CURVE_WITH_KNOTS('',3,(#12588,#12589,#12590,#12591,#12592),
 .UNSPECIFIED.,.F.,.F.,(4,1,4),(0.,0.122238473434692,0.219209367369528),
 .UNSPECIFIED.);
#655=B_SPLINE_CURVE_WITH_KNOTS('',3,(#12594,#12595,#12596,#12597,#12598),
 .UNSPECIFIED.,.F.,.F.,(4,1,4),(-0.219209367369528,-0.122238473434692,0.),
 .UNSPECIFIED.);
#656=B_SPLINE_CURVE_WITH_KNOTS('',3,(#12611,#12612,#12613,#12614,#12615),
 .UNSPECIFIED.,.F.,.F.,(4,1,4),(0.,0.0985652642109005,0.198603009334157),
 .UNSPECIFIED.);
#657=B_SPLINE_CURVE_WITH_KNOTS('',3,(#12617,#12618,#12619,#12620,#12621),
 .UNSPECIFIED.,.F.,.F.,(4,1,4),(-0.198603009334157,-0.0985652642109005,
0.),.UNSPECIFIED.);
#658=B_SPLINE_CURVE_WITH_KNOTS('',3,(#12688,#12689,#12690,#12691,#12692),
 .UNSPECIFIED.,.F.,.F.,(4,1,4),(0.,0.117367284851676,0.237913801435583),
 .UNSPECIFIED.);
#659=B_SPLINE_CURVE_WITH_KNOTS('',3,(#12694,#12695,#12696,#12697,#12698),
 .UNSPECIFIED.,.F.,.F.,(4,1,4),(0.,0.0839870750601529,0.168130830433098),
 .UNSPECIFIED.);
#660=B_SPLINE_CURVE_WITH_KNOTS('',3,(#12700,#12701,#12702,#12703,#12704),
 .UNSPECIFIED.,.F.,.F.,(4,1,4),(0.,0.0861893804841941,0.17624677399965),
 .UNSPECIFIED.);
#661=B_SPLINE_CURVE_WITH_KNOTS('',3,(#12706,#12707,#12708,#12709,#12710),
 .UNSPECIFIED.,.F.,.F.,(4,1,4),(0.,0.0967475382816941,0.202013328388191),
 .UNSPECIFIED.);
#662=B_SPLINE_CURVE_WITH_KNOTS('',3,(#12712,#12713,#12714,#12715,#12716),
 .UNSPECIFIED.,.F.,.F.,(4,1,4),(0.,0.103821866923188,0.201045643036506),
 .UNSPECIFIED.);
#663=B_SPLINE_CURVE_WITH_KNOTS('',3,(#12718,#12719,#12720,#12721,#12722),
 .UNSPECIFIED.,.F.,.F.,(4,1,4),(0.,0.0901615544284563,0.175576274677214),
 .UNSPECIFIED.);
#664=B_SPLINE_CURVE_WITH_KNOTS('',3,(#12724,#12725,#12726,#12727,#12728),
 .UNSPECIFIED.,.F.,.F.,(4,1,4),(0.,0.084314216650605,0.170219531971692),
 .UNSPECIFIED.);
#665=B_SPLINE_CURVE_WITH_KNOTS('',3,(#12730,#12731,#12732,#12733,#12734),
 .UNSPECIFIED.,.F.,.F.,(4,1,4),(0.,0.0622870874738188,0.12081802418515),
 .UNSPECIFIED.);
#666=B_SPLINE_CURVE_WITH_KNOTS('',3,(#12736,#12737,#12738,#12739,#12740),
 .UNSPECIFIED.,.F.,.F.,(4,1,4),(0.,0.0562409085400489,0.110735688596627),
 .UNSPECIFIED.);
#667=B_SPLINE_CURVE_WITH_KNOTS('',3,(#12750,#12751,#12752,#12753,#12754),
 .UNSPECIFIED.,.F.,.F.,(4,1,4),(0.,0.177355425095436,0.326207942829647),
 .UNSPECIFIED.);
#668=B_SPLINE_CURVE_WITH_KNOTS('',3,(#12756,#12757,#12758,#12759,#12760),
 .UNSPECIFIED.,.F.,.F.,(4,1,4),(0.,0.1199775023854,0.245745170816491),
 .UNSPECIFIED.);
#669=B_SPLINE_CURVE_WITH_KNOTS('',3,(#12762,#12763,#12764,#12765,#12766),
 .UNSPECIFIED.,.F.,.F.,(4,1,4),(0.,0.13793166450792,0.268900530819884),
 .UNSPECIFIED.);
#670=B_SPLINE_CURVE_WITH_KNOTS('',3,(#12768,#12769,#12770,#12771,#12772),
 .UNSPECIFIED.,.F.,.F.,(4,1,4),(0.,0.136538670642359,0.292258541835226),
 .UNSPECIFIED.);
#671=B_SPLINE_CURVE_WITH_KNOTS('',3,(#12774,#12775,#12776,#12777,#12778),
 .UNSPECIFIED.,.F.,.F.,(4,1,4),(0.,0.125354247813493,0.225496796135211),
 .UNSPECIFIED.);
#672=B_SPLINE_CURVE_WITH_KNOTS('',3,(#12780,#12781,#12782,#12783,#12784),
 .UNSPECIFIED.,.F.,.F.,(4,1,4),(0.,0.087871306990112,0.176326737404145),
 .UNSPECIFIED.);
#673=B_SPLINE_CURVE_WITH_KNOTS('',3,(#12786,#12787,#12788,#12789,#12790),
 .UNSPECIFIED.,.F.,.F.,(4,1,4),(0.,0.0901721958203958,0.1819930419251),
 .UNSPECIFIED.);
#674=B_SPLINE_CURVE_WITH_KNOTS('',3,(#12792,#12793,#12794,#12795,#12796),
 .UNSPECIFIED.,.F.,.F.,(4,1,4),(0.,0.139679248513255,0.270434265760604),
 .UNSPECIFIED.);
#675=B_SPLINE_CURVE_WITH_KNOTS('',3,(#12797,#12798,#12799,#12800,#12801),
 .UNSPECIFIED.,.F.,.F.,(4,1,4),(0.,0.13826355603767,0.301957143953908),
 .UNSPECIFIED.);
#676=B_SPLINE_CURVE_WITH_KNOTS('',3,(#12810,#12811,#12812,#12813,#12814),
 .UNSPECIFIED.,.F.,.F.,(4,1,4),(0.,0.0757874605419001,0.128905146857802),
 .UNSPECIFIED.);
#677=B_SPLINE_CURVE_WITH_KNOTS('',3,(#12816,#12817,#12818,#12819,#12820),
 .UNSPECIFIED.,.F.,.F.,(4,1,4),(0.,0.0418705579533163,0.0835090931737847),
 .UNSPECIFIED.);
#678=B_SPLINE_CURVE_WITH_KNOTS('',3,(#12822,#12823,#12824,#12825,#12826),
 .UNSPECIFIED.,.F.,.F.,(4,1,4),(0.,0.0633620984235782,0.133550845625124),
 .UNSPECIFIED.);
#679=B_SPLINE_CURVE_WITH_KNOTS('',3,(#12830,#12831,#12832,#12833,#12834),
 .UNSPECIFIED.,.F.,.F.,(4,1,4),(0.,0.0492437248316367,0.0947529092151189),
 .UNSPECIFIED.);
#680=B_SPLINE_CURVE_WITH_KNOTS('',3,(#12836,#12837,#12838,#12839,#12840),
 .UNSPECIFIED.,.F.,.F.,(4,1,4),(0.,0.0386761690622372,0.0773165921252373),
 .UNSPECIFIED.);
#681=B_SPLINE_CURVE_WITH_KNOTS('',3,(#12842,#12843,#12844,#12845,#12846),
 .UNSPECIFIED.,.F.,.F.,(4,1,4),(0.,0.0398661067980699,0.0822766544482755),
 .UNSPECIFIED.);
#682=B_SPLINE_CURVE_WITH_KNOTS('',3,(#12848,#12849,#12850,#12851,#12852),
 .UNSPECIFIED.,.F.,.F.,(4,1,4),(0.,0.0702508771387174,0.145118902151834),
 .UNSPECIFIED.);
#683=B_SPLINE_CURVE_WITH_KNOTS('',3,(#12881,#12882,#12883,#12884,#12885),
 .UNSPECIFIED.,.F.,.F.,(4,1,4),(-0.128905146857802,-0.0757874605419001,
0.),.UNSPECIFIED.);
#684=B_SPLINE_CURVE_WITH_KNOTS('',3,(#12898,#12899,#12900,#12901,#12902),
 .UNSPECIFIED.,.F.,.F.,(4,1,4),(-0.0835090931737847,-0.0418705579533163,
0.),.UNSPECIFIED.);
#685=B_SPLINE_CURVE_WITH_KNOTS('',3,(#12915,#12916,#12917,#12918,#12919),
 .UNSPECIFIED.,.F.,.F.,(4,1,4),(-0.133550845625124,-0.0633620984235782,
0.),.UNSPECIFIED.);
#686=B_SPLINE_CURVE_WITH_KNOTS('',3,(#12936,#12937,#12938,#12939,#12940),
 .UNSPECIFIED.,.F.,.F.,(4,1,4),(-0.0947529092151189,-0.0492437248316367,
0.),.UNSPECIFIED.);
#687=B_SPLINE_CURVE_WITH_KNOTS('',3,(#12953,#12954,#12955,#12956,#12957),
 .UNSPECIFIED.,.F.,.F.,(4,1,4),(-0.0773165921252373,-0.0386761690622372,
0.),.UNSPECIFIED.);
#688=B_SPLINE_CURVE_WITH_KNOTS('',3,(#12970,#12971,#12972,#12973,#12974),
 .UNSPECIFIED.,.F.,.F.,(4,1,4),(-0.0822766544482755,-0.0398661067980699,
0.),.UNSPECIFIED.);
#689=B_SPLINE_CURVE_WITH_KNOTS('',3,(#12987,#12988,#12989,#12990,#12991),
 .UNSPECIFIED.,.F.,.F.,(4,1,4),(-0.145118902151834,-0.0702508771387174,
0.),.UNSPECIFIED.);
#690=B_SPLINE_CURVE_WITH_KNOTS('',3,(#13012,#13013,#13014,#13015,#13016),
 .UNSPECIFIED.,.F.,.F.,(4,1,4),(0.,0.122470680276133,0.219481250417932),
 .UNSPECIFIED.);
#691=B_SPLINE_CURVE_WITH_KNOTS('',3,(#13020,#13021,#13022,#13023,#13024),
 .UNSPECIFIED.,.F.,.F.,(4,1,4),(-0.219481250417932,-0.122470680276133,0.),
 .UNSPECIFIED.);
#692=B_SPLINE_CURVE_WITH_KNOTS('',3,(#13037,#13038,#13039,#13040,#13041),
 .UNSPECIFIED.,.F.,.F.,(4,1,4),(0.,0.0822159911705458,0.158702974942809),
 .UNSPECIFIED.);
#693=B_SPLINE_CURVE_WITH_KNOTS('',3,(#13043,#13044,#13045,#13046,#13047),
 .UNSPECIFIED.,.F.,.F.,(4,1,4),(-0.158702974942809,-0.0822159911705458,
0.),.UNSPECIFIED.);
#694=B_SPLINE_CURVE_WITH_KNOTS('',3,(#13060,#13061,#13062,#13063,#13064),
 .UNSPECIFIED.,.F.,.F.,(4,1,4),(0.,0.0762347393599607,0.155747306874735),
 .UNSPECIFIED.);
#695=B_SPLINE_CURVE_WITH_KNOTS('',3,(#13066,#13067,#13068,#13069,#13070),
 .UNSPECIFIED.,.F.,.F.,(4,1,4),(-0.155747306874735,-0.0762347393599607,
0.),.UNSPECIFIED.);
#696=B_SPLINE_CURVE_WITH_KNOTS('',3,(#13083,#13084,#13085,#13086,#13087),
 .UNSPECIFIED.,.F.,.F.,(4,1,4),(0.,0.0932347650085074,0.211824589122541),
 .UNSPECIFIED.);
#697=B_SPLINE_CURVE_WITH_KNOTS('',3,(#13089,#13090,#13091,#13092,#13093),
 .UNSPECIFIED.,.F.,.F.,(4,1,4),(-0.211824589122541,-0.0932347650085074,
0.),.UNSPECIFIED.);
#698=B_SPLINE_CURVE_WITH_KNOTS('',3,(#13106,#13107,#13108,#13109,#13110),
 .UNSPECIFIED.,.F.,.F.,(4,1,4),(0.,0.129715655380311,0.228870890153788),
 .UNSPECIFIED.);
#699=B_SPLINE_CURVE_WITH_KNOTS('',3,(#13112,#13113,#13114,#13115,#13116),
 .UNSPECIFIED.,.F.,.F.,(4,1,4),(-0.228870890153788,-0.129715655380311,0.),
 .UNSPECIFIED.);
#700=B_SPLINE_CURVE_WITH_KNOTS('',3,(#13129,#13130,#13131,#13132,#13133),
 .UNSPECIFIED.,.F.,.F.,(4,1,4),(0.,0.0825384733748682,0.161723510980715),
 .UNSPECIFIED.);
#701=B_SPLINE_CURVE_WITH_KNOTS('',3,(#13135,#13136,#13137,#13138,#13139),
 .UNSPECIFIED.,.F.,.F.,(4,1,4),(-0.161723510980715,-0.0825384733748682,
0.),.UNSPECIFIED.);
#702=B_SPLINE_CURVE_WITH_KNOTS('',3,(#13152,#13153,#13154,#13155,#13156),
 .UNSPECIFIED.,.F.,.F.,(4,1,4),(0.,0.0769558186741423,0.156416923052964),
 .UNSPECIFIED.);
#703=B_SPLINE_CURVE_WITH_KNOTS('',3,(#13158,#13159,#13160,#13161,#13162),
 .UNSPECIFIED.,.F.,.F.,(4,1,4),(-0.156416923052964,-0.0769558186741423,
0.),.UNSPECIFIED.);
#704=B_SPLINE_CURVE_WITH_KNOTS('',3,(#13174,#13175,#13176,#13177,#13178),
 .UNSPECIFIED.,.F.,.F.,(4,1,4),(0.,0.0954594600104961,0.220872008054482),
 .UNSPECIFIED.);
#705=B_SPLINE_CURVE_WITH_KNOTS('',3,(#13179,#13180,#13181,#13182,#13183),
 .UNSPECIFIED.,.F.,.F.,(4,1,4),(-0.220872008054482,-0.0954594600104961,
0.),.UNSPECIFIED.);
#706=B_SPLINE_CURVE_WITH_KNOTS('',3,(#13201,#13202,#13203,#13204,#13205),
 .UNSPECIFIED.,.F.,.F.,(4,1,4),(-0.237913801435583,-0.117367284851676,0.),
 .UNSPECIFIED.);
#707=B_SPLINE_CURVE_WITH_KNOTS('',3,(#13218,#13219,#13220,#13221,#13222),
 .UNSPECIFIED.,.F.,.F.,(4,1,4),(-0.168130830433098,-0.0839870750601529,
0.),.UNSPECIFIED.);
#708=B_SPLINE_CURVE_WITH_KNOTS('',3,(#13235,#13236,#13237,#13238,#13239),
 .UNSPECIFIED.,.F.,.F.,(4,1,4),(-0.17624677399965,-0.0861893804841941,0.),
 .UNSPECIFIED.);
#709=B_SPLINE_CURVE_WITH_KNOTS('',3,(#13252,#13253,#13254,#13255,#13256),
 .UNSPECIFIED.,.F.,.F.,(4,1,4),(-0.202013328388191,-0.0967475382816941,
0.),.UNSPECIFIED.);
#710=B_SPLINE_CURVE_WITH_KNOTS('',3,(#13269,#13270,#13271,#13272,#13273),
 .UNSPECIFIED.,.F.,.F.,(4,1,4),(-0.201045643036506,-0.103821866923188,0.),
 .UNSPECIFIED.);
#711=B_SPLINE_CURVE_WITH_KNOTS('',3,(#13286,#13287,#13288,#13289,#13290),
 .UNSPECIFIED.,.F.,.F.,(4,1,4),(-0.175576274677214,-0.0901615544284563,
0.),.UNSPECIFIED.);
#712=B_SPLINE_CURVE_WITH_KNOTS('',3,(#13303,#13304,#13305,#13306,#13307),
 .UNSPECIFIED.,.F.,.F.,(4,1,4),(-0.170219531971692,-0.084314216650605,0.),
 .UNSPECIFIED.);
#713=B_SPLINE_CURVE_WITH_KNOTS('',3,(#13320,#13321,#13322,#13323,#13324),
 .UNSPECIFIED.,.F.,.F.,(4,1,4),(-0.12081802418515,-0.0622870874738188,0.),
 .UNSPECIFIED.);
#714=B_SPLINE_CURVE_WITH_KNOTS('',3,(#13337,#13338,#13339,#13340,#13341),
 .UNSPECIFIED.,.F.,.F.,(4,1,4),(-0.110735688596627,-0.0562409085400489,
0.),.UNSPECIFIED.);
#715=B_SPLINE_CURVE_WITH_KNOTS('',3,(#13371,#13372,#13373,#13374,#13375),
 .UNSPECIFIED.,.F.,.F.,(4,1,4),(0.,0.122617536072664,0.220560139628772),
 .UNSPECIFIED.);
#716=B_SPLINE_CURVE_WITH_KNOTS('',3,(#13379,#13380,#13381,#13382,#13383),
 .UNSPECIFIED.,.F.,.F.,(4,1,4),(-0.220560139628772,-0.122617536072664,0.),
 .UNSPECIFIED.);
#717=B_SPLINE_CURVE_WITH_KNOTS('',3,(#13396,#13397,#13398,#13399,#13400),
 .UNSPECIFIED.,.F.,.F.,(4,1,4),(0.,0.086000367536698,0.172002998955604),
 .UNSPECIFIED.);
#718=B_SPLINE_CURVE_WITH_KNOTS('',3,(#13402,#13403,#13404,#13405,#13406),
 .UNSPECIFIED.,.F.,.F.,(4,1,4),(-0.172002998955604,-0.086000367536698,0.),
 .UNSPECIFIED.);
#719=B_SPLINE_CURVE_WITH_KNOTS('',3,(#13419,#13420,#13421,#13422,#13423),
 .UNSPECIFIED.,.F.,.F.,(4,1,4),(0.,0.0855189532341697,0.171538280140278),
 .UNSPECIFIED.);
#720=B_SPLINE_CURVE_WITH_KNOTS('',3,(#13425,#13426,#13427,#13428,#13429),
 .UNSPECIFIED.,.F.,.F.,(4,1,4),(-0.171538280140278,-0.0855189532341697,
0.),.UNSPECIFIED.);
#721=B_SPLINE_CURVE_WITH_KNOTS('',3,(#13442,#13443,#13444,#13445,#13446),
 .UNSPECIFIED.,.F.,.F.,(4,1,4),(0.,0.0989254080081013,0.224166317090203),
 .UNSPECIFIED.);
#722=B_SPLINE_CURVE_WITH_KNOTS('',3,(#13448,#13449,#13450,#13451,#13452),
 .UNSPECIFIED.,.F.,.F.,(4,1,4),(-0.224166317090203,-0.0989254080081013,
0.),.UNSPECIFIED.);
#723=B_SPLINE_CURVE_WITH_KNOTS('',3,(#13465,#13466,#13467,#13468,#13469),
 .UNSPECIFIED.,.F.,.F.,(4,1,4),(0.,0.119075688516835,0.216083501588116),
 .UNSPECIFIED.);
#724=B_SPLINE_CURVE_WITH_KNOTS('',3,(#13471,#13472,#13473,#13474,#13475),
 .UNSPECIFIED.,.F.,.F.,(4,1,4),(-0.216083501588116,-0.119075688516835,0.),
 .UNSPECIFIED.);
#725=B_SPLINE_CURVE_WITH_KNOTS('',3,(#13488,#13489,#13490,#13491,#13492),
 .UNSPECIFIED.,.F.,.F.,(4,1,4),(0.,0.085932403392226,0.171016510024838),
 .UNSPECIFIED.);
#726=B_SPLINE_CURVE_WITH_KNOTS('',3,(#13494,#13495,#13496,#13497,#13498),
 .UNSPECIFIED.,.F.,.F.,(4,1,4),(-0.171016510024838,-0.085932403392226,0.),
 .UNSPECIFIED.);
#727=B_SPLINE_CURVE_WITH_KNOTS('',3,(#13511,#13512,#13513,#13514,#13515),
 .UNSPECIFIED.,.F.,.F.,(4,1,4),(0.,0.0859855175685639,0.171831661105314),
 .UNSPECIFIED.);
#728=B_SPLINE_CURVE_WITH_KNOTS('',3,(#13517,#13518,#13519,#13520,#13521),
 .UNSPECIFIED.,.F.,.F.,(4,1,4),(-0.171831661105314,-0.0859855175685639,
0.),.UNSPECIFIED.);
#729=B_SPLINE_CURVE_WITH_KNOTS('',3,(#13533,#13534,#13535,#13536,#13537),
 .UNSPECIFIED.,.F.,.F.,(4,1,4),(0.,0.0977161247051617,0.22024914119695),
 .UNSPECIFIED.);
#730=B_SPLINE_CURVE_WITH_KNOTS('',3,(#13538,#13539,#13540,#13541,#13542),
 .UNSPECIFIED.,.F.,.F.,(4,1,4),(-0.22024914119695,-0.0977161247051617,0.),
 .UNSPECIFIED.);
#731=B_SPLINE_CURVE_WITH_KNOTS('',3,(#13556,#13557,#13558,#13559,#13560),
 .UNSPECIFIED.,.F.,.F.,(4,1,4),(-0.326207942829647,-0.177355425095436,0.),
 .UNSPECIFIED.);
#732=B_SPLINE_CURVE_WITH_KNOTS('',3,(#13573,#13574,#13575,#13576,#13577),
 .UNSPECIFIED.,.F.,.F.,(4,1,4),(-0.245745170816491,-0.1199775023854,0.),
 .UNSPECIFIED.);
#733=B_SPLINE_CURVE_WITH_KNOTS('',3,(#13590,#13591,#13592,#13593,#13594),
 .UNSPECIFIED.,.F.,.F.,(4,1,4),(-0.268900530819884,-0.13793166450792,0.),
 .UNSPECIFIED.);
#734=B_SPLINE_CURVE_WITH_KNOTS('',3,(#13607,#13608,#13609,#13610,#13611),
 .UNSPECIFIED.,.F.,.F.,(4,1,4),(-0.292258541835226,-0.136538670642359,0.),
 .UNSPECIFIED.);
#735=B_SPLINE_CURVE_WITH_KNOTS('',3,(#13624,#13625,#13626,#13627,#13628),
 .UNSPECIFIED.,.F.,.F.,(4,1,4),(-0.225496796135211,-0.125354247813493,0.),
 .UNSPECIFIED.);
#736=B_SPLINE_CURVE_WITH_KNOTS('',3,(#13641,#13642,#13643,#13644,#13645),
 .UNSPECIFIED.,.F.,.F.,(4,1,4),(-0.176326737404145,-0.087871306990112,0.),
 .UNSPECIFIED.);
#737=B_SPLINE_CURVE_WITH_KNOTS('',3,(#13658,#13659,#13660,#13661,#13662),
 .UNSPECIFIED.,.F.,.F.,(4,1,4),(-0.1819930419251,-0.0901721958203958,0.),
 .UNSPECIFIED.);
#738=B_SPLINE_CURVE_WITH_KNOTS('',3,(#13675,#13676,#13677,#13678,#13679),
 .UNSPECIFIED.,.F.,.F.,(4,1,4),(-0.270434265760604,-0.139679248513255,0.),
 .UNSPECIFIED.);
#739=B_SPLINE_CURVE_WITH_KNOTS('',3,(#13691,#13692,#13693,#13694,#13695),
 .UNSPECIFIED.,.F.,.F.,(4,1,4),(-0.301957143953908,-0.13826355603767,0.),
 .UNSPECIFIED.);
#740=B_SPLINE_SURFACE_WITH_KNOTS('',3,1,((#8878,#8879),(#8880,#8881),(#8882,
#8883),(#8884,#8885),(#8886,#8887)),.UNSPECIFIED.,.F.,.F.,.F.,(4,1,4),(2,
2),(-0.130775224356029,-0.0698729780660153,0.),(0.,0.2),.UNSPECIFIED.);
#741=B_SPLINE_SURFACE_WITH_KNOTS('',3,1,((#8901,#8902),(#8903,#8904),(#8905,
#8906),(#8907,#8908),(#8909,#8910)),.UNSPECIFIED.,.F.,.F.,.F.,(4,1,4),(2,
2),(-0.12846865249571,-0.0600095779698195,0.),(0.,0.2),.UNSPECIFIED.);
#742=B_SPLINE_SURFACE_WITH_KNOTS('',3,1,((#8924,#8925),(#8926,#8927),(#8928,
#8929),(#8930,#8931),(#8932,#8933)),.UNSPECIFIED.,.F.,.F.,.F.,(4,1,4),(2,
2),(-0.157157560034864,-0.0758158829845135,0.),(0.,0.2),.UNSPECIFIED.);
#743=B_SPLINE_SURFACE_WITH_KNOTS('',3,1,((#8947,#8948),(#8949,#8950),(#8951,
#8952),(#8953,#8954),(#8955,#8956)),.UNSPECIFIED.,.F.,.F.,.F.,(4,1,4),(2,
2),(-0.136161951308311,-0.0715042975063759,0.),(0.,0.2),.UNSPECIFIED.);
#744=B_SPLINE_SURFACE_WITH_KNOTS('',3,1,((#8970,#8971),(#8972,#8973),(#8974,
#8975),(#8976,#8977),(#8978,#8979)),.UNSPECIFIED.,.F.,.F.,.F.,(4,1,4),(2,
2),(-0.107218827620665,-0.0571740327173634,0.),(0.,0.2),.UNSPECIFIED.);
#745=B_SPLINE_SURFACE_WITH_KNOTS('',3,1,((#8993,#8994),(#8995,#8996),(#8997,
#8998),(#8999,#9000),(#9001,#9002)),.UNSPECIFIED.,.F.,.F.,.F.,(4,1,4),(2,
2),(-0.0913347379675628,-0.0461825120420049,0.),(0.,0.2),.UNSPECIFIED.);
#746=B_SPLINE_SURFACE_WITH_KNOTS('',3,1,((#9016,#9017),(#9018,#9019),(#9020,
#9021),(#9022,#9023),(#9024,#9025)),.UNSPECIFIED.,.F.,.F.,.F.,(4,1,4),(2,
2),(-0.0878673179734664,-0.0446071582795966,0.),(0.,0.2),.UNSPECIFIED.);
#747=B_SPLINE_SURFACE_WITH_KNOTS('',3,1,((#9039,#9040),(#9041,#9042),(#9043,
#9044),(#9045,#9046),(#9047,#9048)),.UNSPECIFIED.,.F.,.F.,.F.,(4,1,4),(2,
2),(-0.108625347236074,-0.048490558758718,0.),(0.,0.2),.UNSPECIFIED.);
#748=B_SPLINE_SURFACE_WITH_KNOTS('',3,1,((#9062,#9063),(#9064,#9065),(#9066,
#9067),(#9068,#9069),(#9070,#9071)),.UNSPECIFIED.,.F.,.F.,.F.,(4,1,4),(2,
2),(-0.184654136353423,-0.0676665308280695,0.),(0.,0.2),.UNSPECIFIED.);
#749=B_SPLINE_SURFACE_WITH_KNOTS('',3,1,((#9085,#9086),(#9087,#9088),(#9089,
#9090),(#9091,#9092),(#9093,#9094)),.UNSPECIFIED.,.F.,.F.,.F.,(4,1,4),(2,
2),(-0.203186457484569,-0.121485517916051,0.),(0.,0.2),.UNSPECIFIED.);
#750=B_SPLINE_SURFACE_WITH_KNOTS('',3,1,((#9108,#9109),(#9110,#9111),(#9112,
#9113),(#9114,#9115),(#9116,#9117)),.UNSPECIFIED.,.F.,.F.,.F.,(4,1,4),(2,
2),(-0.142900270683372,-0.0753212458063606,0.),(0.,0.2),.UNSPECIFIED.);
#751=B_SPLINE_SURFACE_WITH_KNOTS('',3,1,((#9131,#9132),(#9133,#9134),(#9135,
#9136),(#9137,#9138),(#9139,#9140)),.UNSPECIFIED.,.F.,.F.,.F.,(4,1,4),(2,
2),(-0.13069659508606,-0.0645414736921776,0.),(0.,0.2),.UNSPECIFIED.);
#752=B_SPLINE_SURFACE_WITH_KNOTS('',3,1,((#9154,#9155),(#9156,#9157),(#9158,
#9159),(#9160,#9161),(#9162,#9163)),.UNSPECIFIED.,.F.,.F.,.F.,(4,1,4),(2,
2),(-0.149548363090776,-0.0740272441962973,0.),(0.,0.2),.UNSPECIFIED.);
#753=B_SPLINE_SURFACE_WITH_KNOTS('',3,1,((#9177,#9178),(#9179,#9180),(#9181,
#9182),(#9183,#9184),(#9185,#9186)),.UNSPECIFIED.,.F.,.F.,.F.,(4,1,4),(2,
2),(-0.162332245299089,-0.0784002500842333,0.),(0.,0.2),.UNSPECIFIED.);
#754=B_SPLINE_SURFACE_WITH_KNOTS('',3,1,((#9200,#9201),(#9202,#9203),(#9204,
#9205),(#9206,#9207),(#9208,#9209)),.UNSPECIFIED.,.F.,.F.,.F.,(4,1,4),(2,
2),(-0.187545886888351,-0.0908186705609991,0.),(0.,0.2),.UNSPECIFIED.);
#755=B_SPLINE_SURFACE_WITH_KNOTS('',3,1,((#9223,#9224),(#9225,#9226),(#9227,
#9228),(#9229,#9230),(#9231,#9232)),.UNSPECIFIED.,.F.,.F.,.F.,(4,1,4),(2,
2),(-0.200355166618266,-0.10500378186879,0.),(0.,0.2),.UNSPECIFIED.);
#756=B_SPLINE_SURFACE_WITH_KNOTS('',3,1,((#9246,#9247),(#9248,#9249),(#9250,
#9251),(#9252,#9253),(#9254,#9255)),.UNSPECIFIED.,.F.,.F.,.F.,(4,1,4),(2,
2),(-0.169760881375292,-0.0871851663170577,0.),(0.,0.2),.UNSPECIFIED.);
#757=B_SPLINE_SURFACE_WITH_KNOTS('',3,1,((#9269,#9270),(#9271,#9272),(#9273,
#9274),(#9275,#9276),(#9277,#9278)),.UNSPECIFIED.,.F.,.F.,.F.,(4,1,4),(2,
2),(-0.166633567436802,-0.082079051829504,0.),(0.,0.2),.UNSPECIFIED.);
#758=B_SPLINE_SURFACE_WITH_KNOTS('',3,1,((#9298,#9299),(#9300,#9301),(#9302,
#9303),(#9304,#9305),(#9306,#9307)),.UNSPECIFIED.,.F.,.F.,.F.,(4,1,4),(2,
2),(-0.162310076937512,-0.0861880936234744,0.),(0.,0.2),.UNSPECIFIED.);
#759=B_SPLINE_SURFACE_WITH_KNOTS('',3,1,((#9321,#9322),(#9323,#9324),(#9325,
#9326),(#9327,#9328),(#9329,#9330)),.UNSPECIFIED.,.F.,.F.,.F.,(4,1,4),(2,
2),(-0.18353543903086,-0.0816030182082024,0.),(0.,0.2),.UNSPECIFIED.);
#760=B_SPLINE_SURFACE_WITH_KNOTS('',3,1,((#9344,#9345),(#9346,#9347),(#9348,
#9349),(#9350,#9351),(#9352,#9353)),.UNSPECIFIED.,.F.,.F.,.F.,(4,1,4),(2,
2),(-0.182822382294414,-0.104350092788488,0.),(0.,0.2),.UNSPECIFIED.);
#761=B_SPLINE_SURFACE_WITH_KNOTS('',3,1,((#9367,#9368),(#9369,#9370),(#9371,
#9372),(#9373,#9374),(#9375,#9376)),.UNSPECIFIED.,.F.,.F.,.F.,(4,1,4),(2,
2),(-0.122808017819053,-0.0636388875446569,0.),(0.,0.2),.UNSPECIFIED.);
#762=B_SPLINE_SURFACE_WITH_KNOTS('',3,1,((#9390,#9391),(#9392,#9393),(#9394,
#9395),(#9396,#9397),(#9398,#9399)),.UNSPECIFIED.,.F.,.F.,.F.,(4,1,4),(2,
2),(-0.09921490561675,-0.0500658817781103,0.),(0.,0.2),.UNSPECIFIED.);
#763=B_SPLINE_SURFACE_WITH_KNOTS('',3,1,((#9413,#9414),(#9415,#9416),(#9417,
#9418),(#9419,#9420),(#9421,#9422)),.UNSPECIFIED.,.F.,.F.,.F.,(4,1,4),(2,
2),(-0.212882271059074,-0.0774490773667732,0.),(0.,0.2),.UNSPECIFIED.);
#764=B_SPLINE_SURFACE_WITH_KNOTS('',3,1,((#9436,#9437),(#9438,#9439),(#9440,
#9441),(#9442,#9443),(#9444,#9445)),.UNSPECIFIED.,.F.,.F.,.F.,(4,1,4),(2,
2),(-0.230565710097225,-0.140231557811943,0.),(0.,0.2),.UNSPECIFIED.);
#765=B_SPLINE_SURFACE_WITH_KNOTS('',3,1,((#9459,#9460),(#9461,#9462),(#9463,
#9464),(#9465,#9466),(#9467,#9468)),.UNSPECIFIED.,.F.,.F.,.F.,(4,1,4),(2,
2),(-0.165932899466623,-0.0885423207811168,0.),(0.,0.2),.UNSPECIFIED.);
#766=B_SPLINE_SURFACE_WITH_KNOTS('',3,1,((#9482,#9483),(#9484,#9485),(#9486,
#9487),(#9488,#9489),(#9490,#9491)),.UNSPECIFIED.,.F.,.F.,.F.,(4,1,4),(2,
2),(-0.149900010067412,-0.0733880702875056,0.),(0.,0.2),.UNSPECIFIED.);
#767=B_SPLINE_SURFACE_WITH_KNOTS('',3,1,((#9505,#9506),(#9507,#9508),(#9509,
#9510),(#9511,#9512),(#9513,#9514)),.UNSPECIFIED.,.F.,.F.,.F.,(4,1,4),(2,
2),(-0.158903047992126,-0.0783445223692298,0.),(0.,0.2),.UNSPECIFIED.);
#768=B_SPLINE_SURFACE_WITH_KNOTS('',3,1,((#9528,#9529),(#9530,#9531),(#9532,
#9533),(#9534,#9535),(#9536,#9537)),.UNSPECIFIED.,.F.,.F.,.F.,(4,1,4),(2,
2),(-0.172975630057708,-0.0838951656527431,0.),(0.,0.2),.UNSPECIFIED.);
#769=B_SPLINE_SURFACE_WITH_KNOTS('',3,1,((#9551,#9552),(#9553,#9554),(#9555,
#9556),(#9557,#9558),(#9559,#9560)),.UNSPECIFIED.,.F.,.F.,.F.,(4,1,4),(2,
2),(-0.197810392921454,-0.0956163908777278,0.),(0.,0.2),.UNSPECIFIED.);
#770=B_SPLINE_SURFACE_WITH_KNOTS('',3,1,((#9574,#9575),(#9576,#9577),(#9578,
#9579),(#9580,#9581),(#9582,#9583)),.UNSPECIFIED.,.F.,.F.,.F.,(4,1,4),(2,
2),(-0.232080096844355,-0.125135676297765,0.),(0.,0.2),.UNSPECIFIED.);
#771=B_SPLINE_SURFACE_WITH_KNOTS('',3,1,((#9597,#9598),(#9599,#9600),(#9601,
#9602),(#9603,#9604),(#9605,#9606)),.UNSPECIFIED.,.F.,.F.,.F.,(4,1,4),(2,
2),(-0.188857663838392,-0.0956790352205747,0.),(0.,0.2),.UNSPECIFIED.);
#772=B_SPLINE_SURFACE_WITH_KNOTS('',3,1,((#9620,#9621),(#9622,#9623),(#9624,
#9625),(#9626,#9627),(#9628,#9629)),.UNSPECIFIED.,.F.,.F.,.F.,(4,1,4),(2,
2),(-0.189827224370903,-0.0935651144537266,0.),(0.,0.2),.UNSPECIFIED.);
#773=B_SPLINE_SURFACE_WITH_KNOTS('',3,1,((#9675,#9676),(#9677,#9678),(#9679,
#9680),(#9681,#9682),(#9683,#9684)),.UNSPECIFIED.,.F.,.F.,.F.,(4,1,4),(2,
2),(-0.146356519209801,-0.081503791990215,0.),(0.,0.2),.UNSPECIFIED.);
#774=B_SPLINE_SURFACE_WITH_KNOTS('',3,1,((#9698,#9699),(#9700,#9701),(#9702,
#9703),(#9704,#9705),(#9706,#9707)),.UNSPECIFIED.,.F.,.F.,.F.,(4,1,4),(2,
2),(-0.17242880700158,-0.0858386069476378,0.),(0.,0.2),.UNSPECIFIED.);
#775=B_SPLINE_SURFACE_WITH_KNOTS('',3,1,((#9721,#9722),(#9723,#9724),(#9725,
#9726),(#9727,#9728),(#9729,#9730)),.UNSPECIFIED.,.F.,.F.,.F.,(4,1,4),(2,
2),(-0.156242843503925,-0.0791240079989,0.),(0.,0.2),.UNSPECIFIED.);
#776=B_SPLINE_SURFACE_WITH_KNOTS('',3,1,((#9744,#9745),(#9746,#9747),(#9748,
#9749),(#9750,#9751),(#9752,#9753)),.UNSPECIFIED.,.F.,.F.,.F.,(4,1,4),(2,
2),(-0.167247072241773,-0.0798866946382736,0.),(0.,0.2),.UNSPECIFIED.);
#777=B_SPLINE_SURFACE_WITH_KNOTS('',3,1,((#9773,#9774),(#9775,#9776),(#9777,
#9778),(#9779,#9780),(#9781,#9782)),.UNSPECIFIED.,.F.,.F.,.F.,(4,1,4),(2,
2),(-0.208257950867343,-0.10761667690737,0.),(0.,0.2),.UNSPECIFIED.);
#778=B_SPLINE_SURFACE_WITH_KNOTS('',3,1,((#9796,#9797),(#9798,#9799),(#9800,
#9801),(#9802,#9803),(#9804,#9805)),.UNSPECIFIED.,.F.,.F.,.F.,(4,1,4),(2,
2),(-0.219220658189223,-0.103261967180955,0.),(0.,0.2),.UNSPECIFIED.);
#779=B_SPLINE_SURFACE_WITH_KNOTS('',3,1,((#9819,#9820),(#9821,#9822),(#9823,
#9824),(#9825,#9826),(#9827,#9828)),.UNSPECIFIED.,.F.,.F.,.F.,(4,1,4),(2,
2),(-0.276454073250248,-0.144565910587593,0.),(0.,0.2),.UNSPECIFIED.);
#780=B_SPLINE_SURFACE_WITH_KNOTS('',3,1,((#9842,#9843),(#9844,#9845),(#9846,
#9847),(#9848,#9849),(#9850,#9851)),.UNSPECIFIED.,.F.,.F.,.F.,(4,1,4),(2,
2),(-0.295446934493481,-0.136755659209686,0.),(0.,0.2),.UNSPECIFIED.);
#781=B_SPLINE_SURFACE_WITH_KNOTS('',3,1,((#9865,#9866),(#9867,#9868),(#9869,
#9870),(#9871,#9872),(#9873,#9874)),.UNSPECIFIED.,.F.,.F.,.F.,(4,1,4),(2,
2),(-0.304495936833343,-0.164043341691686,0.),(0.,0.2),.UNSPECIFIED.);
#782=B_SPLINE_SURFACE_WITH_KNOTS('',3,1,((#9888,#9889),(#9890,#9891),(#9892,
#9893),(#9894,#9895),(#9896,#9897)),.UNSPECIFIED.,.F.,.F.,.F.,(4,1,4),(2,
2),(-0.270398775198888,-0.131993568792442,0.),(0.,0.2),.UNSPECIFIED.);
#783=B_SPLINE_SURFACE_WITH_KNOTS('',3,1,((#9911,#9912),(#9913,#9914),(#9915,
#9916),(#9917,#9918),(#9919,#9920)),.UNSPECIFIED.,.F.,.F.,.F.,(4,1,4),(2,
2),(-0.263166697533859,-0.134288066066595,0.),(0.,0.2),.UNSPECIFIED.);
#784=B_SPLINE_SURFACE_WITH_KNOTS('',3,1,((#9934,#9935),(#9936,#9937),(#9938,
#9939),(#9940,#9941),(#9942,#9943)),.UNSPECIFIED.,.F.,.F.,.F.,(4,1,4),(2,
2),(-0.298549397049263,-0.137617295583108,0.),(0.,0.2),.UNSPECIFIED.);
#785=B_SPLINE_SURFACE_WITH_KNOTS('',3,1,((#9957,#9958),(#9959,#9960),(#9961,
#9962),(#9963,#9964),(#9965,#9966)),.UNSPECIFIED.,.F.,.F.,.F.,(4,1,4),(2,
2),(-0.0327500625051732,-0.0136436174962033,0.),(0.,0.2),.UNSPECIFIED.);
#786=B_SPLINE_SURFACE_WITH_KNOTS('',3,1,((#9986,#9987),(#9988,#9989),(#9990,
#9991),(#9992,#9993),(#9994,#9995)),.UNSPECIFIED.,.F.,.F.,.F.,(4,1,4),(2,
2),(-0.198019249617392,-0.107324887136278,0.),(0.,0.2),.UNSPECIFIED.);
#787=B_SPLINE_SURFACE_WITH_KNOTS('',3,1,((#10009,#10010),(#10011,#10012),
(#10013,#10014),(#10015,#10016),(#10017,#10018)),.UNSPECIFIED.,.F.,.F.,
 .F.,(4,1,4),(2,2),(-0.167884078798029,-0.0831668247843591,0.),(0.,0.2),
 .UNSPECIFIED.);
#788=B_SPLINE_SURFACE_WITH_KNOTS('',3,1,((#10032,#10033),(#10034,#10035),
(#10036,#10037),(#10038,#10039),(#10040,#10041)),.UNSPECIFIED.,.F.,.F.,
 .F.,(4,1,4),(2,2),(-0.122239361199419,-0.0632104685997126,0.),(0.,0.2),
 .UNSPECIFIED.);
#789=B_SPLINE_SURFACE_WITH_KNOTS('',3,1,((#10055,#10056),(#10057,#10058),
(#10059,#10060),(#10061,#10062),(#10063,#10064)),.UNSPECIFIED.,.F.,.F.,
 .F.,(4,1,4),(2,2),(-0.137683989249252,-0.0628661920406909,0.),(0.,0.2),
 .UNSPECIFIED.);
#790=B_SPLINE_SURFACE_WITH_KNOTS('',3,1,((#10086,#10087),(#10088,#10089),
(#10090,#10091),(#10092,#10093),(#10094,#10095)),.UNSPECIFIED.,.F.,.F.,
 .F.,(4,1,4),(2,2),(-0.0935322522194925,-0.0497907235540038,0.),(0.,0.2),
 .UNSPECIFIED.);
#791=B_SPLINE_SURFACE_WITH_KNOTS('',3,1,((#10109,#10110),(#10111,#10112),
(#10113,#10114),(#10115,#10116),(#10117,#10118)),.UNSPECIFIED.,.F.,.F.,
 .F.,(4,1,4),(2,2),(-0.106669531508746,-0.059580237957698,0.),(0.,0.2),
 .UNSPECIFIED.);
#792=B_SPLINE_SURFACE_WITH_KNOTS('',3,1,((#10132,#10133),(#10134,#10135),
(#10136,#10137),(#10138,#10139),(#10140,#10141)),.UNSPECIFIED.,.F.,.F.,
 .F.,(4,1,4),(2,2),(-0.0770392990940713,-0.0397921522082957,0.),(0.,0.2),
 .UNSPECIFIED.);
#793=B_SPLINE_SURFACE_WITH_KNOTS('',3,1,((#10155,#10156),(#10157,#10158),
(#10159,#10160),(#10161,#10162),(#10163,#10164)),.UNSPECIFIED.,.F.,.F.,
 .F.,(4,1,4),(2,2),(-0.146200928131145,-0.0546335291403978,0.),(0.,0.2),
 .UNSPECIFIED.);
#794=B_SPLINE_SURFACE_WITH_KNOTS('',3,1,((#10244,#10245),(#10246,#10247),
(#10248,#10249),(#10250,#10251),(#10252,#10253)),.UNSPECIFIED.,.F.,.F.,
 .F.,(4,1,4),(2,2),(-0.0680406822043496,-0.0431749622071468,0.),(0.,0.2),
 .UNSPECIFIED.);
#795=B_SPLINE_SURFACE_WITH_KNOTS('',3,1,((#10267,#10268),(#10269,#10270),
(#10271,#10272),(#10273,#10274),(#10275,#10276)),.UNSPECIFIED.,.F.,.F.,
 .F.,(4,1,4),(2,2),(-0.0322980746704565,-0.0159441635615633,0.),(0.,0.2),
 .UNSPECIFIED.);
#796=B_SPLINE_SURFACE_WITH_KNOTS('',3,1,((#10290,#10291),(#10292,#10293),
(#10294,#10295),(#10296,#10297),(#10298,#10299)),.UNSPECIFIED.,.F.,.F.,
 .F.,(4,1,4),(2,2),(-0.0432524926321505,-0.0190209984633334,0.),(0.,0.2),
 .UNSPECIFIED.);
#797=B_SPLINE_SURFACE_WITH_KNOTS('',3,1,((#10313,#10314),(#10315,#10316),
(#10317,#10318),(#10319,#10320),(#10321,#10322)),.UNSPECIFIED.,.F.,.F.,
 .F.,(4,1,4),(2,2),(-0.0541300708359824,-0.0237345627457687,0.),(0.,0.2),
 .UNSPECIFIED.);
#798=B_SPLINE_SURFACE_WITH_KNOTS('',3,1,((#10343,#10344),(#10345,#10346),
(#10347,#10348),(#10349,#10350),(#10351,#10352)),.UNSPECIFIED.,.F.,.F.,
 .F.,(4,1,4),(2,2),(-0.127814267735121,-0.0673043672973322,0.),(0.,0.2),
 .UNSPECIFIED.);
#799=B_SPLINE_SURFACE_WITH_KNOTS('',3,1,((#10366,#10367),(#10368,#10369),
(#10370,#10371),(#10372,#10373),(#10374,#10375)),.UNSPECIFIED.,.F.,.F.,
 .F.,(4,1,4),(2,2),(-0.138393588477396,-0.0631551948361298,0.),(0.,0.2),
 .UNSPECIFIED.);
#800=B_SPLINE_SURFACE_WITH_KNOTS('',3,1,((#10389,#10390),(#10391,#10392),
(#10393,#10394),(#10395,#10396),(#10397,#10398)),.UNSPECIFIED.,.F.,.F.,
 .F.,(4,1,4),(2,2),(-0.132093891466205,-0.0741715634583177,0.),(0.,0.2),
 .UNSPECIFIED.);
#801=B_SPLINE_SURFACE_WITH_KNOTS('',3,1,((#10412,#10413),(#10414,#10415),
(#10416,#10417),(#10418,#10419),(#10420,#10421)),.UNSPECIFIED.,.F.,.F.,
 .F.,(4,1,4),(2,2),(-0.0929986237584526,-0.0484083943425784,0.),(0.,0.2),
 .UNSPECIFIED.);
#802=B_SPLINE_SURFACE_WITH_KNOTS('',3,1,((#10435,#10436),(#10437,#10438),
(#10439,#10440),(#10441,#10442),(#10443,#10444)),.UNSPECIFIED.,.F.,.F.,
 .F.,(4,1,4),(2,2),(-0.0774578551618362,-0.0382589792117733,0.),(0.,0.2),
 .UNSPECIFIED.);
#803=B_SPLINE_SURFACE_WITH_KNOTS('',3,1,((#10458,#10459),(#10460,#10461),
(#10462,#10463),(#10464,#10465),(#10466,#10467)),.UNSPECIFIED.,.F.,.F.,
 .F.,(4,1,4),(2,2),(-0.132465677304449,-0.0477626979439927,0.),(0.,0.2),
 .UNSPECIFIED.);
#804=B_SPLINE_SURFACE_WITH_KNOTS('',3,1,((#10481,#10482),(#10483,#10484),
(#10485,#10486),(#10487,#10488),(#10489,#10490)),.UNSPECIFIED.,.F.,.F.,
 .F.,(4,1,4),(2,2),(-0.196493594849862,-0.118682517440957,0.),(0.,0.2),
 .UNSPECIFIED.);
#805=B_SPLINE_SURFACE_WITH_KNOTS('',3,1,((#10504,#10505),(#10506,#10507),
(#10508,#10509),(#10510,#10511),(#10512,#10513)),.UNSPECIFIED.,.F.,.F.,
 .F.,(4,1,4),(2,2),(-0.106055230128558,-0.054633398929602,0.),(0.,0.2),
 .UNSPECIFIED.);
#806=B_SPLINE_SURFACE_WITH_KNOTS('',3,1,((#10527,#10528),(#10529,#10530),
(#10531,#10532),(#10533,#10534),(#10535,#10536)),.UNSPECIFIED.,.F.,.F.,
 .F.,(4,1,4),(2,2),(-0.101865015143463,-0.0505174972993469,0.),(0.,0.2),
 .UNSPECIFIED.);
#807=B_SPLINE_SURFACE_WITH_KNOTS('',3,1,((#10550,#10551),(#10552,#10553),
(#10554,#10555),(#10556,#10557),(#10558,#10559)),.UNSPECIFIED.,.F.,.F.,
 .F.,(4,1,4),(2,2),(-0.0931267508087865,-0.0469685983754134,0.),(0.,0.2),
 .UNSPECIFIED.);
#808=B_SPLINE_SURFACE_WITH_KNOTS('',3,1,((#10573,#10574),(#10575,#10576),
(#10577,#10578),(#10579,#10580),(#10581,#10582)),.UNSPECIFIED.,.F.,.F.,
 .F.,(4,1,4),(2,2),(-0.0919625997971848,-0.0459567530476973,0.),(0.,0.2),
 .UNSPECIFIED.);
#809=B_SPLINE_SURFACE_WITH_KNOTS('',3,1,((#10596,#10597),(#10598,#10599),
(#10600,#10601),(#10602,#10603),(#10604,#10605)),.UNSPECIFIED.,.F.,.F.,
 .F.,(4,1,4),(2,2),(-0.0862329681422909,-0.039078485868669,0.),(0.,0.2),
 .UNSPECIFIED.);
#810=B_SPLINE_SURFACE_WITH_KNOTS('',3,1,((#10619,#10620),(#10621,#10622),
(#10623,#10624),(#10625,#10626),(#10627,#10628)),.UNSPECIFIED.,.F.,.F.,
 .F.,(4,1,4),(2,2),(-0.107360603788767,-0.0524123609625481,0.),(0.,0.2),
 .UNSPECIFIED.);
#811=B_SPLINE_SURFACE_WITH_KNOTS('',3,1,((#10642,#10643),(#10644,#10645),
(#10646,#10647),(#10648,#10649),(#10650,#10651)),.UNSPECIFIED.,.F.,.F.,
 .F.,(4,1,4),(2,2),(-0.152355400808161,-0.0802997914631077,0.),(0.,0.2),
 .UNSPECIFIED.);
#812=B_SPLINE_SURFACE_WITH_KNOTS('',3,1,((#10665,#10666),(#10667,#10668),
(#10669,#10670),(#10671,#10672),(#10673,#10674)),.UNSPECIFIED.,.F.,.F.,
 .F.,(4,1,4),(2,2),(-0.117311503562696,-0.0630375080503729,0.),(0.,0.2),
 .UNSPECIFIED.);
#813=B_SPLINE_SURFACE_WITH_KNOTS('',3,1,((#10688,#10689),(#10690,#10691),
(#10692,#10693),(#10694,#10695),(#10696,#10697)),.UNSPECIFIED.,.F.,.F.,
 .F.,(4,1,4),(2,2),(-0.120726834131023,-0.0554581773535166,0.),(0.,0.2),
 .UNSPECIFIED.);
#814=B_SPLINE_SURFACE_WITH_KNOTS('',3,1,((#10717,#10718),(#10719,#10720),
(#10721,#10722),(#10723,#10724),(#10725,#10726)),.UNSPECIFIED.,.F.,.F.,
 .F.,(4,1,4),(2,2),(-0.101249777283621,-0.0522859113354038,0.),(0.,0.2),
 .UNSPECIFIED.);
#815=B_SPLINE_SURFACE_WITH_KNOTS('',3,1,((#10740,#10741),(#10742,#10743),
(#10744,#10745),(#10746,#10747),(#10748,#10749)),.UNSPECIFIED.,.F.,.F.,
 .F.,(4,1,4),(2,2),(-0.116856748838241,-0.0528509361245201,0.),(0.,0.2),
 .UNSPECIFIED.);
#816=B_SPLINE_SURFACE_WITH_KNOTS('',3,1,((#10763,#10764),(#10765,#10766),
(#10767,#10768),(#10769,#10770),(#10771,#10772)),.UNSPECIFIED.,.F.,.F.,
 .F.,(4,1,4),(2,2),(-0.125434756790954,-0.0728128559683475,0.),(0.,0.2),
 .UNSPECIFIED.);
#817=B_SPLINE_SURFACE_WITH_KNOTS('',3,1,((#10786,#10787),(#10788,#10789),
(#10790,#10791),(#10792,#10793),(#10794,#10795)),.UNSPECIFIED.,.F.,.F.,
 .F.,(4,1,4),(2,2),(-0.0769752175037906,-0.0407016732935959,0.),(0.,0.2),
 .UNSPECIFIED.);
#818=B_SPLINE_SURFACE_WITH_KNOTS('',3,1,((#10809,#10810),(#10811,#10812),
(#10813,#10814),(#10815,#10816),(#10817,#10818)),.UNSPECIFIED.,.F.,.F.,
 .F.,(4,1,4),(2,2),(-0.0461945942970223,-0.02298896500722,0.),(0.,0.2),
 .UNSPECIFIED.);
#819=B_SPLINE_SURFACE_WITH_KNOTS('',3,1,((#10832,#10833),(#10834,#10835),
(#10836,#10837),(#10838,#10839),(#10840,#10841)),.UNSPECIFIED.,.F.,.F.,
 .F.,(4,1,4),(2,2),(-0.0578496452792435,-0.0264216964581824,0.),(0.,0.2),
 .UNSPECIFIED.);
#820=B_SPLINE_SURFACE_WITH_KNOTS('',3,1,((#10855,#10856),(#10857,#10858),
(#10859,#10860),(#10861,#10862),(#10863,#10864)),.UNSPECIFIED.,.F.,.F.,
 .F.,(4,1,4),(2,2),(-0.11291645280668,-0.0380273196787665,0.),(0.,0.2),
 .UNSPECIFIED.);
#821=B_SPLINE_SURFACE_WITH_KNOTS('',3,1,((#10878,#10879),(#10880,#10881),
(#10882,#10883),(#10884,#10885),(#10886,#10887)),.UNSPECIFIED.,.F.,.F.,
 .F.,(4,1,4),(2,2),(-0.190592030773444,-0.115025359444378,0.),(0.,0.2),
 .UNSPECIFIED.);
#822=B_SPLINE_SURFACE_WITH_KNOTS('',3,1,((#10901,#10902),(#10903,#10904),
(#10905,#10906),(#10907,#10908),(#10909,#10910)),.UNSPECIFIED.,.F.,.F.,
 .F.,(4,1,4),(2,2),(-0.104439510512143,-0.053404289057264,0.),(0.,0.2),
 .UNSPECIFIED.);
#823=B_SPLINE_SURFACE_WITH_KNOTS('',3,1,((#10924,#10925),(#10926,#10927),
(#10928,#10929),(#10930,#10931),(#10932,#10933)),.UNSPECIFIED.,.F.,.F.,
 .F.,(4,1,4),(2,2),(-0.110367641672946,-0.0522632457768359,0.),(0.,0.2),
 .UNSPECIFIED.);
#824=B_SPLINE_SURFACE_WITH_KNOTS('',3,1,((#10947,#10948),(#10949,#10950),
(#10951,#10952),(#10953,#10954),(#10955,#10956)),.UNSPECIFIED.,.F.,.F.,
 .F.,(4,1,4),(2,2),(-0.122395219004203,-0.0602696528675264,0.),(0.,0.2),
 .UNSPECIFIED.);
#825=B_SPLINE_SURFACE_WITH_KNOTS('',3,1,((#10970,#10971),(#10972,#10973),
(#10974,#10975),(#10976,#10977),(#10978,#10979)),.UNSPECIFIED.,.F.,.F.,
 .F.,(4,1,4),(2,2),(-0.13453987389407,-0.0650075600561553,0.),(0.,0.2),
 .UNSPECIFIED.);
#826=B_SPLINE_SURFACE_WITH_KNOTS('',3,1,((#10993,#10994),(#10995,#10996),
(#10997,#10998),(#10999,#11000),(#11001,#11002)),.UNSPECIFIED.,.F.,.F.,
 .F.,(4,1,4),(2,2),(-0.156498869954231,-0.0753271877451486,0.),(0.,0.2),
 .UNSPECIFIED.);
#827=B_SPLINE_SURFACE_WITH_KNOTS('',3,1,((#11016,#11017),(#11018,#11019),
(#11020,#11021),(#11022,#11023),(#11024,#11025)),.UNSPECIFIED.,.F.,.F.,
 .F.,(4,1,4),(2,2),(-0.226170064468943,-0.125264966938171,0.),(0.,0.2),
 .UNSPECIFIED.);
#828=B_SPLINE_SURFACE_WITH_KNOTS('',3,1,((#11039,#11040),(#11041,#11042),
(#11043,#11044),(#11045,#11046),(#11047,#11048)),.UNSPECIFIED.,.F.,.F.,
 .F.,(4,1,4),(2,2),(-0.201391014785672,-0.0947503550852873,0.),(0.,0.2),
 .UNSPECIFIED.);
#829=B_SPLINE_SURFACE_WITH_KNOTS('',3,1,((#11094,#11095),(#11096,#11097),
(#11098,#11099),(#11100,#11101),(#11102,#11103)),.UNSPECIFIED.,.F.,.F.,
 .F.,(4,1,4),(2,2),(-0.127814267735121,-0.0673043672973322,0.),(0.,0.2),
 .UNSPECIFIED.);
#830=B_SPLINE_SURFACE_WITH_KNOTS('',3,1,((#11117,#11118),(#11119,#11120),
(#11121,#11122),(#11123,#11124),(#11125,#11126)),.UNSPECIFIED.,.F.,.F.,
 .F.,(4,1,4),(2,2),(-0.138393588477396,-0.0631551948361298,0.),(0.,0.2),
 .UNSPECIFIED.);
#831=B_SPLINE_SURFACE_WITH_KNOTS('',3,1,((#11140,#11141),(#11142,#11143),
(#11144,#11145),(#11146,#11147),(#11148,#11149)),.UNSPECIFIED.,.F.,.F.,
 .F.,(4,1,4),(2,2),(-0.132093891466205,-0.0741715634583177,0.),(0.,0.2),
 .UNSPECIFIED.);
#832=B_SPLINE_SURFACE_WITH_KNOTS('',3,1,((#11163,#11164),(#11165,#11166),
(#11167,#11168),(#11169,#11170),(#11171,#11172)),.UNSPECIFIED.,.F.,.F.,
 .F.,(4,1,4),(2,2),(-0.0929989261237996,-0.0484086967079255,0.),(0.,0.2),
 .UNSPECIFIED.);
#833=B_SPLINE_SURFACE_WITH_KNOTS('',3,1,((#11186,#11187),(#11188,#11189),
(#11190,#11191),(#11192,#11193),(#11194,#11195)),.UNSPECIFIED.,.F.,.F.,
 .F.,(4,1,4),(2,2),(-0.0774581849980441,-0.0382589792117733,0.),(0.,0.2),
 .UNSPECIFIED.);
#834=B_SPLINE_SURFACE_WITH_KNOTS('',3,1,((#11209,#11210),(#11211,#11212),
(#11213,#11214),(#11215,#11216),(#11217,#11218)),.UNSPECIFIED.,.F.,.F.,
 .F.,(4,1,4),(2,2),(-0.132465677304449,-0.0477626979439927,0.),(0.,0.2),
 .UNSPECIFIED.);
#835=B_SPLINE_SURFACE_WITH_KNOTS('',3,1,((#11232,#11233),(#11234,#11235),
(#11236,#11237),(#11238,#11239),(#11240,#11241)),.UNSPECIFIED.,.F.,.F.,
 .F.,(4,1,4),(2,2),(-0.196493594849862,-0.118682517440957,0.),(0.,0.2),
 .UNSPECIFIED.);
#836=B_SPLINE_SURFACE_WITH_KNOTS('',3,1,((#11255,#11256),(#11257,#11258),
(#11259,#11260),(#11261,#11262),(#11263,#11264)),.UNSPECIFIED.,.F.,.F.,
 .F.,(4,1,4),(2,2),(-0.106055230128558,-0.054633398929602,0.),(0.,0.2),
 .UNSPECIFIED.);
#837=B_SPLINE_SURFACE_WITH_KNOTS('',3,1,((#11278,#11279),(#11280,#11281),
(#11282,#11283),(#11284,#11285),(#11286,#11287)),.UNSPECIFIED.,.F.,.F.,
 .F.,(4,1,4),(2,2),(-0.101865015143463,-0.0505174972993469,0.),(0.,0.2),
 .UNSPECIFIED.);
#838=B_SPLINE_SURFACE_WITH_KNOTS('',3,1,((#11301,#11302),(#11303,#11304),
(#11305,#11306),(#11307,#11308),(#11309,#11310)),.UNSPECIFIED.,.F.,.F.,
 .F.,(4,1,4),(2,2),(-0.0931267508087865,-0.0469685983754134,0.),(0.,0.2),
 .UNSPECIFIED.);
#839=B_SPLINE_SURFACE_WITH_KNOTS('',3,1,((#11324,#11325),(#11326,#11327),
(#11328,#11329),(#11330,#11331),(#11332,#11333)),.UNSPECIFIED.,.F.,.F.,
 .F.,(4,1,4),(2,2),(-0.0919625997971848,-0.0459567530476973,0.),(0.,0.2),
 .UNSPECIFIED.);
#840=B_SPLINE_SURFACE_WITH_KNOTS('',3,1,((#11347,#11348),(#11349,#11350),
(#11351,#11352),(#11353,#11354),(#11355,#11356)),.UNSPECIFIED.,.F.,.F.,
 .F.,(4,1,4),(2,2),(-0.0862329681422909,-0.039078485868669,0.),(0.,0.2),
 .UNSPECIFIED.);
#841=B_SPLINE_SURFACE_WITH_KNOTS('',3,1,((#11370,#11371),(#11372,#11373),
(#11374,#11375),(#11376,#11377),(#11378,#11379)),.UNSPECIFIED.,.F.,.F.,
 .F.,(4,1,4),(2,2),(-0.107360603788767,-0.0524123609625481,0.),(0.,0.2),
 .UNSPECIFIED.);
#842=B_SPLINE_SURFACE_WITH_KNOTS('',3,1,((#11393,#11394),(#11395,#11396),
(#11397,#11398),(#11399,#11400),(#11401,#11402)),.UNSPECIFIED.,.F.,.F.,
 .F.,(4,1,4),(2,2),(-0.152355400808161,-0.0802997914631077,0.),(0.,0.2),
 .UNSPECIFIED.);
#843=B_SPLINE_SURFACE_WITH_KNOTS('',3,1,((#11416,#11417),(#11418,#11419),
(#11420,#11421),(#11422,#11423),(#11424,#11425)),.UNSPECIFIED.,.F.,.F.,
 .F.,(4,1,4),(2,2),(-0.117311159713042,-0.0630375080503729,0.),(0.,0.2),
 .UNSPECIFIED.);
#844=B_SPLINE_SURFACE_WITH_KNOTS('',3,1,((#11439,#11440),(#11441,#11442),
(#11443,#11444),(#11445,#11446),(#11447,#11448)),.UNSPECIFIED.,.F.,.F.,
 .F.,(4,1,4),(2,2),(-0.120726937396973,-0.0554584002222632,0.),(0.,0.2),
 .UNSPECIFIED.);
#845=B_SPLINE_SURFACE_WITH_KNOTS('',3,1,((#11468,#11469),(#11470,#11471),
(#11472,#11473),(#11474,#11475),(#11476,#11477)),.UNSPECIFIED.,.F.,.F.,
 .F.,(4,1,4),(2,2),(-0.101249777283621,-0.0522859113354038,0.),(0.,0.2),
 .UNSPECIFIED.);
#846=B_SPLINE_SURFACE_WITH_KNOTS('',3,1,((#11491,#11492),(#11493,#11494),
(#11495,#11496),(#11497,#11498),(#11499,#11500)),.UNSPECIFIED.,.F.,.F.,
 .F.,(4,1,4),(2,2),(-0.116856748838241,-0.0528509361245201,0.),(0.,0.2),
 .UNSPECIFIED.);
#847=B_SPLINE_SURFACE_WITH_KNOTS('',3,1,((#11514,#11515),(#11516,#11517),
(#11518,#11519),(#11520,#11521),(#11522,#11523)),.UNSPECIFIED.,.F.,.F.,
 .F.,(4,1,4),(2,2),(-0.125434756790954,-0.0728128559683475,0.),(0.,0.2),
 .UNSPECIFIED.);
#848=B_SPLINE_SURFACE_WITH_KNOTS('',3,1,((#11537,#11538),(#11539,#11540),
(#11541,#11542),(#11543,#11544),(#11545,#11546)),.UNSPECIFIED.,.F.,.F.,
 .F.,(4,1,4),(2,2),(-0.0769752175037906,-0.0407016732935959,0.),(0.,0.2),
 .UNSPECIFIED.);
#849=B_SPLINE_SURFACE_WITH_KNOTS('',3,1,((#11560,#11561),(#11562,#11563),
(#11564,#11565),(#11566,#11567),(#11568,#11569)),.UNSPECIFIED.,.F.,.F.,
 .F.,(4,1,4),(2,2),(-0.0461945942970223,-0.02298896500722,0.),(0.,0.2),
 .UNSPECIFIED.);
#850=B_SPLINE_SURFACE_WITH_KNOTS('',3,1,((#11583,#11584),(#11585,#11586),
(#11587,#11588),(#11589,#11590),(#11591,#11592)),.UNSPECIFIED.,.F.,.F.,
 .F.,(4,1,4),(2,2),(-0.0578496452792435,-0.0264216964581824,0.),(0.,0.2),
 .UNSPECIFIED.);
#851=B_SPLINE_SURFACE_WITH_KNOTS('',3,1,((#11606,#11607),(#11608,#11609),
(#11610,#11611),(#11612,#11613),(#11614,#11615)),.UNSPECIFIED.,.F.,.F.,
 .F.,(4,1,4),(2,2),(-0.11291645280668,-0.0380273196787665,0.),(0.,0.2),
 .UNSPECIFIED.);
#852=B_SPLINE_SURFACE_WITH_KNOTS('',3,1,((#11629,#11630),(#11631,#11632),
(#11633,#11634),(#11635,#11636),(#11637,#11638)),.UNSPECIFIED.,.F.,.F.,
 .F.,(4,1,4),(2,2),(-0.190592030773444,-0.115025359444378,0.),(0.,0.2),
 .UNSPECIFIED.);
#853=B_SPLINE_SURFACE_WITH_KNOTS('',3,1,((#11652,#11653),(#11654,#11655),
(#11656,#11657),(#11658,#11659),(#11660,#11661)),.UNSPECIFIED.,.F.,.F.,
 .F.,(4,1,4),(2,2),(-0.104439510512143,-0.053404289057264,0.),(0.,0.2),
 .UNSPECIFIED.);
#854=B_SPLINE_SURFACE_WITH_KNOTS('',3,1,((#11675,#11676),(#11677,#11678),
(#11679,#11680),(#11681,#11682),(#11683,#11684)),.UNSPECIFIED.,.F.,.F.,
 .F.,(4,1,4),(2,2),(-0.110367641672946,-0.0522632457768359,0.),(0.,0.2),
 .UNSPECIFIED.);
#855=B_SPLINE_SURFACE_WITH_KNOTS('',3,1,((#11698,#11699),(#11700,#11701),
(#11702,#11703),(#11704,#11705),(#11706,#11707)),.UNSPECIFIED.,.F.,.F.,
 .F.,(4,1,4),(2,2),(-0.122395219004203,-0.0602696528675264,0.),(0.,0.2),
 .UNSPECIFIED.);
#856=B_SPLINE_SURFACE_WITH_KNOTS('',3,1,((#11721,#11722),(#11723,#11724),
(#11725,#11726),(#11727,#11728),(#11729,#11730)),.UNSPECIFIED.,.F.,.F.,
 .F.,(4,1,4),(2,2),(-0.134539786016115,-0.0650078809070158,0.),(0.,0.2),
 .UNSPECIFIED.);
#857=B_SPLINE_SURFACE_WITH_KNOTS('',3,1,((#11744,#11745),(#11746,#11747),
(#11748,#11749),(#11750,#11751),(#11752,#11753)),.UNSPECIFIED.,.F.,.F.,
 .F.,(4,1,4),(2,2),(-0.156498869954231,-0.0753271877451486,0.),(0.,0.2),
 .UNSPECIFIED.);
#858=B_SPLINE_SURFACE_WITH_KNOTS('',3,1,((#11767,#11768),(#11769,#11770),
(#11771,#11772),(#11773,#11774),(#11775,#11776)),.UNSPECIFIED.,.F.,.F.,
 .F.,(4,1,4),(2,2),(-0.226170064468943,-0.125264966938171,0.),(0.,0.2),
 .UNSPECIFIED.);
#859=B_SPLINE_SURFACE_WITH_KNOTS('',3,1,((#11790,#11791),(#11792,#11793),
(#11794,#11795),(#11796,#11797),(#11798,#11799)),.UNSPECIFIED.,.F.,.F.,
 .F.,(4,1,4),(2,2),(-0.201391014785672,-0.0947503550852873,0.),(0.,0.2),
 .UNSPECIFIED.);
#860=B_SPLINE_SURFACE_WITH_KNOTS('',3,1,((#11845,#11846),(#11847,#11848),
(#11849,#11850),(#11851,#11852),(#11853,#11854)),.UNSPECIFIED.,.F.,.F.,
 .F.,(4,1,4),(2,2),(-0.127814267735121,-0.0673043672973322,0.),(0.,0.2),
 .UNSPECIFIED.);
#861=B_SPLINE_SURFACE_WITH_KNOTS('',3,1,((#11868,#11869),(#11870,#11871),
(#11872,#11873),(#11874,#11875),(#11876,#11877)),.UNSPECIFIED.,.F.,.F.,
 .F.,(4,1,4),(2,2),(-0.138393588477396,-0.0631551948361298,0.),(0.,0.2),
 .UNSPECIFIED.);
#862=B_SPLINE_SURFACE_WITH_KNOTS('',3,1,((#11891,#11892),(#11893,#11894),
(#11895,#11896),(#11897,#11898),(#11899,#11900)),.UNSPECIFIED.,.F.,.F.,
 .F.,(4,1,4),(2,2),(-0.132093844630146,-0.0741710898462275,0.),(0.,0.2),
 .UNSPECIFIED.);
#863=B_SPLINE_SURFACE_WITH_KNOTS('',3,1,((#11914,#11915),(#11916,#11917),
(#11918,#11919),(#11920,#11921),(#11922,#11923)),.UNSPECIFIED.,.F.,.F.,
 .F.,(4,1,4),(2,2),(-0.0929986237584526,-0.0484083943425784,0.),(0.,0.2),
 .UNSPECIFIED.);
#864=B_SPLINE_SURFACE_WITH_KNOTS('',3,1,((#11937,#11938),(#11939,#11940),
(#11941,#11942),(#11943,#11944),(#11945,#11946)),.UNSPECIFIED.,.F.,.F.,
 .F.,(4,1,4),(2,2),(-0.0774580723510063,-0.0382588665647356,0.),(0.,0.2),
 .UNSPECIFIED.);
#865=B_SPLINE_SURFACE_WITH_KNOTS('',3,1,((#11960,#11961),(#11962,#11963),
(#11964,#11965),(#11966,#11967),(#11968,#11969)),.UNSPECIFIED.,.F.,.F.,
 .F.,(4,1,4),(2,2),(-0.132465696946338,-0.0477622586990308,0.),(0.,0.2),
 .UNSPECIFIED.);
#866=B_SPLINE_SURFACE_WITH_KNOTS('',3,1,((#11983,#11984),(#11985,#11986),
(#11987,#11988),(#11989,#11990),(#11991,#11992)),.UNSPECIFIED.,.F.,.F.,
 .F.,(4,1,4),(2,2),(-0.196493594849862,-0.118682517440957,0.),(0.,0.2),
 .UNSPECIFIED.);
#867=B_SPLINE_SURFACE_WITH_KNOTS('',3,1,((#12006,#12007),(#12008,#12009),
(#12010,#12011),(#12012,#12013),(#12014,#12015)),.UNSPECIFIED.,.F.,.F.,
 .F.,(4,1,4),(2,2),(-0.106055230128558,-0.054633398929602,0.),(0.,0.2),
 .UNSPECIFIED.);
#868=B_SPLINE_SURFACE_WITH_KNOTS('',3,1,((#12029,#12030),(#12031,#12032),
(#12033,#12034),(#12035,#12036),(#12037,#12038)),.UNSPECIFIED.,.F.,.F.,
 .F.,(4,1,4),(2,2),(-0.101865015143463,-0.0505174972993469,0.),(0.,0.2),
 .UNSPECIFIED.);
#869=B_SPLINE_SURFACE_WITH_KNOTS('',3,1,((#12052,#12053),(#12054,#12055),
(#12056,#12057),(#12058,#12059),(#12060,#12061)),.UNSPECIFIED.,.F.,.F.,
 .F.,(4,1,4),(2,2),(-0.0931266353065198,-0.0469686546395782,0.),(0.,0.2),
 .UNSPECIFIED.);
#870=B_SPLINE_SURFACE_WITH_KNOTS('',3,1,((#12075,#12076),(#12077,#12078),
(#12079,#12080),(#12081,#12082),(#12083,#12084)),.UNSPECIFIED.,.F.,.F.,
 .F.,(4,1,4),(2,2),(-0.0919625997971848,-0.0459567530476973,0.),(0.,0.2),
 .UNSPECIFIED.);
#871=B_SPLINE_SURFACE_WITH_KNOTS('',3,1,((#12098,#12099),(#12100,#12101),
(#12102,#12103),(#12104,#12105),(#12106,#12107)),.UNSPECIFIED.,.F.,.F.,
 .F.,(4,1,4),(2,2),(-0.0862330025915556,-0.0390780728222452,0.),(0.,0.2),
 .UNSPECIFIED.);
#872=B_SPLINE_SURFACE_WITH_KNOTS('',3,1,((#12121,#12122),(#12123,#12124),
(#12125,#12126),(#12127,#12128),(#12129,#12130)),.UNSPECIFIED.,.F.,.F.,
 .F.,(4,1,4),(2,2),(-0.107360613344654,-0.0524118947439678,0.),(0.,0.2),
 .UNSPECIFIED.);
#873=B_SPLINE_SURFACE_WITH_KNOTS('',3,1,((#12144,#12145),(#12146,#12147),
(#12148,#12149),(#12150,#12151),(#12152,#12153)),.UNSPECIFIED.,.F.,.F.,
 .F.,(4,1,4),(2,2),(-0.152355386364467,-0.0802993160215438,0.),(0.,0.2),
 .UNSPECIFIED.);
#874=B_SPLINE_SURFACE_WITH_KNOTS('',3,1,((#12167,#12168),(#12169,#12170),
(#12171,#12172),(#12173,#12174),(#12175,#12176)),.UNSPECIFIED.,.F.,.F.,
 .F.,(4,1,4),(2,2),(-0.117311503562696,-0.0630375080503729,0.),(0.,0.2),
 .UNSPECIFIED.);
#875=B_SPLINE_SURFACE_WITH_KNOTS('',3,1,((#12190,#12191),(#12192,#12193),
(#12194,#12195),(#12196,#12197),(#12198,#12199)),.UNSPECIFIED.,.F.,.F.,
 .F.,(4,1,4),(2,2),(-0.120726937396973,-0.0554584002222632,0.),(0.,0.2),
 .UNSPECIFIED.);
#876=B_SPLINE_SURFACE_WITH_KNOTS('',3,1,((#12219,#12220),(#12221,#12222),
(#12223,#12224),(#12225,#12226),(#12227,#12228)),.UNSPECIFIED.,.F.,.F.,
 .F.,(4,1,4),(2,2),(-0.101249616296326,-0.0522860567522331,0.),(0.,0.2),
 .UNSPECIFIED.);
#877=B_SPLINE_SURFACE_WITH_KNOTS('',3,1,((#12242,#12243),(#12244,#12245),
(#12246,#12247),(#12248,#12249),(#12250,#12251)),.UNSPECIFIED.,.F.,.F.,
 .F.,(4,1,4),(2,2),(-0.116856748838241,-0.0528509361245201,0.),(0.,0.2),
 .UNSPECIFIED.);
#878=B_SPLINE_SURFACE_WITH_KNOTS('',3,1,((#12265,#12266),(#12267,#12268),
(#12269,#12270),(#12271,#12272),(#12273,#12274)),.UNSPECIFIED.,.F.,.F.,
 .F.,(4,1,4),(2,2),(-0.125434756790954,-0.0728128559683475,0.),(0.,0.2),
 .UNSPECIFIED.);
#879=B_SPLINE_SURFACE_WITH_KNOTS('',3,1,((#12288,#12289),(#12290,#12291),
(#12292,#12293),(#12294,#12295),(#12296,#12297)),.UNSPECIFIED.,.F.,.F.,
 .F.,(4,1,4),(2,2),(-0.0769752175037906,-0.0407016732935959,0.),(0.,0.2),
 .UNSPECIFIED.);
#880=B_SPLINE_SURFACE_WITH_KNOTS('',3,1,((#12311,#12312),(#12313,#12314),
(#12315,#12316),(#12317,#12318),(#12319,#12320)),.UNSPECIFIED.,.F.,.F.,
 .F.,(4,1,4),(2,2),(-0.0461945942970223,-0.02298896500722,0.),(0.,0.2),
 .UNSPECIFIED.);
#881=B_SPLINE_SURFACE_WITH_KNOTS('',3,1,((#12334,#12335),(#12336,#12337),
(#12338,#12339),(#12340,#12341),(#12342,#12343)),.UNSPECIFIED.,.F.,.F.,
 .F.,(4,1,4),(2,2),(-0.057849719241152,-0.0264213486834229,0.),(0.,0.2),
 .UNSPECIFIED.);
#882=B_SPLINE_SURFACE_WITH_KNOTS('',3,1,((#12357,#12358),(#12359,#12360),
(#12361,#12362),(#12363,#12364),(#12365,#12366)),.UNSPECIFIED.,.F.,.F.,
 .F.,(4,1,4),(2,2),(-0.11291645280668,-0.0380273196787665,0.),(0.,0.2),
 .UNSPECIFIED.);
#883=B_SPLINE_SURFACE_WITH_KNOTS('',3,1,((#12380,#12381),(#12382,#12383),
(#12384,#12385),(#12386,#12387),(#12388,#12389)),.UNSPECIFIED.,.F.,.F.,
 .F.,(4,1,4),(2,2),(-0.190592039959926,-0.115025817894768,0.),(0.,0.2),
 .UNSPECIFIED.);
#884=B_SPLINE_SURFACE_WITH_KNOTS('',3,1,((#12403,#12404),(#12405,#12406),
(#12407,#12408),(#12409,#12410),(#12411,#12412)),.UNSPECIFIED.,.F.,.F.,
 .F.,(4,1,4),(2,2),(-0.104439510512143,-0.053404289057264,0.),(0.,0.2),
 .UNSPECIFIED.);
#885=B_SPLINE_SURFACE_WITH_KNOTS('',3,1,((#12426,#12427),(#12428,#12429),
(#12430,#12431),(#12432,#12433),(#12434,#12435)),.UNSPECIFIED.,.F.,.F.,
 .F.,(4,1,4),(2,2),(-0.110367842382843,-0.0522634464867332,0.),(0.,0.2),
 .UNSPECIFIED.);
#886=B_SPLINE_SURFACE_WITH_KNOTS('',3,1,((#12449,#12450),(#12451,#12452),
(#12453,#12454),(#12455,#12456),(#12457,#12458)),.UNSPECIFIED.,.F.,.F.,
 .F.,(4,1,4),(2,2),(-0.12239556047317,-0.0602695820349142,0.),(0.,0.2),
 .UNSPECIFIED.);
#887=B_SPLINE_SURFACE_WITH_KNOTS('',3,1,((#12472,#12473),(#12474,#12475),
(#12476,#12477),(#12478,#12479),(#12480,#12481)),.UNSPECIFIED.,.F.,.F.,
 .F.,(4,1,4),(2,2),(-0.13453987389407,-0.0650075600561553,0.),(0.,0.2),
 .UNSPECIFIED.);
#888=B_SPLINE_SURFACE_WITH_KNOTS('',3,1,((#12495,#12496),(#12497,#12498),
(#12499,#12500),(#12501,#12502),(#12503,#12504)),.UNSPECIFIED.,.F.,.F.,
 .F.,(4,1,4),(2,2),(-0.156498889243969,-0.0753267321931285,0.),(0.,0.2),
 .UNSPECIFIED.);
#889=B_SPLINE_SURFACE_WITH_KNOTS('',3,1,((#12518,#12519),(#12520,#12521),
(#12522,#12523),(#12524,#12525),(#12526,#12527)),.UNSPECIFIED.,.F.,.F.,
 .F.,(4,1,4),(2,2),(-0.226170064468943,-0.125264966938171,0.),(0.,0.2),
 .UNSPECIFIED.);
#890=B_SPLINE_SURFACE_WITH_KNOTS('',3,1,((#12541,#12542),(#12543,#12544),
(#12545,#12546),(#12547,#12548),(#12549,#12550)),.UNSPECIFIED.,.F.,.F.,
 .F.,(4,1,4),(2,2),(-0.201391014785672,-0.0947503550852873,0.),(0.,0.2),
 .UNSPECIFIED.);
#891=B_SPLINE_SURFACE_WITH_KNOTS('',3,1,((#12577,#12578),(#12579,#12580),
(#12581,#12582),(#12583,#12584),(#12585,#12586)),.UNSPECIFIED.,.F.,.F.,
 .F.,(4,1,4),(2,2),(-0.219209367369528,-0.122238473434692,0.),(0.,0.2),
 .UNSPECIFIED.);
#892=B_SPLINE_SURFACE_WITH_KNOTS('',3,1,((#12600,#12601),(#12602,#12603),
(#12604,#12605),(#12606,#12607),(#12608,#12609)),.UNSPECIFIED.,.F.,.F.,
 .F.,(4,1,4),(2,2),(-0.198603009334157,-0.0985652642109005,0.),(0.,0.2),
 .UNSPECIFIED.);
#893=B_SPLINE_SURFACE_WITH_KNOTS('',3,1,((#12870,#12871),(#12872,#12873),
(#12874,#12875),(#12876,#12877),(#12878,#12879)),.UNSPECIFIED.,.F.,.F.,
 .F.,(4,1,4),(2,2),(-0.128905146857802,-0.0757874605419001,0.),(0.,0.2),
 .UNSPECIFIED.);
#894=B_SPLINE_SURFACE_WITH_KNOTS('',3,1,((#12887,#12888),(#12889,#12890),
(#12891,#12892),(#12893,#12894),(#12895,#12896)),.UNSPECIFIED.,.F.,.F.,
 .F.,(4,1,4),(2,2),(-0.0835090931737847,-0.0418705579533163,0.),(0.,0.2),
 .UNSPECIFIED.);
#895=B_SPLINE_SURFACE_WITH_KNOTS('',3,1,((#12904,#12905),(#12906,#12907),
(#12908,#12909),(#12910,#12911),(#12912,#12913)),.UNSPECIFIED.,.F.,.F.,
 .F.,(4,1,4),(2,2),(-0.133550845625124,-0.0633620984235782,0.),(0.,0.2),
 .UNSPECIFIED.);
#896=B_SPLINE_SURFACE_WITH_KNOTS('',3,1,((#12925,#12926),(#12927,#12928),
(#12929,#12930),(#12931,#12932),(#12933,#12934)),.UNSPECIFIED.,.F.,.F.,
 .F.,(4,1,4),(2,2),(-0.0947529092151189,-0.0492437248316367,0.),(0.,0.2),
 .UNSPECIFIED.);
#897=B_SPLINE_SURFACE_WITH_KNOTS('',3,1,((#12942,#12943),(#12944,#12945),
(#12946,#12947),(#12948,#12949),(#12950,#12951)),.UNSPECIFIED.,.F.,.F.,
 .F.,(4,1,4),(2,2),(-0.0773165921252373,-0.0386761690622372,0.),(0.,0.2),
 .UNSPECIFIED.);
#898=B_SPLINE_SURFACE_WITH_KNOTS('',3,1,((#12959,#12960),(#12961,#12962),
(#12963,#12964),(#12965,#12966),(#12967,#12968)),.UNSPECIFIED.,.F.,.F.,
 .F.,(4,1,4),(2,2),(-0.0822766544482755,-0.0398661067980699,0.),(0.,0.2),
 .UNSPECIFIED.);
#899=B_SPLINE_SURFACE_WITH_KNOTS('',3,1,((#12976,#12977),(#12978,#12979),
(#12980,#12981),(#12982,#12983),(#12984,#12985)),.UNSPECIFIED.,.F.,.F.,
 .F.,(4,1,4),(2,2),(-0.145118902151834,-0.0702508771387174,0.),(0.,0.2),
 .UNSPECIFIED.);
#900=B_SPLINE_SURFACE_WITH_KNOTS('',3,1,((#13000,#13001),(#13002,#13003),
(#13004,#13005),(#13006,#13007),(#13008,#13009)),.UNSPECIFIED.,.F.,.F.,
 .F.,(4,1,4),(2,2),(-0.219481250417932,-0.122470680276133,0.),(0.,0.2),
 .UNSPECIFIED.);
#901=B_SPLINE_SURFACE_WITH_KNOTS('',3,1,((#13026,#13027),(#13028,#13029),
(#13030,#13031),(#13032,#13033),(#13034,#13035)),.UNSPECIFIED.,.F.,.F.,
 .F.,(4,1,4),(2,2),(-0.158702974942809,-0.0822159911705458,0.),(0.,0.2),
 .UNSPECIFIED.);
#902=B_SPLINE_SURFACE_WITH_KNOTS('',3,1,((#13049,#13050),(#13051,#13052),
(#13053,#13054),(#13055,#13056),(#13057,#13058)),.UNSPECIFIED.,.F.,.F.,
 .F.,(4,1,4),(2,2),(-0.155747306874735,-0.0762347393599607,0.),(0.,0.2),
 .UNSPECIFIED.);
#903=B_SPLINE_SURFACE_WITH_KNOTS('',3,1,((#13072,#13073),(#13074,#13075),
(#13076,#13077),(#13078,#13079),(#13080,#13081)),.UNSPECIFIED.,.F.,.F.,
 .F.,(4,1,4),(2,2),(-0.211824589122541,-0.0932347650085074,0.),(0.,0.2),
 .UNSPECIFIED.);
#904=B_SPLINE_SURFACE_WITH_KNOTS('',3,1,((#13095,#13096),(#13097,#13098),
(#13099,#13100),(#13101,#13102),(#13103,#13104)),.UNSPECIFIED.,.F.,.F.,
 .F.,(4,1,4),(2,2),(-0.228870890153788,-0.129715655380311,0.),(0.,0.2),
 .UNSPECIFIED.);
#905=B_SPLINE_SURFACE_WITH_KNOTS('',3,1,((#13118,#13119),(#13120,#13121),
(#13122,#13123),(#13124,#13125),(#13126,#13127)),.UNSPECIFIED.,.F.,.F.,
 .F.,(4,1,4),(2,2),(-0.161723510980715,-0.0825384733748682,0.),(0.,0.2),
 .UNSPECIFIED.);
#906=B_SPLINE_SURFACE_WITH_KNOTS('',3,1,((#13141,#13142),(#13143,#13144),
(#13145,#13146),(#13147,#13148),(#13149,#13150)),.UNSPECIFIED.,.F.,.F.,
 .F.,(4,1,4),(2,2),(-0.156416923052964,-0.0769558186741423,0.),(0.,0.2),
 .UNSPECIFIED.);
#907=B_SPLINE_SURFACE_WITH_KNOTS('',3,1,((#13164,#13165),(#13166,#13167),
(#13168,#13169),(#13170,#13171),(#13172,#13173)),.UNSPECIFIED.,.F.,.F.,
 .F.,(4,1,4),(2,2),(-0.220872008054482,-0.0954594600104961,0.),(0.,0.2),
 .UNSPECIFIED.);
#908=B_SPLINE_SURFACE_WITH_KNOTS('',3,1,((#13190,#13191),(#13192,#13193),
(#13194,#13195),(#13196,#13197),(#13198,#13199)),.UNSPECIFIED.,.F.,.F.,
 .F.,(4,1,4),(2,2),(-0.237913801435583,-0.117367284851676,0.),(0.,0.2),
 .UNSPECIFIED.);
#909=B_SPLINE_SURFACE_WITH_KNOTS('',3,1,((#13207,#13208),(#13209,#13210),
(#13211,#13212),(#13213,#13214),(#13215,#13216)),.UNSPECIFIED.,.F.,.F.,
 .F.,(4,1,4),(2,2),(-0.168130830433098,-0.0839870750601529,0.),(0.,0.2),
 .UNSPECIFIED.);
#910=B_SPLINE_SURFACE_WITH_KNOTS('',3,1,((#13224,#13225),(#13226,#13227),
(#13228,#13229),(#13230,#13231),(#13232,#13233)),.UNSPECIFIED.,.F.,.F.,
 .F.,(4,1,4),(2,2),(-0.17624677399965,-0.0861893804841941,0.),(0.,0.2),
 .UNSPECIFIED.);
#911=B_SPLINE_SURFACE_WITH_KNOTS('',3,1,((#13241,#13242),(#13243,#13244),
(#13245,#13246),(#13247,#13248),(#13249,#13250)),.UNSPECIFIED.,.F.,.F.,
 .F.,(4,1,4),(2,2),(-0.202013328388191,-0.0967475382816941,0.),(0.,0.2),
 .UNSPECIFIED.);
#912=B_SPLINE_SURFACE_WITH_KNOTS('',3,1,((#13258,#13259),(#13260,#13261),
(#13262,#13263),(#13264,#13265),(#13266,#13267)),.UNSPECIFIED.,.F.,.F.,
 .F.,(4,1,4),(2,2),(-0.201045643036506,-0.103821866923188,0.),(0.,0.2),
 .UNSPECIFIED.);
#913=B_SPLINE_SURFACE_WITH_KNOTS('',3,1,((#13275,#13276),(#13277,#13278),
(#13279,#13280),(#13281,#13282),(#13283,#13284)),.UNSPECIFIED.,.F.,.F.,
 .F.,(4,1,4),(2,2),(-0.175576274677214,-0.0901615544284563,0.),(0.,0.2),
 .UNSPECIFIED.);
#914=B_SPLINE_SURFACE_WITH_KNOTS('',3,1,((#13292,#13293),(#13294,#13295),
(#13296,#13297),(#13298,#13299),(#13300,#13301)),.UNSPECIFIED.,.F.,.F.,
 .F.,(4,1,4),(2,2),(-0.170219531971692,-0.084314216650605,0.),(0.,0.2),
 .UNSPECIFIED.);
#915=B_SPLINE_SURFACE_WITH_KNOTS('',3,1,((#13309,#13310),(#13311,#13312),
(#13313,#13314),(#13315,#13316),(#13317,#13318)),.UNSPECIFIED.,.F.,.F.,
 .F.,(4,1,4),(2,2),(-0.12081802418515,-0.0622870874738188,0.),(0.,0.2),
 .UNSPECIFIED.);
#916=B_SPLINE_SURFACE_WITH_KNOTS('',3,1,((#13326,#13327),(#13328,#13329),
(#13330,#13331),(#13332,#13333),(#13334,#13335)),.UNSPECIFIED.,.F.,.F.,
 .F.,(4,1,4),(2,2),(-0.110735688596627,-0.0562409085400489,0.),(0.,0.2),
 .UNSPECIFIED.);
#917=B_SPLINE_SURFACE_WITH_KNOTS('',3,1,((#13359,#13360),(#13361,#13362),
(#13363,#13364),(#13365,#13366),(#13367,#13368)),.UNSPECIFIED.,.F.,.F.,
 .F.,(4,1,4),(2,2),(-0.220560139628772,-0.122617536072664,0.),(0.,0.2),
 .UNSPECIFIED.);
#918=B_SPLINE_SURFACE_WITH_KNOTS('',3,1,((#13385,#13386),(#13387,#13388),
(#13389,#13390),(#13391,#13392),(#13393,#13394)),.UNSPECIFIED.,.F.,.F.,
 .F.,(4,1,4),(2,2),(-0.172002998955604,-0.086000367536698,0.),(0.,0.2),
 .UNSPECIFIED.);
#919=B_SPLINE_SURFACE_WITH_KNOTS('',3,1,((#13408,#13409),(#13410,#13411),
(#13412,#13413),(#13414,#13415),(#13416,#13417)),.UNSPECIFIED.,.F.,.F.,
 .F.,(4,1,4),(2,2),(-0.171538280140278,-0.0855189532341697,0.),(0.,0.2),
 .UNSPECIFIED.);
#920=B_SPLINE_SURFACE_WITH_KNOTS('',3,1,((#13431,#13432),(#13433,#13434),
(#13435,#13436),(#13437,#13438),(#13439,#13440)),.UNSPECIFIED.,.F.,.F.,
 .F.,(4,1,4),(2,2),(-0.224166317090203,-0.0989254080081013,0.),(0.,0.2),
 .UNSPECIFIED.);
#921=B_SPLINE_SURFACE_WITH_KNOTS('',3,1,((#13454,#13455),(#13456,#13457),
(#13458,#13459),(#13460,#13461),(#13462,#13463)),.UNSPECIFIED.,.F.,.F.,
 .F.,(4,1,4),(2,2),(-0.216083501588116,-0.119075688516835,0.),(0.,0.2),
 .UNSPECIFIED.);
#922=B_SPLINE_SURFACE_WITH_KNOTS('',3,1,((#13477,#13478),(#13479,#13480),
(#13481,#13482),(#13483,#13484),(#13485,#13486)),.UNSPECIFIED.,.F.,.F.,
 .F.,(4,1,4),(2,2),(-0.171016510024838,-0.085932403392226,0.),(0.,0.2),
 .UNSPECIFIED.);
#923=B_SPLINE_SURFACE_WITH_KNOTS('',3,1,((#13500,#13501),(#13502,#13503),
(#13504,#13505),(#13506,#13507),(#13508,#13509)),.UNSPECIFIED.,.F.,.F.,
 .F.,(4,1,4),(2,2),(-0.171831661105314,-0.0859855175685639,0.),(0.,0.2),
 .UNSPECIFIED.);
#924=B_SPLINE_SURFACE_WITH_KNOTS('',3,1,((#13523,#13524),(#13525,#13526),
(#13527,#13528),(#13529,#13530),(#13531,#13532)),.UNSPECIFIED.,.F.,.F.,
 .F.,(4,1,4),(2,2),(-0.22024914119695,-0.0977161247051617,0.),(0.,0.2),
 .UNSPECIFIED.);
#925=B_SPLINE_SURFACE_WITH_KNOTS('',3,1,((#13543,#13544),(#13545,#13546),
(#13547,#13548),(#13549,#13550),(#13551,#13552)),.UNSPECIFIED.,.F.,.F.,
 .F.,(4,1,4),(2,2),(-0.326207942829647,-0.177355425095436,0.),(0.,0.2),
 .UNSPECIFIED.);
#926=B_SPLINE_SURFACE_WITH_KNOTS('',3,1,((#13562,#13563),(#13564,#13565),
(#13566,#13567),(#13568,#13569),(#13570,#13571)),.UNSPECIFIED.,.F.,.F.,
 .F.,(4,1,4),(2,2),(-0.245745170816491,-0.1199775023854,0.),(0.,0.2),
 .UNSPECIFIED.);
#927=B_SPLINE_SURFACE_WITH_KNOTS('',3,1,((#13579,#13580),(#13581,#13582),
(#13583,#13584),(#13585,#13586),(#13587,#13588)),.UNSPECIFIED.,.F.,.F.,
 .F.,(4,1,4),(2,2),(-0.268900530819884,-0.13793166450792,0.),(0.,0.2),
 .UNSPECIFIED.);
#928=B_SPLINE_SURFACE_WITH_KNOTS('',3,1,((#13596,#13597),(#13598,#13599),
(#13600,#13601),(#13602,#13603),(#13604,#13605)),.UNSPECIFIED.,.F.,.F.,
 .F.,(4,1,4),(2,2),(-0.292258541835226,-0.136538670642359,0.),(0.,0.2),
 .UNSPECIFIED.);
#929=B_SPLINE_SURFACE_WITH_KNOTS('',3,1,((#13613,#13614),(#13615,#13616),
(#13617,#13618),(#13619,#13620),(#13621,#13622)),.UNSPECIFIED.,.F.,.F.,
 .F.,(4,1,4),(2,2),(-0.225496796135211,-0.125354247813493,0.),(0.,0.2),
 .UNSPECIFIED.);
#930=B_SPLINE_SURFACE_WITH_KNOTS('',3,1,((#13630,#13631),(#13632,#13633),
(#13634,#13635),(#13636,#13637),(#13638,#13639)),.UNSPECIFIED.,.F.,.F.,
 .F.,(4,1,4),(2,2),(-0.176326737404145,-0.087871306990112,0.),(0.,0.2),
 .UNSPECIFIED.);
#931=B_SPLINE_SURFACE_WITH_KNOTS('',3,1,((#13647,#13648),(#13649,#13650),
(#13651,#13652),(#13653,#13654),(#13655,#13656)),.UNSPECIFIED.,.F.,.F.,
 .F.,(4,1,4),(2,2),(-0.1819930419251,-0.0901721958203958,0.),(0.,0.2),
 .UNSPECIFIED.);
#932=B_SPLINE_SURFACE_WITH_KNOTS('',3,1,((#13664,#13665),(#13666,#13667),
(#13668,#13669),(#13670,#13671),(#13672,#13673)),.UNSPECIFIED.,.F.,.F.,
 .F.,(4,1,4),(2,2),(-0.270434265760604,-0.139679248513255,0.),(0.,0.2),
 .UNSPECIFIED.);
#933=B_SPLINE_SURFACE_WITH_KNOTS('',3,1,((#13681,#13682),(#13683,#13684),
(#13685,#13686),(#13687,#13688),(#13689,#13690)),.UNSPECIFIED.,.F.,.F.,
 .F.,(4,1,4),(2,2),(-0.301957143953908,-0.13826355603767,0.),(0.,0.2),
 .UNSPECIFIED.);
#934=FACE_OUTER_BOUND('',#1349,.T.);
#935=FACE_OUTER_BOUND('',#1350,.T.);
#936=FACE_OUTER_BOUND('',#1351,.T.);
#937=FACE_OUTER_BOUND('',#1352,.T.);
#938=FACE_OUTER_BOUND('',#1353,.T.);
#939=FACE_OUTER_BOUND('',#1354,.T.);
#940=FACE_OUTER_BOUND('',#1355,.T.);
#941=FACE_OUTER_BOUND('',#1356,.T.);
#942=FACE_OUTER_BOUND('',#1357,.T.);
#943=FACE_OUTER_BOUND('',#1358,.T.);
#944=FACE_OUTER_BOUND('',#1359,.T.);
#945=FACE_OUTER_BOUND('',#1360,.T.);
#946=FACE_OUTER_BOUND('',#1361,.T.);
#947=FACE_OUTER_BOUND('',#1362,.T.);
#948=FACE_OUTER_BOUND('',#1363,.T.);
#949=FACE_OUTER_BOUND('',#1364,.T.);
#950=FACE_OUTER_BOUND('',#1365,.T.);
#951=FACE_OUTER_BOUND('',#1366,.T.);
#952=FACE_OUTER_BOUND('',#1367,.T.);
#953=FACE_OUTER_BOUND('',#1368,.T.);
#954=FACE_OUTER_BOUND('',#1369,.T.);
#955=FACE_OUTER_BOUND('',#1370,.T.);
#956=FACE_OUTER_BOUND('',#1371,.T.);
#957=FACE_OUTER_BOUND('',#1372,.T.);
#958=FACE_OUTER_BOUND('',#1373,.T.);
#959=FACE_OUTER_BOUND('',#1374,.T.);
#960=FACE_OUTER_BOUND('',#1375,.T.);
#961=FACE_OUTER_BOUND('',#1376,.T.);
#962=FACE_OUTER_BOUND('',#1377,.T.);
#963=FACE_OUTER_BOUND('',#1378,.T.);
#964=FACE_OUTER_BOUND('',#1379,.T.);
#965=FACE_OUTER_BOUND('',#1380,.T.);
#966=FACE_OUTER_BOUND('',#1381,.T.);
#967=FACE_OUTER_BOUND('',#1382,.T.);
#968=FACE_OUTER_BOUND('',#1383,.T.);
#969=FACE_OUTER_BOUND('',#1384,.T.);
#970=FACE_OUTER_BOUND('',#1385,.T.);
#971=FACE_OUTER_BOUND('',#1386,.T.);
#972=FACE_OUTER_BOUND('',#1387,.T.);
#973=FACE_OUTER_BOUND('',#1388,.T.);
#974=FACE_OUTER_BOUND('',#1389,.T.);
#975=FACE_OUTER_BOUND('',#1390,.T.);
#976=FACE_OUTER_BOUND('',#1391,.T.);
#977=FACE_OUTER_BOUND('',#1392,.T.);
#978=FACE_OUTER_BOUND('',#1393,.T.);
#979=FACE_OUTER_BOUND('',#1394,.T.);
#980=FACE_OUTER_BOUND('',#1395,.T.);
#981=FACE_OUTER_BOUND('',#1396,.T.);
#982=FACE_OUTER_BOUND('',#1397,.T.);
#983=FACE_OUTER_BOUND('',#1398,.T.);
#984=FACE_OUTER_BOUND('',#1399,.T.);
#985=FACE_OUTER_BOUND('',#1400,.T.);
#986=FACE_OUTER_BOUND('',#1401,.T.);
#987=FACE_OUTER_BOUND('',#1402,.T.);
#988=FACE_OUTER_BOUND('',#1403,.T.);
#989=FACE_OUTER_BOUND('',#1404,.T.);
#990=FACE_OUTER_BOUND('',#1405,.T.);
#991=FACE_OUTER_BOUND('',#1406,.T.);
#992=FACE_OUTER_BOUND('',#1407,.T.);
#993=FACE_OUTER_BOUND('',#1408,.T.);
#994=FACE_OUTER_BOUND('',#1409,.T.);
#995=FACE_OUTER_BOUND('',#1410,.T.);
#996=FACE_OUTER_BOUND('',#1412,.T.);
#997=FACE_OUTER_BOUND('',#1413,.T.);
#998=FACE_OUTER_BOUND('',#1414,.T.);
#999=FACE_OUTER_BOUND('',#1415,.T.);
#1000=FACE_OUTER_BOUND('',#1416,.T.);
#1001=FACE_OUTER_BOUND('',#1417,.T.);
#1002=FACE_OUTER_BOUND('',#1418,.T.);
#1003=FACE_OUTER_BOUND('',#1419,.T.);
#1004=FACE_OUTER_BOUND('',#1420,.T.);
#1005=FACE_OUTER_BOUND('',#1421,.T.);
#1006=FACE_OUTER_BOUND('',#1422,.T.);
#1007=FACE_OUTER_BOUND('',#1423,.T.);
#1008=FACE_OUTER_BOUND('',#1424,.T.);
#1009=FACE_OUTER_BOUND('',#1425,.T.);
#1010=FACE_OUTER_BOUND('',#1426,.T.);
#1011=FACE_OUTER_BOUND('',#1427,.T.);
#1012=FACE_OUTER_BOUND('',#1428,.T.);
#1013=FACE_OUTER_BOUND('',#1429,.T.);
#1014=FACE_OUTER_BOUND('',#1430,.T.);
#1015=FACE_OUTER_BOUND('',#1431,.T.);
#1016=FACE_OUTER_BOUND('',#1432,.T.);
#1017=FACE_OUTER_BOUND('',#1433,.T.);
#1018=FACE_OUTER_BOUND('',#1434,.T.);
#1019=FACE_OUTER_BOUND('',#1435,.T.);
#1020=FACE_OUTER_BOUND('',#1436,.T.);
#1021=FACE_OUTER_BOUND('',#1437,.T.);
#1022=FACE_OUTER_BOUND('',#1438,.T.);
#1023=FACE_OUTER_BOUND('',#1439,.T.);
#1024=FACE_OUTER_BOUND('',#1440,.T.);
#1025=FACE_OUTER_BOUND('',#1441,.T.);
#1026=FACE_OUTER_BOUND('',#1442,.T.);
#1027=FACE_OUTER_BOUND('',#1443,.T.);
#1028=FACE_OUTER_BOUND('',#1444,.T.);
#1029=FACE_OUTER_BOUND('',#1445,.T.);
#1030=FACE_OUTER_BOUND('',#1446,.T.);
#1031=FACE_OUTER_BOUND('',#1447,.T.);
#1032=FACE_OUTER_BOUND('',#1448,.T.);
#1033=FACE_OUTER_BOUND('',#1449,.T.);
#1034=FACE_OUTER_BOUND('',#1450,.T.);
#1035=FACE_OUTER_BOUND('',#1451,.T.);
#1036=FACE_OUTER_BOUND('',#1452,.T.);
#1037=FACE_OUTER_BOUND('',#1453,.T.);
#1038=FACE_OUTER_BOUND('',#1454,.T.);
#1039=FACE_OUTER_BOUND('',#1455,.T.);
#1040=FACE_OUTER_BOUND('',#1456,.T.);
#1041=FACE_OUTER_BOUND('',#1457,.T.);
#1042=FACE_OUTER_BOUND('',#1458,.T.);
#1043=FACE_OUTER_BOUND('',#1459,.T.);
#1044=FACE_OUTER_BOUND('',#1460,.T.);
#1045=FACE_OUTER_BOUND('',#1461,.T.);
#1046=FACE_OUTER_BOUND('',#1462,.T.);
#1047=FACE_OUTER_BOUND('',#1463,.T.);
#1048=FACE_OUTER_BOUND('',#1464,.T.);
#1049=FACE_OUTER_BOUND('',#1465,.T.);
#1050=FACE_OUTER_BOUND('',#1466,.T.);
#1051=FACE_OUTER_BOUND('',#1467,.T.);
#1052=FACE_OUTER_BOUND('',#1468,.T.);
#1053=FACE_OUTER_BOUND('',#1469,.T.);
#1054=FACE_OUTER_BOUND('',#1470,.T.);
#1055=FACE_OUTER_BOUND('',#1471,.T.);
#1056=FACE_OUTER_BOUND('',#1472,.T.);
#1057=FACE_OUTER_BOUND('',#1473,.T.);
#1058=FACE_OUTER_BOUND('',#1474,.T.);
#1059=FACE_OUTER_BOUND('',#1475,.T.);
#1060=FACE_OUTER_BOUND('',#1476,.T.);
#1061=FACE_OUTER_BOUND('',#1477,.T.);
#1062=FACE_OUTER_BOUND('',#1478,.T.);
#1063=FACE_OUTER_BOUND('',#1479,.T.);
#1064=FACE_OUTER_BOUND('',#1480,.T.);
#1065=FACE_OUTER_BOUND('',#1481,.T.);
#1066=FACE_OUTER_BOUND('',#1482,.T.);
#1067=FACE_OUTER_BOUND('',#1483,.T.);
#1068=FACE_OUTER_BOUND('',#1484,.T.);
#1069=FACE_OUTER_BOUND('',#1485,.T.);
#1070=FACE_OUTER_BOUND('',#1486,.T.);
#1071=FACE_OUTER_BOUND('',#1487,.T.);
#1072=FACE_OUTER_BOUND('',#1488,.T.);
#1073=FACE_OUTER_BOUND('',#1489,.T.);
#1074=FACE_OUTER_BOUND('',#1490,.T.);
#1075=FACE_OUTER_BOUND('',#1491,.T.);
#1076=FACE_OUTER_BOUND('',#1492,.T.);
#1077=FACE_OUTER_BOUND('',#1493,.T.);
#1078=FACE_OUTER_BOUND('',#1494,.T.);
#1079=FACE_OUTER_BOUND('',#1495,.T.);
#1080=FACE_OUTER_BOUND('',#1496,.T.);
#1081=FACE_OUTER_BOUND('',#1497,.T.);
#1082=FACE_OUTER_BOUND('',#1498,.T.);
#1083=FACE_OUTER_BOUND('',#1499,.T.);
#1084=FACE_OUTER_BOUND('',#1500,.T.);
#1085=FACE_OUTER_BOUND('',#1501,.T.);
#1086=FACE_OUTER_BOUND('',#1502,.T.);
#1087=FACE_OUTER_BOUND('',#1503,.T.);
#1088=FACE_OUTER_BOUND('',#1504,.T.);
#1089=FACE_OUTER_BOUND('',#1505,.T.);
#1090=FACE_OUTER_BOUND('',#1506,.T.);
#1091=FACE_OUTER_BOUND('',#1507,.T.);
#1092=FACE_OUTER_BOUND('',#1508,.T.);
#1093=FACE_OUTER_BOUND('',#1509,.T.);
#1094=FACE_OUTER_BOUND('',#1510,.T.);
#1095=FACE_OUTER_BOUND('',#1511,.T.);
#1096=FACE_OUTER_BOUND('',#1512,.T.);
#1097=FACE_OUTER_BOUND('',#1513,.T.);
#1098=FACE_OUTER_BOUND('',#1514,.T.);
#1099=FACE_OUTER_BOUND('',#1515,.T.);
#1100=FACE_OUTER_BOUND('',#1516,.T.);
#1101=FACE_OUTER_BOUND('',#1517,.T.);
#1102=FACE_OUTER_BOUND('',#1518,.T.);
#1103=FACE_OUTER_BOUND('',#1519,.T.);
#1104=FACE_OUTER_BOUND('',#1520,.T.);
#1105=FACE_OUTER_BOUND('',#1521,.T.);
#1106=FACE_OUTER_BOUND('',#1522,.T.);
#1107=FACE_OUTER_BOUND('',#1523,.T.);
#1108=FACE_OUTER_BOUND('',#1524,.T.);
#1109=FACE_OUTER_BOUND('',#1525,.T.);
#1110=FACE_OUTER_BOUND('',#1526,.T.);
#1111=FACE_OUTER_BOUND('',#1527,.T.);
#1112=FACE_OUTER_BOUND('',#1528,.T.);
#1113=FACE_OUTER_BOUND('',#1529,.T.);
#1114=FACE_OUTER_BOUND('',#1530,.T.);
#1115=FACE_OUTER_BOUND('',#1531,.T.);
#1116=FACE_OUTER_BOUND('',#1532,.T.);
#1117=FACE_OUTER_BOUND('',#1533,.T.);
#1118=FACE_OUTER_BOUND('',#1534,.T.);
#1119=FACE_OUTER_BOUND('',#1535,.T.);
#1120=FACE_OUTER_BOUND('',#1536,.T.);
#1121=FACE_OUTER_BOUND('',#1537,.T.);
#1122=FACE_OUTER_BOUND('',#1538,.T.);
#1123=FACE_OUTER_BOUND('',#1539,.T.);
#1124=FACE_OUTER_BOUND('',#1540,.T.);
#1125=FACE_OUTER_BOUND('',#1541,.T.);
#1126=FACE_OUTER_BOUND('',#1542,.T.);
#1127=FACE_OUTER_BOUND('',#1543,.T.);
#1128=FACE_OUTER_BOUND('',#1544,.T.);
#1129=FACE_OUTER_BOUND('',#1545,.T.);
#1130=FACE_OUTER_BOUND('',#1546,.T.);
#1131=FACE_OUTER_BOUND('',#1547,.T.);
#1132=FACE_OUTER_BOUND('',#1548,.T.);
#1133=FACE_OUTER_BOUND('',#1549,.T.);
#1134=FACE_OUTER_BOUND('',#1550,.T.);
#1135=FACE_OUTER_BOUND('',#1551,.T.);
#1136=FACE_OUTER_BOUND('',#1552,.T.);
#1137=FACE_OUTER_BOUND('',#1553,.T.);
#1138=FACE_OUTER_BOUND('',#1554,.T.);
#1139=FACE_OUTER_BOUND('',#1555,.T.);
#1140=FACE_OUTER_BOUND('',#1556,.T.);
#1141=FACE_OUTER_BOUND('',#1557,.T.);
#1142=FACE_OUTER_BOUND('',#1558,.T.);
#1143=FACE_OUTER_BOUND('',#1559,.T.);
#1144=FACE_OUTER_BOUND('',#1561,.T.);
#1145=FACE_OUTER_BOUND('',#1575,.T.);
#1146=FACE_OUTER_BOUND('',#1576,.T.);
#1147=FACE_OUTER_BOUND('',#1577,.T.);
#1148=FACE_OUTER_BOUND('',#1578,.T.);
#1149=FACE_OUTER_BOUND('',#1579,.T.);
#1150=FACE_OUTER_BOUND('',#1580,.T.);
#1151=FACE_OUTER_BOUND('',#1581,.T.);
#1152=FACE_OUTER_BOUND('',#1582,.T.);
#1153=FACE_OUTER_BOUND('',#1583,.T.);
#1154=FACE_OUTER_BOUND('',#1584,.T.);
#1155=FACE_OUTER_BOUND('',#1585,.T.);
#1156=FACE_OUTER_BOUND('',#1586,.T.);
#1157=FACE_OUTER_BOUND('',#1587,.T.);
#1158=FACE_OUTER_BOUND('',#1588,.T.);
#1159=FACE_OUTER_BOUND('',#1589,.T.);
#1160=FACE_OUTER_BOUND('',#1590,.T.);
#1161=FACE_OUTER_BOUND('',#1591,.T.);
#1162=FACE_OUTER_BOUND('',#1592,.T.);
#1163=FACE_OUTER_BOUND('',#1593,.T.);
#1164=FACE_OUTER_BOUND('',#1594,.T.);
#1165=FACE_OUTER_BOUND('',#1595,.T.);
#1166=FACE_OUTER_BOUND('',#1596,.T.);
#1167=FACE_OUTER_BOUND('',#1597,.T.);
#1168=FACE_OUTER_BOUND('',#1598,.T.);
#1169=FACE_OUTER_BOUND('',#1599,.T.);
#1170=FACE_OUTER_BOUND('',#1600,.T.);
#1171=FACE_OUTER_BOUND('',#1601,.T.);
#1172=FACE_OUTER_BOUND('',#1602,.T.);
#1173=FACE_OUTER_BOUND('',#1603,.T.);
#1174=FACE_OUTER_BOUND('',#1604,.T.);
#1175=FACE_OUTER_BOUND('',#1605,.T.);
#1176=FACE_OUTER_BOUND('',#1606,.T.);
#1177=FACE_OUTER_BOUND('',#1607,.T.);
#1178=FACE_OUTER_BOUND('',#1608,.T.);
#1179=FACE_OUTER_BOUND('',#1609,.T.);
#1180=FACE_OUTER_BOUND('',#1610,.T.);
#1181=FACE_OUTER_BOUND('',#1611,.T.);
#1182=FACE_OUTER_BOUND('',#1613,.T.);
#1183=FACE_OUTER_BOUND('',#1614,.T.);
#1184=FACE_OUTER_BOUND('',#1615,.T.);
#1185=FACE_OUTER_BOUND('',#1616,.T.);
#1186=FACE_OUTER_BOUND('',#1617,.T.);
#1187=FACE_OUTER_BOUND('',#1618,.T.);
#1188=FACE_OUTER_BOUND('',#1619,.T.);
#1189=FACE_OUTER_BOUND('',#1620,.T.);
#1190=FACE_OUTER_BOUND('',#1621,.T.);
#1191=FACE_OUTER_BOUND('',#1622,.T.);
#1192=FACE_OUTER_BOUND('',#1623,.T.);
#1193=FACE_OUTER_BOUND('',#1624,.T.);
#1194=FACE_OUTER_BOUND('',#1625,.T.);
#1195=FACE_OUTER_BOUND('',#1626,.T.);
#1196=FACE_OUTER_BOUND('',#1627,.T.);
#1197=FACE_OUTER_BOUND('',#1628,.T.);
#1198=FACE_OUTER_BOUND('',#1629,.T.);
#1199=FACE_OUTER_BOUND('',#1630,.T.);
#1200=FACE_OUTER_BOUND('',#1631,.T.);
#1201=FACE_OUTER_BOUND('',#1633,.T.);
#1202=FACE_OUTER_BOUND('',#1634,.T.);
#1203=FACE_OUTER_BOUND('',#1635,.T.);
#1204=FACE_OUTER_BOUND('',#1636,.T.);
#1205=FACE_OUTER_BOUND('',#1637,.T.);
#1206=FACE_OUTER_BOUND('',#1638,.T.);
#1207=FACE_OUTER_BOUND('',#1639,.T.);
#1208=FACE_OUTER_BOUND('',#1640,.T.);
#1209=FACE_OUTER_BOUND('',#1642,.T.);
#1210=FACE_OUTER_BOUND('',#1643,.T.);
#1211=FACE_OUTER_BOUND('',#1644,.T.);
#1212=FACE_OUTER_BOUND('',#1645,.T.);
#1213=FACE_OUTER_BOUND('',#1647,.T.);
#1214=FACE_OUTER_BOUND('',#1648,.T.);
#1215=FACE_OUTER_BOUND('',#1650,.T.);
#1216=FACE_OUTER_BOUND('',#1651,.T.);
#1217=FACE_OUTER_BOUND('',#1652,.T.);
#1218=FACE_OUTER_BOUND('',#1653,.T.);
#1219=FACE_OUTER_BOUND('',#1654,.T.);
#1220=FACE_OUTER_BOUND('',#1656,.T.);
#1221=FACE_OUTER_BOUND('',#1657,.T.);
#1222=FACE_OUTER_BOUND('',#1658,.T.);
#1223=FACE_OUTER_BOUND('',#1659,.T.);
#1224=FACE_OUTER_BOUND('',#1660,.T.);
#1225=FACE_OUTER_BOUND('',#1661,.T.);
#1226=FACE_OUTER_BOUND('',#1662,.T.);
#1227=FACE_OUTER_BOUND('',#1663,.T.);
#1228=FACE_OUTER_BOUND('',#1664,.T.);
#1229=FACE_OUTER_BOUND('',#1665,.T.);
#1230=FACE_OUTER_BOUND('',#1666,.T.);
#1231=FACE_OUTER_BOUND('',#1667,.T.);
#1232=FACE_OUTER_BOUND('',#1668,.T.);
#1233=FACE_OUTER_BOUND('',#1669,.T.);
#1234=FACE_OUTER_BOUND('',#1670,.T.);
#1235=FACE_OUTER_BOUND('',#1671,.T.);
#1236=FACE_OUTER_BOUND('',#1672,.T.);
#1237=FACE_OUTER_BOUND('',#1673,.T.);
#1238=FACE_OUTER_BOUND('',#1674,.T.);
#1239=FACE_OUTER_BOUND('',#1675,.T.);
#1240=FACE_OUTER_BOUND('',#1676,.T.);
#1241=FACE_OUTER_BOUND('',#1677,.T.);
#1242=FACE_OUTER_BOUND('',#1678,.T.);
#1243=FACE_OUTER_BOUND('',#1679,.T.);
#1244=FACE_OUTER_BOUND('',#1681,.T.);
#1245=FACE_OUTER_BOUND('',#1682,.T.);
#1246=FACE_OUTER_BOUND('',#1684,.T.);
#1247=FACE_OUTER_BOUND('',#1685,.T.);
#1248=FACE_OUTER_BOUND('',#1686,.T.);
#1249=FACE_OUTER_BOUND('',#1687,.T.);
#1250=FACE_OUTER_BOUND('',#1689,.T.);
#1251=FACE_OUTER_BOUND('',#1690,.T.);
#1252=FACE_OUTER_BOUND('',#1691,.T.);
#1253=FACE_OUTER_BOUND('',#1692,.T.);
#1254=FACE_OUTER_BOUND('',#1693,.T.);
#1255=FACE_OUTER_BOUND('',#1694,.T.);
#1256=FACE_OUTER_BOUND('',#1695,.T.);
#1257=FACE_OUTER_BOUND('',#1696,.T.);
#1258=FACE_OUTER_BOUND('',#1697,.T.);
#1259=FACE_OUTER_BOUND('',#1698,.T.);
#1260=FACE_OUTER_BOUND('',#1699,.T.);
#1261=FACE_OUTER_BOUND('',#1700,.T.);
#1262=FACE_OUTER_BOUND('',#1702,.T.);
#1263=FACE_OUTER_BOUND('',#1703,.T.);
#1264=FACE_OUTER_BOUND('',#1705,.T.);
#1265=FACE_OUTER_BOUND('',#1706,.T.);
#1266=FACE_OUTER_BOUND('',#1707,.T.);
#1267=FACE_OUTER_BOUND('',#1708,.T.);
#1268=FACE_OUTER_BOUND('',#1710,.T.);
#1269=FACE_OUTER_BOUND('',#1711,.T.);
#1270=FACE_OUTER_BOUND('',#1713,.T.);
#1271=FACE_OUTER_BOUND('',#1714,.T.);
#1272=FACE_OUTER_BOUND('',#1716,.T.);
#1273=FACE_OUTER_BOUND('',#1717,.T.);
#1274=FACE_OUTER_BOUND('',#1718,.T.);
#1275=FACE_OUTER_BOUND('',#1719,.T.);
#1276=FACE_OUTER_BOUND('',#1720,.T.);
#1277=FACE_OUTER_BOUND('',#1721,.T.);
#1278=FACE_OUTER_BOUND('',#1723,.T.);
#1279=FACE_OUTER_BOUND('',#1724,.T.);
#1280=FACE_OUTER_BOUND('',#1726,.T.);
#1281=FACE_OUTER_BOUND('',#1727,.T.);
#1282=FACE_OUTER_BOUND('',#1728,.T.);
#1283=FACE_OUTER_BOUND('',#1729,.T.);
#1284=FACE_OUTER_BOUND('',#1730,.T.);
#1285=FACE_OUTER_BOUND('',#1731,.T.);
#1286=FACE_OUTER_BOUND('',#1732,.T.);
#1287=FACE_OUTER_BOUND('',#1733,.T.);
#1288=FACE_OUTER_BOUND('',#1734,.T.);
#1289=FACE_OUTER_BOUND('',#1735,.T.);
#1290=FACE_OUTER_BOUND('',#1736,.T.);
#1291=FACE_OUTER_BOUND('',#1737,.T.);
#1292=FACE_OUTER_BOUND('',#1738,.T.);
#1293=FACE_OUTER_BOUND('',#1739,.T.);
#1294=FACE_OUTER_BOUND('',#1740,.T.);
#1295=FACE_OUTER_BOUND('',#1741,.T.);
#1296=FACE_OUTER_BOUND('',#1742,.T.);
#1297=FACE_OUTER_BOUND('',#1743,.T.);
#1298=FACE_OUTER_BOUND('',#1744,.T.);
#1299=FACE_OUTER_BOUND('',#1745,.T.);
#1300=FACE_OUTER_BOUND('',#1746,.T.);
#1301=FACE_OUTER_BOUND('',#1747,.T.);
#1302=FACE_OUTER_BOUND('',#1748,.T.);
#1303=FACE_OUTER_BOUND('',#1749,.T.);
#1304=FACE_OUTER_BOUND('',#1750,.T.);
#1305=FACE_OUTER_BOUND('',#1751,.T.);
#1306=FACE_OUTER_BOUND('',#1752,.T.);
#1307=FACE_OUTER_BOUND('',#1753,.T.);
#1308=FACE_OUTER_BOUND('',#1754,.T.);
#1309=FACE_OUTER_BOUND('',#1756,.T.);
#1310=FACE_OUTER_BOUND('',#1757,.T.);
#1311=FACE_OUTER_BOUND('',#1758,.T.);
#1312=FACE_OUTER_BOUND('',#1759,.T.);
#1313=FACE_OUTER_BOUND('',#1760,.T.);
#1314=FACE_OUTER_BOUND('',#1762,.T.);
#1315=FACE_OUTER_BOUND('',#1763,.T.);
#1316=FACE_OUTER_BOUND('',#1764,.T.);
#1317=FACE_OUTER_BOUND('',#1765,.T.);
#1318=FACE_OUTER_BOUND('',#1766,.T.);
#1319=FACE_OUTER_BOUND('',#1767,.T.);
#1320=FACE_OUTER_BOUND('',#1769,.T.);
#1321=FACE_OUTER_BOUND('',#1770,.T.);
#1322=FACE_OUTER_BOUND('',#1771,.T.);
#1323=FACE_OUTER_BOUND('',#1772,.T.);
#1324=FACE_OUTER_BOUND('',#1773,.T.);
#1325=FACE_OUTER_BOUND('',#1774,.T.);
#1326=FACE_OUTER_BOUND('',#1775,.T.);
#1327=FACE_OUTER_BOUND('',#1776,.T.);
#1328=FACE_OUTER_BOUND('',#1777,.T.);
#1329=FACE_OUTER_BOUND('',#1778,.T.);
#1330=FACE_OUTER_BOUND('',#1779,.T.);
#1331=FACE_OUTER_BOUND('',#1780,.T.);
#1332=FACE_OUTER_BOUND('',#1781,.T.);
#1333=FACE_OUTER_BOUND('',#1782,.T.);
#1334=FACE_OUTER_BOUND('',#1783,.T.);
#1335=FACE_OUTER_BOUND('',#1784,.T.);
#1336=FACE_OUTER_BOUND('',#1786,.T.);
#1337=FACE_OUTER_BOUND('',#1787,.T.);
#1338=FACE_OUTER_BOUND('',#1788,.T.);
#1339=FACE_OUTER_BOUND('',#1789,.T.);
#1340=FACE_OUTER_BOUND('',#1790,.T.);
#1341=FACE_OUTER_BOUND('',#1791,.T.);
#1342=FACE_OUTER_BOUND('',#1792,.T.);
#1343=FACE_OUTER_BOUND('',#1793,.T.);
#1344=FACE_OUTER_BOUND('',#1794,.T.);
#1345=FACE_OUTER_BOUND('',#1795,.T.);
#1346=FACE_OUTER_BOUND('',#1797,.T.);
#1347=FACE_OUTER_BOUND('',#1798,.T.);
#1348=FACE_OUTER_BOUND('',#1800,.T.);
#1349=EDGE_LOOP('',(#4535,#4536,#4537,#4538));
#1350=EDGE_LOOP('',(#4539,#4540,#4541,#4542));
#1351=EDGE_LOOP('',(#4543,#4544,#4545,#4546));
#1352=EDGE_LOOP('',(#4547,#4548,#4549,#4550));
#1353=EDGE_LOOP('',(#4551,#4552,#4553,#4554));
#1354=EDGE_LOOP('',(#4555,#4556,#4557,#4558));
#1355=EDGE_LOOP('',(#4559,#4560,#4561,#4562));
#1356=EDGE_LOOP('',(#4563,#4564,#4565,#4566));
#1357=EDGE_LOOP('',(#4567,#4568,#4569,#4570));
#1358=EDGE_LOOP('',(#4571,#4572,#4573,#4574));
#1359=EDGE_LOOP('',(#4575,#4576,#4577,#4578));
#1360=EDGE_LOOP('',(#4579,#4580,#4581,#4582));
#1361=EDGE_LOOP('',(#4583,#4584,#4585,#4586));
#1362=EDGE_LOOP('',(#4587,#4588,#4589,#4590));
#1363=EDGE_LOOP('',(#4591,#4592,#4593,#4594));
#1364=EDGE_LOOP('',(#4595,#4596,#4597,#4598));
#1365=EDGE_LOOP('',(#4599,#4600,#4601,#4602));
#1366=EDGE_LOOP('',(#4603,#4604,#4605,#4606));
#1367=EDGE_LOOP('',(#4607,#4608,#4609,#4610));
#1368=EDGE_LOOP('',(#4611,#4612,#4613,#4614));
#1369=EDGE_LOOP('',(#4615,#4616,#4617,#4618));
#1370=EDGE_LOOP('',(#4619,#4620,#4621,#4622));
#1371=EDGE_LOOP('',(#4623,#4624,#4625,#4626));
#1372=EDGE_LOOP('',(#4627,#4628,#4629,#4630));
#1373=EDGE_LOOP('',(#4631,#4632,#4633,#4634));
#1374=EDGE_LOOP('',(#4635,#4636,#4637,#4638));
#1375=EDGE_LOOP('',(#4639,#4640,#4641,#4642));
#1376=EDGE_LOOP('',(#4643,#4644,#4645,#4646));
#1377=EDGE_LOOP('',(#4647,#4648,#4649,#4650));
#1378=EDGE_LOOP('',(#4651,#4652,#4653,#4654));
#1379=EDGE_LOOP('',(#4655,#4656,#4657,#4658));
#1380=EDGE_LOOP('',(#4659,#4660,#4661,#4662));
#1381=EDGE_LOOP('',(#4663,#4664,#4665,#4666));
#1382=EDGE_LOOP('',(#4667,#4668,#4669,#4670));
#1383=EDGE_LOOP('',(#4671,#4672,#4673,#4674));
#1384=EDGE_LOOP('',(#4675,#4676,#4677,#4678,#4679,#4680,#4681,#4682,#4683,
#4684,#4685,#4686,#4687,#4688,#4689,#4690,#4691,#4692,#4693,#4694,#4695,
#4696,#4697,#4698,#4699,#4700,#4701,#4702,#4703,#4704,#4705,#4706,#4707,
#4708,#4709));
#1385=EDGE_LOOP('',(#4710,#4711,#4712,#4713));
#1386=EDGE_LOOP('',(#4714,#4715,#4716,#4717));
#1387=EDGE_LOOP('',(#4718,#4719,#4720,#4721));
#1388=EDGE_LOOP('',(#4722,#4723,#4724,#4725));
#1389=EDGE_LOOP('',(#4726,#4727,#4728,#4729));
#1390=EDGE_LOOP('',(#4730,#4731,#4732,#4733));
#1391=EDGE_LOOP('',(#4734,#4735,#4736,#4737));
#1392=EDGE_LOOP('',(#4738,#4739,#4740,#4741));
#1393=EDGE_LOOP('',(#4742,#4743,#4744,#4745));
#1394=EDGE_LOOP('',(#4746,#4747,#4748,#4749));
#1395=EDGE_LOOP('',(#4750,#4751,#4752,#4753));
#1396=EDGE_LOOP('',(#4754,#4755,#4756,#4757));
#1397=EDGE_LOOP('',(#4758,#4759,#4760,#4761));
#1398=EDGE_LOOP('',(#4762,#4763,#4764,#4765));
#1399=EDGE_LOOP('',(#4766,#4767,#4768,#4769));
#1400=EDGE_LOOP('',(#4770,#4771,#4772,#4773));
#1401=EDGE_LOOP('',(#4774,#4775,#4776,#4777));
#1402=EDGE_LOOP('',(#4778,#4779,#4780,#4781));
#1403=EDGE_LOOP('',(#4782,#4783,#4784,#4785));
#1404=EDGE_LOOP('',(#4786,#4787,#4788,#4789));
#1405=EDGE_LOOP('',(#4790,#4791,#4792,#4793));
#1406=EDGE_LOOP('',(#4794,#4795,#4796,#4797));
#1407=EDGE_LOOP('',(#4798,#4799,#4800,#4801));
#1408=EDGE_LOOP('',(#4802,#4803,#4804,#4805));
#1409=EDGE_LOOP('',(#4806,#4807,#4808,#4809));
#1410=EDGE_LOOP('',(#4810,#4811,#4812,#4813,#4814,#4815,#4816,#4817,#4818,
#4819,#4820,#4821,#4822,#4823,#4824));
#1411=EDGE_LOOP('',(#4825,#4826,#4827,#4828,#4829));
#1412=EDGE_LOOP('',(#4830,#4831,#4832,#4833,#4834));
#1413=EDGE_LOOP('',(#4835,#4836,#4837,#4838));
#1414=EDGE_LOOP('',(#4839,#4840,#4841,#4842));
#1415=EDGE_LOOP('',(#4843,#4844,#4845,#4846));
#1416=EDGE_LOOP('',(#4847,#4848,#4849,#4850));
#1417=EDGE_LOOP('',(#4851,#4852,#4853,#4854));
#1418=EDGE_LOOP('',(#4855,#4856,#4857,#4858));
#1419=EDGE_LOOP('',(#4859,#4860,#4861,#4862));
#1420=EDGE_LOOP('',(#4863,#4864,#4865,#4866));
#1421=EDGE_LOOP('',(#4867,#4868,#4869,#4870));
#1422=EDGE_LOOP('',(#4871,#4872,#4873,#4874));
#1423=EDGE_LOOP('',(#4875,#4876,#4877,#4878));
#1424=EDGE_LOOP('',(#4879,#4880,#4881,#4882));
#1425=EDGE_LOOP('',(#4883,#4884,#4885,#4886));
#1426=EDGE_LOOP('',(#4887,#4888,#4889,#4890));
#1427=EDGE_LOOP('',(#4891,#4892,#4893,#4894));
#1428=EDGE_LOOP('',(#4895,#4896,#4897,#4898));
#1429=EDGE_LOOP('',(#4899,#4900,#4901,#4902));
#1430=EDGE_LOOP('',(#4903,#4904,#4905,#4906));
#1431=EDGE_LOOP('',(#4907,#4908,#4909,#4910));
#1432=EDGE_LOOP('',(#4911,#4912,#4913,#4914));
#1433=EDGE_LOOP('',(#4915,#4916,#4917,#4918,#4919,#4920,#4921,#4922,#4923,
#4924,#4925,#4926,#4927,#4928,#4929,#4930,#4931,#4932,#4933,#4934));
#1434=EDGE_LOOP('',(#4935,#4936,#4937,#4938));
#1435=EDGE_LOOP('',(#4939,#4940,#4941,#4942));
#1436=EDGE_LOOP('',(#4943,#4944,#4945,#4946));
#1437=EDGE_LOOP('',(#4947,#4948,#4949,#4950));
#1438=EDGE_LOOP('',(#4951,#4952,#4953,#4954));
#1439=EDGE_LOOP('',(#4955,#4956,#4957,#4958));
#1440=EDGE_LOOP('',(#4959,#4960,#4961,#4962));
#1441=EDGE_LOOP('',(#4963,#4964,#4965,#4966));
#1442=EDGE_LOOP('',(#4967,#4968,#4969,#4970));
#1443=EDGE_LOOP('',(#4971,#4972,#4973,#4974));
#1444=EDGE_LOOP('',(#4975,#4976,#4977,#4978));
#1445=EDGE_LOOP('',(#4979,#4980,#4981,#4982));
#1446=EDGE_LOOP('',(#4983,#4984,#4985,#4986));
#1447=EDGE_LOOP('',(#4987,#4988,#4989,#4990));
#1448=EDGE_LOOP('',(#4991,#4992,#4993,#4994));
#1449=EDGE_LOOP('',(#4995,#4996,#4997,#4998));
#1450=EDGE_LOOP('',(#4999,#5000,#5001,#5002));
#1451=EDGE_LOOP('',(#5003,#5004,#5005,#5006));
#1452=EDGE_LOOP('',(#5007,#5008,#5009,#5010));
#1453=EDGE_LOOP('',(#5011,#5012,#5013,#5014));
#1454=EDGE_LOOP('',(#5015,#5016,#5017,#5018));
#1455=EDGE_LOOP('',(#5019,#5020,#5021,#5022));
#1456=EDGE_LOOP('',(#5023,#5024,#5025,#5026));
#1457=EDGE_LOOP('',(#5027,#5028,#5029,#5030));
#1458=EDGE_LOOP('',(#5031,#5032,#5033,#5034));
#1459=EDGE_LOOP('',(#5035,#5036,#5037,#5038));
#1460=EDGE_LOOP('',(#5039,#5040,#5041,#5042));
#1461=EDGE_LOOP('',(#5043,#5044,#5045,#5046));
#1462=EDGE_LOOP('',(#5047,#5048,#5049,#5050));
#1463=EDGE_LOOP('',(#5051,#5052,#5053,#5054));
#1464=EDGE_LOOP('',(#5055,#5056,#5057,#5058));
#1465=EDGE_LOOP('',(#5059,#5060,#5061,#5062));
#1466=EDGE_LOOP('',(#5063,#5064,#5065,#5066));
#1467=EDGE_LOOP('',(#5067,#5068,#5069,#5070,#5071,#5072,#5073,#5074,#5075,
#5076,#5077,#5078,#5079,#5080,#5081,#5082,#5083,#5084,#5085,#5086,#5087,
#5088,#5089,#5090,#5091,#5092,#5093,#5094,#5095,#5096,#5097,#5098,#5099));
#1468=EDGE_LOOP('',(#5100,#5101,#5102,#5103));
#1469=EDGE_LOOP('',(#5104,#5105,#5106,#5107));
#1470=EDGE_LOOP('',(#5108,#5109,#5110,#5111));
#1471=EDGE_LOOP('',(#5112,#5113,#5114,#5115));
#1472=EDGE_LOOP('',(#5116,#5117,#5118,#5119));
#1473=EDGE_LOOP('',(#5120,#5121,#5122,#5123));
#1474=EDGE_LOOP('',(#5124,#5125,#5126,#5127));
#1475=EDGE_LOOP('',(#5128,#5129,#5130,#5131));
#1476=EDGE_LOOP('',(#5132,#5133,#5134,#5135));
#1477=EDGE_LOOP('',(#5136,#5137,#5138,#5139));
#1478=EDGE_LOOP('',(#5140,#5141,#5142,#5143));
#1479=EDGE_LOOP('',(#5144,#5145,#5146,#5147));
#1480=EDGE_LOOP('',(#5148,#5149,#5150,#5151));
#1481=EDGE_LOOP('',(#5152,#5153,#5154,#5155));
#1482=EDGE_LOOP('',(#5156,#5157,#5158,#5159));
#1483=EDGE_LOOP('',(#5160,#5161,#5162,#5163));
#1484=EDGE_LOOP('',(#5164,#5165,#5166,#5167));
#1485=EDGE_LOOP('',(#5168,#5169,#5170,#5171));
#1486=EDGE_LOOP('',(#5172,#5173,#5174,#5175));
#1487=EDGE_LOOP('',(#5176,#5177,#5178,#5179));
#1488=EDGE_LOOP('',(#5180,#5181,#5182,#5183));
#1489=EDGE_LOOP('',(#5184,#5185,#5186,#5187));
#1490=EDGE_LOOP('',(#5188,#5189,#5190,#5191));
#1491=EDGE_LOOP('',(#5192,#5193,#5194,#5195));
#1492=EDGE_LOOP('',(#5196,#5197,#5198,#5199));
#1493=EDGE_LOOP('',(#5200,#5201,#5202,#5203));
#1494=EDGE_LOOP('',(#5204,#5205,#5206,#5207));
#1495=EDGE_LOOP('',(#5208,#5209,#5210,#5211));
#1496=EDGE_LOOP('',(#5212,#5213,#5214,#5215));
#1497=EDGE_LOOP('',(#5216,#5217,#5218,#5219));
#1498=EDGE_LOOP('',(#5220,#5221,#5222,#5223));
#1499=EDGE_LOOP('',(#5224,#5225,#5226,#5227));
#1500=EDGE_LOOP('',(#5228,#5229,#5230,#5231));
#1501=EDGE_LOOP('',(#5232,#5233,#5234,#5235));
#1502=EDGE_LOOP('',(#5236,#5237,#5238,#5239));
#1503=EDGE_LOOP('',(#5240,#5241,#5242,#5243));
#1504=EDGE_LOOP('',(#5244,#5245,#5246,#5247));
#1505=EDGE_LOOP('',(#5248,#5249,#5250,#5251));
#1506=EDGE_LOOP('',(#5252,#5253,#5254,#5255,#5256,#5257,#5258,#5259,#5260,
#5261,#5262,#5263,#5264,#5265,#5266,#5267,#5268,#5269,#5270,#5271,#5272,
#5273,#5274,#5275,#5276,#5277,#5278,#5279,#5280,#5281,#5282,#5283,#5284));
#1507=EDGE_LOOP('',(#5285,#5286,#5287,#5288));
#1508=EDGE_LOOP('',(#5289,#5290,#5291,#5292));
#1509=EDGE_LOOP('',(#5293,#5294,#5295,#5296));
#1510=EDGE_LOOP('',(#5297,#5298,#5299,#5300));
#1511=EDGE_LOOP('',(#5301,#5302,#5303,#5304));
#1512=EDGE_LOOP('',(#5305,#5306,#5307,#5308));
#1513=EDGE_LOOP('',(#5309,#5310,#5311,#5312));
#1514=EDGE_LOOP('',(#5313,#5314,#5315,#5316));
#1515=EDGE_LOOP('',(#5317,#5318,#5319,#5320));
#1516=EDGE_LOOP('',(#5321,#5322,#5323,#5324));
#1517=EDGE_LOOP('',(#5325,#5326,#5327,#5328));
#1518=EDGE_LOOP('',(#5329,#5330,#5331,#5332));
#1519=EDGE_LOOP('',(#5333,#5334,#5335,#5336));
#1520=EDGE_LOOP('',(#5337,#5338,#5339,#5340));
#1521=EDGE_LOOP('',(#5341,#5342,#5343,#5344));
#1522=EDGE_LOOP('',(#5345,#5346,#5347,#5348));
#1523=EDGE_LOOP('',(#5349,#5350,#5351,#5352));
#1524=EDGE_LOOP('',(#5353,#5354,#5355,#5356));
#1525=EDGE_LOOP('',(#5357,#5358,#5359,#5360));
#1526=EDGE_LOOP('',(#5361,#5362,#5363,#5364));
#1527=EDGE_LOOP('',(#5365,#5366,#5367,#5368));
#1528=EDGE_LOOP('',(#5369,#5370,#5371,#5372));
#1529=EDGE_LOOP('',(#5373,#5374,#5375,#5376));
#1530=EDGE_LOOP('',(#5377,#5378,#5379,#5380));
#1531=EDGE_LOOP('',(#5381,#5382,#5383,#5384));
#1532=EDGE_LOOP('',(#5385,#5386,#5387,#5388));
#1533=EDGE_LOOP('',(#5389,#5390,#5391,#5392));
#1534=EDGE_LOOP('',(#5393,#5394,#5395,#5396));
#1535=EDGE_LOOP('',(#5397,#5398,#5399,#5400));
#1536=EDGE_LOOP('',(#5401,#5402,#5403,#5404));
#1537=EDGE_LOOP('',(#5405,#5406,#5407,#5408));
#1538=EDGE_LOOP('',(#5409,#5410,#5411,#5412));
#1539=EDGE_LOOP('',(#5413,#5414,#5415,#5416));
#1540=EDGE_LOOP('',(#5417,#5418,#5419,#5420));
#1541=EDGE_LOOP('',(#5421,#5422,#5423,#5424));
#1542=EDGE_LOOP('',(#5425,#5426,#5427,#5428));
#1543=EDGE_LOOP('',(#5429,#5430,#5431,#5432));
#1544=EDGE_LOOP('',(#5433,#5434,#5435,#5436));
#1545=EDGE_LOOP('',(#5437,#5438,#5439,#5440,#5441,#5442,#5443,#5444,#5445,
#5446,#5447,#5448,#5449,#5450,#5451,#5452,#5453,#5454,#5455,#5456,#5457,
#5458,#5459,#5460,#5461,#5462,#5463,#5464,#5465,#5466,#5467,#5468,#5469));
#1546=EDGE_LOOP('',(#5470,#5471,#5472,#5473));
#1547=EDGE_LOOP('',(#5474,#5475,#5476,#5477));
#1548=EDGE_LOOP('',(#5478,#5479,#5480,#5481));
#1549=EDGE_LOOP('',(#5482,#5483,#5484,#5485));
#1550=EDGE_LOOP('',(#5486,#5487,#5488,#5489));
#1551=EDGE_LOOP('',(#5490,#5491,#5492,#5493));
#1552=EDGE_LOOP('',(#5494,#5495,#5496,#5497));
#1553=EDGE_LOOP('',(#5498,#5499,#5500,#5501));
#1554=EDGE_LOOP('',(#5502,#5503,#5504,#5505));
#1555=EDGE_LOOP('',(#5506,#5507,#5508,#5509));
#1556=EDGE_LOOP('',(#5510,#5511,#5512,#5513));
#1557=EDGE_LOOP('',(#5514,#5515,#5516,#5517));
#1558=EDGE_LOOP('',(#5518,#5519,#5520,#5521));
#1559=EDGE_LOOP('',(#5522,#5523,#5524,#5525,#5526,#5527,#5528,#5529));
#1560=EDGE_LOOP('',(#5530,#5531,#5532,#5533,#5534));
#1561=EDGE_LOOP('',(#5535,#5536,#5537,#5538));
#1562=EDGE_LOOP('',(#5539,#5540,#5541,#5542));
#1563=EDGE_LOOP('',(#5543,#5544,#5545,#5546,#5547,#5548,#5549,#5550,#5551,
#5552,#5553,#5554,#5555,#5556,#5557,#5558,#5559,#5560,#5561,#5562));
#1564=EDGE_LOOP('',(#5563,#5564,#5565,#5566));
#1565=EDGE_LOOP('',(#5567,#5568,#5569,#5570,#5571,#5572,#5573,#5574,#5575,
#5576,#5577,#5578,#5579,#5580,#5581,#5582,#5583,#5584,#5585,#5586,#5587,
#5588,#5589,#5590,#5591,#5592,#5593,#5594,#5595,#5596,#5597,#5598,#5599));
#1566=EDGE_LOOP('',(#5600,#5601,#5602,#5603));
#1567=EDGE_LOOP('',(#5604,#5605,#5606,#5607,#5608,#5609,#5610,#5611,#5612,
#5613,#5614,#5615,#5616,#5617,#5618,#5619,#5620,#5621,#5622,#5623,#5624,
#5625,#5626,#5627,#5628,#5629,#5630,#5631,#5632,#5633,#5634,#5635,#5636));
#1568=EDGE_LOOP('',(#5637,#5638,#5639,#5640,#5641,#5642,#5643,#5644,#5645,
#5646,#5647,#5648,#5649,#5650));
#1569=EDGE_LOOP('',(#5651,#5652,#5653,#5654,#5655,#5656,#5657,#5658,#5659));
#1570=EDGE_LOOP('',(#5660,#5661,#5662,#5663,#5664,#5665,#5666,#5667,#5668,
#5669,#5670,#5671,#5672));
#1571=EDGE_LOOP('',(#5673,#5674,#5675,#5676,#5677,#5678,#5679,#5680));
#1572=EDGE_LOOP('',(#5681,#5682,#5683,#5684,#5685,#5686,#5687,#5688,#5689,
#5690,#5691,#5692,#5693,#5694,#5695,#5696,#5697,#5698,#5699,#5700,#5701,
#5702,#5703,#5704,#5705,#5706,#5707,#5708,#5709,#5710,#5711,#5712,#5713));
#1573=EDGE_LOOP('',(#5714,#5715,#5716,#5717,#5718,#5719,#5720,#5721,#5722,
#5723,#5724,#5725,#5726,#5727,#5728));
#1574=EDGE_LOOP('',(#5729,#5730,#5731,#5732,#5733,#5734,#5735,#5736,#5737,
#5738,#5739,#5740,#5741,#5742,#5743,#5744,#5745,#5746,#5747,#5748,#5749,
#5750,#5751,#5752,#5753,#5754,#5755,#5756,#5757,#5758,#5759,#5760,#5761,
#5762,#5763));
#1575=EDGE_LOOP('',(#5764,#5765,#5766,#5767));
#1576=EDGE_LOOP('',(#5768,#5769,#5770,#5771));
#1577=EDGE_LOOP('',(#5772,#5773,#5774,#5775));
#1578=EDGE_LOOP('',(#5776,#5777,#5778,#5779));
#1579=EDGE_LOOP('',(#5780,#5781,#5782,#5783));
#1580=EDGE_LOOP('',(#5784,#5785,#5786,#5787));
#1581=EDGE_LOOP('',(#5788,#5789,#5790,#5791));
#1582=EDGE_LOOP('',(#5792,#5793,#5794,#5795));
#1583=EDGE_LOOP('',(#5796,#5797,#5798,#5799));
#1584=EDGE_LOOP('',(#5800,#5801,#5802,#5803));
#1585=EDGE_LOOP('',(#5804,#5805,#5806,#5807));
#1586=EDGE_LOOP('',(#5808,#5809,#5810,#5811));
#1587=EDGE_LOOP('',(#5812,#5813,#5814,#5815));
#1588=EDGE_LOOP('',(#5816,#5817,#5818,#5819,#5820,#5821,#5822,#5823,#5824,
#5825,#5826,#5827,#5828));
#1589=EDGE_LOOP('',(#5829,#5830,#5831,#5832));
#1590=EDGE_LOOP('',(#5833,#5834,#5835,#5836));
#1591=EDGE_LOOP('',(#5837,#5838,#5839,#5840));
#1592=EDGE_LOOP('',(#5841,#5842,#5843,#5844));
#1593=EDGE_LOOP('',(#5845,#5846,#5847,#5848));
#1594=EDGE_LOOP('',(#5849,#5850,#5851,#5852));
#1595=EDGE_LOOP('',(#5853,#5854,#5855,#5856));
#1596=EDGE_LOOP('',(#5857,#5858,#5859,#5860));
#1597=EDGE_LOOP('',(#5861,#5862,#5863,#5864));
#1598=EDGE_LOOP('',(#5865,#5866,#5867,#5868));
#1599=EDGE_LOOP('',(#5869,#5870,#5871,#5872));
#1600=EDGE_LOOP('',(#5873,#5874,#5875,#5876));
#1601=EDGE_LOOP('',(#5877,#5878,#5879,#5880));
#1602=EDGE_LOOP('',(#5881,#5882,#5883,#5884));
#1603=EDGE_LOOP('',(#5885,#5886,#5887,#5888));
#1604=EDGE_LOOP('',(#5889,#5890,#5891,#5892));
#1605=EDGE_LOOP('',(#5893,#5894,#5895,#5896));
#1606=EDGE_LOOP('',(#5897,#5898,#5899,#5900));
#1607=EDGE_LOOP('',(#5901,#5902,#5903,#5904));
#1608=EDGE_LOOP('',(#5905,#5906,#5907,#5908));
#1609=EDGE_LOOP('',(#5909,#5910,#5911,#5912));
#1610=EDGE_LOOP('',(#5913,#5914,#5915,#5916));
#1611=EDGE_LOOP('',(#5917,#5918,#5919,#5920,#5921,#5922,#5923,#5924,#5925,
#5926,#5927,#5928,#5929,#5930));
#1612=EDGE_LOOP('',(#5931,#5932,#5933,#5934,#5935,#5936,#5937,#5938));
#1613=EDGE_LOOP('',(#5939,#5940,#5941,#5942,#5943));
#1614=EDGE_LOOP('',(#5944,#5945,#5946,#5947));
#1615=EDGE_LOOP('',(#5948,#5949,#5950,#5951));
#1616=EDGE_LOOP('',(#5952,#5953,#5954,#5955));
#1617=EDGE_LOOP('',(#5956,#5957,#5958,#5959));
#1618=EDGE_LOOP('',(#5960,#5961,#5962,#5963));
#1619=EDGE_LOOP('',(#5964,#5965,#5966,#5967));
#1620=EDGE_LOOP('',(#5968,#5969,#5970,#5971));
#1621=EDGE_LOOP('',(#5972,#5973,#5974,#5975));
#1622=EDGE_LOOP('',(#5976,#5977,#5978,#5979));
#1623=EDGE_LOOP('',(#5980,#5981,#5982,#5983));
#1624=EDGE_LOOP('',(#5984,#5985,#5986,#5987));
#1625=EDGE_LOOP('',(#5988,#5989,#5990,#5991));
#1626=EDGE_LOOP('',(#5992,#5993,#5994,#5995));
#1627=EDGE_LOOP('',(#5996,#5997,#5998,#5999));
#1628=EDGE_LOOP('',(#6000,#6001,#6002,#6003));
#1629=EDGE_LOOP('',(#6004,#6005,#6006,#6007));
#1630=EDGE_LOOP('',(#6008,#6009,#6010,#6011));
#1631=EDGE_LOOP('',(#6012,#6013,#6014,#6015,#6016,#6017,#6018,#6019,#6020));
#1632=EDGE_LOOP('',(#6021,#6022,#6023,#6024,#6025,#6026,#6027,#6028));
#1633=EDGE_LOOP('',(#6029,#6030,#6031,#6032,#6033,#6034,#6035,#6036));
#1634=EDGE_LOOP('',(#6037,#6038,#6039,#6040));
#1635=EDGE_LOOP('',(#6041,#6042,#6043,#6044));
#1636=EDGE_LOOP('',(#6045,#6046,#6047,#6048));
#1637=EDGE_LOOP('',(#6049,#6050,#6051,#6052));
#1638=EDGE_LOOP('',(#6053,#6054,#6055,#6056));
#1639=EDGE_LOOP('',(#6057,#6058,#6059,#6060));
#1640=EDGE_LOOP('',(#6061,#6062,#6063,#6064));
#1641=EDGE_LOOP('',(#6065));
#1642=EDGE_LOOP('',(#6066,#6067,#6068,#6069));
#1643=EDGE_LOOP('',(#6070,#6071,#6072,#6073));
#1644=EDGE_LOOP('',(#6074,#6075,#6076,#6077,#6078));
#1645=EDGE_LOOP('',(#6079,#6080,#6081,#6082));
#1646=EDGE_LOOP('',(#6083));
#1647=EDGE_LOOP('',(#6084,#6085,#6086,#6087,#6088));
#1648=EDGE_LOOP('',(#6089));
#1649=EDGE_LOOP('',(#6090));
#1650=EDGE_LOOP('',(#6091,#6092,#6093,#6094));
#1651=EDGE_LOOP('',(#6095,#6096,#6097,#6098));
#1652=EDGE_LOOP('',(#6099,#6100,#6101,#6102));
#1653=EDGE_LOOP('',(#6103,#6104,#6105,#6106));
#1654=EDGE_LOOP('',(#6107,#6108,#6109,#6110));
#1655=EDGE_LOOP('',(#6111,#6112,#6113,#6114));
#1656=EDGE_LOOP('',(#6115,#6116,#6117,#6118));
#1657=EDGE_LOOP('',(#6119,#6120,#6121));
#1658=EDGE_LOOP('',(#6122,#6123,#6124));
#1659=EDGE_LOOP('',(#6125,#6126,#6127,#6128));
#1660=EDGE_LOOP('',(#6129,#6130,#6131,#6132));
#1661=EDGE_LOOP('',(#6133,#6134,#6135));
#1662=EDGE_LOOP('',(#6136,#6137,#6138,#6139));
#1663=EDGE_LOOP('',(#6140,#6141,#6142));
#1664=EDGE_LOOP('',(#6143,#6144,#6145,#6146));
#1665=EDGE_LOOP('',(#6147,#6148,#6149,#6150));
#1666=EDGE_LOOP('',(#6151,#6152,#6153,#6154));
#1667=EDGE_LOOP('',(#6155,#6156,#6157,#6158));
#1668=EDGE_LOOP('',(#6159,#6160,#6161,#6162));
#1669=EDGE_LOOP('',(#6163,#6164,#6165,#6166));
#1670=EDGE_LOOP('',(#6167,#6168,#6169,#6170));
#1671=EDGE_LOOP('',(#6171,#6172,#6173,#6174,#6175,#6176,#6177,#6178));
#1672=EDGE_LOOP('',(#6179,#6180,#6181,#6182));
#1673=EDGE_LOOP('',(#6183,#6184,#6185,#6186));
#1674=EDGE_LOOP('',(#6187,#6188,#6189,#6190));
#1675=EDGE_LOOP('',(#6191,#6192,#6193,#6194));
#1676=EDGE_LOOP('',(#6195,#6196,#6197,#6198));
#1677=EDGE_LOOP('',(#6199,#6200,#6201,#6202));
#1678=EDGE_LOOP('',(#6203,#6204,#6205,#6206));
#1679=EDGE_LOOP('',(#6207));
#1680=EDGE_LOOP('',(#6208));
#1681=EDGE_LOOP('',(#6209,#6210,#6211,#6212));
#1682=EDGE_LOOP('',(#6213));
#1683=EDGE_LOOP('',(#6214));
#1684=EDGE_LOOP('',(#6215,#6216,#6217,#6218));
#1685=EDGE_LOOP('',(#6219,#6220,#6221,#6222));
#1686=EDGE_LOOP('',(#6223,#6224,#6225,#6226));
#1687=EDGE_LOOP('',(#6227));
#1688=EDGE_LOOP('',(#6228));
#1689=EDGE_LOOP('',(#6229,#6230,#6231,#6232));
#1690=EDGE_LOOP('',(#6233,#6234,#6235,#6236,#6237,#6238));
#1691=EDGE_LOOP('',(#6239,#6240,#6241,#6242));
#1692=EDGE_LOOP('',(#6243,#6244,#6245,#6246));
#1693=EDGE_LOOP('',(#6247,#6248,#6249,#6250,#6251,#6252));
#1694=EDGE_LOOP('',(#6253,#6254,#6255,#6256));
#1695=EDGE_LOOP('',(#6257,#6258,#6259,#6260));
#1696=EDGE_LOOP('',(#6261,#6262,#6263,#6264));
#1697=EDGE_LOOP('',(#6265,#6266,#6267,#6268));
#1698=EDGE_LOOP('',(#6269,#6270,#6271,#6272));
#1699=EDGE_LOOP('',(#6273,#6274,#6275,#6276));
#1700=EDGE_LOOP('',(#6277));
#1701=EDGE_LOOP('',(#6278));
#1702=EDGE_LOOP('',(#6279,#6280,#6281,#6282));
#1703=EDGE_LOOP('',(#6283));
#1704=EDGE_LOOP('',(#6284));
#1705=EDGE_LOOP('',(#6285,#6286,#6287,#6288));
#1706=EDGE_LOOP('',(#6289,#6290,#6291,#6292));
#1707=EDGE_LOOP('',(#6293,#6294,#6295,#6296));
#1708=EDGE_LOOP('',(#6297));
#1709=EDGE_LOOP('',(#6298));
#1710=EDGE_LOOP('',(#6299,#6300,#6301,#6302));
#1711=EDGE_LOOP('',(#6303,#6304,#6305,#6306));
#1712=EDGE_LOOP('',(#6307));
#1713=EDGE_LOOP('',(#6308,#6309,#6310,#6311));
#1714=EDGE_LOOP('',(#6312,#6313,#6314,#6315));
#1715=EDGE_LOOP('',(#6316));
#1716=EDGE_LOOP('',(#6317,#6318,#6319,#6320));
#1717=EDGE_LOOP('',(#6321,#6322,#6323,#6324));
#1718=EDGE_LOOP('',(#6325,#6326,#6327,#6328));
#1719=EDGE_LOOP('',(#6329,#6330,#6331,#6332,#6333));
#1720=EDGE_LOOP('',(#6334,#6335,#6336,#6337,#6338,#6339));
#1721=EDGE_LOOP('',(#6340));
#1722=EDGE_LOOP('',(#6341));
#1723=EDGE_LOOP('',(#6342,#6343,#6344,#6345,#6346));
#1724=EDGE_LOOP('',(#6347));
#1725=EDGE_LOOP('',(#6348));
#1726=EDGE_LOOP('',(#6349,#6350,#6351,#6352));
#1727=EDGE_LOOP('',(#6353,#6354,#6355));
#1728=EDGE_LOOP('',(#6356,#6357,#6358));
#1729=EDGE_LOOP('',(#6359,#6360,#6361,#6362));
#1730=EDGE_LOOP('',(#6363,#6364,#6365));
#1731=EDGE_LOOP('',(#6366,#6367,#6368));
#1732=EDGE_LOOP('',(#6369,#6370,#6371));
#1733=EDGE_LOOP('',(#6372,#6373,#6374,#6375));
#1734=EDGE_LOOP('',(#6376,#6377,#6378));
#1735=EDGE_LOOP('',(#6379,#6380,#6381));
#1736=EDGE_LOOP('',(#6382,#6383,#6384));
#1737=EDGE_LOOP('',(#6385,#6386,#6387));
#1738=EDGE_LOOP('',(#6388,#6389,#6390));
#1739=EDGE_LOOP('',(#6391,#6392,#6393,#6394));
#1740=EDGE_LOOP('',(#6395,#6396,#6397,#6398));
#1741=EDGE_LOOP('',(#6399,#6400,#6401,#6402));
#1742=EDGE_LOOP('',(#6403,#6404,#6405,#6406));
#1743=EDGE_LOOP('',(#6407,#6408,#6409,#6410));
#1744=EDGE_LOOP('',(#6411,#6412,#6413,#6414));
#1745=EDGE_LOOP('',(#6415,#6416,#6417,#6418));
#1746=EDGE_LOOP('',(#6419,#6420,#6421,#6422));
#1747=EDGE_LOOP('',(#6423,#6424,#6425,#6426));
#1748=EDGE_LOOP('',(#6427,#6428,#6429,#6430));
#1749=EDGE_LOOP('',(#6431,#6432,#6433,#6434));
#1750=EDGE_LOOP('',(#6435,#6436,#6437,#6438));
#1751=EDGE_LOOP('',(#6439,#6440,#6441,#6442));
#1752=EDGE_LOOP('',(#6443,#6444,#6445,#6446));
#1753=EDGE_LOOP('',(#6447,#6448,#6449,#6450));
#1754=EDGE_LOOP('',(#6451,#6452,#6453,#6454));
#1755=EDGE_LOOP('',(#6455));
#1756=EDGE_LOOP('',(#6456,#6457,#6458,#6459));
#1757=EDGE_LOOP('',(#6460,#6461,#6462,#6463,#6464,#6465));
#1758=EDGE_LOOP('',(#6466,#6467,#6468,#6469));
#1759=EDGE_LOOP('',(#6470,#6471,#6472,#6473,#6474,#6475));
#1760=EDGE_LOOP('',(#6476,#6477,#6478,#6479));
#1761=EDGE_LOOP('',(#6480));
#1762=EDGE_LOOP('',(#6481,#6482,#6483,#6484));
#1763=EDGE_LOOP('',(#6485,#6486,#6487,#6488));
#1764=EDGE_LOOP('',(#6489,#6490,#6491,#6492));
#1765=EDGE_LOOP('',(#6493,#6494,#6495,#6496));
#1766=EDGE_LOOP('',(#6497,#6498,#6499,#6500));
#1767=EDGE_LOOP('',(#6501));
#1768=EDGE_LOOP('',(#6502,#6503,#6504,#6505,#6506,#6507));
#1769=EDGE_LOOP('',(#6508,#6509,#6510,#6511));
#1770=EDGE_LOOP('',(#6512,#6513,#6514));
#1771=EDGE_LOOP('',(#6515,#6516,#6517));
#1772=EDGE_LOOP('',(#6518,#6519,#6520));
#1773=EDGE_LOOP('',(#6521,#6522,#6523));
#1774=EDGE_LOOP('',(#6524,#6525,#6526));
#1775=EDGE_LOOP('',(#6527,#6528,#6529));
#1776=EDGE_LOOP('',(#6530,#6531,#6532,#6533));
#1777=EDGE_LOOP('',(#6534,#6535,#6536,#6537));
#1778=EDGE_LOOP('',(#6538,#6539,#6540,#6541));
#1779=EDGE_LOOP('',(#6542,#6543,#6544,#6545));
#1780=EDGE_LOOP('',(#6546,#6547,#6548,#6549));
#1781=EDGE_LOOP('',(#6550,#6551,#6552,#6553));
#1782=EDGE_LOOP('',(#6554,#6555,#6556,#6557));
#1783=EDGE_LOOP('',(#6558));
#1784=EDGE_LOOP('',(#6559));
#1785=EDGE_LOOP('',(#6560));
#1786=EDGE_LOOP('',(#6561,#6562,#6563,#6564));
#1787=EDGE_LOOP('',(#6565,#6566,#6567,#6568));
#1788=EDGE_LOOP('',(#6569,#6570,#6571,#6572));
#1789=EDGE_LOOP('',(#6573,#6574,#6575,#6576));
#1790=EDGE_LOOP('',(#6577,#6578,#6579,#6580,#6581,#6582,#6583,#6584,#6585,
#6586));
#1791=EDGE_LOOP('',(#6587,#6588,#6589,#6590));
#1792=EDGE_LOOP('',(#6591,#6592,#6593,#6594,#6595,#6596));
#1793=EDGE_LOOP('',(#6597,#6598,#6599,#6600));
#1794=EDGE_LOOP('',(#6601,#6602,#6603,#6604));
#1795=EDGE_LOOP('',(#6605));
#1796=EDGE_LOOP('',(#6606));
#1797=EDGE_LOOP('',(#6607,#6608,#6609,#6610,#6611,#6612,#6613,#6614,#6615,
#6616));
#1798=EDGE_LOOP('',(#6617));
#1799=EDGE_LOOP('',(#6618));
#1800=EDGE_LOOP('',(#6619,#6620,#6621,#6622));
#1801=LINE('',#8872,#2311);
#1802=LINE('',#8874,#2312);
#1803=LINE('',#8876,#2313);
#1804=LINE('',#8877,#2314);
#1805=LINE('',#8900,#2315);
#1806=LINE('',#8923,#2316);
#1807=LINE('',#8946,#2317);
#1808=LINE('',#8969,#2318);
#1809=LINE('',#8992,#2319);
#1810=LINE('',#9015,#2320);
#1811=LINE('',#9038,#2321);
#1812=LINE('',#9061,#2322);
#1813=LINE('',#9084,#2323);
#1814=LINE('',#9107,#2324);
#1815=LINE('',#9130,#2325);
#1816=LINE('',#9153,#2326);
#1817=LINE('',#9176,#2327);
#1818=LINE('',#9199,#2328);
#1819=LINE('',#9222,#2329);
#1820=LINE('',#9245,#2330);
#1821=LINE('',#9268,#2331);
#1822=LINE('',#9291,#2332);
#1823=LINE('',#9294,#2333);
#1824=LINE('',#9296,#2334);
#1825=LINE('',#9297,#2335);
#1826=LINE('',#9320,#2336);
#1827=LINE('',#9343,#2337);
#1828=LINE('',#9366,#2338);
#1829=LINE('',#9389,#2339);
#1830=LINE('',#9412,#2340);
#1831=LINE('',#9435,#2341);
#1832=LINE('',#9458,#2342);
#1833=LINE('',#9481,#2343);
#1834=LINE('',#9504,#2344);
#1835=LINE('',#9527,#2345);
#1836=LINE('',#9550,#2346);
#1837=LINE('',#9573,#2347);
#1838=LINE('',#9596,#2348);
#1839=LINE('',#9619,#2349);
#1840=LINE('',#9644,#2350);
#1841=LINE('',#9646,#2351);
#1842=LINE('',#9648,#2352);
#1843=LINE('',#9649,#2353);
#1844=LINE('',#9652,#2354);
#1845=LINE('',#9654,#2355);
#1846=LINE('',#9655,#2356);
#1847=LINE('',#9658,#2357);
#1848=LINE('',#9660,#2358);
#1849=LINE('',#9661,#2359);
#1850=LINE('',#9663,#2360);
#1851=LINE('',#9664,#2361);
#1852=LINE('',#9669,#2362);
#1853=LINE('',#9671,#2363);
#1854=LINE('',#9673,#2364);
#1855=LINE('',#9674,#2365);
#1856=LINE('',#9697,#2366);
#1857=LINE('',#9720,#2367);
#1858=LINE('',#9743,#2368);
#1859=LINE('',#9767,#2369);
#1860=LINE('',#9769,#2370);
#1861=LINE('',#9771,#2371);
#1862=LINE('',#9772,#2372);
#1863=LINE('',#9795,#2373);
#1864=LINE('',#9818,#2374);
#1865=LINE('',#9841,#2375);
#1866=LINE('',#9864,#2376);
#1867=LINE('',#9887,#2377);
#1868=LINE('',#9910,#2378);
#1869=LINE('',#9933,#2379);
#1870=LINE('',#9956,#2380);
#1871=LINE('',#9979,#2381);
#1872=LINE('',#9982,#2382);
#1873=LINE('',#9984,#2383);
#1874=LINE('',#9985,#2384);
#1875=LINE('',#10008,#2385);
#1876=LINE('',#10031,#2386);
#1877=LINE('',#10054,#2387);
#1878=LINE('',#10080,#2388);
#1879=LINE('',#10082,#2389);
#1880=LINE('',#10084,#2390);
#1881=LINE('',#10085,#2391);
#1882=LINE('',#10108,#2392);
#1883=LINE('',#10131,#2393);
#1884=LINE('',#10154,#2394);
#1885=LINE('',#10177,#2395);
#1886=LINE('',#10180,#2396);
#1887=LINE('',#10182,#2397);
#1888=LINE('',#10183,#2398);
#1889=LINE('',#10186,#2399);
#1890=LINE('',#10188,#2400);
#1891=LINE('',#10189,#2401);
#1892=LINE('',#10192,#2402);
#1893=LINE('',#10194,#2403);
#1894=LINE('',#10195,#2404);
#1895=LINE('',#10198,#2405);
#1896=LINE('',#10200,#2406);
#1897=LINE('',#10201,#2407);
#1898=LINE('',#10204,#2408);
#1899=LINE('',#10206,#2409);
#1900=LINE('',#10207,#2410);
#1901=LINE('',#10210,#2411);
#1902=LINE('',#10212,#2412);
#1903=LINE('',#10213,#2413);
#1904=LINE('',#10216,#2414);
#1905=LINE('',#10218,#2415);
#1906=LINE('',#10219,#2416);
#1907=LINE('',#10222,#2417);
#1908=LINE('',#10224,#2418);
#1909=LINE('',#10225,#2419);
#1910=LINE('',#10228,#2420);
#1911=LINE('',#10230,#2421);
#1912=LINE('',#10231,#2422);
#1913=LINE('',#10234,#2423);
#1914=LINE('',#10236,#2424);
#1915=LINE('',#10237,#2425);
#1916=LINE('',#10240,#2426);
#1917=LINE('',#10242,#2427);
#1918=LINE('',#10243,#2428);
#1919=LINE('',#10266,#2429);
#1920=LINE('',#10289,#2430);
#1921=LINE('',#10312,#2431);
#1922=LINE('',#10337,#2432);
#1923=LINE('',#10339,#2433);
#1924=LINE('',#10341,#2434);
#1925=LINE('',#10342,#2435);
#1926=LINE('',#10365,#2436);
#1927=LINE('',#10388,#2437);
#1928=LINE('',#10411,#2438);
#1929=LINE('',#10434,#2439);
#1930=LINE('',#10457,#2440);
#1931=LINE('',#10480,#2441);
#1932=LINE('',#10503,#2442);
#1933=LINE('',#10526,#2443);
#1934=LINE('',#10549,#2444);
#1935=LINE('',#10572,#2445);
#1936=LINE('',#10595,#2446);
#1937=LINE('',#10618,#2447);
#1938=LINE('',#10641,#2448);
#1939=LINE('',#10664,#2449);
#1940=LINE('',#10687,#2450);
#1941=LINE('',#10710,#2451);
#1942=LINE('',#10713,#2452);
#1943=LINE('',#10715,#2453);
#1944=LINE('',#10716,#2454);
#1945=LINE('',#10739,#2455);
#1946=LINE('',#10762,#2456);
#1947=LINE('',#10785,#2457);
#1948=LINE('',#10808,#2458);
#1949=LINE('',#10831,#2459);
#1950=LINE('',#10854,#2460);
#1951=LINE('',#10877,#2461);
#1952=LINE('',#10900,#2462);
#1953=LINE('',#10923,#2463);
#1954=LINE('',#10946,#2464);
#1955=LINE('',#10969,#2465);
#1956=LINE('',#10992,#2466);
#1957=LINE('',#11015,#2467);
#1958=LINE('',#11038,#2468);
#1959=LINE('',#11063,#2469);
#1960=LINE('',#11065,#2470);
#1961=LINE('',#11067,#2471);
#1962=LINE('',#11068,#2472);
#1963=LINE('',#11071,#2473);
#1964=LINE('',#11073,#2474);
#1965=LINE('',#11074,#2475);
#1966=LINE('',#11077,#2476);
#1967=LINE('',#11079,#2477);
#1968=LINE('',#11080,#2478);
#1969=LINE('',#11082,#2479);
#1970=LINE('',#11083,#2480);
#1971=LINE('',#11088,#2481);
#1972=LINE('',#11090,#2482);
#1973=LINE('',#11092,#2483);
#1974=LINE('',#11093,#2484);
#1975=LINE('',#11116,#2485);
#1976=LINE('',#11139,#2486);
#1977=LINE('',#11162,#2487);
#1978=LINE('',#11185,#2488);
#1979=LINE('',#11208,#2489);
#1980=LINE('',#11231,#2490);
#1981=LINE('',#11254,#2491);
#1982=LINE('',#11277,#2492);
#1983=LINE('',#11300,#2493);
#1984=LINE('',#11323,#2494);
#1985=LINE('',#11346,#2495);
#1986=LINE('',#11369,#2496);
#1987=LINE('',#11392,#2497);
#1988=LINE('',#11415,#2498);
#1989=LINE('',#11438,#2499);
#1990=LINE('',#11461,#2500);
#1991=LINE('',#11464,#2501);
#1992=LINE('',#11466,#2502);
#1993=LINE('',#11467,#2503);
#1994=LINE('',#11490,#2504);
#1995=LINE('',#11513,#2505);
#1996=LINE('',#11536,#2506);
#1997=LINE('',#11559,#2507);
#1998=LINE('',#11582,#2508);
#1999=LINE('',#11605,#2509);
#2000=LINE('',#11628,#2510);
#2001=LINE('',#11651,#2511);
#2002=LINE('',#11674,#2512);
#2003=LINE('',#11697,#2513);
#2004=LINE('',#11720,#2514);
#2005=LINE('',#11743,#2515);
#2006=LINE('',#11766,#2516);
#2007=LINE('',#11789,#2517);
#2008=LINE('',#11814,#2518);
#2009=LINE('',#11816,#2519);
#2010=LINE('',#11818,#2520);
#2011=LINE('',#11819,#2521);
#2012=LINE('',#11822,#2522);
#2013=LINE('',#11824,#2523);
#2014=LINE('',#11825,#2524);
#2015=LINE('',#11828,#2525);
#2016=LINE('',#11830,#2526);
#2017=LINE('',#11831,#2527);
#2018=LINE('',#11833,#2528);
#2019=LINE('',#11834,#2529);
#2020=LINE('',#11839,#2530);
#2021=LINE('',#11841,#2531);
#2022=LINE('',#11843,#2532);
#2023=LINE('',#11844,#2533);
#2024=LINE('',#11867,#2534);
#2025=LINE('',#11890,#2535);
#2026=LINE('',#11913,#2536);
#2027=LINE('',#11936,#2537);
#2028=LINE('',#11959,#2538);
#2029=LINE('',#11982,#2539);
#2030=LINE('',#12005,#2540);
#2031=LINE('',#12028,#2541);
#2032=LINE('',#12051,#2542);
#2033=LINE('',#12074,#2543);
#2034=LINE('',#12097,#2544);
#2035=LINE('',#12120,#2545);
#2036=LINE('',#12143,#2546);
#2037=LINE('',#12166,#2547);
#2038=LINE('',#12189,#2548);
#2039=LINE('',#12212,#2549);
#2040=LINE('',#12215,#2550);
#2041=LINE('',#12217,#2551);
#2042=LINE('',#12218,#2552);
#2043=LINE('',#12241,#2553);
#2044=LINE('',#12264,#2554);
#2045=LINE('',#12287,#2555);
#2046=LINE('',#12310,#2556);
#2047=LINE('',#12333,#2557);
#2048=LINE('',#12356,#2558);
#2049=LINE('',#12379,#2559);
#2050=LINE('',#12402,#2560);
#2051=LINE('',#12425,#2561);
#2052=LINE('',#12448,#2562);
#2053=LINE('',#12471,#2563);
#2054=LINE('',#12494,#2564);
#2055=LINE('',#12517,#2565);
#2056=LINE('',#12540,#2566);
#2057=LINE('',#12565,#2567);
#2058=LINE('',#12567,#2568);
#2059=LINE('',#12569,#2569);
#2060=LINE('',#12570,#2570);
#2061=LINE('',#12573,#2571);
#2062=LINE('',#12575,#2572);
#2063=LINE('',#12576,#2573);
#2064=LINE('',#12599,#2574);
#2065=LINE('',#12622,#2575);
#2066=LINE('',#12624,#2576);
#2067=LINE('',#12625,#2577);
#2068=LINE('',#12629,#2578);
#2069=LINE('',#12631,#2579);
#2070=LINE('',#12633,#2580);
#2071=LINE('',#12634,#2581);
#2072=LINE('',#12637,#2582);
#2073=LINE('',#12639,#2583);
#2074=LINE('',#12640,#2584);
#2075=LINE('',#12643,#2585);
#2076=LINE('',#12645,#2586);
#2077=LINE('',#12646,#2587);
#2078=LINE('',#12649,#2588);
#2079=LINE('',#12651,#2589);
#2080=LINE('',#12652,#2590);
#2081=LINE('',#12655,#2591);
#2082=LINE('',#12657,#2592);
#2083=LINE('',#12658,#2593);
#2084=LINE('',#12661,#2594);
#2085=LINE('',#12663,#2595);
#2086=LINE('',#12664,#2596);
#2087=LINE('',#12667,#2597);
#2088=LINE('',#12669,#2598);
#2089=LINE('',#12670,#2599);
#2090=LINE('',#12672,#2600);
#2091=LINE('',#12673,#2601);
#2092=LINE('',#12678,#2602);
#2093=LINE('',#12680,#2603);
#2094=LINE('',#12682,#2604);
#2095=LINE('',#12683,#2605);
#2096=LINE('',#12686,#2606);
#2097=LINE('',#12742,#2607);
#2098=LINE('',#12744,#2608);
#2099=LINE('',#12746,#2609);
#2100=LINE('',#12747,#2610);
#2101=LINE('',#12804,#2611);
#2102=LINE('',#12806,#2612);
#2103=LINE('',#12808,#2613);
#2104=LINE('',#12828,#2614);
#2105=LINE('',#12854,#2615);
#2106=LINE('',#12855,#2616);
#2107=LINE('',#12858,#2617);
#2108=LINE('',#12860,#2618);
#2109=LINE('',#12861,#2619);
#2110=LINE('',#12864,#2620);
#2111=LINE('',#12865,#2621);
#2112=LINE('',#12868,#2622);
#2113=LINE('',#12869,#2623);
#2114=LINE('',#12886,#2624);
#2115=LINE('',#12903,#2625);
#2116=LINE('',#12920,#2626);
#2117=LINE('',#12923,#2627);
#2118=LINE('',#12924,#2628);
#2119=LINE('',#12941,#2629);
#2120=LINE('',#12958,#2630);
#2121=LINE('',#12975,#2631);
#2122=LINE('',#12992,#2632);
#2123=LINE('',#12995,#2633);
#2124=LINE('',#12996,#2634);
#2125=LINE('',#12998,#2635);
#2126=LINE('',#13018,#2636);
#2127=LINE('',#13025,#2637);
#2128=LINE('',#13048,#2638);
#2129=LINE('',#13071,#2639);
#2130=LINE('',#13094,#2640);
#2131=LINE('',#13117,#2641);
#2132=LINE('',#13140,#2642);
#2133=LINE('',#13163,#2643);
#2134=LINE('',#13186,#2644);
#2135=LINE('',#13188,#2645);
#2136=LINE('',#13189,#2646);
#2137=LINE('',#13206,#2647);
#2138=LINE('',#13223,#2648);
#2139=LINE('',#13240,#2649);
#2140=LINE('',#13257,#2650);
#2141=LINE('',#13274,#2651);
#2142=LINE('',#13291,#2652);
#2143=LINE('',#13308,#2653);
#2144=LINE('',#13325,#2654);
#2145=LINE('',#13342,#2655);
#2146=LINE('',#13345,#2656);
#2147=LINE('',#13346,#2657);
#2148=LINE('',#13349,#2658);
#2149=LINE('',#13350,#2659);
#2150=LINE('',#13353,#2660);
#2151=LINE('',#13354,#2661);
#2152=LINE('',#13356,#2662);
#2153=LINE('',#13377,#2663);
#2154=LINE('',#13384,#2664);
#2155=LINE('',#13407,#2665);
#2156=LINE('',#13430,#2666);
#2157=LINE('',#13453,#2667);
#2158=LINE('',#13476,#2668);
#2159=LINE('',#13499,#2669);
#2160=LINE('',#13522,#2670);
#2161=LINE('',#13554,#2671);
#2162=LINE('',#13561,#2672);
#2163=LINE('',#13578,#2673);
#2164=LINE('',#13595,#2674);
#2165=LINE('',#13612,#2675);
#2166=LINE('',#13629,#2676);
#2167=LINE('',#13646,#2677);
#2168=LINE('',#13663,#2678);
#2169=LINE('',#13680,#2679);
#2170=LINE('',#13701,#2680);
#2171=LINE('',#13705,#2681);
#2172=LINE('',#13709,#2682);
#2173=LINE('',#13711,#2683);
#2174=LINE('',#13715,#2684);
#2175=LINE('',#13717,#2685);
#2176=LINE('',#13720,#2686);
#2177=LINE('',#13721,#2687);
#2178=LINE('',#13724,#2688);
#2179=LINE('',#13726,#2689);
#2180=LINE('',#13727,#2690);
#2181=LINE('',#13730,#2691);
#2182=LINE('',#13731,#2692);
#2183=LINE('',#13738,#2693);
#2184=LINE('',#13749,#2694);
#2185=LINE('',#13754,#2695);
#2186=LINE('',#13756,#2696);
#2187=LINE('',#13758,#2697);
#2188=LINE('',#13759,#2698);
#2189=LINE('',#13768,#2699);
#2190=LINE('',#13771,#2700);
#2191=LINE('',#13776,#2701);
#2192=LINE('',#13780,#2702);
#2193=LINE('',#13781,#2703);
#2194=LINE('',#13783,#2704);
#2195=LINE('',#13787,#2705);
#2196=LINE('',#13789,#2706);
#2197=LINE('',#13791,#2707);
#2198=LINE('',#13792,#2708);
#2199=LINE('',#13795,#2709);
#2200=LINE('',#13810,#2710);
#2201=LINE('',#13812,#2711);
#2202=LINE('',#13819,#2712);
#2203=LINE('',#13827,#2713);
#2204=LINE('',#13828,#2714);
#2205=LINE('',#13830,#2715);
#2206=LINE('',#13833,#2716);
#2207=LINE('',#13836,#2717);
#2208=LINE('',#13841,#2718);
#2209=LINE('',#13845,#2719);
#2210=LINE('',#13853,#2720);
#2211=LINE('',#13864,#2721);
#2212=LINE('',#13879,#2722);
#2213=LINE('',#13891,#2723);
#2214=LINE('',#13894,#2724);
#2215=LINE('',#13899,#2725);
#2216=LINE('',#13904,#2726);
#2217=LINE('',#13908,#2727);
#2218=LINE('',#13913,#2728);
#2219=LINE('',#13914,#2729);
#2220=LINE('',#13916,#2730);
#2221=LINE('',#13919,#2731);
#2222=LINE('',#13921,#2732);
#2223=LINE('',#13928,#2733);
#2224=LINE('',#13939,#2734);
#2225=LINE('',#13954,#2735);
#2226=LINE('',#13967,#2736);
#2227=LINE('',#13970,#2737);
#2228=LINE('',#13973,#2738);
#2229=LINE('',#13975,#2739);
#2230=LINE('',#13976,#2740);
#2231=LINE('',#13982,#2741);
#2232=LINE('',#13985,#2742);
#2233=LINE('',#13986,#2743);
#2234=LINE('',#13992,#2744);
#2235=LINE('',#14004,#2745);
#2236=LINE('',#14019,#2746);
#2237=LINE('',#14036,#2747);
#2238=LINE('',#14037,#2748);
#2239=LINE('',#14060,#2749);
#2240=LINE('',#14061,#2750);
#2241=LINE('',#14099,#2751);
#2242=LINE('',#14101,#2752);
#2243=LINE('',#14104,#2753);
#2244=LINE('',#14105,#2754);
#2245=LINE('',#14107,#2755);
#2246=LINE('',#14108,#2756);
#2247=LINE('',#14110,#2757);
#2248=LINE('',#14111,#2758);
#2249=LINE('',#14114,#2759);
#2250=LINE('',#14116,#2760);
#2251=LINE('',#14119,#2761);
#2252=LINE('',#14120,#2762);
#2253=LINE('',#14122,#2763);
#2254=LINE('',#14123,#2764);
#2255=LINE('',#14125,#2765);
#2256=LINE('',#14126,#2766);
#2257=LINE('',#14128,#2767);
#2258=LINE('',#14129,#2768);
#2259=LINE('',#14131,#2769);
#2260=LINE('',#14132,#2770);
#2261=LINE('',#14134,#2771);
#2262=LINE('',#14135,#2772);
#2263=LINE('',#14137,#2773);
#2264=LINE('',#14138,#2774);
#2265=LINE('',#14140,#2775);
#2266=LINE('',#14141,#2776);
#2267=LINE('',#14143,#2777);
#2268=LINE('',#14144,#2778);
#2269=LINE('',#14146,#2779);
#2270=LINE('',#14147,#2780);
#2271=LINE('',#14149,#2781);
#2272=LINE('',#14162,#2782);
#2273=LINE('',#14168,#2783);
#2274=LINE('',#14179,#2784);
#2275=LINE('',#14181,#2785);
#2276=LINE('',#14183,#2786);
#2277=LINE('',#14185,#2787);
#2278=LINE('',#14187,#2788);
#2279=LINE('',#14188,#2789);
#2280=LINE('',#14192,#2790);
#2281=LINE('',#14196,#2791);
#2282=LINE('',#14198,#2792);
#2283=LINE('',#14199,#2793);
#2284=LINE('',#14202,#2794);
#2285=LINE('',#14203,#2795);
#2286=LINE('',#14206,#2796);
#2287=LINE('',#14207,#2797);
#2288=LINE('',#14210,#2798);
#2289=LINE('',#14211,#2799);
#2290=LINE('',#14214,#2800);
#2291=LINE('',#14215,#2801);
#2292=LINE('',#14217,#2802);
#2293=LINE('',#14219,#2803);
#2294=LINE('',#14220,#2804);
#2295=LINE('',#14222,#2805);
#2296=LINE('',#14224,#2806);
#2297=LINE('',#14226,#2807);
#2298=LINE('',#14228,#2808);
#2299=LINE('',#14232,#2809);
#2300=LINE('',#14241,#2810);
#2301=LINE('',#14247,#2811);
#2302=LINE('',#14252,#2812);
#2303=LINE('',#14258,#2813);
#2304=LINE('',#14268,#2814);
#2305=LINE('',#14276,#2815);
#2306=LINE('',#14300,#2816);
#2307=LINE('',#14310,#2817);
#2308=LINE('',#14316,#2818);
#2309=LINE('',#14325,#2819);
#2310=LINE('',#14328,#2820);
#2311=VECTOR('',#7623,10.);
#2312=VECTOR('',#7624,10.);
#2313=VECTOR('',#7625,10.);
#2314=VECTOR('',#7626,10.);
#2315=VECTOR('',#7627,10.);
#2316=VECTOR('',#7628,10.);
#2317=VECTOR('',#7629,10.);
#2318=VECTOR('',#7630,10.);
#2319=VECTOR('',#7631,10.);
#2320=VECTOR('',#7632,10.);
#2321=VECTOR('',#7633,10.);
#2322=VECTOR('',#7634,10.);
#2323=VECTOR('',#7635,10.);
#2324=VECTOR('',#7636,10.);
#2325=VECTOR('',#7637,10.);
#2326=VECTOR('',#7638,10.);
#2327=VECTOR('',#7639,10.);
#2328=VECTOR('',#7640,10.);
#2329=VECTOR('',#7641,10.);
#2330=VECTOR('',#7642,10.);
#2331=VECTOR('',#7643,10.);
#2332=VECTOR('',#7644,10.);
#2333=VECTOR('',#7647,10.);
#2334=VECTOR('',#7648,10.);
#2335=VECTOR('',#7649,10.);
#2336=VECTOR('',#7650,10.);
#2337=VECTOR('',#7651,10.);
#2338=VECTOR('',#7652,10.);
#2339=VECTOR('',#7653,10.);
#2340=VECTOR('',#7654,10.);
#2341=VECTOR('',#7655,10.);
#2342=VECTOR('',#7656,10.);
#2343=VECTOR('',#7657,10.);
#2344=VECTOR('',#7658,10.);
#2345=VECTOR('',#7659,10.);
#2346=VECTOR('',#7660,10.);
#2347=VECTOR('',#7661,10.);
#2348=VECTOR('',#7662,10.);
#2349=VECTOR('',#7663,10.);
#2350=VECTOR('',#7668,10.);
#2351=VECTOR('',#7669,10.);
#2352=VECTOR('',#7670,10.);
#2353=VECTOR('',#7671,10.);
#2354=VECTOR('',#7674,10.);
#2355=VECTOR('',#7675,10.);
#2356=VECTOR('',#7676,10.);
#2357=VECTOR('',#7679,10.);
#2358=VECTOR('',#7680,10.);
#2359=VECTOR('',#7681,10.);
#2360=VECTOR('',#7684,10.);
#2361=VECTOR('',#7685,10.);
#2362=VECTOR('',#7690,10.);
#2363=VECTOR('',#7691,10.);
#2364=VECTOR('',#7692,10.);
#2365=VECTOR('',#7693,10.);
#2366=VECTOR('',#7694,10.);
#2367=VECTOR('',#7695,10.);
#2368=VECTOR('',#7696,10.);
#2369=VECTOR('',#7699,10.);
#2370=VECTOR('',#7700,10.);
#2371=VECTOR('',#7701,10.);
#2372=VECTOR('',#7702,10.);
#2373=VECTOR('',#7703,10.);
#2374=VECTOR('',#7704,10.);
#2375=VECTOR('',#7705,10.);
#2376=VECTOR('',#7706,10.);
#2377=VECTOR('',#7707,10.);
#2378=VECTOR('',#7708,10.);
#2379=VECTOR('',#7709,10.);
#2380=VECTOR('',#7710,10.);
#2381=VECTOR('',#7711,10.);
#2382=VECTOR('',#7714,10.);
#2383=VECTOR('',#7715,10.);
#2384=VECTOR('',#7716,10.);
#2385=VECTOR('',#7717,10.);
#2386=VECTOR('',#7718,10.);
#2387=VECTOR('',#7719,10.);
#2388=VECTOR('',#7726,10.);
#2389=VECTOR('',#7727,10.);
#2390=VECTOR('',#7728,10.);
#2391=VECTOR('',#7729,10.);
#2392=VECTOR('',#7730,10.);
#2393=VECTOR('',#7731,10.);
#2394=VECTOR('',#7732,10.);
#2395=VECTOR('',#7733,10.);
#2396=VECTOR('',#7736,10.);
#2397=VECTOR('',#7737,10.);
#2398=VECTOR('',#7738,10.);
#2399=VECTOR('',#7741,10.);
#2400=VECTOR('',#7742,10.);
#2401=VECTOR('',#7743,10.);
#2402=VECTOR('',#7746,10.);
#2403=VECTOR('',#7747,10.);
#2404=VECTOR('',#7748,10.);
#2405=VECTOR('',#7751,10.);
#2406=VECTOR('',#7752,10.);
#2407=VECTOR('',#7753,10.);
#2408=VECTOR('',#7756,10.);
#2409=VECTOR('',#7757,10.);
#2410=VECTOR('',#7758,10.);
#2411=VECTOR('',#7761,10.);
#2412=VECTOR('',#7762,10.);
#2413=VECTOR('',#7763,10.);
#2414=VECTOR('',#7766,10.);
#2415=VECTOR('',#7767,10.);
#2416=VECTOR('',#7768,10.);
#2417=VECTOR('',#7771,10.);
#2418=VECTOR('',#7772,10.);
#2419=VECTOR('',#7773,10.);
#2420=VECTOR('',#7776,10.);
#2421=VECTOR('',#7777,10.);
#2422=VECTOR('',#7778,10.);
#2423=VECTOR('',#7781,10.);
#2424=VECTOR('',#7782,10.);
#2425=VECTOR('',#7783,10.);
#2426=VECTOR('',#7786,10.);
#2427=VECTOR('',#7787,10.);
#2428=VECTOR('',#7788,10.);
#2429=VECTOR('',#7789,10.);
#2430=VECTOR('',#7790,10.);
#2431=VECTOR('',#7791,10.);
#2432=VECTOR('',#7796,10.);
#2433=VECTOR('',#7797,10.);
#2434=VECTOR('',#7798,10.);
#2435=VECTOR('',#7799,10.);
#2436=VECTOR('',#7800,10.);
#2437=VECTOR('',#7801,10.);
#2438=VECTOR('',#7802,10.);
#2439=VECTOR('',#7803,10.);
#2440=VECTOR('',#7804,10.);
#2441=VECTOR('',#7805,10.);
#2442=VECTOR('',#7806,10.);
#2443=VECTOR('',#7807,10.);
#2444=VECTOR('',#7808,10.);
#2445=VECTOR('',#7809,10.);
#2446=VECTOR('',#7810,10.);
#2447=VECTOR('',#7811,10.);
#2448=VECTOR('',#7812,10.);
#2449=VECTOR('',#7813,10.);
#2450=VECTOR('',#7814,10.);
#2451=VECTOR('',#7815,10.);
#2452=VECTOR('',#7818,10.);
#2453=VECTOR('',#7819,10.);
#2454=VECTOR('',#7820,10.);
#2455=VECTOR('',#7821,10.);
#2456=VECTOR('',#7822,10.);
#2457=VECTOR('',#7823,10.);
#2458=VECTOR('',#7824,10.);
#2459=VECTOR('',#7825,10.);
#2460=VECTOR('',#7826,10.);
#2461=VECTOR('',#7827,10.);
#2462=VECTOR('',#7828,10.);
#2463=VECTOR('',#7829,10.);
#2464=VECTOR('',#7830,10.);
#2465=VECTOR('',#7831,10.);
#2466=VECTOR('',#7832,10.);
#2467=VECTOR('',#7833,10.);
#2468=VECTOR('',#7834,10.);
#2469=VECTOR('',#7839,10.);
#2470=VECTOR('',#7840,10.);
#2471=VECTOR('',#7841,10.);
#2472=VECTOR('',#7842,10.);
#2473=VECTOR('',#7845,10.);
#2474=VECTOR('',#7846,10.);
#2475=VECTOR('',#7847,10.);
#2476=VECTOR('',#7850,10.);
#2477=VECTOR('',#7851,10.);
#2478=VECTOR('',#7852,10.);
#2479=VECTOR('',#7855,10.);
#2480=VECTOR('',#7856,10.);
#2481=VECTOR('',#7861,10.);
#2482=VECTOR('',#7862,10.);
#2483=VECTOR('',#7863,10.);
#2484=VECTOR('',#7864,10.);
#2485=VECTOR('',#7865,10.);
#2486=VECTOR('',#7866,10.);
#2487=VECTOR('',#7867,10.);
#2488=VECTOR('',#7868,10.);
#2489=VECTOR('',#7869,10.);
#2490=VECTOR('',#7870,10.);
#2491=VECTOR('',#7871,10.);
#2492=VECTOR('',#7872,10.);
#2493=VECTOR('',#7873,10.);
#2494=VECTOR('',#7874,10.);
#2495=VECTOR('',#7875,10.);
#2496=VECTOR('',#7876,10.);
#2497=VECTOR('',#7877,10.);
#2498=VECTOR('',#7878,10.);
#2499=VECTOR('',#7879,10.);
#2500=VECTOR('',#7880,10.);
#2501=VECTOR('',#7883,10.);
#2502=VECTOR('',#7884,10.);
#2503=VECTOR('',#7885,10.);
#2504=VECTOR('',#7886,10.);
#2505=VECTOR('',#7887,10.);
#2506=VECTOR('',#7888,10.);
#2507=VECTOR('',#7889,10.);
#2508=VECTOR('',#7890,10.);
#2509=VECTOR('',#7891,10.);
#2510=VECTOR('',#7892,10.);
#2511=VECTOR('',#7893,10.);
#2512=VECTOR('',#7894,10.);
#2513=VECTOR('',#7895,10.);
#2514=VECTOR('',#7896,10.);
#2515=VECTOR('',#7897,10.);
#2516=VECTOR('',#7898,10.);
#2517=VECTOR('',#7899,10.);
#2518=VECTOR('',#7904,10.);
#2519=VECTOR('',#7905,10.);
#2520=VECTOR('',#7906,10.);
#2521=VECTOR('',#7907,10.);
#2522=VECTOR('',#7910,10.);
#2523=VECTOR('',#7911,10.);
#2524=VECTOR('',#7912,10.);
#2525=VECTOR('',#7915,10.);
#2526=VECTOR('',#7916,10.);
#2527=VECTOR('',#7917,10.);
#2528=VECTOR('',#7920,10.);
#2529=VECTOR('',#7921,10.);
#2530=VECTOR('',#7926,10.);
#2531=VECTOR('',#7927,10.);
#2532=VECTOR('',#7928,10.);
#2533=VECTOR('',#7929,10.);
#2534=VECTOR('',#7930,10.);
#2535=VECTOR('',#7931,10.);
#2536=VECTOR('',#7932,10.);
#2537=VECTOR('',#7933,10.);
#2538=VECTOR('',#7934,10.);
#2539=VECTOR('',#7935,10.);
#2540=VECTOR('',#7936,10.);
#2541=VECTOR('',#7937,10.);
#2542=VECTOR('',#7938,10.);
#2543=VECTOR('',#7939,10.);
#2544=VECTOR('',#7940,10.);
#2545=VECTOR('',#7941,10.);
#2546=VECTOR('',#7942,10.);
#2547=VECTOR('',#7943,10.);
#2548=VECTOR('',#7944,10.);
#2549=VECTOR('',#7945,10.);
#2550=VECTOR('',#7948,10.);
#2551=VECTOR('',#7949,10.);
#2552=VECTOR('',#7950,10.);
#2553=VECTOR('',#7951,10.);
#2554=VECTOR('',#7952,10.);
#2555=VECTOR('',#7953,10.);
#2556=VECTOR('',#7954,10.);
#2557=VECTOR('',#7955,10.);
#2558=VECTOR('',#7956,10.);
#2559=VECTOR('',#7957,10.);
#2560=VECTOR('',#7958,10.);
#2561=VECTOR('',#7959,10.);
#2562=VECTOR('',#7960,10.);
#2563=VECTOR('',#7961,10.);
#2564=VECTOR('',#7962,10.);
#2565=VECTOR('',#7963,10.);
#2566=VECTOR('',#7964,10.);
#2567=VECTOR('',#7969,10.);
#2568=VECTOR('',#7970,10.);
#2569=VECTOR('',#7971,10.);
#2570=VECTOR('',#7972,10.);
#2571=VECTOR('',#7975,10.);
#2572=VECTOR('',#7976,10.);
#2573=VECTOR('',#7977,10.);
#2574=VECTOR('',#7978,10.);
#2575=VECTOR('',#7979,10.);
#2576=VECTOR('',#7982,10.);
#2577=VECTOR('',#7983,10.);
#2578=VECTOR('',#7986,10.);
#2579=VECTOR('',#7987,10.);
#2580=VECTOR('',#7988,10.);
#2581=VECTOR('',#7989,10.);
#2582=VECTOR('',#7992,10.);
#2583=VECTOR('',#7993,10.);
#2584=VECTOR('',#7994,10.);
#2585=VECTOR('',#7997,10.);
#2586=VECTOR('',#7998,10.);
#2587=VECTOR('',#7999,10.);
#2588=VECTOR('',#8002,10.);
#2589=VECTOR('',#8003,10.);
#2590=VECTOR('',#8004,10.);
#2591=VECTOR('',#8007,10.);
#2592=VECTOR('',#8008,10.);
#2593=VECTOR('',#8009,10.);
#2594=VECTOR('',#8012,10.);
#2595=VECTOR('',#8013,10.);
#2596=VECTOR('',#8014,10.);
#2597=VECTOR('',#8017,10.);
#2598=VECTOR('',#8018,10.);
#2599=VECTOR('',#8019,10.);
#2600=VECTOR('',#8022,10.);
#2601=VECTOR('',#8023,10.);
#2602=VECTOR('',#8028,10.);
#2603=VECTOR('',#8029,10.);
#2604=VECTOR('',#8030,10.);
#2605=VECTOR('',#8031,10.);
#2606=VECTOR('',#8032,10.);
#2607=VECTOR('',#8033,10.);
#2608=VECTOR('',#8034,10.);
#2609=VECTOR('',#8035,10.);
#2610=VECTOR('',#8036,10.);
#2611=VECTOR('',#8037,10.);
#2612=VECTOR('',#8038,10.);
#2613=VECTOR('',#8039,10.);
#2614=VECTOR('',#8040,10.);
#2615=VECTOR('',#8041,10.);
#2616=VECTOR('',#8042,10.);
#2617=VECTOR('',#8045,10.);
#2618=VECTOR('',#8046,10.);
#2619=VECTOR('',#8047,10.);
#2620=VECTOR('',#8050,10.);
#2621=VECTOR('',#8051,10.);
#2622=VECTOR('',#8054,10.);
#2623=VECTOR('',#8055,10.);
#2624=VECTOR('',#8056,10.);
#2625=VECTOR('',#8057,10.);
#2626=VECTOR('',#8058,10.);
#2627=VECTOR('',#8061,10.);
#2628=VECTOR('',#8062,10.);
#2629=VECTOR('',#8063,10.);
#2630=VECTOR('',#8064,10.);
#2631=VECTOR('',#8065,10.);
#2632=VECTOR('',#8066,10.);
#2633=VECTOR('',#8069,10.);
#2634=VECTOR('',#8070,10.);
#2635=VECTOR('',#8073,10.);
#2636=VECTOR('',#8076,10.);
#2637=VECTOR('',#8077,10.);
#2638=VECTOR('',#8078,10.);
#2639=VECTOR('',#8079,10.);
#2640=VECTOR('',#8080,10.);
#2641=VECTOR('',#8081,10.);
#2642=VECTOR('',#8082,10.);
#2643=VECTOR('',#8083,10.);
#2644=VECTOR('',#8086,10.);
#2645=VECTOR('',#8087,10.);
#2646=VECTOR('',#8088,10.);
#2647=VECTOR('',#8089,10.);
#2648=VECTOR('',#8090,10.);
#2649=VECTOR('',#8091,10.);
#2650=VECTOR('',#8092,10.);
#2651=VECTOR('',#8093,10.);
#2652=VECTOR('',#8094,10.);
#2653=VECTOR('',#8095,10.);
#2654=VECTOR('',#8096,10.);
#2655=VECTOR('',#8097,10.);
#2656=VECTOR('',#8100,10.);
#2657=VECTOR('',#8101,10.);
#2658=VECTOR('',#8104,10.);
#2659=VECTOR('',#8105,10.);
#2660=VECTOR('',#8108,10.);
#2661=VECTOR('',#8109,10.);
#2662=VECTOR('',#8112,10.);
#2663=VECTOR('',#8117,10.);
#2664=VECTOR('',#8118,10.);
#2665=VECTOR('',#8119,10.);
#2666=VECTOR('',#8120,10.);
#2667=VECTOR('',#8121,10.);
#2668=VECTOR('',#8122,10.);
#2669=VECTOR('',#8123,10.);
#2670=VECTOR('',#8124,10.);
#2671=VECTOR('',#8125,10.);
#2672=VECTOR('',#8126,10.);
#2673=VECTOR('',#8127,10.);
#2674=VECTOR('',#8128,10.);
#2675=VECTOR('',#8129,10.);
#2676=VECTOR('',#8130,10.);
#2677=VECTOR('',#8131,10.);
#2678=VECTOR('',#8132,10.);
#2679=VECTOR('',#8133,10.);
#2680=VECTOR('',#8140,10.);
#2681=VECTOR('',#8143,10.);
#2682=VECTOR('',#8148,10.);
#2683=VECTOR('',#8149,10.);
#2684=VECTOR('',#8154,10.);
#2685=VECTOR('',#8155,10.);
#2686=VECTOR('',#8160,10.);
#2687=VECTOR('',#8161,10.);
#2688=VECTOR('',#8164,10.);
#2689=VECTOR('',#8165,10.);
#2690=VECTOR('',#8166,10.);
#2691=VECTOR('',#8169,10.);
#2692=VECTOR('',#8170,10.);
#2693=VECTOR('',#8179,1.65);
#2694=VECTOR('',#8192,20.);
#2695=VECTOR('',#8197,10.);
#2696=VECTOR('',#8198,10.);
#2697=VECTOR('',#8199,10.);
#2698=VECTOR('',#8200,10.);
#2699=VECTOR('',#8211,10.);
#2700=VECTOR('',#8214,10.);
#2701=VECTOR('',#8219,10.);
#2702=VECTOR('',#8226,10.);
#2703=VECTOR('',#8227,10.);
#2704=VECTOR('',#8230,10.);
#2705=VECTOR('',#8233,10.);
#2706=VECTOR('',#8234,10.);
#2707=VECTOR('',#8235,10.);
#2708=VECTOR('',#8236,10.);
#2709=VECTOR('',#8239,10.);
#2710=VECTOR('',#8262,10.);
#2711=VECTOR('',#8265,10.);
#2712=VECTOR('',#8276,10.);
#2713=VECTOR('',#8287,10.);
#2714=VECTOR('',#8288,10.);
#2715=VECTOR('',#8291,10.);
#2716=VECTOR('',#8294,10.);
#2717=VECTOR('',#8299,10.);
#2718=VECTOR('',#8308,10.);
#2719=VECTOR('',#8315,10.);
#2720=VECTOR('',#8326,1.65);
#2721=VECTOR('',#8341,25.);
#2722=VECTOR('',#8362,20.);
#2723=VECTOR('',#8377,10.);
#2724=VECTOR('',#8380,10.);
#2725=VECTOR('',#8385,10.);
#2726=VECTOR('',#8390,10.);
#2727=VECTOR('',#8395,10.);
#2728=VECTOR('',#8400,10.);
#2729=VECTOR('',#8401,10.);
#2730=VECTOR('',#8404,10.);
#2731=VECTOR('',#8407,10.);
#2732=VECTOR('',#8410,10.);
#2733=VECTOR('',#8419,1.65);
#2734=VECTOR('',#8434,25.);
#2735=VECTOR('',#8455,20.);
#2736=VECTOR('',#8472,10.);
#2737=VECTOR('',#8475,10.);
#2738=VECTOR('',#8478,10.);
#2739=VECTOR('',#8479,10.);
#2740=VECTOR('',#8480,10.);
#2741=VECTOR('',#8487,10.);
#2742=VECTOR('',#8490,10.);
#2743=VECTOR('',#8491,10.);
#2744=VECTOR('',#8500,1.65);
#2745=VECTOR('',#8515,25.);
#2746=VECTOR('',#8536,1.65);
#2747=VECTOR('',#8557,10.);
#2748=VECTOR('',#8558,10.);
#2749=VECTOR('',#8585,10.);
#2750=VECTOR('',#8586,10.);
#2751=VECTOR('',#8629,10.);
#2752=VECTOR('',#8630,10.);
#2753=VECTOR('',#8635,10.);
#2754=VECTOR('',#8636,10.);
#2755=VECTOR('',#8639,10.);
#2756=VECTOR('',#8640,10.);
#2757=VECTOR('',#8643,10.);
#2758=VECTOR('',#8644,10.);
#2759=VECTOR('',#8647,10.);
#2760=VECTOR('',#8648,10.);
#2761=VECTOR('',#8653,10.);
#2762=VECTOR('',#8654,10.);
#2763=VECTOR('',#8657,10.);
#2764=VECTOR('',#8658,10.);
#2765=VECTOR('',#8661,10.);
#2766=VECTOR('',#8662,10.);
#2767=VECTOR('',#8665,10.);
#2768=VECTOR('',#8666,10.);
#2769=VECTOR('',#8669,10.);
#2770=VECTOR('',#8670,10.);
#2771=VECTOR('',#8673,10.);
#2772=VECTOR('',#8674,10.);
#2773=VECTOR('',#8677,10.);
#2774=VECTOR('',#8678,10.);
#2775=VECTOR('',#8681,10.);
#2776=VECTOR('',#8682,10.);
#2777=VECTOR('',#8685,10.);
#2778=VECTOR('',#8686,10.);
#2779=VECTOR('',#8689,10.);
#2780=VECTOR('',#8690,10.);
#2781=VECTOR('',#8693,10.);
#2782=VECTOR('',#8714,1.65);
#2783=VECTOR('',#8721,1.37999999999744);
#2784=VECTOR('',#8734,10.);
#2785=VECTOR('',#8735,10.);
#2786=VECTOR('',#8736,10.);
#2787=VECTOR('',#8737,10.);
#2788=VECTOR('',#8738,10.);
#2789=VECTOR('',#8739,10.);
#2790=VECTOR('',#8744,2.74999999999999);
#2791=VECTOR('',#8747,10.);
#2792=VECTOR('',#8748,10.);
#2793=VECTOR('',#8749,10.);
#2794=VECTOR('',#8752,10.);
#2795=VECTOR('',#8753,10.);
#2796=VECTOR('',#8756,10.);
#2797=VECTOR('',#8757,10.);
#2798=VECTOR('',#8760,10.);
#2799=VECTOR('',#8761,10.);
#2800=VECTOR('',#8764,10.);
#2801=VECTOR('',#8765,10.);
#2802=VECTOR('',#8768,10.);
#2803=VECTOR('',#8771,10.);
#2804=VECTOR('',#8772,10.);
#2805=VECTOR('',#8775,10.);
#2806=VECTOR('',#8778,10.);
#2807=VECTOR('',#8781,10.);
#2808=VECTOR('',#8784,10.);
#2809=VECTOR('',#8789,1.49999999999999);
#2810=VECTOR('',#8802,1.15358983848622);
#2811=VECTOR('',#8809,1.15358983848622);
#2812=VECTOR('',#8814,10.);
#2813=VECTOR('',#8815,10.);
#2814=VECTOR('',#8818,10.);
#2815=VECTOR('',#8823,2.935625);
#2816=VECTOR('',#8826,10.);
#2817=VECTOR('',#8829,10.);
#2818=VECTOR('',#8832,10.);
#2819=VECTOR('',#8841,2.935625);
#2820=VECTOR('',#8846,1.5);
#2821=VERTEX_POINT('',#8870);
#2822=VERTEX_POINT('',#8871);
#2823=VERTEX_POINT('',#8873);
#2824=VERTEX_POINT('',#8875);
#2825=VERTEX_POINT('',#8888);
#2826=VERTEX_POINT('',#8894);
#2827=VERTEX_POINT('',#8911);
#2828=VERTEX_POINT('',#8917);
#2829=VERTEX_POINT('',#8934);
#2830=VERTEX_POINT('',#8940);
#2831=VERTEX_POINT('',#8957);
#2832=VERTEX_POINT('',#8963);
#2833=VERTEX_POINT('',#8980);
#2834=VERTEX_POINT('',#8986);
#2835=VERTEX_POINT('',#9003);
#2836=VERTEX_POINT('',#9009);
#2837=VERTEX_POINT('',#9026);
#2838=VERTEX_POINT('',#9032);
#2839=VERTEX_POINT('',#9049);
#2840=VERTEX_POINT('',#9055);
#2841=VERTEX_POINT('',#9072);
#2842=VERTEX_POINT('',#9078);
#2843=VERTEX_POINT('',#9095);
#2844=VERTEX_POINT('',#9101);
#2845=VERTEX_POINT('',#9118);
#2846=VERTEX_POINT('',#9124);
#2847=VERTEX_POINT('',#9141);
#2848=VERTEX_POINT('',#9147);
#2849=VERTEX_POINT('',#9164);
#2850=VERTEX_POINT('',#9170);
#2851=VERTEX_POINT('',#9187);
#2852=VERTEX_POINT('',#9193);
#2853=VERTEX_POINT('',#9210);
#2854=VERTEX_POINT('',#9216);
#2855=VERTEX_POINT('',#9233);
#2856=VERTEX_POINT('',#9239);
#2857=VERTEX_POINT('',#9256);
#2858=VERTEX_POINT('',#9262);
#2859=VERTEX_POINT('',#9279);
#2860=VERTEX_POINT('',#9285);
#2861=VERTEX_POINT('',#9293);
#2862=VERTEX_POINT('',#9295);
#2863=VERTEX_POINT('',#9308);
#2864=VERTEX_POINT('',#9314);
#2865=VERTEX_POINT('',#9331);
#2866=VERTEX_POINT('',#9337);
#2867=VERTEX_POINT('',#9354);
#2868=VERTEX_POINT('',#9360);
#2869=VERTEX_POINT('',#9377);
#2870=VERTEX_POINT('',#9383);
#2871=VERTEX_POINT('',#9400);
#2872=VERTEX_POINT('',#9406);
#2873=VERTEX_POINT('',#9423);
#2874=VERTEX_POINT('',#9429);
#2875=VERTEX_POINT('',#9446);
#2876=VERTEX_POINT('',#9452);
#2877=VERTEX_POINT('',#9469);
#2878=VERTEX_POINT('',#9475);
#2879=VERTEX_POINT('',#9492);
#2880=VERTEX_POINT('',#9498);
#2881=VERTEX_POINT('',#9515);
#2882=VERTEX_POINT('',#9521);
#2883=VERTEX_POINT('',#9538);
#2884=VERTEX_POINT('',#9544);
#2885=VERTEX_POINT('',#9561);
#2886=VERTEX_POINT('',#9567);
#2887=VERTEX_POINT('',#9584);
#2888=VERTEX_POINT('',#9590);
#2889=VERTEX_POINT('',#9607);
#2890=VERTEX_POINT('',#9613);
#2891=VERTEX_POINT('',#9642);
#2892=VERTEX_POINT('',#9643);
#2893=VERTEX_POINT('',#9645);
#2894=VERTEX_POINT('',#9647);
#2895=VERTEX_POINT('',#9651);
#2896=VERTEX_POINT('',#9653);
#2897=VERTEX_POINT('',#9657);
#2898=VERTEX_POINT('',#9659);
#2899=VERTEX_POINT('',#9667);
#2900=VERTEX_POINT('',#9668);
#2901=VERTEX_POINT('',#9670);
#2902=VERTEX_POINT('',#9672);
#2903=VERTEX_POINT('',#9685);
#2904=VERTEX_POINT('',#9691);
#2905=VERTEX_POINT('',#9708);
#2906=VERTEX_POINT('',#9714);
#2907=VERTEX_POINT('',#9731);
#2908=VERTEX_POINT('',#9737);
#2909=VERTEX_POINT('',#9765);
#2910=VERTEX_POINT('',#9766);
#2911=VERTEX_POINT('',#9768);
#2912=VERTEX_POINT('',#9770);
#2913=VERTEX_POINT('',#9783);
#2914=VERTEX_POINT('',#9789);
#2915=VERTEX_POINT('',#9806);
#2916=VERTEX_POINT('',#9812);
#2917=VERTEX_POINT('',#9829);
#2918=VERTEX_POINT('',#9835);
#2919=VERTEX_POINT('',#9852);
#2920=VERTEX_POINT('',#9858);
#2921=VERTEX_POINT('',#9875);
#2922=VERTEX_POINT('',#9881);
#2923=VERTEX_POINT('',#9898);
#2924=VERTEX_POINT('',#9904);
#2925=VERTEX_POINT('',#9921);
#2926=VERTEX_POINT('',#9927);
#2927=VERTEX_POINT('',#9944);
#2928=VERTEX_POINT('',#9950);
#2929=VERTEX_POINT('',#9967);
#2930=VERTEX_POINT('',#9973);
#2931=VERTEX_POINT('',#9981);
#2932=VERTEX_POINT('',#9983);
#2933=VERTEX_POINT('',#9996);
#2934=VERTEX_POINT('',#10002);
#2935=VERTEX_POINT('',#10019);
#2936=VERTEX_POINT('',#10025);
#2937=VERTEX_POINT('',#10042);
#2938=VERTEX_POINT('',#10048);
#2939=VERTEX_POINT('',#10078);
#2940=VERTEX_POINT('',#10079);
#2941=VERTEX_POINT('',#10081);
#2942=VERTEX_POINT('',#10083);
#2943=VERTEX_POINT('',#10096);
#2944=VERTEX_POINT('',#10102);
#2945=VERTEX_POINT('',#10119);
#2946=VERTEX_POINT('',#10125);
#2947=VERTEX_POINT('',#10142);
#2948=VERTEX_POINT('',#10148);
#2949=VERTEX_POINT('',#10165);
#2950=VERTEX_POINT('',#10171);
#2951=VERTEX_POINT('',#10179);
#2952=VERTEX_POINT('',#10181);
#2953=VERTEX_POINT('',#10185);
#2954=VERTEX_POINT('',#10187);
#2955=VERTEX_POINT('',#10191);
#2956=VERTEX_POINT('',#10193);
#2957=VERTEX_POINT('',#10197);
#2958=VERTEX_POINT('',#10199);
#2959=VERTEX_POINT('',#10203);
#2960=VERTEX_POINT('',#10205);
#2961=VERTEX_POINT('',#10209);
#2962=VERTEX_POINT('',#10211);
#2963=VERTEX_POINT('',#10215);
#2964=VERTEX_POINT('',#10217);
#2965=VERTEX_POINT('',#10221);
#2966=VERTEX_POINT('',#10223);
#2967=VERTEX_POINT('',#10227);
#2968=VERTEX_POINT('',#10229);
#2969=VERTEX_POINT('',#10233);
#2970=VERTEX_POINT('',#10235);
#2971=VERTEX_POINT('',#10239);
#2972=VERTEX_POINT('',#10241);
#2973=VERTEX_POINT('',#10254);
#2974=VERTEX_POINT('',#10260);
#2975=VERTEX_POINT('',#10277);
#2976=VERTEX_POINT('',#10283);
#2977=VERTEX_POINT('',#10300);
#2978=VERTEX_POINT('',#10306);
#2979=VERTEX_POINT('',#10335);
#2980=VERTEX_POINT('',#10336);
#2981=VERTEX_POINT('',#10338);
#2982=VERTEX_POINT('',#10340);
#2983=VERTEX_POINT('',#10353);
#2984=VERTEX_POINT('',#10359);
#2985=VERTEX_POINT('',#10376);
#2986=VERTEX_POINT('',#10382);
#2987=VERTEX_POINT('',#10399);
#2988=VERTEX_POINT('',#10405);
#2989=VERTEX_POINT('',#10422);
#2990=VERTEX_POINT('',#10428);
#2991=VERTEX_POINT('',#10445);
#2992=VERTEX_POINT('',#10451);
#2993=VERTEX_POINT('',#10468);
#2994=VERTEX_POINT('',#10474);
#2995=VERTEX_POINT('',#10491);
#2996=VERTEX_POINT('',#10497);
#2997=VERTEX_POINT('',#10514);
#2998=VERTEX_POINT('',#10520);
#2999=VERTEX_POINT('',#10537);
#3000=VERTEX_POINT('',#10543);
#3001=VERTEX_POINT('',#10560);
#3002=VERTEX_POINT('',#10566);
#3003=VERTEX_POINT('',#10583);
#3004=VERTEX_POINT('',#10589);
#3005=VERTEX_POINT('',#10606);
#3006=VERTEX_POINT('',#10612);
#3007=VERTEX_POINT('',#10629);
#3008=VERTEX_POINT('',#10635);
#3009=VERTEX_POINT('',#10652);
#3010=VERTEX_POINT('',#10658);
#3011=VERTEX_POINT('',#10675);
#3012=VERTEX_POINT('',#10681);
#3013=VERTEX_POINT('',#10698);
#3014=VERTEX_POINT('',#10704);
#3015=VERTEX_POINT('',#10712);
#3016=VERTEX_POINT('',#10714);
#3017=VERTEX_POINT('',#10727);
#3018=VERTEX_POINT('',#10733);
#3019=VERTEX_POINT('',#10750);
#3020=VERTEX_POINT('',#10756);
#3021=VERTEX_POINT('',#10773);
#3022=VERTEX_POINT('',#10779);
#3023=VERTEX_POINT('',#10796);
#3024=VERTEX_POINT('',#10802);
#3025=VERTEX_POINT('',#10819);
#3026=VERTEX_POINT('',#10825);
#3027=VERTEX_POINT('',#10842);
#3028=VERTEX_POINT('',#10848);
#3029=VERTEX_POINT('',#10865);
#3030=VERTEX_POINT('',#10871);
#3031=VERTEX_POINT('',#10888);
#3032=VERTEX_POINT('',#10894);
#3033=VERTEX_POINT('',#10911);
#3034=VERTEX_POINT('',#10917);
#3035=VERTEX_POINT('',#10934);
#3036=VERTEX_POINT('',#10940);
#3037=VERTEX_POINT('',#10957);
#3038=VERTEX_POINT('',#10963);
#3039=VERTEX_POINT('',#10980);
#3040=VERTEX_POINT('',#10986);
#3041=VERTEX_POINT('',#11003);
#3042=VERTEX_POINT('',#11009);
#3043=VERTEX_POINT('',#11026);
#3044=VERTEX_POINT('',#11032);
#3045=VERTEX_POINT('',#11061);
#3046=VERTEX_POINT('',#11062);
#3047=VERTEX_POINT('',#11064);
#3048=VERTEX_POINT('',#11066);
#3049=VERTEX_POINT('',#11070);
#3050=VERTEX_POINT('',#11072);
#3051=VERTEX_POINT('',#11076);
#3052=VERTEX_POINT('',#11078);
#3053=VERTEX_POINT('',#11086);
#3054=VERTEX_POINT('',#11087);
#3055=VERTEX_POINT('',#11089);
#3056=VERTEX_POINT('',#11091);
#3057=VERTEX_POINT('',#11104);
#3058=VERTEX_POINT('',#11110);
#3059=VERTEX_POINT('',#11127);
#3060=VERTEX_POINT('',#11133);
#3061=VERTEX_POINT('',#11150);
#3062=VERTEX_POINT('',#11156);
#3063=VERTEX_POINT('',#11173);
#3064=VERTEX_POINT('',#11179);
#3065=VERTEX_POINT('',#11196);
#3066=VERTEX_POINT('',#11202);
#3067=VERTEX_POINT('',#11219);
#3068=VERTEX_POINT('',#11225);
#3069=VERTEX_POINT('',#11242);
#3070=VERTEX_POINT('',#11248);
#3071=VERTEX_POINT('',#11265);
#3072=VERTEX_POINT('',#11271);
#3073=VERTEX_POINT('',#11288);
#3074=VERTEX_POINT('',#11294);
#3075=VERTEX_POINT('',#11311);
#3076=VERTEX_POINT('',#11317);
#3077=VERTEX_POINT('',#11334);
#3078=VERTEX_POINT('',#11340);
#3079=VERTEX_POINT('',#11357);
#3080=VERTEX_POINT('',#11363);
#3081=VERTEX_POINT('',#11380);
#3082=VERTEX_POINT('',#11386);
#3083=VERTEX_POINT('',#11403);
#3084=VERTEX_POINT('',#11409);
#3085=VERTEX_POINT('',#11426);
#3086=VERTEX_POINT('',#11432);
#3087=VERTEX_POINT('',#11449);
#3088=VERTEX_POINT('',#11455);
#3089=VERTEX_POINT('',#11463);
#3090=VERTEX_POINT('',#11465);
#3091=VERTEX_POINT('',#11478);
#3092=VERTEX_POINT('',#11484);
#3093=VERTEX_POINT('',#11501);
#3094=VERTEX_POINT('',#11507);
#3095=VERTEX_POINT('',#11524);
#3096=VERTEX_POINT('',#11530);
#3097=VERTEX_POINT('',#11547);
#3098=VERTEX_POINT('',#11553);
#3099=VERTEX_POINT('',#11570);
#3100=VERTEX_POINT('',#11576);
#3101=VERTEX_POINT('',#11593);
#3102=VERTEX_POINT('',#11599);
#3103=VERTEX_POINT('',#11616);
#3104=VERTEX_POINT('',#11622);
#3105=VERTEX_POINT('',#11639);
#3106=VERTEX_POINT('',#11645);
#3107=VERTEX_POINT('',#11662);
#3108=VERTEX_POINT('',#11668);
#3109=VERTEX_POINT('',#11685);
#3110=VERTEX_POINT('',#11691);
#3111=VERTEX_POINT('',#11708);
#3112=VERTEX_POINT('',#11714);
#3113=VERTEX_POINT('',#11731);
#3114=VERTEX_POINT('',#11737);
#3115=VERTEX_POINT('',#11754);
#3116=VERTEX_POINT('',#11760);
#3117=VERTEX_POINT('',#11777);
#3118=VERTEX_POINT('',#11783);
#3119=VERTEX_POINT('',#11812);
#3120=VERTEX_POINT('',#11813);
#3121=VERTEX_POINT('',#11815);
#3122=VERTEX_POINT('',#11817);
#3123=VERTEX_POINT('',#11821);
#3124=VERTEX_POINT('',#11823);
#3125=VERTEX_POINT('',#11827);
#3126=VERTEX_POINT('',#11829);
#3127=VERTEX_POINT('',#11837);
#3128=VERTEX_POINT('',#11838);
#3129=VERTEX_POINT('',#11840);
#3130=VERTEX_POINT('',#11842);
#3131=VERTEX_POINT('',#11855);
#3132=VERTEX_POINT('',#11861);
#3133=VERTEX_POINT('',#11878);
#3134=VERTEX_POINT('',#11884);
#3135=VERTEX_POINT('',#11901);
#3136=VERTEX_POINT('',#11907);
#3137=VERTEX_POINT('',#11924);
#3138=VERTEX_POINT('',#11930);
#3139=VERTEX_POINT('',#11947);
#3140=VERTEX_POINT('',#11953);
#3141=VERTEX_POINT('',#11970);
#3142=VERTEX_POINT('',#11976);
#3143=VERTEX_POINT('',#11993);
#3144=VERTEX_POINT('',#11999);
#3145=VERTEX_POINT('',#12016);
#3146=VERTEX_POINT('',#12022);
#3147=VERTEX_POINT('',#12039);
#3148=VERTEX_POINT('',#12045);
#3149=VERTEX_POINT('',#12062);
#3150=VERTEX_POINT('',#12068);
#3151=VERTEX_POINT('',#12085);
#3152=VERTEX_POINT('',#12091);
#3153=VERTEX_POINT('',#12108);
#3154=VERTEX_POINT('',#12114);
#3155=VERTEX_POINT('',#12131);
#3156=VERTEX_POINT('',#12137);
#3157=VERTEX_POINT('',#12154);
#3158=VERTEX_POINT('',#12160);
#3159=VERTEX_POINT('',#12177);
#3160=VERTEX_POINT('',#12183);
#3161=VERTEX_POINT('',#12200);
#3162=VERTEX_POINT('',#12206);
#3163=VERTEX_POINT('',#12214);
#3164=VERTEX_POINT('',#12216);
#3165=VERTEX_POINT('',#12229);
#3166=VERTEX_POINT('',#12235);
#3167=VERTEX_POINT('',#12252);
#3168=VERTEX_POINT('',#12258);
#3169=VERTEX_POINT('',#12275);
#3170=VERTEX_POINT('',#12281);
#3171=VERTEX_POINT('',#12298);
#3172=VERTEX_POINT('',#12304);
#3173=VERTEX_POINT('',#12321);
#3174=VERTEX_POINT('',#12327);
#3175=VERTEX_POINT('',#12344);
#3176=VERTEX_POINT('',#12350);
#3177=VERTEX_POINT('',#12367);
#3178=VERTEX_POINT('',#12373);
#3179=VERTEX_POINT('',#12390);
#3180=VERTEX_POINT('',#12396);
#3181=VERTEX_POINT('',#12413);
#3182=VERTEX_POINT('',#12419);
#3183=VERTEX_POINT('',#12436);
#3184=VERTEX_POINT('',#12442);
#3185=VERTEX_POINT('',#12459);
#3186=VERTEX_POINT('',#12465);
#3187=VERTEX_POINT('',#12482);
#3188=VERTEX_POINT('',#12488);
#3189=VERTEX_POINT('',#12505);
#3190=VERTEX_POINT('',#12511);
#3191=VERTEX_POINT('',#12528);
#3192=VERTEX_POINT('',#12534);
#3193=VERTEX_POINT('',#12563);
#3194=VERTEX_POINT('',#12564);
#3195=VERTEX_POINT('',#12566);
#3196=VERTEX_POINT('',#12568);
#3197=VERTEX_POINT('',#12572);
#3198=VERTEX_POINT('',#12574);
#3199=VERTEX_POINT('',#12587);
#3200=VERTEX_POINT('',#12593);
#3201=VERTEX_POINT('',#12610);
#3202=VERTEX_POINT('',#12616);
#3203=VERTEX_POINT('',#12627);
#3204=VERTEX_POINT('',#12628);
#3205=VERTEX_POINT('',#12630);
#3206=VERTEX_POINT('',#12632);
#3207=VERTEX_POINT('',#12636);
#3208=VERTEX_POINT('',#12638);
#3209=VERTEX_POINT('',#12642);
#3210=VERTEX_POINT('',#12644);
#3211=VERTEX_POINT('',#12648);
#3212=VERTEX_POINT('',#12650);
#3213=VERTEX_POINT('',#12654);
#3214=VERTEX_POINT('',#12656);
#3215=VERTEX_POINT('',#12660);
#3216=VERTEX_POINT('',#12662);
#3217=VERTEX_POINT('',#12666);
#3218=VERTEX_POINT('',#12668);
#3219=VERTEX_POINT('',#12676);
#3220=VERTEX_POINT('',#12677);
#3221=VERTEX_POINT('',#12679);
#3222=VERTEX_POINT('',#12681);
#3223=VERTEX_POINT('',#12684);
#3224=VERTEX_POINT('',#12685);
#3225=VERTEX_POINT('',#12687);
#3226=VERTEX_POINT('',#12693);
#3227=VERTEX_POINT('',#12699);
#3228=VERTEX_POINT('',#12705);
#3229=VERTEX_POINT('',#12711);
#3230=VERTEX_POINT('',#12717);
#3231=VERTEX_POINT('',#12723);
#3232=VERTEX_POINT('',#12729);
#3233=VERTEX_POINT('',#12735);
#3234=VERTEX_POINT('',#12741);
#3235=VERTEX_POINT('',#12743);
#3236=VERTEX_POINT('',#12745);
#3237=VERTEX_POINT('',#12748);
#3238=VERTEX_POINT('',#12749);
#3239=VERTEX_POINT('',#12755);
#3240=VERTEX_POINT('',#12761);
#3241=VERTEX_POINT('',#12767);
#3242=VERTEX_POINT('',#12773);
#3243=VERTEX_POINT('',#12779);
#3244=VERTEX_POINT('',#12785);
#3245=VERTEX_POINT('',#12791);
#3246=VERTEX_POINT('',#12802);
#3247=VERTEX_POINT('',#12803);
#3248=VERTEX_POINT('',#12805);
#3249=VERTEX_POINT('',#12807);
#3250=VERTEX_POINT('',#12809);
#3251=VERTEX_POINT('',#12815);
#3252=VERTEX_POINT('',#12821);
#3253=VERTEX_POINT('',#12827);
#3254=VERTEX_POINT('',#12829);
#3255=VERTEX_POINT('',#12835);
#3256=VERTEX_POINT('',#12841);
#3257=VERTEX_POINT('',#12847);
#3258=VERTEX_POINT('',#12853);
#3259=VERTEX_POINT('',#12857);
#3260=VERTEX_POINT('',#12859);
#3261=VERTEX_POINT('',#12863);
#3262=VERTEX_POINT('',#12867);
#3263=VERTEX_POINT('',#12880);
#3264=VERTEX_POINT('',#12897);
#3265=VERTEX_POINT('',#12914);
#3266=VERTEX_POINT('',#12922);
#3267=VERTEX_POINT('',#12935);
#3268=VERTEX_POINT('',#12952);
#3269=VERTEX_POINT('',#12969);
#3270=VERTEX_POINT('',#12986);
#3271=VERTEX_POINT('',#12994);
#3272=VERTEX_POINT('',#13010);
#3273=VERTEX_POINT('',#13011);
#3274=VERTEX_POINT('',#13017);
#3275=VERTEX_POINT('',#13019);
#3276=VERTEX_POINT('',#13036);
#3277=VERTEX_POINT('',#13042);
#3278=VERTEX_POINT('',#13059);
#3279=VERTEX_POINT('',#13065);
#3280=VERTEX_POINT('',#13082);
#3281=VERTEX_POINT('',#13088);
#3282=VERTEX_POINT('',#13105);
#3283=VERTEX_POINT('',#13111);
#3284=VERTEX_POINT('',#13128);
#3285=VERTEX_POINT('',#13134);
#3286=VERTEX_POINT('',#13151);
#3287=VERTEX_POINT('',#13157);
#3288=VERTEX_POINT('',#13185);
#3289=VERTEX_POINT('',#13187);
#3290=VERTEX_POINT('',#13200);
#3291=VERTEX_POINT('',#13217);
#3292=VERTEX_POINT('',#13234);
#3293=VERTEX_POINT('',#13251);
#3294=VERTEX_POINT('',#13268);
#3295=VERTEX_POINT('',#13285);
#3296=VERTEX_POINT('',#13302);
#3297=VERTEX_POINT('',#13319);
#3298=VERTEX_POINT('',#13336);
#3299=VERTEX_POINT('',#13344);
#3300=VERTEX_POINT('',#13348);
#3301=VERTEX_POINT('',#13352);
#3302=VERTEX_POINT('',#13369);
#3303=VERTEX_POINT('',#13370);
#3304=VERTEX_POINT('',#13376);
#3305=VERTEX_POINT('',#13378);
#3306=VERTEX_POINT('',#13395);
#3307=VERTEX_POINT('',#13401);
#3308=VERTEX_POINT('',#13418);
#3309=VERTEX_POINT('',#13424);
#3310=VERTEX_POINT('',#13441);
#3311=VERTEX_POINT('',#13447);
#3312=VERTEX_POINT('',#13464);
#3313=VERTEX_POINT('',#13470);
#3314=VERTEX_POINT('',#13487);
#3315=VERTEX_POINT('',#13493);
#3316=VERTEX_POINT('',#13510);
#3317=VERTEX_POINT('',#13516);
#3318=VERTEX_POINT('',#13553);
#3319=VERTEX_POINT('',#13555);
#3320=VERTEX_POINT('',#13572);
#3321=VERTEX_POINT('',#13589);
#3322=VERTEX_POINT('',#13606);
#3323=VERTEX_POINT('',#13623);
#3324=VERTEX_POINT('',#13640);
#3325=VERTEX_POINT('',#13657);
#3326=VERTEX_POINT('',#13674);
#3327=VERTEX_POINT('',#13699);
#3328=VERTEX_POINT('',#13700);
#3329=VERTEX_POINT('',#13702);
#3330=VERTEX_POINT('',#13704);
#3331=VERTEX_POINT('',#13708);
#3332=VERTEX_POINT('',#13710);
#3333=VERTEX_POINT('',#13714);
#3334=VERTEX_POINT('',#13716);
#3335=VERTEX_POINT('',#13723);
#3336=VERTEX_POINT('',#13725);
#3337=VERTEX_POINT('',#13729);
#3338=VERTEX_POINT('',#13733);
#3339=VERTEX_POINT('',#13736);
#3340=VERTEX_POINT('',#13740);
#3341=VERTEX_POINT('',#13742);
#3342=VERTEX_POINT('',#13746);
#3343=VERTEX_POINT('',#13747);
#3344=VERTEX_POINT('',#13752);
#3345=VERTEX_POINT('',#13753);
#3346=VERTEX_POINT('',#13755);
#3347=VERTEX_POINT('',#13757);
#3348=VERTEX_POINT('',#13761);
#3349=VERTEX_POINT('',#13766);
#3350=VERTEX_POINT('',#13767);
#3351=VERTEX_POINT('',#13770);
#3352=VERTEX_POINT('',#13774);
#3353=VERTEX_POINT('',#13775);
#3354=VERTEX_POINT('',#13785);
#3355=VERTEX_POINT('',#13786);
#3356=VERTEX_POINT('',#13788);
#3357=VERTEX_POINT('',#13790);
#3358=VERTEX_POINT('',#13794);
#3359=VERTEX_POINT('',#13799);
#3360=VERTEX_POINT('',#13804);
#3361=VERTEX_POINT('',#13805);
#3362=VERTEX_POINT('',#13814);
#3363=VERTEX_POINT('',#13821);
#3364=VERTEX_POINT('',#13823);
#3365=VERTEX_POINT('',#13832);
#3366=VERTEX_POINT('',#13850);
#3367=VERTEX_POINT('',#13852);
#3368=VERTEX_POINT('',#13856);
#3369=VERTEX_POINT('',#13858);
#3370=VERTEX_POINT('',#13862);
#3371=VERTEX_POINT('',#13866);
#3372=VERTEX_POINT('',#13869);
#3373=VERTEX_POINT('',#13874);
#3374=VERTEX_POINT('',#13878);
#3375=VERTEX_POINT('',#13882);
#3376=VERTEX_POINT('',#13887);
#3377=VERTEX_POINT('',#13888);
#3378=VERTEX_POINT('',#13890);
#3379=VERTEX_POINT('',#13892);
#3380=VERTEX_POINT('',#13896);
#3381=VERTEX_POINT('',#13898);
#3382=VERTEX_POINT('',#13900);
#3383=VERTEX_POINT('',#13902);
#3384=VERTEX_POINT('',#13906);
#3385=VERTEX_POINT('',#13910);
#3386=VERTEX_POINT('',#13911);
#3387=VERTEX_POINT('',#13917);
#3388=VERTEX_POINT('',#13925);
#3389=VERTEX_POINT('',#13927);
#3390=VERTEX_POINT('',#13931);
#3391=VERTEX_POINT('',#13933);
#3392=VERTEX_POINT('',#13937);
#3393=VERTEX_POINT('',#13941);
#3394=VERTEX_POINT('',#13944);
#3395=VERTEX_POINT('',#13949);
#3396=VERTEX_POINT('',#13953);
#3397=VERTEX_POINT('',#13957);
#3398=VERTEX_POINT('',#13963);
#3399=VERTEX_POINT('',#13964);
#3400=VERTEX_POINT('',#13966);
#3401=VERTEX_POINT('',#13968);
#3402=VERTEX_POINT('',#13972);
#3403=VERTEX_POINT('',#13974);
#3404=VERTEX_POINT('',#13977);
#3405=VERTEX_POINT('',#13980);
#3406=VERTEX_POINT('',#13984);
#3407=VERTEX_POINT('',#13987);
#3408=VERTEX_POINT('',#13995);
#3409=VERTEX_POINT('',#13997);
#3410=VERTEX_POINT('',#13999);
#3411=VERTEX_POINT('',#14003);
#3412=VERTEX_POINT('',#14005);
#3413=VERTEX_POINT('',#14009);
#3414=VERTEX_POINT('',#14012);
#3415=VERTEX_POINT('',#14016);
#3416=VERTEX_POINT('',#14022);
#3417=VERTEX_POINT('',#14023);
#3418=VERTEX_POINT('',#14025);
#3419=VERTEX_POINT('',#14029);
#3420=VERTEX_POINT('',#14030);
#3421=VERTEX_POINT('',#14032);
#3422=VERTEX_POINT('',#14039);
#3423=VERTEX_POINT('',#14040);
#3424=VERTEX_POINT('',#14042);
#3425=VERTEX_POINT('',#14046);
#3426=VERTEX_POINT('',#14047);
#3427=VERTEX_POINT('',#14049);
#3428=VERTEX_POINT('',#14053);
#3429=VERTEX_POINT('',#14054);
#3430=VERTEX_POINT('',#14056);
#3431=VERTEX_POINT('',#14063);
#3432=VERTEX_POINT('',#14064);
#3433=VERTEX_POINT('',#14066);
#3434=VERTEX_POINT('',#14070);
#3435=VERTEX_POINT('',#14071);
#3436=VERTEX_POINT('',#14073);
#3437=VERTEX_POINT('',#14077);
#3438=VERTEX_POINT('',#14078);
#3439=VERTEX_POINT('',#14080);
#3440=VERTEX_POINT('',#14084);
#3441=VERTEX_POINT('',#14085);
#3442=VERTEX_POINT('',#14087);
#3443=VERTEX_POINT('',#14091);
#3444=VERTEX_POINT('',#14092);
#3445=VERTEX_POINT('',#14094);
#3446=VERTEX_POINT('',#14098);
#3447=VERTEX_POINT('',#14100);
#3448=VERTEX_POINT('',#14113);
#3449=VERTEX_POINT('',#14115);
#3450=VERTEX_POINT('',#14150);
#3451=VERTEX_POINT('',#14157);
#3452=VERTEX_POINT('',#14165);
#3453=VERTEX_POINT('',#14167);
#3454=VERTEX_POINT('',#14171);
#3455=VERTEX_POINT('',#14173);
#3456=VERTEX_POINT('',#14177);
#3457=VERTEX_POINT('',#14178);
#3458=VERTEX_POINT('',#14180);
#3459=VERTEX_POINT('',#14182);
#3460=VERTEX_POINT('',#14184);
#3461=VERTEX_POINT('',#14186);
#3462=VERTEX_POINT('',#14190);
#3463=VERTEX_POINT('',#14194);
#3464=VERTEX_POINT('',#14195);
#3465=VERTEX_POINT('',#14197);
#3466=VERTEX_POINT('',#14201);
#3467=VERTEX_POINT('',#14205);
#3468=VERTEX_POINT('',#14209);
#3469=VERTEX_POINT('',#14213);
#3470=VERTEX_POINT('',#14231);
#3471=VERTEX_POINT('',#14238);
#3472=VERTEX_POINT('',#14240);
#3473=VERTEX_POINT('',#14244);
#3474=VERTEX_POINT('',#14246);
#3475=VERTEX_POINT('',#14250);
#3476=VERTEX_POINT('',#14251);
#3477=VERTEX_POINT('',#14253);
#3478=VERTEX_POINT('',#14257);
#3479=VERTEX_POINT('',#14263);
#3480=VERTEX_POINT('',#14267);
#3481=VERTEX_POINT('',#14273);
#3482=VERTEX_POINT('',#14275);
#3483=VERTEX_POINT('',#14277);
#3484=VERTEX_POINT('',#14281);
#3485=VERTEX_POINT('',#14288);
#3486=VERTEX_POINT('',#14296);
#3487=VERTEX_POINT('',#14302);
#3488=VERTEX_POINT('',#14306);
#3489=VERTEX_POINT('',#14312);
#3490=VERTEX_POINT('',#14322);
#3491=EDGE_CURVE('',#2821,#2822,#1801,.T.);
#3492=EDGE_CURVE('',#2821,#2823,#1802,.T.);
#3493=EDGE_CURVE('',#2824,#2823,#1803,.T.);
#3494=EDGE_CURVE('',#2822,#2824,#1804,.T.);
#3495=EDGE_CURVE('',#2822,#2825,#352,.T.);
#3496=EDGE_CURVE('',#2826,#2824,#353,.T.);
#3497=EDGE_CURVE('',#2825,#2826,#1805,.T.);
#3498=EDGE_CURVE('',#2825,#2827,#354,.T.);
#3499=EDGE_CURVE('',#2828,#2826,#355,.T.);
#3500=EDGE_CURVE('',#2827,#2828,#1806,.T.);
#3501=EDGE_CURVE('',#2827,#2829,#356,.T.);
#3502=EDGE_CURVE('',#2830,#2828,#357,.T.);
#3503=EDGE_CURVE('',#2829,#2830,#1807,.T.);
#3504=EDGE_CURVE('',#2829,#2831,#358,.T.);
#3505=EDGE_CURVE('',#2832,#2830,#359,.T.);
#3506=EDGE_CURVE('',#2831,#2832,#1808,.T.);
#3507=EDGE_CURVE('',#2831,#2833,#360,.T.);
#3508=EDGE_CURVE('',#2834,#2832,#361,.T.);
#3509=EDGE_CURVE('',#2833,#2834,#1809,.T.);
#3510=EDGE_CURVE('',#2833,#2835,#362,.T.);
#3511=EDGE_CURVE('',#2836,#2834,#363,.T.);
#3512=EDGE_CURVE('',#2835,#2836,#1810,.T.);
#3513=EDGE_CURVE('',#2835,#2837,#364,.T.);
#3514=EDGE_CURVE('',#2838,#2836,#365,.T.);
#3515=EDGE_CURVE('',#2837,#2838,#1811,.T.);
#3516=EDGE_CURVE('',#2837,#2839,#366,.T.);
#3517=EDGE_CURVE('',#2840,#2838,#367,.T.);
#3518=EDGE_CURVE('',#2839,#2840,#1812,.T.);
#3519=EDGE_CURVE('',#2839,#2841,#368,.T.);
#3520=EDGE_CURVE('',#2842,#2840,#369,.T.);
#3521=EDGE_CURVE('',#2841,#2842,#1813,.T.);
#3522=EDGE_CURVE('',#2841,#2843,#370,.T.);
#3523=EDGE_CURVE('',#2844,#2842,#371,.T.);
#3524=EDGE_CURVE('',#2843,#2844,#1814,.T.);
#3525=EDGE_CURVE('',#2843,#2845,#372,.T.);
#3526=EDGE_CURVE('',#2846,#2844,#373,.T.);
#3527=EDGE_CURVE('',#2845,#2846,#1815,.T.);
#3528=EDGE_CURVE('',#2845,#2847,#374,.T.);
#3529=EDGE_CURVE('',#2848,#2846,#375,.T.);
#3530=EDGE_CURVE('',#2847,#2848,#1816,.T.);
#3531=EDGE_CURVE('',#2847,#2849,#376,.T.);
#3532=EDGE_CURVE('',#2850,#2848,#377,.T.);
#3533=EDGE_CURVE('',#2849,#2850,#1817,.T.);
#3534=EDGE_CURVE('',#2849,#2851,#378,.T.);
#3535=EDGE_CURVE('',#2852,#2850,#379,.T.);
#3536=EDGE_CURVE('',#2851,#2852,#1818,.T.);
#3537=EDGE_CURVE('',#2851,#2853,#380,.T.);
#3538=EDGE_CURVE('',#2854,#2852,#381,.T.);
#3539=EDGE_CURVE('',#2853,#2854,#1819,.T.);
#3540=EDGE_CURVE('',#2853,#2855,#382,.T.);
#3541=EDGE_CURVE('',#2856,#2854,#383,.T.);
#3542=EDGE_CURVE('',#2855,#2856,#1820,.T.);
#3543=EDGE_CURVE('',#2855,#2857,#384,.T.);
#3544=EDGE_CURVE('',#2858,#2856,#385,.T.);
#3545=EDGE_CURVE('',#2857,#2858,#1821,.T.);
#3546=EDGE_CURVE('',#2857,#2859,#386,.T.);
#3547=EDGE_CURVE('',#2860,#2858,#387,.T.);
#3548=EDGE_CURVE('',#2859,#2860,#1822,.T.);
#3549=EDGE_CURVE('',#2859,#2861,#1823,.T.);
#3550=EDGE_CURVE('',#2862,#2860,#1824,.T.);
#3551=EDGE_CURVE('',#2861,#2862,#1825,.T.);
#3552=EDGE_CURVE('',#2861,#2863,#388,.T.);
#3553=EDGE_CURVE('',#2864,#2862,#389,.T.);
#3554=EDGE_CURVE('',#2863,#2864,#1826,.T.);
#3555=EDGE_CURVE('',#2863,#2865,#390,.T.);
#3556=EDGE_CURVE('',#2866,#2864,#391,.T.);
#3557=EDGE_CURVE('',#2865,#2866,#1827,.T.);
#3558=EDGE_CURVE('',#2865,#2867,#392,.T.);
#3559=EDGE_CURVE('',#2868,#2866,#393,.T.);
#3560=EDGE_CURVE('',#2867,#2868,#1828,.T.);
#3561=EDGE_CURVE('',#2867,#2869,#394,.T.);
#3562=EDGE_CURVE('',#2870,#2868,#395,.T.);
#3563=EDGE_CURVE('',#2869,#2870,#1829,.T.);
#3564=EDGE_CURVE('',#2869,#2871,#396,.T.);
#3565=EDGE_CURVE('',#2872,#2870,#397,.T.);
#3566=EDGE_CURVE('',#2871,#2872,#1830,.T.);
#3567=EDGE_CURVE('',#2871,#2873,#398,.T.);
#3568=EDGE_CURVE('',#2874,#2872,#399,.T.);
#3569=EDGE_CURVE('',#2873,#2874,#1831,.T.);
#3570=EDGE_CURVE('',#2873,#2875,#400,.T.);
#3571=EDGE_CURVE('',#2876,#2874,#401,.T.);
#3572=EDGE_CURVE('',#2875,#2876,#1832,.T.);
#3573=EDGE_CURVE('',#2875,#2877,#402,.T.);
#3574=EDGE_CURVE('',#2878,#2876,#403,.T.);
#3575=EDGE_CURVE('',#2877,#2878,#1833,.T.);
#3576=EDGE_CURVE('',#2877,#2879,#404,.T.);
#3577=EDGE_CURVE('',#2880,#2878,#405,.T.);
#3578=EDGE_CURVE('',#2879,#2880,#1834,.T.);
#3579=EDGE_CURVE('',#2879,#2881,#406,.T.);
#3580=EDGE_CURVE('',#2882,#2880,#407,.T.);
#3581=EDGE_CURVE('',#2881,#2882,#1835,.T.);
#3582=EDGE_CURVE('',#2881,#2883,#408,.T.);
#3583=EDGE_CURVE('',#2884,#2882,#409,.T.);
#3584=EDGE_CURVE('',#2883,#2884,#1836,.T.);
#3585=EDGE_CURVE('',#2883,#2885,#410,.T.);
#3586=EDGE_CURVE('',#2886,#2884,#411,.T.);
#3587=EDGE_CURVE('',#2885,#2886,#1837,.T.);
#3588=EDGE_CURVE('',#2885,#2887,#412,.T.);
#3589=EDGE_CURVE('',#2888,#2886,#413,.T.);
#3590=EDGE_CURVE('',#2887,#2888,#1838,.T.);
#3591=EDGE_CURVE('',#2887,#2889,#414,.T.);
#3592=EDGE_CURVE('',#2890,#2888,#415,.T.);
#3593=EDGE_CURVE('',#2889,#2890,#1839,.T.);
#3594=EDGE_CURVE('',#2889,#2821,#416,.T.);
#3595=EDGE_CURVE('',#2823,#2890,#417,.T.);
#3596=EDGE_CURVE('',#2891,#2892,#1840,.T.);
#3597=EDGE_CURVE('',#2891,#2893,#1841,.T.);
#3598=EDGE_CURVE('',#2894,#2893,#1842,.T.);
#3599=EDGE_CURVE('',#2892,#2894,#1843,.T.);
#3600=EDGE_CURVE('',#2892,#2895,#1844,.T.);
#3601=EDGE_CURVE('',#2896,#2894,#1845,.T.);
#3602=EDGE_CURVE('',#2895,#2896,#1846,.T.);
#3603=EDGE_CURVE('',#2895,#2897,#1847,.T.);
#3604=EDGE_CURVE('',#2898,#2896,#1848,.T.);
#3605=EDGE_CURVE('',#2897,#2898,#1849,.T.);
#3606=EDGE_CURVE('',#2897,#2891,#1850,.T.);
#3607=EDGE_CURVE('',#2893,#2898,#1851,.T.);
#3608=EDGE_CURVE('',#2899,#2900,#1852,.T.);
#3609=EDGE_CURVE('',#2899,#2901,#1853,.T.);
#3610=EDGE_CURVE('',#2902,#2901,#1854,.T.);
#3611=EDGE_CURVE('',#2900,#2902,#1855,.T.);
#3612=EDGE_CURVE('',#2900,#2903,#418,.T.);
#3613=EDGE_CURVE('',#2904,#2902,#419,.T.);
#3614=EDGE_CURVE('',#2903,#2904,#1856,.T.);
#3615=EDGE_CURVE('',#2903,#2905,#420,.T.);
#3616=EDGE_CURVE('',#2906,#2904,#421,.T.);
#3617=EDGE_CURVE('',#2905,#2906,#1857,.T.);
#3618=EDGE_CURVE('',#2905,#2907,#422,.T.);
#3619=EDGE_CURVE('',#2908,#2906,#423,.T.);
#3620=EDGE_CURVE('',#2907,#2908,#1858,.T.);
#3621=EDGE_CURVE('',#2907,#2899,#424,.T.);
#3622=EDGE_CURVE('',#2901,#2908,#425,.T.);
#3623=EDGE_CURVE('',#2909,#2910,#1859,.T.);
#3624=EDGE_CURVE('',#2909,#2911,#1860,.T.);
#3625=EDGE_CURVE('',#2912,#2911,#1861,.T.);
#3626=EDGE_CURVE('',#2910,#2912,#1862,.T.);
#3627=EDGE_CURVE('',#2910,#2913,#426,.T.);
#3628=EDGE_CURVE('',#2914,#2912,#427,.T.);
#3629=EDGE_CURVE('',#2913,#2914,#1863,.T.);
#3630=EDGE_CURVE('',#2913,#2915,#428,.T.);
#3631=EDGE_CURVE('',#2916,#2914,#429,.T.);
#3632=EDGE_CURVE('',#2915,#2916,#1864,.T.);
#3633=EDGE_CURVE('',#2915,#2917,#430,.T.);
#3634=EDGE_CURVE('',#2918,#2916,#431,.T.);
#3635=EDGE_CURVE('',#2917,#2918,#1865,.T.);
#3636=EDGE_CURVE('',#2917,#2919,#432,.T.);
#3637=EDGE_CURVE('',#2920,#2918,#433,.T.);
#3638=EDGE_CURVE('',#2919,#2920,#1866,.T.);
#3639=EDGE_CURVE('',#2919,#2921,#434,.T.);
#3640=EDGE_CURVE('',#2922,#2920,#435,.T.);
#3641=EDGE_CURVE('',#2921,#2922,#1867,.T.);
#3642=EDGE_CURVE('',#2921,#2923,#436,.T.);
#3643=EDGE_CURVE('',#2924,#2922,#437,.T.);
#3644=EDGE_CURVE('',#2923,#2924,#1868,.T.);
#3645=EDGE_CURVE('',#2923,#2925,#438,.T.);
#3646=EDGE_CURVE('',#2926,#2924,#439,.T.);
#3647=EDGE_CURVE('',#2925,#2926,#1869,.T.);
#3648=EDGE_CURVE('',#2925,#2927,#440,.T.);
#3649=EDGE_CURVE('',#2928,#2926,#441,.T.);
#3650=EDGE_CURVE('',#2927,#2928,#1870,.T.);
#3651=EDGE_CURVE('',#2927,#2929,#442,.T.);
#3652=EDGE_CURVE('',#2930,#2928,#443,.T.);
#3653=EDGE_CURVE('',#2929,#2930,#1871,.T.);
#3654=EDGE_CURVE('',#2929,#2931,#1872,.T.);
#3655=EDGE_CURVE('',#2932,#2930,#1873,.T.);
#3656=EDGE_CURVE('',#2931,#2932,#1874,.T.);
#3657=EDGE_CURVE('',#2931,#2933,#444,.T.);
#3658=EDGE_CURVE('',#2934,#2932,#445,.T.);
#3659=EDGE_CURVE('',#2933,#2934,#1875,.T.);
#3660=EDGE_CURVE('',#2933,#2935,#446,.T.);
#3661=EDGE_CURVE('',#2936,#2934,#447,.T.);
#3662=EDGE_CURVE('',#2935,#2936,#1876,.T.);
#3663=EDGE_CURVE('',#2935,#2937,#448,.T.);
#3664=EDGE_CURVE('',#2938,#2936,#449,.T.);
#3665=EDGE_CURVE('',#2937,#2938,#1877,.T.);
#3666=EDGE_CURVE('',#2937,#2909,#450,.T.);
#3667=EDGE_CURVE('',#2911,#2938,#451,.T.);
#3668=EDGE_CURVE('',#2939,#2940,#1878,.T.);
#3669=EDGE_CURVE('',#2939,#2941,#1879,.T.);
#3670=EDGE_CURVE('',#2942,#2941,#1880,.T.);
#3671=EDGE_CURVE('',#2940,#2942,#1881,.T.);
#3672=EDGE_CURVE('',#2940,#2943,#452,.T.);
#3673=EDGE_CURVE('',#2944,#2942,#453,.T.);
#3674=EDGE_CURVE('',#2943,#2944,#1882,.T.);
#3675=EDGE_CURVE('',#2943,#2945,#454,.T.);
#3676=EDGE_CURVE('',#2946,#2944,#455,.T.);
#3677=EDGE_CURVE('',#2945,#2946,#1883,.T.);
#3678=EDGE_CURVE('',#2945,#2947,#456,.T.);
#3679=EDGE_CURVE('',#2948,#2946,#457,.T.);
#3680=EDGE_CURVE('',#2947,#2948,#1884,.T.);
#3681=EDGE_CURVE('',#2947,#2949,#458,.T.);
#3682=EDGE_CURVE('',#2950,#2948,#459,.T.);
#3683=EDGE_CURVE('',#2949,#2950,#1885,.T.);
#3684=EDGE_CURVE('',#2949,#2951,#1886,.T.);
#3685=EDGE_CURVE('',#2952,#2950,#1887,.T.);
#3686=EDGE_CURVE('',#2951,#2952,#1888,.T.);
#3687=EDGE_CURVE('',#2951,#2953,#1889,.T.);
#3688=EDGE_CURVE('',#2954,#2952,#1890,.T.);
#3689=EDGE_CURVE('',#2953,#2954,#1891,.T.);
#3690=EDGE_CURVE('',#2953,#2955,#1892,.T.);
#3691=EDGE_CURVE('',#2956,#2954,#1893,.T.);
#3692=EDGE_CURVE('',#2955,#2956,#1894,.T.);
#3693=EDGE_CURVE('',#2955,#2957,#1895,.T.);
#3694=EDGE_CURVE('',#2958,#2956,#1896,.T.);
#3695=EDGE_CURVE('',#2957,#2958,#1897,.T.);
#3696=EDGE_CURVE('',#2957,#2959,#1898,.T.);
#3697=EDGE_CURVE('',#2960,#2958,#1899,.T.);
#3698=EDGE_CURVE('',#2959,#2960,#1900,.T.);
#3699=EDGE_CURVE('',#2959,#2961,#1901,.T.);
#3700=EDGE_CURVE('',#2962,#2960,#1902,.T.);
#3701=EDGE_CURVE('',#2961,#2962,#1903,.T.);
#3702=EDGE_CURVE('',#2961,#2963,#1904,.T.);
#3703=EDGE_CURVE('',#2964,#2962,#1905,.T.);
#3704=EDGE_CURVE('',#2963,#2964,#1906,.T.);
#3705=EDGE_CURVE('',#2963,#2965,#1907,.T.);
#3706=EDGE_CURVE('',#2966,#2964,#1908,.T.);
#3707=EDGE_CURVE('',#2965,#2966,#1909,.T.);
#3708=EDGE_CURVE('',#2965,#2967,#1910,.T.);
#3709=EDGE_CURVE('',#2968,#2966,#1911,.T.);
#3710=EDGE_CURVE('',#2967,#2968,#1912,.T.);
#3711=EDGE_CURVE('',#2967,#2969,#1913,.T.);
#3712=EDGE_CURVE('',#2970,#2968,#1914,.T.);
#3713=EDGE_CURVE('',#2969,#2970,#1915,.T.);
#3714=EDGE_CURVE('',#2969,#2971,#1916,.T.);
#3715=EDGE_CURVE('',#2972,#2970,#1917,.T.);
#3716=EDGE_CURVE('',#2971,#2972,#1918,.T.);
#3717=EDGE_CURVE('',#2971,#2973,#460,.T.);
#3718=EDGE_CURVE('',#2974,#2972,#461,.T.);
#3719=EDGE_CURVE('',#2973,#2974,#1919,.T.);
#3720=EDGE_CURVE('',#2973,#2975,#462,.T.);
#3721=EDGE_CURVE('',#2976,#2974,#463,.T.);
#3722=EDGE_CURVE('',#2975,#2976,#1920,.T.);
#3723=EDGE_CURVE('',#2975,#2977,#464,.T.);
#3724=EDGE_CURVE('',#2978,#2976,#465,.T.);
#3725=EDGE_CURVE('',#2977,#2978,#1921,.T.);
#3726=EDGE_CURVE('',#2977,#2939,#466,.T.);
#3727=EDGE_CURVE('',#2941,#2978,#467,.T.);
#3728=EDGE_CURVE('',#2979,#2980,#1922,.T.);
#3729=EDGE_CURVE('',#2979,#2981,#1923,.T.);
#3730=EDGE_CURVE('',#2982,#2981,#1924,.T.);
#3731=EDGE_CURVE('',#2980,#2982,#1925,.T.);
#3732=EDGE_CURVE('',#2980,#2983,#468,.T.);
#3733=EDGE_CURVE('',#2984,#2982,#469,.T.);
#3734=EDGE_CURVE('',#2983,#2984,#1926,.T.);
#3735=EDGE_CURVE('',#2983,#2985,#470,.T.);
#3736=EDGE_CURVE('',#2986,#2984,#471,.T.);
#3737=EDGE_CURVE('',#2985,#2986,#1927,.T.);
#3738=EDGE_CURVE('',#2985,#2987,#472,.T.);
#3739=EDGE_CURVE('',#2988,#2986,#473,.T.);
#3740=EDGE_CURVE('',#2987,#2988,#1928,.T.);
#3741=EDGE_CURVE('',#2987,#2989,#474,.T.);
#3742=EDGE_CURVE('',#2990,#2988,#475,.T.);
#3743=EDGE_CURVE('',#2989,#2990,#1929,.T.);
#3744=EDGE_CURVE('',#2989,#2991,#476,.T.);
#3745=EDGE_CURVE('',#2992,#2990,#477,.T.);
#3746=EDGE_CURVE('',#2991,#2992,#1930,.T.);
#3747=EDGE_CURVE('',#2991,#2993,#478,.T.);
#3748=EDGE_CURVE('',#2994,#2992,#479,.T.);
#3749=EDGE_CURVE('',#2993,#2994,#1931,.T.);
#3750=EDGE_CURVE('',#2993,#2995,#480,.T.);
#3751=EDGE_CURVE('',#2996,#2994,#481,.T.);
#3752=EDGE_CURVE('',#2995,#2996,#1932,.T.);
#3753=EDGE_CURVE('',#2995,#2997,#482,.T.);
#3754=EDGE_CURVE('',#2998,#2996,#483,.T.);
#3755=EDGE_CURVE('',#2997,#2998,#1933,.T.);
#3756=EDGE_CURVE('',#2997,#2999,#484,.T.);
#3757=EDGE_CURVE('',#3000,#2998,#485,.T.);
#3758=EDGE_CURVE('',#2999,#3000,#1934,.T.);
#3759=EDGE_CURVE('',#2999,#3001,#486,.T.);
#3760=EDGE_CURVE('',#3002,#3000,#487,.T.);
#3761=EDGE_CURVE('',#3001,#3002,#1935,.T.);
#3762=EDGE_CURVE('',#3001,#3003,#488,.T.);
#3763=EDGE_CURVE('',#3004,#3002,#489,.T.);
#3764=EDGE_CURVE('',#3003,#3004,#1936,.T.);
#3765=EDGE_CURVE('',#3003,#3005,#490,.T.);
#3766=EDGE_CURVE('',#3006,#3004,#491,.T.);
#3767=EDGE_CURVE('',#3005,#3006,#1937,.T.);
#3768=EDGE_CURVE('',#3005,#3007,#492,.T.);
#3769=EDGE_CURVE('',#3008,#3006,#493,.T.);
#3770=EDGE_CURVE('',#3007,#3008,#1938,.T.);
#3771=EDGE_CURVE('',#3007,#3009,#494,.T.);
#3772=EDGE_CURVE('',#3010,#3008,#495,.T.);
#3773=EDGE_CURVE('',#3009,#3010,#1939,.T.);
#3774=EDGE_CURVE('',#3009,#3011,#496,.T.);
#3775=EDGE_CURVE('',#3012,#3010,#497,.T.);
#3776=EDGE_CURVE('',#3011,#3012,#1940,.T.);
#3777=EDGE_CURVE('',#3011,#3013,#498,.T.);
#3778=EDGE_CURVE('',#3014,#3012,#499,.T.);
#3779=EDGE_CURVE('',#3013,#3014,#1941,.T.);
#3780=EDGE_CURVE('',#3013,#3015,#1942,.T.);
#3781=EDGE_CURVE('',#3016,#3014,#1943,.T.);
#3782=EDGE_CURVE('',#3015,#3016,#1944,.T.);
#3783=EDGE_CURVE('',#3015,#3017,#500,.T.);
#3784=EDGE_CURVE('',#3018,#3016,#501,.T.);
#3785=EDGE_CURVE('',#3017,#3018,#1945,.T.);
#3786=EDGE_CURVE('',#3017,#3019,#502,.T.);
#3787=EDGE_CURVE('',#3020,#3018,#503,.T.);
#3788=EDGE_CURVE('',#3019,#3020,#1946,.T.);
#3789=EDGE_CURVE('',#3019,#3021,#504,.T.);
#3790=EDGE_CURVE('',#3022,#3020,#505,.T.);
#3791=EDGE_CURVE('',#3021,#3022,#1947,.T.);
#3792=EDGE_CURVE('',#3021,#3023,#506,.T.);
#3793=EDGE_CURVE('',#3024,#3022,#507,.T.);
#3794=EDGE_CURVE('',#3023,#3024,#1948,.T.);
#3795=EDGE_CURVE('',#3023,#3025,#508,.T.);
#3796=EDGE_CURVE('',#3026,#3024,#509,.T.);
#3797=EDGE_CURVE('',#3025,#3026,#1949,.T.);
#3798=EDGE_CURVE('',#3025,#3027,#510,.T.);
#3799=EDGE_CURVE('',#3028,#3026,#511,.T.);
#3800=EDGE_CURVE('',#3027,#3028,#1950,.T.);
#3801=EDGE_CURVE('',#3027,#3029,#512,.T.);
#3802=EDGE_CURVE('',#3030,#3028,#513,.T.);
#3803=EDGE_CURVE('',#3029,#3030,#1951,.T.);
#3804=EDGE_CURVE('',#3029,#3031,#514,.T.);
#3805=EDGE_CURVE('',#3032,#3030,#515,.T.);
#3806=EDGE_CURVE('',#3031,#3032,#1952,.T.);
#3807=EDGE_CURVE('',#3031,#3033,#516,.T.);
#3808=EDGE_CURVE('',#3034,#3032,#517,.T.);
#3809=EDGE_CURVE('',#3033,#3034,#1953,.T.);
#3810=EDGE_CURVE('',#3033,#3035,#518,.T.);
#3811=EDGE_CURVE('',#3036,#3034,#519,.T.);
#3812=EDGE_CURVE('',#3035,#3036,#1954,.T.);
#3813=EDGE_CURVE('',#3035,#3037,#520,.T.);
#3814=EDGE_CURVE('',#3038,#3036,#521,.T.);
#3815=EDGE_CURVE('',#3037,#3038,#1955,.T.);
#3816=EDGE_CURVE('',#3037,#3039,#522,.T.);
#3817=EDGE_CURVE('',#3040,#3038,#523,.T.);
#3818=EDGE_CURVE('',#3039,#3040,#1956,.T.);
#3819=EDGE_CURVE('',#3039,#3041,#524,.T.);
#3820=EDGE_CURVE('',#3042,#3040,#525,.T.);
#3821=EDGE_CURVE('',#3041,#3042,#1957,.T.);
#3822=EDGE_CURVE('',#3041,#3043,#526,.T.);
#3823=EDGE_CURVE('',#3044,#3042,#527,.T.);
#3824=EDGE_CURVE('',#3043,#3044,#1958,.T.);
#3825=EDGE_CURVE('',#3043,#2979,#528,.T.);
#3826=EDGE_CURVE('',#2981,#3044,#529,.T.);
#3827=EDGE_CURVE('',#3045,#3046,#1959,.T.);
#3828=EDGE_CURVE('',#3045,#3047,#1960,.T.);
#3829=EDGE_CURVE('',#3048,#3047,#1961,.T.);
#3830=EDGE_CURVE('',#3046,#3048,#1962,.T.);
#3831=EDGE_CURVE('',#3046,#3049,#1963,.T.);
#3832=EDGE_CURVE('',#3050,#3048,#1964,.T.);
#3833=EDGE_CURVE('',#3049,#3050,#1965,.T.);
#3834=EDGE_CURVE('',#3049,#3051,#1966,.T.);
#3835=EDGE_CURVE('',#3052,#3050,#1967,.T.);
#3836=EDGE_CURVE('',#3051,#3052,#1968,.T.);
#3837=EDGE_CURVE('',#3051,#3045,#1969,.T.);
#3838=EDGE_CURVE('',#3047,#3052,#1970,.T.);
#3839=EDGE_CURVE('',#3053,#3054,#1971,.T.);
#3840=EDGE_CURVE('',#3053,#3055,#1972,.T.);
#3841=EDGE_CURVE('',#3056,#3055,#1973,.T.);
#3842=EDGE_CURVE('',#3054,#3056,#1974,.T.);
#3843=EDGE_CURVE('',#3054,#3057,#530,.T.);
#3844=EDGE_CURVE('',#3058,#3056,#531,.T.);
#3845=EDGE_CURVE('',#3057,#3058,#1975,.T.);
#3846=EDGE_CURVE('',#3057,#3059,#532,.T.);
#3847=EDGE_CURVE('',#3060,#3058,#533,.T.);
#3848=EDGE_CURVE('',#3059,#3060,#1976,.T.);
#3849=EDGE_CURVE('',#3059,#3061,#534,.T.);
#3850=EDGE_CURVE('',#3062,#3060,#535,.T.);
#3851=EDGE_CURVE('',#3061,#3062,#1977,.T.);
#3852=EDGE_CURVE('',#3061,#3063,#536,.T.);
#3853=EDGE_CURVE('',#3064,#3062,#537,.T.);
#3854=EDGE_CURVE('',#3063,#3064,#1978,.T.);
#3855=EDGE_CURVE('',#3063,#3065,#538,.T.);
#3856=EDGE_CURVE('',#3066,#3064,#539,.T.);
#3857=EDGE_CURVE('',#3065,#3066,#1979,.T.);
#3858=EDGE_CURVE('',#3065,#3067,#540,.T.);
#3859=EDGE_CURVE('',#3068,#3066,#541,.T.);
#3860=EDGE_CURVE('',#3067,#3068,#1980,.T.);
#3861=EDGE_CURVE('',#3067,#3069,#542,.T.);
#3862=EDGE_CURVE('',#3070,#3068,#543,.T.);
#3863=EDGE_CURVE('',#3069,#3070,#1981,.T.);
#3864=EDGE_CURVE('',#3069,#3071,#544,.T.);
#3865=EDGE_CURVE('',#3072,#3070,#545,.T.);
#3866=EDGE_CURVE('',#3071,#3072,#1982,.T.);
#3867=EDGE_CURVE('',#3071,#3073,#546,.T.);
#3868=EDGE_CURVE('',#3074,#3072,#547,.T.);
#3869=EDGE_CURVE('',#3073,#3074,#1983,.T.);
#3870=EDGE_CURVE('',#3073,#3075,#548,.T.);
#3871=EDGE_CURVE('',#3076,#3074,#549,.T.);
#3872=EDGE_CURVE('',#3075,#3076,#1984,.T.);
#3873=EDGE_CURVE('',#3075,#3077,#550,.T.);
#3874=EDGE_CURVE('',#3078,#3076,#551,.T.);
#3875=EDGE_CURVE('',#3077,#3078,#1985,.T.);
#3876=EDGE_CURVE('',#3077,#3079,#552,.T.);
#3877=EDGE_CURVE('',#3080,#3078,#553,.T.);
#3878=EDGE_CURVE('',#3079,#3080,#1986,.T.);
#3879=EDGE_CURVE('',#3079,#3081,#554,.T.);
#3880=EDGE_CURVE('',#3082,#3080,#555,.T.);
#3881=EDGE_CURVE('',#3081,#3082,#1987,.T.);
#3882=EDGE_CURVE('',#3081,#3083,#556,.T.);
#3883=EDGE_CURVE('',#3084,#3082,#557,.T.);
#3884=EDGE_CURVE('',#3083,#3084,#1988,.T.);
#3885=EDGE_CURVE('',#3083,#3085,#558,.T.);
#3886=EDGE_CURVE('',#3086,#3084,#559,.T.);
#3887=EDGE_CURVE('',#3085,#3086,#1989,.T.);
#3888=EDGE_CURVE('',#3085,#3087,#560,.T.);
#3889=EDGE_CURVE('',#3088,#3086,#561,.T.);
#3890=EDGE_CURVE('',#3087,#3088,#1990,.T.);
#3891=EDGE_CURVE('',#3087,#3089,#1991,.T.);
#3892=EDGE_CURVE('',#3090,#3088,#1992,.T.);
#3893=EDGE_CURVE('',#3089,#3090,#1993,.T.);
#3894=EDGE_CURVE('',#3089,#3091,#562,.T.);
#3895=EDGE_CURVE('',#3092,#3090,#563,.T.);
#3896=EDGE_CURVE('',#3091,#3092,#1994,.T.);
#3897=EDGE_CURVE('',#3091,#3093,#564,.T.);
#3898=EDGE_CURVE('',#3094,#3092,#565,.T.);
#3899=EDGE_CURVE('',#3093,#3094,#1995,.T.);
#3900=EDGE_CURVE('',#3093,#3095,#566,.T.);
#3901=EDGE_CURVE('',#3096,#3094,#567,.T.);
#3902=EDGE_CURVE('',#3095,#3096,#1996,.T.);
#3903=EDGE_CURVE('',#3095,#3097,#568,.T.);
#3904=EDGE_CURVE('',#3098,#3096,#569,.T.);
#3905=EDGE_CURVE('',#3097,#3098,#1997,.T.);
#3906=EDGE_CURVE('',#3097,#3099,#570,.T.);
#3907=EDGE_CURVE('',#3100,#3098,#571,.T.);
#3908=EDGE_CURVE('',#3099,#3100,#1998,.T.);
#3909=EDGE_CURVE('',#3099,#3101,#572,.T.);
#3910=EDGE_CURVE('',#3102,#3100,#573,.T.);
#3911=EDGE_CURVE('',#3101,#3102,#1999,.T.);
#3912=EDGE_CURVE('',#3101,#3103,#574,.T.);
#3913=EDGE_CURVE('',#3104,#3102,#575,.T.);
#3914=EDGE_CURVE('',#3103,#3104,#2000,.T.);
#3915=EDGE_CURVE('',#3103,#3105,#576,.T.);
#3916=EDGE_CURVE('',#3106,#3104,#577,.T.);
#3917=EDGE_CURVE('',#3105,#3106,#2001,.T.);
#3918=EDGE_CURVE('',#3105,#3107,#578,.T.);
#3919=EDGE_CURVE('',#3108,#3106,#579,.T.);
#3920=EDGE_CURVE('',#3107,#3108,#2002,.T.);
#3921=EDGE_CURVE('',#3107,#3109,#580,.T.);
#3922=EDGE_CURVE('',#3110,#3108,#581,.T.);
#3923=EDGE_CURVE('',#3109,#3110,#2003,.T.);
#3924=EDGE_CURVE('',#3109,#3111,#582,.T.);
#3925=EDGE_CURVE('',#3112,#3110,#583,.T.);
#3926=EDGE_CURVE('',#3111,#3112,#2004,.T.);
#3927=EDGE_CURVE('',#3111,#3113,#584,.T.);
#3928=EDGE_CURVE('',#3114,#3112,#585,.T.);
#3929=EDGE_CURVE('',#3113,#3114,#2005,.T.);
#3930=EDGE_CURVE('',#3113,#3115,#586,.T.);
#3931=EDGE_CURVE('',#3116,#3114,#587,.T.);
#3932=EDGE_CURVE('',#3115,#3116,#2006,.T.);
#3933=EDGE_CURVE('',#3115,#3117,#588,.T.);
#3934=EDGE_CURVE('',#3118,#3116,#589,.T.);
#3935=EDGE_CURVE('',#3117,#3118,#2007,.T.);
#3936=EDGE_CURVE('',#3117,#3053,#590,.T.);
#3937=EDGE_CURVE('',#3055,#3118,#591,.T.);
#3938=EDGE_CURVE('',#3119,#3120,#2008,.T.);
#3939=EDGE_CURVE('',#3119,#3121,#2009,.T.);
#3940=EDGE_CURVE('',#3122,#3121,#2010,.T.);
#3941=EDGE_CURVE('',#3120,#3122,#2011,.T.);
#3942=EDGE_CURVE('',#3120,#3123,#2012,.T.);
#3943=EDGE_CURVE('',#3124,#3122,#2013,.T.);
#3944=EDGE_CURVE('',#3123,#3124,#2014,.T.);
#3945=EDGE_CURVE('',#3123,#3125,#2015,.T.);
#3946=EDGE_CURVE('',#3126,#3124,#2016,.T.);
#3947=EDGE_CURVE('',#3125,#3126,#2017,.T.);
#3948=EDGE_CURVE('',#3125,#3119,#2018,.T.);
#3949=EDGE_CURVE('',#3121,#3126,#2019,.T.);
#3950=EDGE_CURVE('',#3127,#3128,#2020,.T.);
#3951=EDGE_CURVE('',#3127,#3129,#2021,.T.);
#3952=EDGE_CURVE('',#3130,#3129,#2022,.T.);
#3953=EDGE_CURVE('',#3128,#3130,#2023,.T.);
#3954=EDGE_CURVE('',#3128,#3131,#592,.T.);
#3955=EDGE_CURVE('',#3132,#3130,#593,.T.);
#3956=EDGE_CURVE('',#3131,#3132,#2024,.T.);
#3957=EDGE_CURVE('',#3131,#3133,#594,.T.);
#3958=EDGE_CURVE('',#3134,#3132,#595,.T.);
#3959=EDGE_CURVE('',#3133,#3134,#2025,.T.);
#3960=EDGE_CURVE('',#3133,#3135,#596,.T.);
#3961=EDGE_CURVE('',#3136,#3134,#597,.T.);
#3962=EDGE_CURVE('',#3135,#3136,#2026,.T.);
#3963=EDGE_CURVE('',#3135,#3137,#598,.T.);
#3964=EDGE_CURVE('',#3138,#3136,#599,.T.);
#3965=EDGE_CURVE('',#3137,#3138,#2027,.T.);
#3966=EDGE_CURVE('',#3137,#3139,#600,.T.);
#3967=EDGE_CURVE('',#3140,#3138,#601,.T.);
#3968=EDGE_CURVE('',#3139,#3140,#2028,.T.);
#3969=EDGE_CURVE('',#3139,#3141,#602,.T.);
#3970=EDGE_CURVE('',#3142,#3140,#603,.T.);
#3971=EDGE_CURVE('',#3141,#3142,#2029,.T.);
#3972=EDGE_CURVE('',#3141,#3143,#604,.T.);
#3973=EDGE_CURVE('',#3144,#3142,#605,.T.);
#3974=EDGE_CURVE('',#3143,#3144,#2030,.T.);
#3975=EDGE_CURVE('',#3143,#3145,#606,.T.);
#3976=EDGE_CURVE('',#3146,#3144,#607,.T.);
#3977=EDGE_CURVE('',#3145,#3146,#2031,.T.);
#3978=EDGE_CURVE('',#3145,#3147,#608,.T.);
#3979=EDGE_CURVE('',#3148,#3146,#609,.T.);
#3980=EDGE_CURVE('',#3147,#3148,#2032,.T.);
#3981=EDGE_CURVE('',#3147,#3149,#610,.T.);
#3982=EDGE_CURVE('',#3150,#3148,#611,.T.);
#3983=EDGE_CURVE('',#3149,#3150,#2033,.T.);
#3984=EDGE_CURVE('',#3149,#3151,#612,.T.);
#3985=EDGE_CURVE('',#3152,#3150,#613,.T.);
#3986=EDGE_CURVE('',#3151,#3152,#2034,.T.);
#3987=EDGE_CURVE('',#3151,#3153,#614,.T.);
#3988=EDGE_CURVE('',#3154,#3152,#615,.T.);
#3989=EDGE_CURVE('',#3153,#3154,#2035,.T.);
#3990=EDGE_CURVE('',#3153,#3155,#616,.T.);
#3991=EDGE_CURVE('',#3156,#3154,#617,.T.);
#3992=EDGE_CURVE('',#3155,#3156,#2036,.T.);
#3993=EDGE_CURVE('',#3155,#3157,#618,.T.);
#3994=EDGE_CURVE('',#3158,#3156,#619,.T.);
#3995=EDGE_CURVE('',#3157,#3158,#2037,.T.);
#3996=EDGE_CURVE('',#3157,#3159,#620,.T.);
#3997=EDGE_CURVE('',#3160,#3158,#621,.T.);
#3998=EDGE_CURVE('',#3159,#3160,#2038,.T.);
#3999=EDGE_CURVE('',#3159,#3161,#622,.T.);
#4000=EDGE_CURVE('',#3162,#3160,#623,.T.);
#4001=EDGE_CURVE('',#3161,#3162,#2039,.T.);
#4002=EDGE_CURVE('',#3161,#3163,#2040,.T.);
#4003=EDGE_CURVE('',#3164,#3162,#2041,.T.);
#4004=EDGE_CURVE('',#3163,#3164,#2042,.T.);
#4005=EDGE_CURVE('',#3163,#3165,#624,.T.);
#4006=EDGE_CURVE('',#3166,#3164,#625,.T.);
#4007=EDGE_CURVE('',#3165,#3166,#2043,.T.);
#4008=EDGE_CURVE('',#3165,#3167,#626,.T.);
#4009=EDGE_CURVE('',#3168,#3166,#627,.T.);
#4010=EDGE_CURVE('',#3167,#3168,#2044,.T.);
#4011=EDGE_CURVE('',#3167,#3169,#628,.T.);
#4012=EDGE_CURVE('',#3170,#3168,#629,.T.);
#4013=EDGE_CURVE('',#3169,#3170,#2045,.T.);
#4014=EDGE_CURVE('',#3169,#3171,#630,.T.);
#4015=EDGE_CURVE('',#3172,#3170,#631,.T.);
#4016=EDGE_CURVE('',#3171,#3172,#2046,.T.);
#4017=EDGE_CURVE('',#3171,#3173,#632,.T.);
#4018=EDGE_CURVE('',#3174,#3172,#633,.T.);
#4019=EDGE_CURVE('',#3173,#3174,#2047,.T.);
#4020=EDGE_CURVE('',#3173,#3175,#634,.T.);
#4021=EDGE_CURVE('',#3176,#3174,#635,.T.);
#4022=EDGE_CURVE('',#3175,#3176,#2048,.T.);
#4023=EDGE_CURVE('',#3175,#3177,#636,.T.);
#4024=EDGE_CURVE('',#3178,#3176,#637,.T.);
#4025=EDGE_CURVE('',#3177,#3178,#2049,.T.);
#4026=EDGE_CURVE('',#3177,#3179,#638,.T.);
#4027=EDGE_CURVE('',#3180,#3178,#639,.T.);
#4028=EDGE_CURVE('',#3179,#3180,#2050,.T.);
#4029=EDGE_CURVE('',#3179,#3181,#640,.T.);
#4030=EDGE_CURVE('',#3182,#3180,#641,.T.);
#4031=EDGE_CURVE('',#3181,#3182,#2051,.T.);
#4032=EDGE_CURVE('',#3181,#3183,#642,.T.);
#4033=EDGE_CURVE('',#3184,#3182,#643,.T.);
#4034=EDGE_CURVE('',#3183,#3184,#2052,.T.);
#4035=EDGE_CURVE('',#3183,#3185,#644,.T.);
#4036=EDGE_CURVE('',#3186,#3184,#645,.T.);
#4037=EDGE_CURVE('',#3185,#3186,#2053,.T.);
#4038=EDGE_CURVE('',#3185,#3187,#646,.T.);
#4039=EDGE_CURVE('',#3188,#3186,#647,.T.);
#4040=EDGE_CURVE('',#3187,#3188,#2054,.T.);
#4041=EDGE_CURVE('',#3187,#3189,#648,.T.);
#4042=EDGE_CURVE('',#3190,#3188,#649,.T.);
#4043=EDGE_CURVE('',#3189,#3190,#2055,.T.);
#4044=EDGE_CURVE('',#3189,#3191,#650,.T.);
#4045=EDGE_CURVE('',#3192,#3190,#651,.T.);
#4046=EDGE_CURVE('',#3191,#3192,#2056,.T.);
#4047=EDGE_CURVE('',#3191,#3127,#652,.T.);
#4048=EDGE_CURVE('',#3129,#3192,#653,.T.);
#4049=EDGE_CURVE('',#3193,#3194,#2057,.T.);
#4050=EDGE_CURVE('',#3193,#3195,#2058,.T.);
#4051=EDGE_CURVE('',#3196,#3195,#2059,.T.);
#4052=EDGE_CURVE('',#3194,#3196,#2060,.T.);
#4053=EDGE_CURVE('',#3194,#3197,#2061,.T.);
#4054=EDGE_CURVE('',#3198,#3196,#2062,.T.);
#4055=EDGE_CURVE('',#3197,#3198,#2063,.T.);
#4056=EDGE_CURVE('',#3197,#3199,#654,.T.);
#4057=EDGE_CURVE('',#3200,#3198,#655,.T.);
#4058=EDGE_CURVE('',#3199,#3200,#2064,.T.);
#4059=EDGE_CURVE('',#3199,#3201,#656,.T.);
#4060=EDGE_CURVE('',#3202,#3200,#657,.T.);
#4061=EDGE_CURVE('',#3201,#3202,#2065,.T.);
#4062=EDGE_CURVE('',#3201,#3193,#2066,.T.);
#4063=EDGE_CURVE('',#3195,#3202,#2067,.T.);
#4064=EDGE_CURVE('',#3203,#3204,#2068,.T.);
#4065=EDGE_CURVE('',#3203,#3205,#2069,.T.);
#4066=EDGE_CURVE('',#3206,#3205,#2070,.T.);
#4067=EDGE_CURVE('',#3204,#3206,#2071,.T.);
#4068=EDGE_CURVE('',#3204,#3207,#2072,.T.);
#4069=EDGE_CURVE('',#3208,#3206,#2073,.T.);
#4070=EDGE_CURVE('',#3207,#3208,#2074,.T.);
#4071=EDGE_CURVE('',#3207,#3209,#2075,.T.);
#4072=EDGE_CURVE('',#3210,#3208,#2076,.T.);
#4073=EDGE_CURVE('',#3209,#3210,#2077,.T.);
#4074=EDGE_CURVE('',#3209,#3211,#2078,.T.);
#4075=EDGE_CURVE('',#3212,#3210,#2079,.T.);
#4076=EDGE_CURVE('',#3211,#3212,#2080,.T.);
#4077=EDGE_CURVE('',#3211,#3213,#2081,.T.);
#4078=EDGE_CURVE('',#3214,#3212,#2082,.T.);
#4079=EDGE_CURVE('',#3213,#3214,#2083,.T.);
#4080=EDGE_CURVE('',#3213,#3215,#2084,.T.);
#4081=EDGE_CURVE('',#3216,#3214,#2085,.T.);
#4082=EDGE_CURVE('',#3215,#3216,#2086,.T.);
#4083=EDGE_CURVE('',#3215,#3217,#2087,.T.);
#4084=EDGE_CURVE('',#3218,#3216,#2088,.T.);
#4085=EDGE_CURVE('',#3217,#3218,#2089,.T.);
#4086=EDGE_CURVE('',#3217,#3203,#2090,.T.);
#4087=EDGE_CURVE('',#3205,#3218,#2091,.T.);
#4088=EDGE_CURVE('',#3219,#3220,#2092,.T.);
#4089=EDGE_CURVE('',#3221,#3219,#2093,.T.);
#4090=EDGE_CURVE('',#3222,#3221,#2094,.T.);
#4091=EDGE_CURVE('',#3222,#3220,#2095,.T.);
#4092=EDGE_CURVE('',#3223,#3224,#2096,.T.);
#4093=EDGE_CURVE('',#3224,#3225,#658,.T.);
#4094=EDGE_CURVE('',#3225,#3226,#659,.T.);
#4095=EDGE_CURVE('',#3226,#3227,#660,.T.);
#4096=EDGE_CURVE('',#3227,#3228,#661,.T.);
#4097=EDGE_CURVE('',#3228,#3229,#662,.T.);
#4098=EDGE_CURVE('',#3229,#3230,#663,.T.);
#4099=EDGE_CURVE('',#3230,#3231,#664,.T.);
#4100=EDGE_CURVE('',#3231,#3232,#665,.T.);
#4101=EDGE_CURVE('',#3232,#3233,#666,.T.);
#4102=EDGE_CURVE('',#3233,#3234,#2097,.T.);
#4103=EDGE_CURVE('',#3234,#3235,#2098,.T.);
#4104=EDGE_CURVE('',#3235,#3236,#2099,.T.);
#4105=EDGE_CURVE('',#3236,#3223,#2100,.T.);
#4106=EDGE_CURVE('',#3237,#3238,#667,.T.);
#4107=EDGE_CURVE('',#3238,#3239,#668,.T.);
#4108=EDGE_CURVE('',#3239,#3240,#669,.T.);
#4109=EDGE_CURVE('',#3240,#3241,#670,.T.);
#4110=EDGE_CURVE('',#3241,#3242,#671,.T.);
#4111=EDGE_CURVE('',#3242,#3243,#672,.T.);
#4112=EDGE_CURVE('',#3243,#3244,#673,.T.);
#4113=EDGE_CURVE('',#3244,#3245,#674,.T.);
#4114=EDGE_CURVE('',#3245,#3237,#675,.T.);
#4115=EDGE_CURVE('',#3246,#3247,#2101,.T.);
#4116=EDGE_CURVE('',#3247,#3248,#2102,.T.);
#4117=EDGE_CURVE('',#3248,#3249,#2103,.T.);
#4118=EDGE_CURVE('',#3249,#3250,#676,.T.);
#4119=EDGE_CURVE('',#3250,#3251,#677,.T.);
#4120=EDGE_CURVE('',#3251,#3252,#678,.T.);
#4121=EDGE_CURVE('',#3252,#3253,#2104,.T.);
#4122=EDGE_CURVE('',#3253,#3254,#679,.T.);
#4123=EDGE_CURVE('',#3254,#3255,#680,.T.);
#4124=EDGE_CURVE('',#3255,#3256,#681,.T.);
#4125=EDGE_CURVE('',#3256,#3257,#682,.T.);
#4126=EDGE_CURVE('',#3257,#3258,#2105,.T.);
#4127=EDGE_CURVE('',#3258,#3246,#2106,.T.);
#4128=EDGE_CURVE('',#3246,#3259,#2107,.T.);
#4129=EDGE_CURVE('',#3260,#3259,#2108,.T.);
#4130=EDGE_CURVE('',#3247,#3260,#2109,.T.);
#4131=EDGE_CURVE('',#3261,#3260,#2110,.T.);
#4132=EDGE_CURVE('',#3248,#3261,#2111,.T.);
#4133=EDGE_CURVE('',#3262,#3261,#2112,.T.);
#4134=EDGE_CURVE('',#3249,#3262,#2113,.T.);
#4135=EDGE_CURVE('',#3263,#3262,#683,.T.);
#4136=EDGE_CURVE('',#3250,#3263,#2114,.T.);
#4137=EDGE_CURVE('',#3264,#3263,#684,.T.);
#4138=EDGE_CURVE('',#3251,#3264,#2115,.T.);
#4139=EDGE_CURVE('',#3265,#3264,#685,.T.);
#4140=EDGE_CURVE('',#3252,#3265,#2116,.T.);
#4141=EDGE_CURVE('',#3266,#3265,#2117,.T.);
#4142=EDGE_CURVE('',#3253,#3266,#2118,.T.);
#4143=EDGE_CURVE('',#3267,#3266,#686,.T.);
#4144=EDGE_CURVE('',#3254,#3267,#2119,.T.);
#4145=EDGE_CURVE('',#3268,#3267,#687,.T.);
#4146=EDGE_CURVE('',#3255,#3268,#2120,.T.);
#4147=EDGE_CURVE('',#3269,#3268,#688,.T.);
#4148=EDGE_CURVE('',#3256,#3269,#2121,.T.);
#4149=EDGE_CURVE('',#3270,#3269,#689,.T.);
#4150=EDGE_CURVE('',#3257,#3270,#2122,.T.);
#4151=EDGE_CURVE('',#3271,#3270,#2123,.T.);
#4152=EDGE_CURVE('',#3258,#3271,#2124,.T.);
#4153=EDGE_CURVE('',#3259,#3271,#2125,.T.);
#4154=EDGE_CURVE('',#3272,#3273,#690,.T.);
#4155=EDGE_CURVE('',#3272,#3274,#2126,.T.);
#4156=EDGE_CURVE('',#3275,#3274,#691,.T.);
#4157=EDGE_CURVE('',#3273,#3275,#2127,.T.);
#4158=EDGE_CURVE('',#3273,#3276,#692,.T.);
#4159=EDGE_CURVE('',#3277,#3275,#693,.T.);
#4160=EDGE_CURVE('',#3276,#3277,#2128,.T.);
#4161=EDGE_CURVE('',#3276,#3278,#694,.T.);
#4162=EDGE_CURVE('',#3279,#3277,#695,.T.);
#4163=EDGE_CURVE('',#3278,#3279,#2129,.T.);
#4164=EDGE_CURVE('',#3278,#3280,#696,.T.);
#4165=EDGE_CURVE('',#3281,#3279,#697,.T.);
#4166=EDGE_CURVE('',#3280,#3281,#2130,.T.);
#4167=EDGE_CURVE('',#3280,#3282,#698,.T.);
#4168=EDGE_CURVE('',#3283,#3281,#699,.T.);
#4169=EDGE_CURVE('',#3282,#3283,#2131,.T.);
#4170=EDGE_CURVE('',#3282,#3284,#700,.T.);
#4171=EDGE_CURVE('',#3285,#3283,#701,.T.);
#4172=EDGE_CURVE('',#3284,#3285,#2132,.T.);
#4173=EDGE_CURVE('',#3284,#3286,#702,.T.);
#4174=EDGE_CURVE('',#3287,#3285,#703,.T.);
#4175=EDGE_CURVE('',#3286,#3287,#2133,.T.);
#4176=EDGE_CURVE('',#3286,#3272,#704,.T.);
#4177=EDGE_CURVE('',#3274,#3287,#705,.T.);
#4178=EDGE_CURVE('',#3223,#3288,#2134,.T.);
#4179=EDGE_CURVE('',#3289,#3288,#2135,.T.);
#4180=EDGE_CURVE('',#3224,#3289,#2136,.T.);
#4181=EDGE_CURVE('',#3290,#3289,#706,.T.);
#4182=EDGE_CURVE('',#3225,#3290,#2137,.T.);
#4183=EDGE_CURVE('',#3291,#3290,#707,.T.);
#4184=EDGE_CURVE('',#3226,#3291,#2138,.T.);
#4185=EDGE_CURVE('',#3292,#3291,#708,.T.);
#4186=EDGE_CURVE('',#3227,#3292,#2139,.T.);
#4187=EDGE_CURVE('',#3293,#3292,#709,.T.);
#4188=EDGE_CURVE('',#3228,#3293,#2140,.T.);
#4189=EDGE_CURVE('',#3294,#3293,#710,.T.);
#4190=EDGE_CURVE('',#3229,#3294,#2141,.T.);
#4191=EDGE_CURVE('',#3295,#3294,#711,.T.);
#4192=EDGE_CURVE('',#3230,#3295,#2142,.T.);
#4193=EDGE_CURVE('',#3296,#3295,#712,.T.);
#4194=EDGE_CURVE('',#3231,#3296,#2143,.T.);
#4195=EDGE_CURVE('',#3297,#3296,#713,.T.);
#4196=EDGE_CURVE('',#3232,#3297,#2144,.T.);
#4197=EDGE_CURVE('',#3298,#3297,#714,.T.);
#4198=EDGE_CURVE('',#3233,#3298,#2145,.T.);
#4199=EDGE_CURVE('',#3299,#3298,#2146,.T.);
#4200=EDGE_CURVE('',#3234,#3299,#2147,.T.);
#4201=EDGE_CURVE('',#3300,#3299,#2148,.T.);
#4202=EDGE_CURVE('',#3235,#3300,#2149,.T.);
#4203=EDGE_CURVE('',#3301,#3300,#2150,.T.);
#4204=EDGE_CURVE('',#3236,#3301,#2151,.T.);
#4205=EDGE_CURVE('',#3288,#3301,#2152,.T.);
#4206=EDGE_CURVE('',#3302,#3303,#715,.T.);
#4207=EDGE_CURVE('',#3302,#3304,#2153,.T.);
#4208=EDGE_CURVE('',#3305,#3304,#716,.T.);
#4209=EDGE_CURVE('',#3303,#3305,#2154,.T.);
#4210=EDGE_CURVE('',#3303,#3306,#717,.T.);
#4211=EDGE_CURVE('',#3307,#3305,#718,.T.);
#4212=EDGE_CURVE('',#3306,#3307,#2155,.T.);
#4213=EDGE_CURVE('',#3306,#3308,#719,.T.);
#4214=EDGE_CURVE('',#3309,#3307,#720,.T.);
#4215=EDGE_CURVE('',#3308,#3309,#2156,.T.);
#4216=EDGE_CURVE('',#3308,#3310,#721,.T.);
#4217=EDGE_CURVE('',#3311,#3309,#722,.T.);
#4218=EDGE_CURVE('',#3310,#3311,#2157,.T.);
#4219=EDGE_CURVE('',#3310,#3312,#723,.T.);
#4220=EDGE_CURVE('',#3313,#3311,#724,.T.);
#4221=EDGE_CURVE('',#3312,#3313,#2158,.T.);
#4222=EDGE_CURVE('',#3312,#3314,#725,.T.);
#4223=EDGE_CURVE('',#3315,#3313,#726,.T.);
#4224=EDGE_CURVE('',#3314,#3315,#2159,.T.);
#4225=EDGE_CURVE('',#3314,#3316,#727,.T.);
#4226=EDGE_CURVE('',#3317,#3315,#728,.T.);
#4227=EDGE_CURVE('',#3316,#3317,#2160,.T.);
#4228=EDGE_CURVE('',#3316,#3302,#729,.T.);
#4229=EDGE_CURVE('',#3304,#3317,#730,.T.);
#4230=EDGE_CURVE('',#3237,#3318,#2161,.T.);
#4231=EDGE_CURVE('',#3319,#3318,#731,.T.);
#4232=EDGE_CURVE('',#3238,#3319,#2162,.T.);
#4233=EDGE_CURVE('',#3320,#3319,#732,.T.);
#4234=EDGE_CURVE('',#3239,#3320,#2163,.T.);
#4235=EDGE_CURVE('',#3321,#3320,#733,.T.);
#4236=EDGE_CURVE('',#3240,#3321,#2164,.T.);
#4237=EDGE_CURVE('',#3322,#3321,#734,.T.);
#4238=EDGE_CURVE('',#3241,#3322,#2165,.T.);
#4239=EDGE_CURVE('',#3323,#3322,#735,.T.);
#4240=EDGE_CURVE('',#3242,#3323,#2166,.T.);
#4241=EDGE_CURVE('',#3324,#3323,#736,.T.);
#4242=EDGE_CURVE('',#3243,#3324,#2167,.T.);
#4243=EDGE_CURVE('',#3325,#3324,#737,.T.);
#4244=EDGE_CURVE('',#3244,#3325,#2168,.T.);
#4245=EDGE_CURVE('',#3326,#3325,#738,.T.);
#4246=EDGE_CURVE('',#3245,#3326,#2169,.T.);
#4247=EDGE_CURVE('',#3318,#3326,#739,.T.);
#4248=EDGE_CURVE('',#3327,#3328,#2170,.T.);
#4249=EDGE_CURVE('',#3328,#3329,#245,.T.);
#4250=EDGE_CURVE('',#3329,#3330,#2171,.T.);
#4251=EDGE_CURVE('',#3327,#3330,#246,.T.);
#4252=EDGE_CURVE('',#3331,#3329,#2172,.T.);
#4253=EDGE_CURVE('',#3328,#3332,#2173,.T.);
#4254=EDGE_CURVE('',#3332,#3331,#247,.T.);
#4255=EDGE_CURVE('',#3333,#3331,#2174,.T.);
#4256=EDGE_CURVE('',#3332,#3334,#2175,.T.);
#4257=EDGE_CURVE('',#3334,#3333,#248,.T.);
#4258=EDGE_CURVE('',#3330,#3333,#2176,.T.);
#4259=EDGE_CURVE('',#3334,#3327,#2177,.T.);
#4260=EDGE_CURVE('',#3335,#3330,#2178,.T.);
#4261=EDGE_CURVE('',#3336,#3335,#2179,.T.);
#4262=EDGE_CURVE('',#3336,#3333,#2180,.T.);
#4263=EDGE_CURVE('',#3337,#3329,#2181,.T.);
#4264=EDGE_CURVE('',#3335,#3337,#2182,.T.);
#4265=EDGE_CURVE('',#3338,#3338,#127,.T.);
#4266=EDGE_CURVE('',#3339,#3339,#128,.T.);
#4267=EDGE_CURVE('',#3339,#3338,#2183,.T.);
#4268=EDGE_CURVE('',#3340,#3340,#129,.T.);
#4269=EDGE_CURVE('',#3340,#3341,#130,.T.);
#4270=EDGE_CURVE('',#3341,#3341,#131,.T.);
#4271=EDGE_CURVE('',#3342,#3343,#132,.T.);
#4272=EDGE_CURVE('',#3342,#3340,#2184,.T.);
#4273=EDGE_CURVE('',#3343,#3342,#133,.T.);
#4274=EDGE_CURVE('',#3344,#3345,#2185,.T.);
#4275=EDGE_CURVE('',#3346,#3344,#2186,.T.);
#4276=EDGE_CURVE('',#3347,#3346,#2187,.T.);
#4277=EDGE_CURVE('',#3345,#3347,#2188,.T.);
#4278=EDGE_CURVE('',#3348,#3348,#134,.T.);
#4279=EDGE_CURVE('',#3348,#3343,#135,.T.);
#4280=EDGE_CURVE('',#3349,#3350,#2189,.T.);
#4281=EDGE_CURVE('',#3350,#3337,#249,.T.);
#4282=EDGE_CURVE('',#3337,#3351,#2190,.T.);
#4283=EDGE_CURVE('',#3349,#3351,#250,.T.);
#4284=EDGE_CURVE('',#3352,#3353,#2191,.T.);
#4285=EDGE_CURVE('',#3353,#3336,#251,.T.);
#4286=EDGE_CURVE('',#3335,#3352,#252,.T.);
#4287=EDGE_CURVE('',#3351,#3336,#2192,.T.);
#4288=EDGE_CURVE('',#3353,#3349,#2193,.T.);
#4289=EDGE_CURVE('',#3350,#3352,#2194,.T.);
#4290=EDGE_CURVE('',#3354,#3355,#2195,.T.);
#4291=EDGE_CURVE('',#3356,#3354,#2196,.T.);
#4292=EDGE_CURVE('',#3357,#3356,#2197,.T.);
#4293=EDGE_CURVE('',#3355,#3357,#2198,.T.);
#4294=EDGE_CURVE('',#3358,#3222,#2199,.T.);
#4295=EDGE_CURVE('',#3222,#3354,#253,.T.);
#4296=EDGE_CURVE('',#3355,#3358,#254,.T.);
#4297=EDGE_CURVE('',#3359,#3221,#136,.F.);
#4298=EDGE_CURVE('',#3356,#3359,#137,.F.);
#4299=EDGE_CURVE('',#3221,#3356,#138,.F.);
#4300=EDGE_CURVE('',#3360,#3361,#139,.F.);
#4301=EDGE_CURVE('',#3357,#3360,#140,.F.);
#4302=EDGE_CURVE('',#3361,#3357,#141,.F.);
#4303=EDGE_CURVE('',#3360,#3358,#2200,.T.);
#4304=EDGE_CURVE('',#3359,#3361,#2201,.T.);
#4305=EDGE_CURVE('',#3362,#3344,#142,.F.);
#4306=EDGE_CURVE('',#3219,#3362,#143,.F.);
#4307=EDGE_CURVE('',#3344,#3219,#144,.F.);
#4308=EDGE_CURVE('',#3362,#3359,#2202,.T.);
#4309=EDGE_CURVE('',#3363,#3345,#145,.F.);
#4310=EDGE_CURVE('',#3364,#3363,#146,.F.);
#4311=EDGE_CURVE('',#3345,#3364,#147,.F.);
#4312=EDGE_CURVE('',#3363,#3360,#2203,.T.);
#4313=EDGE_CURVE('',#3361,#3364,#2204,.T.);
#4314=EDGE_CURVE('',#3364,#3362,#2205,.T.);
#4315=EDGE_CURVE('',#3365,#3363,#2206,.T.);
#4316=EDGE_CURVE('',#3347,#3365,#255,.T.);
#4317=EDGE_CURVE('',#3220,#3365,#2207,.T.);
#4318=EDGE_CURVE('',#3346,#3220,#256,.T.);
#4319=EDGE_CURVE('',#3358,#3365,#2208,.T.);
#4320=EDGE_CURVE('',#3351,#3331,#2209,.T.);
#4321=EDGE_CURVE('',#3366,#3366,#148,.T.);
#4322=EDGE_CURVE('',#3366,#3367,#2210,.T.);
#4323=EDGE_CURVE('',#3367,#3367,#149,.T.);
#4324=EDGE_CURVE('',#3368,#3368,#150,.T.);
#4325=EDGE_CURVE('',#3368,#3369,#151,.T.);
#4326=EDGE_CURVE('',#3369,#3369,#152,.T.);
#4327=EDGE_CURVE('',#3370,#3370,#153,.T.);
#4328=EDGE_CURVE('',#3370,#3368,#2211,.T.);
#4329=EDGE_CURVE('',#3371,#3371,#154,.T.);
#4330=EDGE_CURVE('',#3372,#3372,#155,.T.);
#4331=EDGE_CURVE('',#3372,#3370,#156,.T.);
#4332=EDGE_CURVE('',#3371,#3373,#157,.T.);
#4333=EDGE_CURVE('',#3373,#3373,#158,.T.);
#4334=EDGE_CURVE('',#3373,#3374,#2212,.T.);
#4335=EDGE_CURVE('',#3374,#3374,#159,.T.);
#4336=EDGE_CURVE('',#3375,#3375,#160,.T.);
#4337=EDGE_CURVE('',#3375,#3374,#161,.T.);
#4338=EDGE_CURVE('',#3376,#3377,#162,.T.);
#4339=EDGE_CURVE('',#3378,#3377,#2213,.T.);
#4340=EDGE_CURVE('',#3378,#3379,#163,.T.);
#4341=EDGE_CURVE('',#3379,#3376,#2214,.T.);
#4342=EDGE_CURVE('',#3380,#3378,#164,.T.);
#4343=EDGE_CURVE('',#3381,#3380,#2215,.T.);
#4344=EDGE_CURVE('',#3382,#3381,#165,.T.);
#4345=EDGE_CURVE('',#3383,#3382,#166,.T.);
#4346=EDGE_CURVE('',#3379,#3383,#2216,.T.);
#4347=EDGE_CURVE('',#3377,#3384,#167,.T.);
#4348=EDGE_CURVE('',#3384,#3380,#2217,.T.);
#4349=EDGE_CURVE('',#3385,#3386,#168,.T.);
#4350=EDGE_CURVE('',#3386,#3383,#2218,.T.);
#4351=EDGE_CURVE('',#3385,#3382,#2219,.T.);
#4352=EDGE_CURVE('',#3376,#3386,#2220,.T.);
#4353=EDGE_CURVE('',#3387,#3385,#169,.T.);
#4354=EDGE_CURVE('',#3387,#3384,#2221,.T.);
#4355=EDGE_CURVE('',#3381,#3387,#2222,.T.);
#4356=EDGE_CURVE('',#3388,#3388,#170,.T.);
#4357=EDGE_CURVE('',#3388,#3389,#2223,.T.);
#4358=EDGE_CURVE('',#3389,#3389,#171,.T.);
#4359=EDGE_CURVE('',#3390,#3390,#172,.T.);
#4360=EDGE_CURVE('',#3390,#3391,#173,.T.);
#4361=EDGE_CURVE('',#3391,#3391,#174,.T.);
#4362=EDGE_CURVE('',#3392,#3392,#175,.T.);
#4363=EDGE_CURVE('',#3392,#3390,#2224,.T.);
#4364=EDGE_CURVE('',#3393,#3393,#176,.T.);
#4365=EDGE_CURVE('',#3394,#3394,#177,.T.);
#4366=EDGE_CURVE('',#3394,#3392,#178,.T.);
#4367=EDGE_CURVE('',#3393,#3395,#179,.T.);
#4368=EDGE_CURVE('',#3395,#3395,#180,.T.);
#4369=EDGE_CURVE('',#3395,#3396,#2225,.T.);
#4370=EDGE_CURVE('',#3396,#3396,#181,.T.);
#4371=EDGE_CURVE('',#3397,#3397,#182,.T.);
#4372=EDGE_CURVE('',#3397,#3396,#183,.T.);
#4373=EDGE_CURVE('',#3398,#3399,#184,.T.);
#4374=EDGE_CURVE('',#3398,#3400,#2226,.T.);
#4375=EDGE_CURVE('',#3401,#3400,#185,.T.);
#4376=EDGE_CURVE('',#3401,#3399,#2227,.T.);
#4377=EDGE_CURVE('',#3402,#3398,#2228,.T.);
#4378=EDGE_CURVE('',#3403,#3402,#2229,.T.);
#4379=EDGE_CURVE('',#3400,#3403,#2230,.T.);
#4380=EDGE_CURVE('',#3404,#3404,#186,.T.);
#4381=EDGE_CURVE('',#3405,#3402,#187,.T.);
#4382=EDGE_CURVE('',#3399,#3405,#2231,.T.);
#4383=EDGE_CURVE('',#3406,#3401,#2232,.T.);
#4384=EDGE_CURVE('',#3405,#3406,#2233,.T.);
#4385=EDGE_CURVE('',#3407,#3407,#188,.T.);
#4386=EDGE_CURVE('',#3403,#3406,#189,.T.);
#4387=EDGE_CURVE('',#3407,#3404,#2234,.T.);
#4388=EDGE_CURVE('',#3408,#3408,#190,.T.);
#4389=EDGE_CURVE('',#3408,#3409,#191,.T.);
#4390=EDGE_CURVE('',#3409,#3410,#192,.T.);
#4391=EDGE_CURVE('',#3410,#3409,#193,.T.);
#4392=EDGE_CURVE('',#3410,#3411,#2235,.T.);
#4393=EDGE_CURVE('',#3412,#3411,#194,.T.);
#4394=EDGE_CURVE('',#3411,#3412,#195,.T.);
#4395=EDGE_CURVE('',#3413,#3413,#196,.T.);
#4396=EDGE_CURVE('',#3412,#3414,#197,.T.);
#4397=EDGE_CURVE('',#3414,#3414,#198,.T.);
#4398=EDGE_CURVE('',#3415,#3415,#199,.T.);
#4399=EDGE_CURVE('',#3415,#3413,#2236,.T.);
#4400=EDGE_CURVE('',#3416,#3417,#200,.F.);
#4401=EDGE_CURVE('',#3418,#3416,#201,.F.);
#4402=EDGE_CURVE('',#3417,#3418,#202,.F.);
#4403=EDGE_CURVE('',#3419,#3420,#203,.F.);
#4404=EDGE_CURVE('',#3421,#3419,#204,.F.);
#4405=EDGE_CURVE('',#3420,#3421,#205,.F.);
#4406=EDGE_CURVE('',#3416,#3421,#2237,.T.);
#4407=EDGE_CURVE('',#3419,#3418,#2238,.T.);
#4408=EDGE_CURVE('',#3422,#3423,#206,.F.);
#4409=EDGE_CURVE('',#3424,#3422,#207,.F.);
#4410=EDGE_CURVE('',#3423,#3424,#208,.F.);
#4411=EDGE_CURVE('',#3425,#3426,#209,.F.);
#4412=EDGE_CURVE('',#3427,#3425,#210,.F.);
#4413=EDGE_CURVE('',#3426,#3427,#211,.F.);
#4414=EDGE_CURVE('',#3428,#3429,#212,.F.);
#4415=EDGE_CURVE('',#3430,#3428,#213,.F.);
#4416=EDGE_CURVE('',#3429,#3430,#214,.F.);
#4417=EDGE_CURVE('',#3428,#3427,#2239,.T.);
#4418=EDGE_CURVE('',#3425,#3430,#2240,.T.);
#4419=EDGE_CURVE('',#3431,#3432,#215,.F.);
#4420=EDGE_CURVE('',#3433,#3431,#216,.F.);
#4421=EDGE_CURVE('',#3432,#3433,#217,.F.);
#4422=EDGE_CURVE('',#3434,#3435,#218,.F.);
#4423=EDGE_CURVE('',#3436,#3434,#219,.F.);
#4424=EDGE_CURVE('',#3435,#3436,#220,.F.);
#4425=EDGE_CURVE('',#3437,#3438,#221,.F.);
#4426=EDGE_CURVE('',#3439,#3437,#222,.F.);
#4427=EDGE_CURVE('',#3438,#3439,#223,.F.);
#4428=EDGE_CURVE('',#3440,#3441,#224,.F.);
#4429=EDGE_CURVE('',#3442,#3440,#225,.F.);
#4430=EDGE_CURVE('',#3441,#3442,#226,.F.);
#4431=EDGE_CURVE('',#3443,#3444,#227,.F.);
#4432=EDGE_CURVE('',#3445,#3443,#228,.F.);
#4433=EDGE_CURVE('',#3444,#3445,#229,.F.);
#4434=EDGE_CURVE('',#3446,#3445,#2241,.T.);
#4435=EDGE_CURVE('',#3443,#3447,#2242,.T.);
#4436=EDGE_CURVE('',#3447,#3446,#257,.T.);
#4437=EDGE_CURVE('',#3445,#3442,#2243,.T.);
#4438=EDGE_CURVE('',#3440,#3444,#2244,.T.);
#4439=EDGE_CURVE('',#3437,#3443,#2245,.T.);
#4440=EDGE_CURVE('',#3444,#3439,#2246,.T.);
#4441=EDGE_CURVE('',#3447,#3436,#2247,.T.);
#4442=EDGE_CURVE('',#3434,#3446,#2248,.T.);
#4443=EDGE_CURVE('',#3448,#3441,#2249,.T.);
#4444=EDGE_CURVE('',#3442,#3449,#2250,.T.);
#4445=EDGE_CURVE('',#3449,#3448,#258,.T.);
#4446=EDGE_CURVE('',#3431,#3440,#2251,.T.);
#4447=EDGE_CURVE('',#3441,#3433,#2252,.T.);
#4448=EDGE_CURVE('',#3432,#3438,#2253,.T.);
#4449=EDGE_CURVE('',#3439,#3431,#2254,.T.);
#4450=EDGE_CURVE('',#3438,#3429,#2255,.T.);
#4451=EDGE_CURVE('',#3430,#3437,#2256,.T.);
#4452=EDGE_CURVE('',#3426,#3435,#2257,.T.);
#4453=EDGE_CURVE('',#3436,#3425,#2258,.T.);
#4454=EDGE_CURVE('',#3435,#3423,#2259,.T.);
#4455=EDGE_CURVE('',#3424,#3434,#2260,.T.);
#4456=EDGE_CURVE('',#3449,#3424,#2261,.T.);
#4457=EDGE_CURVE('',#3422,#3448,#2262,.T.);
#4458=EDGE_CURVE('',#3420,#3432,#2263,.T.);
#4459=EDGE_CURVE('',#3433,#3419,#2264,.T.);
#4460=EDGE_CURVE('',#3429,#3420,#2265,.T.);
#4461=EDGE_CURVE('',#3421,#3428,#2266,.T.);
#4462=EDGE_CURVE('',#3417,#3426,#2267,.T.);
#4463=EDGE_CURVE('',#3427,#3416,#2268,.T.);
#4464=EDGE_CURVE('',#3423,#3417,#2269,.T.);
#4465=EDGE_CURVE('',#3418,#3422,#2270,.T.);
#4466=EDGE_CURVE('',#3446,#3449,#2271,.T.);
#4467=EDGE_CURVE('',#3450,#3450,#230,.T.);
#4468=EDGE_CURVE('',#3451,#3451,#231,.T.);
#4469=EDGE_CURVE('',#3450,#3451,#2272,.T.);
#4470=EDGE_CURVE('',#3452,#3452,#232,.T.);
#4471=EDGE_CURVE('',#3452,#3453,#2273,.T.);
#4472=EDGE_CURVE('',#3453,#3453,#233,.T.);
#4473=EDGE_CURVE('',#3454,#3454,#234,.T.);
#4474=EDGE_CURVE('',#3454,#3455,#235,.T.);
#4475=EDGE_CURVE('',#3455,#3455,#236,.T.);
#4476=EDGE_CURVE('',#3456,#3457,#2274,.T.);
#4477=EDGE_CURVE('',#3457,#3458,#2275,.T.);
#4478=EDGE_CURVE('',#3458,#3459,#2276,.T.);
#4479=EDGE_CURVE('',#3459,#3460,#2277,.T.);
#4480=EDGE_CURVE('',#3460,#3461,#2278,.T.);
#4481=EDGE_CURVE('',#3461,#3456,#2279,.T.);
#4482=EDGE_CURVE('',#3462,#3462,#237,.T.);
#4483=EDGE_CURVE('',#3462,#3454,#2280,.T.);
#4484=EDGE_CURVE('',#3463,#3464,#2281,.T.);
#4485=EDGE_CURVE('',#3465,#3463,#2282,.T.);
#4486=EDGE_CURVE('',#3465,#3464,#2283,.T.);
#4487=EDGE_CURVE('',#3466,#3465,#2284,.T.);
#4488=EDGE_CURVE('',#3466,#3464,#2285,.T.);
#4489=EDGE_CURVE('',#3467,#3466,#2286,.T.);
#4490=EDGE_CURVE('',#3467,#3464,#2287,.T.);
#4491=EDGE_CURVE('',#3468,#3467,#2288,.T.);
#4492=EDGE_CURVE('',#3468,#3464,#2289,.T.);
#4493=EDGE_CURVE('',#3469,#3468,#2290,.T.);
#4494=EDGE_CURVE('',#3469,#3464,#2291,.T.);
#4495=EDGE_CURVE('',#3463,#3469,#2292,.T.);
#4496=EDGE_CURVE('',#3456,#3465,#2293,.T.);
#4497=EDGE_CURVE('',#3457,#3463,#2294,.T.);
#4498=EDGE_CURVE('',#3461,#3466,#2295,.T.);
#4499=EDGE_CURVE('',#3460,#3467,#2296,.T.);
#4500=EDGE_CURVE('',#3459,#3468,#2297,.T.);
#4501=EDGE_CURVE('',#3458,#3469,#2298,.T.);
#4502=EDGE_CURVE('',#3452,#3470,#2299,.T.);
#4503=EDGE_CURVE('',#3470,#3470,#238,.F.);
#4504=EDGE_CURVE('',#3471,#3471,#239,.T.);
#4505=EDGE_CURVE('',#3471,#3472,#2300,.T.);
#4506=EDGE_CURVE('',#3472,#3472,#240,.T.);
#4507=EDGE_CURVE('',#3473,#3473,#241,.T.);
#4508=EDGE_CURVE('',#3473,#3474,#2301,.T.);
#4509=EDGE_CURVE('',#3474,#3474,#242,.T.);
#4510=EDGE_CURVE('',#3475,#3476,#2302,.T.);
#4511=EDGE_CURVE('',#3477,#3475,#51,.T.);
#4512=EDGE_CURVE('',#3478,#3477,#2303,.T.);
#4513=EDGE_CURVE('',#3476,#3478,#52,.T.);
#4514=EDGE_CURVE('',#3479,#3477,#53,.T.);
#4515=EDGE_CURVE('',#3479,#3480,#2304,.T.);
#4516=EDGE_CURVE('',#3478,#3480,#54,.T.);
#4517=EDGE_CURVE('',#3481,#3481,#243,.T.);
#4518=EDGE_CURVE('',#3481,#3482,#2305,.T.);
#4519=EDGE_CURVE('',#3482,#3483,#55,.T.);
#4520=EDGE_CURVE('',#3483,#3484,#56,.T.);
#4521=EDGE_CURVE('',#3484,#3479,#57,.T.);
#4522=EDGE_CURVE('',#3475,#3485,#58,.T.);
#4523=EDGE_CURVE('',#3485,#3482,#59,.T.);
#4524=EDGE_CURVE('',#3486,#3476,#60,.T.);
#4525=EDGE_CURVE('',#3485,#3486,#2306,.T.);
#4526=EDGE_CURVE('',#3487,#3486,#61,.T.);
#4527=EDGE_CURVE('',#3488,#3487,#62,.T.);
#4528=EDGE_CURVE('',#3483,#3488,#2307,.T.);
#4529=EDGE_CURVE('',#3489,#3488,#63,.T.);
#4530=EDGE_CURVE('',#3484,#3489,#2308,.T.);
#4531=EDGE_CURVE('',#3480,#3489,#64,.T.);
#4532=EDGE_CURVE('',#3490,#3490,#244,.T.);
#4533=EDGE_CURVE('',#3487,#3490,#2309,.T.);
#4534=EDGE_CURVE('',#3471,#3474,#2310,.T.);
#4535=ORIENTED_EDGE('',*,*,#3491,.F.);
#4536=ORIENTED_EDGE('',*,*,#3492,.T.);
#4537=ORIENTED_EDGE('',*,*,#3493,.F.);
#4538=ORIENTED_EDGE('',*,*,#3494,.F.);
#4539=ORIENTED_EDGE('',*,*,#3495,.F.);
#4540=ORIENTED_EDGE('',*,*,#3494,.T.);
#4541=ORIENTED_EDGE('',*,*,#3496,.F.);
#4542=ORIENTED_EDGE('',*,*,#3497,.F.);
#4543=ORIENTED_EDGE('',*,*,#3498,.F.);
#4544=ORIENTED_EDGE('',*,*,#3497,.T.);
#4545=ORIENTED_EDGE('',*,*,#3499,.F.);
#4546=ORIENTED_EDGE('',*,*,#3500,.F.);
#4547=ORIENTED_EDGE('',*,*,#3501,.F.);
#4548=ORIENTED_EDGE('',*,*,#3500,.T.);
#4549=ORIENTED_EDGE('',*,*,#3502,.F.);
#4550=ORIENTED_EDGE('',*,*,#3503,.F.);
#4551=ORIENTED_EDGE('',*,*,#3504,.F.);
#4552=ORIENTED_EDGE('',*,*,#3503,.T.);
#4553=ORIENTED_EDGE('',*,*,#3505,.F.);
#4554=ORIENTED_EDGE('',*,*,#3506,.F.);
#4555=ORIENTED_EDGE('',*,*,#3507,.F.);
#4556=ORIENTED_EDGE('',*,*,#3506,.T.);
#4557=ORIENTED_EDGE('',*,*,#3508,.F.);
#4558=ORIENTED_EDGE('',*,*,#3509,.F.);
#4559=ORIENTED_EDGE('',*,*,#3510,.F.);
#4560=ORIENTED_EDGE('',*,*,#3509,.T.);
#4561=ORIENTED_EDGE('',*,*,#3511,.F.);
#4562=ORIENTED_EDGE('',*,*,#3512,.F.);
#4563=ORIENTED_EDGE('',*,*,#3513,.F.);
#4564=ORIENTED_EDGE('',*,*,#3512,.T.);
#4565=ORIENTED_EDGE('',*,*,#3514,.F.);
#4566=ORIENTED_EDGE('',*,*,#3515,.F.);
#4567=ORIENTED_EDGE('',*,*,#3516,.F.);
#4568=ORIENTED_EDGE('',*,*,#3515,.T.);
#4569=ORIENTED_EDGE('',*,*,#3517,.F.);
#4570=ORIENTED_EDGE('',*,*,#3518,.F.);
#4571=ORIENTED_EDGE('',*,*,#3519,.F.);
#4572=ORIENTED_EDGE('',*,*,#3518,.T.);
#4573=ORIENTED_EDGE('',*,*,#3520,.F.);
#4574=ORIENTED_EDGE('',*,*,#3521,.F.);
#4575=ORIENTED_EDGE('',*,*,#3522,.F.);
#4576=ORIENTED_EDGE('',*,*,#3521,.T.);
#4577=ORIENTED_EDGE('',*,*,#3523,.F.);
#4578=ORIENTED_EDGE('',*,*,#3524,.F.);
#4579=ORIENTED_EDGE('',*,*,#3525,.F.);
#4580=ORIENTED_EDGE('',*,*,#3524,.T.);
#4581=ORIENTED_EDGE('',*,*,#3526,.F.);
#4582=ORIENTED_EDGE('',*,*,#3527,.F.);
#4583=ORIENTED_EDGE('',*,*,#3528,.F.);
#4584=ORIENTED_EDGE('',*,*,#3527,.T.);
#4585=ORIENTED_EDGE('',*,*,#3529,.F.);
#4586=ORIENTED_EDGE('',*,*,#3530,.F.);
#4587=ORIENTED_EDGE('',*,*,#3531,.F.);
#4588=ORIENTED_EDGE('',*,*,#3530,.T.);
#4589=ORIENTED_EDGE('',*,*,#3532,.F.);
#4590=ORIENTED_EDGE('',*,*,#3533,.F.);
#4591=ORIENTED_EDGE('',*,*,#3534,.F.);
#4592=ORIENTED_EDGE('',*,*,#3533,.T.);
#4593=ORIENTED_EDGE('',*,*,#3535,.F.);
#4594=ORIENTED_EDGE('',*,*,#3536,.F.);
#4595=ORIENTED_EDGE('',*,*,#3537,.F.);
#4596=ORIENTED_EDGE('',*,*,#3536,.T.);
#4597=ORIENTED_EDGE('',*,*,#3538,.F.);
#4598=ORIENTED_EDGE('',*,*,#3539,.F.);
#4599=ORIENTED_EDGE('',*,*,#3540,.F.);
#4600=ORIENTED_EDGE('',*,*,#3539,.T.);
#4601=ORIENTED_EDGE('',*,*,#3541,.F.);
#4602=ORIENTED_EDGE('',*,*,#3542,.F.);
#4603=ORIENTED_EDGE('',*,*,#3543,.F.);
#4604=ORIENTED_EDGE('',*,*,#3542,.T.);
#4605=ORIENTED_EDGE('',*,*,#3544,.F.);
#4606=ORIENTED_EDGE('',*,*,#3545,.F.);
#4607=ORIENTED_EDGE('',*,*,#3546,.F.);
#4608=ORIENTED_EDGE('',*,*,#3545,.T.);
#4609=ORIENTED_EDGE('',*,*,#3547,.F.);
#4610=ORIENTED_EDGE('',*,*,#3548,.F.);
#4611=ORIENTED_EDGE('',*,*,#3549,.F.);
#4612=ORIENTED_EDGE('',*,*,#3548,.T.);
#4613=ORIENTED_EDGE('',*,*,#3550,.F.);
#4614=ORIENTED_EDGE('',*,*,#3551,.F.);
#4615=ORIENTED_EDGE('',*,*,#3552,.F.);
#4616=ORIENTED_EDGE('',*,*,#3551,.T.);
#4617=ORIENTED_EDGE('',*,*,#3553,.F.);
#4618=ORIENTED_EDGE('',*,*,#3554,.F.);
#4619=ORIENTED_EDGE('',*,*,#3555,.F.);
#4620=ORIENTED_EDGE('',*,*,#3554,.T.);
#4621=ORIENTED_EDGE('',*,*,#3556,.F.);
#4622=ORIENTED_EDGE('',*,*,#3557,.F.);
#4623=ORIENTED_EDGE('',*,*,#3558,.F.);
#4624=ORIENTED_EDGE('',*,*,#3557,.T.);
#4625=ORIENTED_EDGE('',*,*,#3559,.F.);
#4626=ORIENTED_EDGE('',*,*,#3560,.F.);
#4627=ORIENTED_EDGE('',*,*,#3561,.F.);
#4628=ORIENTED_EDGE('',*,*,#3560,.T.);
#4629=ORIENTED_EDGE('',*,*,#3562,.F.);
#4630=ORIENTED_EDGE('',*,*,#3563,.F.);
#4631=ORIENTED_EDGE('',*,*,#3564,.F.);
#4632=ORIENTED_EDGE('',*,*,#3563,.T.);
#4633=ORIENTED_EDGE('',*,*,#3565,.F.);
#4634=ORIENTED_EDGE('',*,*,#3566,.F.);
#4635=ORIENTED_EDGE('',*,*,#3567,.F.);
#4636=ORIENTED_EDGE('',*,*,#3566,.T.);
#4637=ORIENTED_EDGE('',*,*,#3568,.F.);
#4638=ORIENTED_EDGE('',*,*,#3569,.F.);
#4639=ORIENTED_EDGE('',*,*,#3570,.F.);
#4640=ORIENTED_EDGE('',*,*,#3569,.T.);
#4641=ORIENTED_EDGE('',*,*,#3571,.F.);
#4642=ORIENTED_EDGE('',*,*,#3572,.F.);
#4643=ORIENTED_EDGE('',*,*,#3573,.F.);
#4644=ORIENTED_EDGE('',*,*,#3572,.T.);
#4645=ORIENTED_EDGE('',*,*,#3574,.F.);
#4646=ORIENTED_EDGE('',*,*,#3575,.F.);
#4647=ORIENTED_EDGE('',*,*,#3576,.F.);
#4648=ORIENTED_EDGE('',*,*,#3575,.T.);
#4649=ORIENTED_EDGE('',*,*,#3577,.F.);
#4650=ORIENTED_EDGE('',*,*,#3578,.F.);
#4651=ORIENTED_EDGE('',*,*,#3579,.F.);
#4652=ORIENTED_EDGE('',*,*,#3578,.T.);
#4653=ORIENTED_EDGE('',*,*,#3580,.F.);
#4654=ORIENTED_EDGE('',*,*,#3581,.F.);
#4655=ORIENTED_EDGE('',*,*,#3582,.F.);
#4656=ORIENTED_EDGE('',*,*,#3581,.T.);
#4657=ORIENTED_EDGE('',*,*,#3583,.F.);
#4658=ORIENTED_EDGE('',*,*,#3584,.F.);
#4659=ORIENTED_EDGE('',*,*,#3585,.F.);
#4660=ORIENTED_EDGE('',*,*,#3584,.T.);
#4661=ORIENTED_EDGE('',*,*,#3586,.F.);
#4662=ORIENTED_EDGE('',*,*,#3587,.F.);
#4663=ORIENTED_EDGE('',*,*,#3588,.F.);
#4664=ORIENTED_EDGE('',*,*,#3587,.T.);
#4665=ORIENTED_EDGE('',*,*,#3589,.F.);
#4666=ORIENTED_EDGE('',*,*,#3590,.F.);
#4667=ORIENTED_EDGE('',*,*,#3591,.F.);
#4668=ORIENTED_EDGE('',*,*,#3590,.T.);
#4669=ORIENTED_EDGE('',*,*,#3592,.F.);
#4670=ORIENTED_EDGE('',*,*,#3593,.F.);
#4671=ORIENTED_EDGE('',*,*,#3594,.F.);
#4672=ORIENTED_EDGE('',*,*,#3593,.T.);
#4673=ORIENTED_EDGE('',*,*,#3595,.F.);
#4674=ORIENTED_EDGE('',*,*,#3492,.F.);
#4675=ORIENTED_EDGE('',*,*,#3595,.T.);
#4676=ORIENTED_EDGE('',*,*,#3592,.T.);
#4677=ORIENTED_EDGE('',*,*,#3589,.T.);
#4678=ORIENTED_EDGE('',*,*,#3586,.T.);
#4679=ORIENTED_EDGE('',*,*,#3583,.T.);
#4680=ORIENTED_EDGE('',*,*,#3580,.T.);
#4681=ORIENTED_EDGE('',*,*,#3577,.T.);
#4682=ORIENTED_EDGE('',*,*,#3574,.T.);
#4683=ORIENTED_EDGE('',*,*,#3571,.T.);
#4684=ORIENTED_EDGE('',*,*,#3568,.T.);
#4685=ORIENTED_EDGE('',*,*,#3565,.T.);
#4686=ORIENTED_EDGE('',*,*,#3562,.T.);
#4687=ORIENTED_EDGE('',*,*,#3559,.T.);
#4688=ORIENTED_EDGE('',*,*,#3556,.T.);
#4689=ORIENTED_EDGE('',*,*,#3553,.T.);
#4690=ORIENTED_EDGE('',*,*,#3550,.T.);
#4691=ORIENTED_EDGE('',*,*,#3547,.T.);
#4692=ORIENTED_EDGE('',*,*,#3544,.T.);
#4693=ORIENTED_EDGE('',*,*,#3541,.T.);
#4694=ORIENTED_EDGE('',*,*,#3538,.T.);
#4695=ORIENTED_EDGE('',*,*,#3535,.T.);
#4696=ORIENTED_EDGE('',*,*,#3532,.T.);
#4697=ORIENTED_EDGE('',*,*,#3529,.T.);
#4698=ORIENTED_EDGE('',*,*,#3526,.T.);
#4699=ORIENTED_EDGE('',*,*,#3523,.T.);
#4700=ORIENTED_EDGE('',*,*,#3520,.T.);
#4701=ORIENTED_EDGE('',*,*,#3517,.T.);
#4702=ORIENTED_EDGE('',*,*,#3514,.T.);
#4703=ORIENTED_EDGE('',*,*,#3511,.T.);
#4704=ORIENTED_EDGE('',*,*,#3508,.T.);
#4705=ORIENTED_EDGE('',*,*,#3505,.T.);
#4706=ORIENTED_EDGE('',*,*,#3502,.T.);
#4707=ORIENTED_EDGE('',*,*,#3499,.T.);
#4708=ORIENTED_EDGE('',*,*,#3496,.T.);
#4709=ORIENTED_EDGE('',*,*,#3493,.T.);
#4710=ORIENTED_EDGE('',*,*,#3596,.F.);
#4711=ORIENTED_EDGE('',*,*,#3597,.T.);
#4712=ORIENTED_EDGE('',*,*,#3598,.F.);
#4713=ORIENTED_EDGE('',*,*,#3599,.F.);
#4714=ORIENTED_EDGE('',*,*,#3600,.F.);
#4715=ORIENTED_EDGE('',*,*,#3599,.T.);
#4716=ORIENTED_EDGE('',*,*,#3601,.F.);
#4717=ORIENTED_EDGE('',*,*,#3602,.F.);
#4718=ORIENTED_EDGE('',*,*,#3603,.F.);
#4719=ORIENTED_EDGE('',*,*,#3602,.T.);
#4720=ORIENTED_EDGE('',*,*,#3604,.F.);
#4721=ORIENTED_EDGE('',*,*,#3605,.F.);
#4722=ORIENTED_EDGE('',*,*,#3606,.F.);
#4723=ORIENTED_EDGE('',*,*,#3605,.T.);
#4724=ORIENTED_EDGE('',*,*,#3607,.F.);
#4725=ORIENTED_EDGE('',*,*,#3597,.F.);
#4726=ORIENTED_EDGE('',*,*,#3607,.T.);
#4727=ORIENTED_EDGE('',*,*,#3604,.T.);
#4728=ORIENTED_EDGE('',*,*,#3601,.T.);
#4729=ORIENTED_EDGE('',*,*,#3598,.T.);
#4730=ORIENTED_EDGE('',*,*,#3608,.F.);
#4731=ORIENTED_EDGE('',*,*,#3609,.T.);
#4732=ORIENTED_EDGE('',*,*,#3610,.F.);
#4733=ORIENTED_EDGE('',*,*,#3611,.F.);
#4734=ORIENTED_EDGE('',*,*,#3612,.F.);
#4735=ORIENTED_EDGE('',*,*,#3611,.T.);
#4736=ORIENTED_EDGE('',*,*,#3613,.F.);
#4737=ORIENTED_EDGE('',*,*,#3614,.F.);
#4738=ORIENTED_EDGE('',*,*,#3615,.F.);
#4739=ORIENTED_EDGE('',*,*,#3614,.T.);
#4740=ORIENTED_EDGE('',*,*,#3616,.F.);
#4741=ORIENTED_EDGE('',*,*,#3617,.F.);
#4742=ORIENTED_EDGE('',*,*,#3618,.F.);
#4743=ORIENTED_EDGE('',*,*,#3617,.T.);
#4744=ORIENTED_EDGE('',*,*,#3619,.F.);
#4745=ORIENTED_EDGE('',*,*,#3620,.F.);
#4746=ORIENTED_EDGE('',*,*,#3621,.F.);
#4747=ORIENTED_EDGE('',*,*,#3620,.T.);
#4748=ORIENTED_EDGE('',*,*,#3622,.F.);
#4749=ORIENTED_EDGE('',*,*,#3609,.F.);
#4750=ORIENTED_EDGE('',*,*,#3623,.F.);
#4751=ORIENTED_EDGE('',*,*,#3624,.T.);
#4752=ORIENTED_EDGE('',*,*,#3625,.F.);
#4753=ORIENTED_EDGE('',*,*,#3626,.F.);
#4754=ORIENTED_EDGE('',*,*,#3627,.F.);
#4755=ORIENTED_EDGE('',*,*,#3626,.T.);
#4756=ORIENTED_EDGE('',*,*,#3628,.F.);
#4757=ORIENTED_EDGE('',*,*,#3629,.F.);
#4758=ORIENTED_EDGE('',*,*,#3630,.F.);
#4759=ORIENTED_EDGE('',*,*,#3629,.T.);
#4760=ORIENTED_EDGE('',*,*,#3631,.F.);
#4761=ORIENTED_EDGE('',*,*,#3632,.F.);
#4762=ORIENTED_EDGE('',*,*,#3633,.F.);
#4763=ORIENTED_EDGE('',*,*,#3632,.T.);
#4764=ORIENTED_EDGE('',*,*,#3634,.F.);
#4765=ORIENTED_EDGE('',*,*,#3635,.F.);
#4766=ORIENTED_EDGE('',*,*,#3636,.F.);
#4767=ORIENTED_EDGE('',*,*,#3635,.T.);
#4768=ORIENTED_EDGE('',*,*,#3637,.F.);
#4769=ORIENTED_EDGE('',*,*,#3638,.F.);
#4770=ORIENTED_EDGE('',*,*,#3639,.F.);
#4771=ORIENTED_EDGE('',*,*,#3638,.T.);
#4772=ORIENTED_EDGE('',*,*,#3640,.F.);
#4773=ORIENTED_EDGE('',*,*,#3641,.F.);
#4774=ORIENTED_EDGE('',*,*,#3642,.F.);
#4775=ORIENTED_EDGE('',*,*,#3641,.T.);
#4776=ORIENTED_EDGE('',*,*,#3643,.F.);
#4777=ORIENTED_EDGE('',*,*,#3644,.F.);
#4778=ORIENTED_EDGE('',*,*,#3645,.F.);
#4779=ORIENTED_EDGE('',*,*,#3644,.T.);
#4780=ORIENTED_EDGE('',*,*,#3646,.F.);
#4781=ORIENTED_EDGE('',*,*,#3647,.F.);
#4782=ORIENTED_EDGE('',*,*,#3648,.F.);
#4783=ORIENTED_EDGE('',*,*,#3647,.T.);
#4784=ORIENTED_EDGE('',*,*,#3649,.F.);
#4785=ORIENTED_EDGE('',*,*,#3650,.F.);
#4786=ORIENTED_EDGE('',*,*,#3651,.F.);
#4787=ORIENTED_EDGE('',*,*,#3650,.T.);
#4788=ORIENTED_EDGE('',*,*,#3652,.F.);
#4789=ORIENTED_EDGE('',*,*,#3653,.F.);
#4790=ORIENTED_EDGE('',*,*,#3654,.F.);
#4791=ORIENTED_EDGE('',*,*,#3653,.T.);
#4792=ORIENTED_EDGE('',*,*,#3655,.F.);
#4793=ORIENTED_EDGE('',*,*,#3656,.F.);
#4794=ORIENTED_EDGE('',*,*,#3657,.F.);
#4795=ORIENTED_EDGE('',*,*,#3656,.T.);
#4796=ORIENTED_EDGE('',*,*,#3658,.F.);
#4797=ORIENTED_EDGE('',*,*,#3659,.F.);
#4798=ORIENTED_EDGE('',*,*,#3660,.F.);
#4799=ORIENTED_EDGE('',*,*,#3659,.T.);
#4800=ORIENTED_EDGE('',*,*,#3661,.F.);
#4801=ORIENTED_EDGE('',*,*,#3662,.F.);
#4802=ORIENTED_EDGE('',*,*,#3663,.F.);
#4803=ORIENTED_EDGE('',*,*,#3662,.T.);
#4804=ORIENTED_EDGE('',*,*,#3664,.F.);
#4805=ORIENTED_EDGE('',*,*,#3665,.F.);
#4806=ORIENTED_EDGE('',*,*,#3666,.F.);
#4807=ORIENTED_EDGE('',*,*,#3665,.T.);
#4808=ORIENTED_EDGE('',*,*,#3667,.F.);
#4809=ORIENTED_EDGE('',*,*,#3624,.F.);
#4810=ORIENTED_EDGE('',*,*,#3667,.T.);
#4811=ORIENTED_EDGE('',*,*,#3664,.T.);
#4812=ORIENTED_EDGE('',*,*,#3661,.T.);
#4813=ORIENTED_EDGE('',*,*,#3658,.T.);
#4814=ORIENTED_EDGE('',*,*,#3655,.T.);
#4815=ORIENTED_EDGE('',*,*,#3652,.T.);
#4816=ORIENTED_EDGE('',*,*,#3649,.T.);
#4817=ORIENTED_EDGE('',*,*,#3646,.T.);
#4818=ORIENTED_EDGE('',*,*,#3643,.T.);
#4819=ORIENTED_EDGE('',*,*,#3640,.T.);
#4820=ORIENTED_EDGE('',*,*,#3637,.T.);
#4821=ORIENTED_EDGE('',*,*,#3634,.T.);
#4822=ORIENTED_EDGE('',*,*,#3631,.T.);
#4823=ORIENTED_EDGE('',*,*,#3628,.T.);
#4824=ORIENTED_EDGE('',*,*,#3625,.T.);
#4825=ORIENTED_EDGE('',*,*,#3622,.T.);
#4826=ORIENTED_EDGE('',*,*,#3619,.T.);
#4827=ORIENTED_EDGE('',*,*,#3616,.T.);
#4828=ORIENTED_EDGE('',*,*,#3613,.T.);
#4829=ORIENTED_EDGE('',*,*,#3610,.T.);
#4830=ORIENTED_EDGE('',*,*,#3608,.T.);
#4831=ORIENTED_EDGE('',*,*,#3612,.T.);
#4832=ORIENTED_EDGE('',*,*,#3615,.T.);
#4833=ORIENTED_EDGE('',*,*,#3618,.T.);
#4834=ORIENTED_EDGE('',*,*,#3621,.T.);
#4835=ORIENTED_EDGE('',*,*,#3668,.F.);
#4836=ORIENTED_EDGE('',*,*,#3669,.T.);
#4837=ORIENTED_EDGE('',*,*,#3670,.F.);
#4838=ORIENTED_EDGE('',*,*,#3671,.F.);
#4839=ORIENTED_EDGE('',*,*,#3672,.F.);
#4840=ORIENTED_EDGE('',*,*,#3671,.T.);
#4841=ORIENTED_EDGE('',*,*,#3673,.F.);
#4842=ORIENTED_EDGE('',*,*,#3674,.F.);
#4843=ORIENTED_EDGE('',*,*,#3675,.F.);
#4844=ORIENTED_EDGE('',*,*,#3674,.T.);
#4845=ORIENTED_EDGE('',*,*,#3676,.F.);
#4846=ORIENTED_EDGE('',*,*,#3677,.F.);
#4847=ORIENTED_EDGE('',*,*,#3678,.F.);
#4848=ORIENTED_EDGE('',*,*,#3677,.T.);
#4849=ORIENTED_EDGE('',*,*,#3679,.F.);
#4850=ORIENTED_EDGE('',*,*,#3680,.F.);
#4851=ORIENTED_EDGE('',*,*,#3681,.F.);
#4852=ORIENTED_EDGE('',*,*,#3680,.T.);
#4853=ORIENTED_EDGE('',*,*,#3682,.F.);
#4854=ORIENTED_EDGE('',*,*,#3683,.F.);
#4855=ORIENTED_EDGE('',*,*,#3684,.F.);
#4856=ORIENTED_EDGE('',*,*,#3683,.T.);
#4857=ORIENTED_EDGE('',*,*,#3685,.F.);
#4858=ORIENTED_EDGE('',*,*,#3686,.F.);
#4859=ORIENTED_EDGE('',*,*,#3687,.F.);
#4860=ORIENTED_EDGE('',*,*,#3686,.T.);
#4861=ORIENTED_EDGE('',*,*,#3688,.F.);
#4862=ORIENTED_EDGE('',*,*,#3689,.F.);
#4863=ORIENTED_EDGE('',*,*,#3690,.F.);
#4864=ORIENTED_EDGE('',*,*,#3689,.T.);
#4865=ORIENTED_EDGE('',*,*,#3691,.F.);
#4866=ORIENTED_EDGE('',*,*,#3692,.F.);
#4867=ORIENTED_EDGE('',*,*,#3693,.F.);
#4868=ORIENTED_EDGE('',*,*,#3692,.T.);
#4869=ORIENTED_EDGE('',*,*,#3694,.F.);
#4870=ORIENTED_EDGE('',*,*,#3695,.F.);
#4871=ORIENTED_EDGE('',*,*,#3696,.F.);
#4872=ORIENTED_EDGE('',*,*,#3695,.T.);
#4873=ORIENTED_EDGE('',*,*,#3697,.F.);
#4874=ORIENTED_EDGE('',*,*,#3698,.F.);
#4875=ORIENTED_EDGE('',*,*,#3699,.F.);
#4876=ORIENTED_EDGE('',*,*,#3698,.T.);
#4877=ORIENTED_EDGE('',*,*,#3700,.F.);
#4878=ORIENTED_EDGE('',*,*,#3701,.F.);
#4879=ORIENTED_EDGE('',*,*,#3702,.F.);
#4880=ORIENTED_EDGE('',*,*,#3701,.T.);
#4881=ORIENTED_EDGE('',*,*,#3703,.F.);
#4882=ORIENTED_EDGE('',*,*,#3704,.F.);
#4883=ORIENTED_EDGE('',*,*,#3705,.F.);
#4884=ORIENTED_EDGE('',*,*,#3704,.T.);
#4885=ORIENTED_EDGE('',*,*,#3706,.F.);
#4886=ORIENTED_EDGE('',*,*,#3707,.F.);
#4887=ORIENTED_EDGE('',*,*,#3708,.F.);
#4888=ORIENTED_EDGE('',*,*,#3707,.T.);
#4889=ORIENTED_EDGE('',*,*,#3709,.F.);
#4890=ORIENTED_EDGE('',*,*,#3710,.F.);
#4891=ORIENTED_EDGE('',*,*,#3711,.F.);
#4892=ORIENTED_EDGE('',*,*,#3710,.T.);
#4893=ORIENTED_EDGE('',*,*,#3712,.F.);
#4894=ORIENTED_EDGE('',*,*,#3713,.F.);
#4895=ORIENTED_EDGE('',*,*,#3714,.F.);
#4896=ORIENTED_EDGE('',*,*,#3713,.T.);
#4897=ORIENTED_EDGE('',*,*,#3715,.F.);
#4898=ORIENTED_EDGE('',*,*,#3716,.F.);
#4899=ORIENTED_EDGE('',*,*,#3717,.F.);
#4900=ORIENTED_EDGE('',*,*,#3716,.T.);
#4901=ORIENTED_EDGE('',*,*,#3718,.F.);
#4902=ORIENTED_EDGE('',*,*,#3719,.F.);
#4903=ORIENTED_EDGE('',*,*,#3720,.F.);
#4904=ORIENTED_EDGE('',*,*,#3719,.T.);
#4905=ORIENTED_EDGE('',*,*,#3721,.F.);
#4906=ORIENTED_EDGE('',*,*,#3722,.F.);
#4907=ORIENTED_EDGE('',*,*,#3723,.F.);
#4908=ORIENTED_EDGE('',*,*,#3722,.T.);
#4909=ORIENTED_EDGE('',*,*,#3724,.F.);
#4910=ORIENTED_EDGE('',*,*,#3725,.F.);
#4911=ORIENTED_EDGE('',*,*,#3726,.F.);
#4912=ORIENTED_EDGE('',*,*,#3725,.T.);
#4913=ORIENTED_EDGE('',*,*,#3727,.F.);
#4914=ORIENTED_EDGE('',*,*,#3669,.F.);
#4915=ORIENTED_EDGE('',*,*,#3727,.T.);
#4916=ORIENTED_EDGE('',*,*,#3724,.T.);
#4917=ORIENTED_EDGE('',*,*,#3721,.T.);
#4918=ORIENTED_EDGE('',*,*,#3718,.T.);
#4919=ORIENTED_EDGE('',*,*,#3715,.T.);
#4920=ORIENTED_EDGE('',*,*,#3712,.T.);
#4921=ORIENTED_EDGE('',*,*,#3709,.T.);
#4922=ORIENTED_EDGE('',*,*,#3706,.T.);
#4923=ORIENTED_EDGE('',*,*,#3703,.T.);
#4924=ORIENTED_EDGE('',*,*,#3700,.T.);
#4925=ORIENTED_EDGE('',*,*,#3697,.T.);
#4926=ORIENTED_EDGE('',*,*,#3694,.T.);
#4927=ORIENTED_EDGE('',*,*,#3691,.T.);
#4928=ORIENTED_EDGE('',*,*,#3688,.T.);
#4929=ORIENTED_EDGE('',*,*,#3685,.T.);
#4930=ORIENTED_EDGE('',*,*,#3682,.T.);
#4931=ORIENTED_EDGE('',*,*,#3679,.T.);
#4932=ORIENTED_EDGE('',*,*,#3676,.T.);
#4933=ORIENTED_EDGE('',*,*,#3673,.T.);
#4934=ORIENTED_EDGE('',*,*,#3670,.T.);
#4935=ORIENTED_EDGE('',*,*,#3728,.F.);
#4936=ORIENTED_EDGE('',*,*,#3729,.T.);
#4937=ORIENTED_EDGE('',*,*,#3730,.F.);
#4938=ORIENTED_EDGE('',*,*,#3731,.F.);
#4939=ORIENTED_EDGE('',*,*,#3732,.F.);
#4940=ORIENTED_EDGE('',*,*,#3731,.T.);
#4941=ORIENTED_EDGE('',*,*,#3733,.F.);
#4942=ORIENTED_EDGE('',*,*,#3734,.F.);
#4943=ORIENTED_EDGE('',*,*,#3735,.F.);
#4944=ORIENTED_EDGE('',*,*,#3734,.T.);
#4945=ORIENTED_EDGE('',*,*,#3736,.F.);
#4946=ORIENTED_EDGE('',*,*,#3737,.F.);
#4947=ORIENTED_EDGE('',*,*,#3738,.F.);
#4948=ORIENTED_EDGE('',*,*,#3737,.T.);
#4949=ORIENTED_EDGE('',*,*,#3739,.F.);
#4950=ORIENTED_EDGE('',*,*,#3740,.F.);
#4951=ORIENTED_EDGE('',*,*,#3741,.F.);
#4952=ORIENTED_EDGE('',*,*,#3740,.T.);
#4953=ORIENTED_EDGE('',*,*,#3742,.F.);
#4954=ORIENTED_EDGE('',*,*,#3743,.F.);
#4955=ORIENTED_EDGE('',*,*,#3744,.F.);
#4956=ORIENTED_EDGE('',*,*,#3743,.T.);
#4957=ORIENTED_EDGE('',*,*,#3745,.F.);
#4958=ORIENTED_EDGE('',*,*,#3746,.F.);
#4959=ORIENTED_EDGE('',*,*,#3747,.F.);
#4960=ORIENTED_EDGE('',*,*,#3746,.T.);
#4961=ORIENTED_EDGE('',*,*,#3748,.F.);
#4962=ORIENTED_EDGE('',*,*,#3749,.F.);
#4963=ORIENTED_EDGE('',*,*,#3750,.F.);
#4964=ORIENTED_EDGE('',*,*,#3749,.T.);
#4965=ORIENTED_EDGE('',*,*,#3751,.F.);
#4966=ORIENTED_EDGE('',*,*,#3752,.F.);
#4967=ORIENTED_EDGE('',*,*,#3753,.F.);
#4968=ORIENTED_EDGE('',*,*,#3752,.T.);
#4969=ORIENTED_EDGE('',*,*,#3754,.F.);
#4970=ORIENTED_EDGE('',*,*,#3755,.F.);
#4971=ORIENTED_EDGE('',*,*,#3756,.F.);
#4972=ORIENTED_EDGE('',*,*,#3755,.T.);
#4973=ORIENTED_EDGE('',*,*,#3757,.F.);
#4974=ORIENTED_EDGE('',*,*,#3758,.F.);
#4975=ORIENTED_EDGE('',*,*,#3759,.F.);
#4976=ORIENTED_EDGE('',*,*,#3758,.T.);
#4977=ORIENTED_EDGE('',*,*,#3760,.F.);
#4978=ORIENTED_EDGE('',*,*,#3761,.F.);
#4979=ORIENTED_EDGE('',*,*,#3762,.F.);
#4980=ORIENTED_EDGE('',*,*,#3761,.T.);
#4981=ORIENTED_EDGE('',*,*,#3763,.F.);
#4982=ORIENTED_EDGE('',*,*,#3764,.F.);
#4983=ORIENTED_EDGE('',*,*,#3765,.F.);
#4984=ORIENTED_EDGE('',*,*,#3764,.T.);
#4985=ORIENTED_EDGE('',*,*,#3766,.F.);
#4986=ORIENTED_EDGE('',*,*,#3767,.F.);
#4987=ORIENTED_EDGE('',*,*,#3768,.F.);
#4988=ORIENTED_EDGE('',*,*,#3767,.T.);
#4989=ORIENTED_EDGE('',*,*,#3769,.F.);
#4990=ORIENTED_EDGE('',*,*,#3770,.F.);
#4991=ORIENTED_EDGE('',*,*,#3771,.F.);
#4992=ORIENTED_EDGE('',*,*,#3770,.T.);
#4993=ORIENTED_EDGE('',*,*,#3772,.F.);
#4994=ORIENTED_EDGE('',*,*,#3773,.F.);
#4995=ORIENTED_EDGE('',*,*,#3774,.F.);
#4996=ORIENTED_EDGE('',*,*,#3773,.T.);
#4997=ORIENTED_EDGE('',*,*,#3775,.F.);
#4998=ORIENTED_EDGE('',*,*,#3776,.F.);
#4999=ORIENTED_EDGE('',*,*,#3777,.F.);
#5000=ORIENTED_EDGE('',*,*,#3776,.T.);
#5001=ORIENTED_EDGE('',*,*,#3778,.F.);
#5002=ORIENTED_EDGE('',*,*,#3779,.F.);
#5003=ORIENTED_EDGE('',*,*,#3780,.F.);
#5004=ORIENTED_EDGE('',*,*,#3779,.T.);
#5005=ORIENTED_EDGE('',*,*,#3781,.F.);
#5006=ORIENTED_EDGE('',*,*,#3782,.F.);
#5007=ORIENTED_EDGE('',*,*,#3783,.F.);
#5008=ORIENTED_EDGE('',*,*,#3782,.T.);
#5009=ORIENTED_EDGE('',*,*,#3784,.F.);
#5010=ORIENTED_EDGE('',*,*,#3785,.F.);
#5011=ORIENTED_EDGE('',*,*,#3786,.F.);
#5012=ORIENTED_EDGE('',*,*,#3785,.T.);
#5013=ORIENTED_EDGE('',*,*,#3787,.F.);
#5014=ORIENTED_EDGE('',*,*,#3788,.F.);
#5015=ORIENTED_EDGE('',*,*,#3789,.F.);
#5016=ORIENTED_EDGE('',*,*,#3788,.T.);
#5017=ORIENTED_EDGE('',*,*,#3790,.F.);
#5018=ORIENTED_EDGE('',*,*,#3791,.F.);
#5019=ORIENTED_EDGE('',*,*,#3792,.F.);
#5020=ORIENTED_EDGE('',*,*,#3791,.T.);
#5021=ORIENTED_EDGE('',*,*,#3793,.F.);
#5022=ORIENTED_EDGE('',*,*,#3794,.F.);
#5023=ORIENTED_EDGE('',*,*,#3795,.F.);
#5024=ORIENTED_EDGE('',*,*,#3794,.T.);
#5025=ORIENTED_EDGE('',*,*,#3796,.F.);
#5026=ORIENTED_EDGE('',*,*,#3797,.F.);
#5027=ORIENTED_EDGE('',*,*,#3798,.F.);
#5028=ORIENTED_EDGE('',*,*,#3797,.T.);
#5029=ORIENTED_EDGE('',*,*,#3799,.F.);
#5030=ORIENTED_EDGE('',*,*,#3800,.F.);
#5031=ORIENTED_EDGE('',*,*,#3801,.F.);
#5032=ORIENTED_EDGE('',*,*,#3800,.T.);
#5033=ORIENTED_EDGE('',*,*,#3802,.F.);
#5034=ORIENTED_EDGE('',*,*,#3803,.F.);
#5035=ORIENTED_EDGE('',*,*,#3804,.F.);
#5036=ORIENTED_EDGE('',*,*,#3803,.T.);
#5037=ORIENTED_EDGE('',*,*,#3805,.F.);
#5038=ORIENTED_EDGE('',*,*,#3806,.F.);
#5039=ORIENTED_EDGE('',*,*,#3807,.F.);
#5040=ORIENTED_EDGE('',*,*,#3806,.T.);
#5041=ORIENTED_EDGE('',*,*,#3808,.F.);
#5042=ORIENTED_EDGE('',*,*,#3809,.F.);
#5043=ORIENTED_EDGE('',*,*,#3810,.F.);
#5044=ORIENTED_EDGE('',*,*,#3809,.T.);
#5045=ORIENTED_EDGE('',*,*,#3811,.F.);
#5046=ORIENTED_EDGE('',*,*,#3812,.F.);
#5047=ORIENTED_EDGE('',*,*,#3813,.F.);
#5048=ORIENTED_EDGE('',*,*,#3812,.T.);
#5049=ORIENTED_EDGE('',*,*,#3814,.F.);
#5050=ORIENTED_EDGE('',*,*,#3815,.F.);
#5051=ORIENTED_EDGE('',*,*,#3816,.F.);
#5052=ORIENTED_EDGE('',*,*,#3815,.T.);
#5053=ORIENTED_EDGE('',*,*,#3817,.F.);
#5054=ORIENTED_EDGE('',*,*,#3818,.F.);
#5055=ORIENTED_EDGE('',*,*,#3819,.F.);
#5056=ORIENTED_EDGE('',*,*,#3818,.T.);
#5057=ORIENTED_EDGE('',*,*,#3820,.F.);
#5058=ORIENTED_EDGE('',*,*,#3821,.F.);
#5059=ORIENTED_EDGE('',*,*,#3822,.F.);
#5060=ORIENTED_EDGE('',*,*,#3821,.T.);
#5061=ORIENTED_EDGE('',*,*,#3823,.F.);
#5062=ORIENTED_EDGE('',*,*,#3824,.F.);
#5063=ORIENTED_EDGE('',*,*,#3825,.F.);
#5064=ORIENTED_EDGE('',*,*,#3824,.T.);
#5065=ORIENTED_EDGE('',*,*,#3826,.F.);
#5066=ORIENTED_EDGE('',*,*,#3729,.F.);
#5067=ORIENTED_EDGE('',*,*,#3826,.T.);
#5068=ORIENTED_EDGE('',*,*,#3823,.T.);
#5069=ORIENTED_EDGE('',*,*,#3820,.T.);
#5070=ORIENTED_EDGE('',*,*,#3817,.T.);
#5071=ORIENTED_EDGE('',*,*,#3814,.T.);
#5072=ORIENTED_EDGE('',*,*,#3811,.T.);
#5073=ORIENTED_EDGE('',*,*,#3808,.T.);
#5074=ORIENTED_EDGE('',*,*,#3805,.T.);
#5075=ORIENTED_EDGE('',*,*,#3802,.T.);
#5076=ORIENTED_EDGE('',*,*,#3799,.T.);
#5077=ORIENTED_EDGE('',*,*,#3796,.T.);
#5078=ORIENTED_EDGE('',*,*,#3793,.T.);
#5079=ORIENTED_EDGE('',*,*,#3790,.T.);
#5080=ORIENTED_EDGE('',*,*,#3787,.T.);
#5081=ORIENTED_EDGE('',*,*,#3784,.T.);
#5082=ORIENTED_EDGE('',*,*,#3781,.T.);
#5083=ORIENTED_EDGE('',*,*,#3778,.T.);
#5084=ORIENTED_EDGE('',*,*,#3775,.T.);
#5085=ORIENTED_EDGE('',*,*,#3772,.T.);
#5086=ORIENTED_EDGE('',*,*,#3769,.T.);
#5087=ORIENTED_EDGE('',*,*,#3766,.T.);
#5088=ORIENTED_EDGE('',*,*,#3763,.T.);
#5089=ORIENTED_EDGE('',*,*,#3760,.T.);
#5090=ORIENTED_EDGE('',*,*,#3757,.T.);
#5091=ORIENTED_EDGE('',*,*,#3754,.T.);
#5092=ORIENTED_EDGE('',*,*,#3751,.T.);
#5093=ORIENTED_EDGE('',*,*,#3748,.T.);
#5094=ORIENTED_EDGE('',*,*,#3745,.T.);
#5095=ORIENTED_EDGE('',*,*,#3742,.T.);
#5096=ORIENTED_EDGE('',*,*,#3739,.T.);
#5097=ORIENTED_EDGE('',*,*,#3736,.T.);
#5098=ORIENTED_EDGE('',*,*,#3733,.T.);
#5099=ORIENTED_EDGE('',*,*,#3730,.T.);
#5100=ORIENTED_EDGE('',*,*,#3827,.F.);
#5101=ORIENTED_EDGE('',*,*,#3828,.T.);
#5102=ORIENTED_EDGE('',*,*,#3829,.F.);
#5103=ORIENTED_EDGE('',*,*,#3830,.F.);
#5104=ORIENTED_EDGE('',*,*,#3831,.F.);
#5105=ORIENTED_EDGE('',*,*,#3830,.T.);
#5106=ORIENTED_EDGE('',*,*,#3832,.F.);
#5107=ORIENTED_EDGE('',*,*,#3833,.F.);
#5108=ORIENTED_EDGE('',*,*,#3834,.F.);
#5109=ORIENTED_EDGE('',*,*,#3833,.T.);
#5110=ORIENTED_EDGE('',*,*,#3835,.F.);
#5111=ORIENTED_EDGE('',*,*,#3836,.F.);
#5112=ORIENTED_EDGE('',*,*,#3837,.F.);
#5113=ORIENTED_EDGE('',*,*,#3836,.T.);
#5114=ORIENTED_EDGE('',*,*,#3838,.F.);
#5115=ORIENTED_EDGE('',*,*,#3828,.F.);
#5116=ORIENTED_EDGE('',*,*,#3838,.T.);
#5117=ORIENTED_EDGE('',*,*,#3835,.T.);
#5118=ORIENTED_EDGE('',*,*,#3832,.T.);
#5119=ORIENTED_EDGE('',*,*,#3829,.T.);
#5120=ORIENTED_EDGE('',*,*,#3839,.F.);
#5121=ORIENTED_EDGE('',*,*,#3840,.T.);
#5122=ORIENTED_EDGE('',*,*,#3841,.F.);
#5123=ORIENTED_EDGE('',*,*,#3842,.F.);
#5124=ORIENTED_EDGE('',*,*,#3843,.F.);
#5125=ORIENTED_EDGE('',*,*,#3842,.T.);
#5126=ORIENTED_EDGE('',*,*,#3844,.F.);
#5127=ORIENTED_EDGE('',*,*,#3845,.F.);
#5128=ORIENTED_EDGE('',*,*,#3846,.F.);
#5129=ORIENTED_EDGE('',*,*,#3845,.T.);
#5130=ORIENTED_EDGE('',*,*,#3847,.F.);
#5131=ORIENTED_EDGE('',*,*,#3848,.F.);
#5132=ORIENTED_EDGE('',*,*,#3849,.F.);
#5133=ORIENTED_EDGE('',*,*,#3848,.T.);
#5134=ORIENTED_EDGE('',*,*,#3850,.F.);
#5135=ORIENTED_EDGE('',*,*,#3851,.F.);
#5136=ORIENTED_EDGE('',*,*,#3852,.F.);
#5137=ORIENTED_EDGE('',*,*,#3851,.T.);
#5138=ORIENTED_EDGE('',*,*,#3853,.F.);
#5139=ORIENTED_EDGE('',*,*,#3854,.F.);
#5140=ORIENTED_EDGE('',*,*,#3855,.F.);
#5141=ORIENTED_EDGE('',*,*,#3854,.T.);
#5142=ORIENTED_EDGE('',*,*,#3856,.F.);
#5143=ORIENTED_EDGE('',*,*,#3857,.F.);
#5144=ORIENTED_EDGE('',*,*,#3858,.F.);
#5145=ORIENTED_EDGE('',*,*,#3857,.T.);
#5146=ORIENTED_EDGE('',*,*,#3859,.F.);
#5147=ORIENTED_EDGE('',*,*,#3860,.F.);
#5148=ORIENTED_EDGE('',*,*,#3861,.F.);
#5149=ORIENTED_EDGE('',*,*,#3860,.T.);
#5150=ORIENTED_EDGE('',*,*,#3862,.F.);
#5151=ORIENTED_EDGE('',*,*,#3863,.F.);
#5152=ORIENTED_EDGE('',*,*,#3864,.F.);
#5153=ORIENTED_EDGE('',*,*,#3863,.T.);
#5154=ORIENTED_EDGE('',*,*,#3865,.F.);
#5155=ORIENTED_EDGE('',*,*,#3866,.F.);
#5156=ORIENTED_EDGE('',*,*,#3867,.F.);
#5157=ORIENTED_EDGE('',*,*,#3866,.T.);
#5158=ORIENTED_EDGE('',*,*,#3868,.F.);
#5159=ORIENTED_EDGE('',*,*,#3869,.F.);
#5160=ORIENTED_EDGE('',*,*,#3870,.F.);
#5161=ORIENTED_EDGE('',*,*,#3869,.T.);
#5162=ORIENTED_EDGE('',*,*,#3871,.F.);
#5163=ORIENTED_EDGE('',*,*,#3872,.F.);
#5164=ORIENTED_EDGE('',*,*,#3873,.F.);
#5165=ORIENTED_EDGE('',*,*,#3872,.T.);
#5166=ORIENTED_EDGE('',*,*,#3874,.F.);
#5167=ORIENTED_EDGE('',*,*,#3875,.F.);
#5168=ORIENTED_EDGE('',*,*,#3876,.F.);
#5169=ORIENTED_EDGE('',*,*,#3875,.T.);
#5170=ORIENTED_EDGE('',*,*,#3877,.F.);
#5171=ORIENTED_EDGE('',*,*,#3878,.F.);
#5172=ORIENTED_EDGE('',*,*,#3879,.F.);
#5173=ORIENTED_EDGE('',*,*,#3878,.T.);
#5174=ORIENTED_EDGE('',*,*,#3880,.F.);
#5175=ORIENTED_EDGE('',*,*,#3881,.F.);
#5176=ORIENTED_EDGE('',*,*,#3882,.F.);
#5177=ORIENTED_EDGE('',*,*,#3881,.T.);
#5178=ORIENTED_EDGE('',*,*,#3883,.F.);
#5179=ORIENTED_EDGE('',*,*,#3884,.F.);
#5180=ORIENTED_EDGE('',*,*,#3885,.F.);
#5181=ORIENTED_EDGE('',*,*,#3884,.T.);
#5182=ORIENTED_EDGE('',*,*,#3886,.F.);
#5183=ORIENTED_EDGE('',*,*,#3887,.F.);
#5184=ORIENTED_EDGE('',*,*,#3888,.F.);
#5185=ORIENTED_EDGE('',*,*,#3887,.T.);
#5186=ORIENTED_EDGE('',*,*,#3889,.F.);
#5187=ORIENTED_EDGE('',*,*,#3890,.F.);
#5188=ORIENTED_EDGE('',*,*,#3891,.F.);
#5189=ORIENTED_EDGE('',*,*,#3890,.T.);
#5190=ORIENTED_EDGE('',*,*,#3892,.F.);
#5191=ORIENTED_EDGE('',*,*,#3893,.F.);
#5192=ORIENTED_EDGE('',*,*,#3894,.F.);
#5193=ORIENTED_EDGE('',*,*,#3893,.T.);
#5194=ORIENTED_EDGE('',*,*,#3895,.F.);
#5195=ORIENTED_EDGE('',*,*,#3896,.F.);
#5196=ORIENTED_EDGE('',*,*,#3897,.F.);
#5197=ORIENTED_EDGE('',*,*,#3896,.T.);
#5198=ORIENTED_EDGE('',*,*,#3898,.F.);
#5199=ORIENTED_EDGE('',*,*,#3899,.F.);
#5200=ORIENTED_EDGE('',*,*,#3900,.F.);
#5201=ORIENTED_EDGE('',*,*,#3899,.T.);
#5202=ORIENTED_EDGE('',*,*,#3901,.F.);
#5203=ORIENTED_EDGE('',*,*,#3902,.F.);
#5204=ORIENTED_EDGE('',*,*,#3903,.F.);
#5205=ORIENTED_EDGE('',*,*,#3902,.T.);
#5206=ORIENTED_EDGE('',*,*,#3904,.F.);
#5207=ORIENTED_EDGE('',*,*,#3905,.F.);
#5208=ORIENTED_EDGE('',*,*,#3906,.F.);
#5209=ORIENTED_EDGE('',*,*,#3905,.T.);
#5210=ORIENTED_EDGE('',*,*,#3907,.F.);
#5211=ORIENTED_EDGE('',*,*,#3908,.F.);
#5212=ORIENTED_EDGE('',*,*,#3909,.F.);
#5213=ORIENTED_EDGE('',*,*,#3908,.T.);
#5214=ORIENTED_EDGE('',*,*,#3910,.F.);
#5215=ORIENTED_EDGE('',*,*,#3911,.F.);
#5216=ORIENTED_EDGE('',*,*,#3912,.F.);
#5217=ORIENTED_EDGE('',*,*,#3911,.T.);
#5218=ORIENTED_EDGE('',*,*,#3913,.F.);
#5219=ORIENTED_EDGE('',*,*,#3914,.F.);
#5220=ORIENTED_EDGE('',*,*,#3915,.F.);
#5221=ORIENTED_EDGE('',*,*,#3914,.T.);
#5222=ORIENTED_EDGE('',*,*,#3916,.F.);
#5223=ORIENTED_EDGE('',*,*,#3917,.F.);
#5224=ORIENTED_EDGE('',*,*,#3918,.F.);
#5225=ORIENTED_EDGE('',*,*,#3917,.T.);
#5226=ORIENTED_EDGE('',*,*,#3919,.F.);
#5227=ORIENTED_EDGE('',*,*,#3920,.F.);
#5228=ORIENTED_EDGE('',*,*,#3921,.F.);
#5229=ORIENTED_EDGE('',*,*,#3920,.T.);
#5230=ORIENTED_EDGE('',*,*,#3922,.F.);
#5231=ORIENTED_EDGE('',*,*,#3923,.F.);
#5232=ORIENTED_EDGE('',*,*,#3924,.F.);
#5233=ORIENTED_EDGE('',*,*,#3923,.T.);
#5234=ORIENTED_EDGE('',*,*,#3925,.F.);
#5235=ORIENTED_EDGE('',*,*,#3926,.F.);
#5236=ORIENTED_EDGE('',*,*,#3927,.F.);
#5237=ORIENTED_EDGE('',*,*,#3926,.T.);
#5238=ORIENTED_EDGE('',*,*,#3928,.F.);
#5239=ORIENTED_EDGE('',*,*,#3929,.F.);
#5240=ORIENTED_EDGE('',*,*,#3930,.F.);
#5241=ORIENTED_EDGE('',*,*,#3929,.T.);
#5242=ORIENTED_EDGE('',*,*,#3931,.F.);
#5243=ORIENTED_EDGE('',*,*,#3932,.F.);
#5244=ORIENTED_EDGE('',*,*,#3933,.F.);
#5245=ORIENTED_EDGE('',*,*,#3932,.T.);
#5246=ORIENTED_EDGE('',*,*,#3934,.F.);
#5247=ORIENTED_EDGE('',*,*,#3935,.F.);
#5248=ORIENTED_EDGE('',*,*,#3936,.F.);
#5249=ORIENTED_EDGE('',*,*,#3935,.T.);
#5250=ORIENTED_EDGE('',*,*,#3937,.F.);
#5251=ORIENTED_EDGE('',*,*,#3840,.F.);
#5252=ORIENTED_EDGE('',*,*,#3937,.T.);
#5253=ORIENTED_EDGE('',*,*,#3934,.T.);
#5254=ORIENTED_EDGE('',*,*,#3931,.T.);
#5255=ORIENTED_EDGE('',*,*,#3928,.T.);
#5256=ORIENTED_EDGE('',*,*,#3925,.T.);
#5257=ORIENTED_EDGE('',*,*,#3922,.T.);
#5258=ORIENTED_EDGE('',*,*,#3919,.T.);
#5259=ORIENTED_EDGE('',*,*,#3916,.T.);
#5260=ORIENTED_EDGE('',*,*,#3913,.T.);
#5261=ORIENTED_EDGE('',*,*,#3910,.T.);
#5262=ORIENTED_EDGE('',*,*,#3907,.T.);
#5263=ORIENTED_EDGE('',*,*,#3904,.T.);
#5264=ORIENTED_EDGE('',*,*,#3901,.T.);
#5265=ORIENTED_EDGE('',*,*,#3898,.T.);
#5266=ORIENTED_EDGE('',*,*,#3895,.T.);
#5267=ORIENTED_EDGE('',*,*,#3892,.T.);
#5268=ORIENTED_EDGE('',*,*,#3889,.T.);
#5269=ORIENTED_EDGE('',*,*,#3886,.T.);
#5270=ORIENTED_EDGE('',*,*,#3883,.T.);
#5271=ORIENTED_EDGE('',*,*,#3880,.T.);
#5272=ORIENTED_EDGE('',*,*,#3877,.T.);
#5273=ORIENTED_EDGE('',*,*,#3874,.T.);
#5274=ORIENTED_EDGE('',*,*,#3871,.T.);
#5275=ORIENTED_EDGE('',*,*,#3868,.T.);
#5276=ORIENTED_EDGE('',*,*,#3865,.T.);
#5277=ORIENTED_EDGE('',*,*,#3862,.T.);
#5278=ORIENTED_EDGE('',*,*,#3859,.T.);
#5279=ORIENTED_EDGE('',*,*,#3856,.T.);
#5280=ORIENTED_EDGE('',*,*,#3853,.T.);
#5281=ORIENTED_EDGE('',*,*,#3850,.T.);
#5282=ORIENTED_EDGE('',*,*,#3847,.T.);
#5283=ORIENTED_EDGE('',*,*,#3844,.T.);
#5284=ORIENTED_EDGE('',*,*,#3841,.T.);
#5285=ORIENTED_EDGE('',*,*,#3938,.F.);
#5286=ORIENTED_EDGE('',*,*,#3939,.T.);
#5287=ORIENTED_EDGE('',*,*,#3940,.F.);
#5288=ORIENTED_EDGE('',*,*,#3941,.F.);
#5289=ORIENTED_EDGE('',*,*,#3942,.F.);
#5290=ORIENTED_EDGE('',*,*,#3941,.T.);
#5291=ORIENTED_EDGE('',*,*,#3943,.F.);
#5292=ORIENTED_EDGE('',*,*,#3944,.F.);
#5293=ORIENTED_EDGE('',*,*,#3945,.F.);
#5294=ORIENTED_EDGE('',*,*,#3944,.T.);
#5295=ORIENTED_EDGE('',*,*,#3946,.F.);
#5296=ORIENTED_EDGE('',*,*,#3947,.F.);
#5297=ORIENTED_EDGE('',*,*,#3948,.F.);
#5298=ORIENTED_EDGE('',*,*,#3947,.T.);
#5299=ORIENTED_EDGE('',*,*,#3949,.F.);
#5300=ORIENTED_EDGE('',*,*,#3939,.F.);
#5301=ORIENTED_EDGE('',*,*,#3949,.T.);
#5302=ORIENTED_EDGE('',*,*,#3946,.T.);
#5303=ORIENTED_EDGE('',*,*,#3943,.T.);
#5304=ORIENTED_EDGE('',*,*,#3940,.T.);
#5305=ORIENTED_EDGE('',*,*,#3950,.F.);
#5306=ORIENTED_EDGE('',*,*,#3951,.T.);
#5307=ORIENTED_EDGE('',*,*,#3952,.F.);
#5308=ORIENTED_EDGE('',*,*,#3953,.F.);
#5309=ORIENTED_EDGE('',*,*,#3954,.F.);
#5310=ORIENTED_EDGE('',*,*,#3953,.T.);
#5311=ORIENTED_EDGE('',*,*,#3955,.F.);
#5312=ORIENTED_EDGE('',*,*,#3956,.F.);
#5313=ORIENTED_EDGE('',*,*,#3957,.F.);
#5314=ORIENTED_EDGE('',*,*,#3956,.T.);
#5315=ORIENTED_EDGE('',*,*,#3958,.F.);
#5316=ORIENTED_EDGE('',*,*,#3959,.F.);
#5317=ORIENTED_EDGE('',*,*,#3960,.F.);
#5318=ORIENTED_EDGE('',*,*,#3959,.T.);
#5319=ORIENTED_EDGE('',*,*,#3961,.F.);
#5320=ORIENTED_EDGE('',*,*,#3962,.F.);
#5321=ORIENTED_EDGE('',*,*,#3963,.F.);
#5322=ORIENTED_EDGE('',*,*,#3962,.T.);
#5323=ORIENTED_EDGE('',*,*,#3964,.F.);
#5324=ORIENTED_EDGE('',*,*,#3965,.F.);
#5325=ORIENTED_EDGE('',*,*,#3966,.F.);
#5326=ORIENTED_EDGE('',*,*,#3965,.T.);
#5327=ORIENTED_EDGE('',*,*,#3967,.F.);
#5328=ORIENTED_EDGE('',*,*,#3968,.F.);
#5329=ORIENTED_EDGE('',*,*,#3969,.F.);
#5330=ORIENTED_EDGE('',*,*,#3968,.T.);
#5331=ORIENTED_EDGE('',*,*,#3970,.F.);
#5332=ORIENTED_EDGE('',*,*,#3971,.F.);
#5333=ORIENTED_EDGE('',*,*,#3972,.F.);
#5334=ORIENTED_EDGE('',*,*,#3971,.T.);
#5335=ORIENTED_EDGE('',*,*,#3973,.F.);
#5336=ORIENTED_EDGE('',*,*,#3974,.F.);
#5337=ORIENTED_EDGE('',*,*,#3975,.F.);
#5338=ORIENTED_EDGE('',*,*,#3974,.T.);
#5339=ORIENTED_EDGE('',*,*,#3976,.F.);
#5340=ORIENTED_EDGE('',*,*,#3977,.F.);
#5341=ORIENTED_EDGE('',*,*,#3978,.F.);
#5342=ORIENTED_EDGE('',*,*,#3977,.T.);
#5343=ORIENTED_EDGE('',*,*,#3979,.F.);
#5344=ORIENTED_EDGE('',*,*,#3980,.F.);
#5345=ORIENTED_EDGE('',*,*,#3981,.F.);
#5346=ORIENTED_EDGE('',*,*,#3980,.T.);
#5347=ORIENTED_EDGE('',*,*,#3982,.F.);
#5348=ORIENTED_EDGE('',*,*,#3983,.F.);
#5349=ORIENTED_EDGE('',*,*,#3984,.F.);
#5350=ORIENTED_EDGE('',*,*,#3983,.T.);
#5351=ORIENTED_EDGE('',*,*,#3985,.F.);
#5352=ORIENTED_EDGE('',*,*,#3986,.F.);
#5353=ORIENTED_EDGE('',*,*,#3987,.F.);
#5354=ORIENTED_EDGE('',*,*,#3986,.T.);
#5355=ORIENTED_EDGE('',*,*,#3988,.F.);
#5356=ORIENTED_EDGE('',*,*,#3989,.F.);
#5357=ORIENTED_EDGE('',*,*,#3990,.F.);
#5358=ORIENTED_EDGE('',*,*,#3989,.T.);
#5359=ORIENTED_EDGE('',*,*,#3991,.F.);
#5360=ORIENTED_EDGE('',*,*,#3992,.F.);
#5361=ORIENTED_EDGE('',*,*,#3993,.F.);
#5362=ORIENTED_EDGE('',*,*,#3992,.T.);
#5363=ORIENTED_EDGE('',*,*,#3994,.F.);
#5364=ORIENTED_EDGE('',*,*,#3995,.F.);
#5365=ORIENTED_EDGE('',*,*,#3996,.F.);
#5366=ORIENTED_EDGE('',*,*,#3995,.T.);
#5367=ORIENTED_EDGE('',*,*,#3997,.F.);
#5368=ORIENTED_EDGE('',*,*,#3998,.F.);
#5369=ORIENTED_EDGE('',*,*,#3999,.F.);
#5370=ORIENTED_EDGE('',*,*,#3998,.T.);
#5371=ORIENTED_EDGE('',*,*,#4000,.F.);
#5372=ORIENTED_EDGE('',*,*,#4001,.F.);
#5373=ORIENTED_EDGE('',*,*,#4002,.F.);
#5374=ORIENTED_EDGE('',*,*,#4001,.T.);
#5375=ORIENTED_EDGE('',*,*,#4003,.F.);
#5376=ORIENTED_EDGE('',*,*,#4004,.F.);
#5377=ORIENTED_EDGE('',*,*,#4005,.F.);
#5378=ORIENTED_EDGE('',*,*,#4004,.T.);
#5379=ORIENTED_EDGE('',*,*,#4006,.F.);
#5380=ORIENTED_EDGE('',*,*,#4007,.F.);
#5381=ORIENTED_EDGE('',*,*,#4008,.F.);
#5382=ORIENTED_EDGE('',*,*,#4007,.T.);
#5383=ORIENTED_EDGE('',*,*,#4009,.F.);
#5384=ORIENTED_EDGE('',*,*,#4010,.F.);
#5385=ORIENTED_EDGE('',*,*,#4011,.F.);
#5386=ORIENTED_EDGE('',*,*,#4010,.T.);
#5387=ORIENTED_EDGE('',*,*,#4012,.F.);
#5388=ORIENTED_EDGE('',*,*,#4013,.F.);
#5389=ORIENTED_EDGE('',*,*,#4014,.F.);
#5390=ORIENTED_EDGE('',*,*,#4013,.T.);
#5391=ORIENTED_EDGE('',*,*,#4015,.F.);
#5392=ORIENTED_EDGE('',*,*,#4016,.F.);
#5393=ORIENTED_EDGE('',*,*,#4017,.F.);
#5394=ORIENTED_EDGE('',*,*,#4016,.T.);
#5395=ORIENTED_EDGE('',*,*,#4018,.F.);
#5396=ORIENTED_EDGE('',*,*,#4019,.F.);
#5397=ORIENTED_EDGE('',*,*,#4020,.F.);
#5398=ORIENTED_EDGE('',*,*,#4019,.T.);
#5399=ORIENTED_EDGE('',*,*,#4021,.F.);
#5400=ORIENTED_EDGE('',*,*,#4022,.F.);
#5401=ORIENTED_EDGE('',*,*,#4023,.F.);
#5402=ORIENTED_EDGE('',*,*,#4022,.T.);
#5403=ORIENTED_EDGE('',*,*,#4024,.F.);
#5404=ORIENTED_EDGE('',*,*,#4025,.F.);
#5405=ORIENTED_EDGE('',*,*,#4026,.F.);
#5406=ORIENTED_EDGE('',*,*,#4025,.T.);
#5407=ORIENTED_EDGE('',*,*,#4027,.F.);
#5408=ORIENTED_EDGE('',*,*,#4028,.F.);
#5409=ORIENTED_EDGE('',*,*,#4029,.F.);
#5410=ORIENTED_EDGE('',*,*,#4028,.T.);
#5411=ORIENTED_EDGE('',*,*,#4030,.F.);
#5412=ORIENTED_EDGE('',*,*,#4031,.F.);
#5413=ORIENTED_EDGE('',*,*,#4032,.F.);
#5414=ORIENTED_EDGE('',*,*,#4031,.T.);
#5415=ORIENTED_EDGE('',*,*,#4033,.F.);
#5416=ORIENTED_EDGE('',*,*,#4034,.F.);
#5417=ORIENTED_EDGE('',*,*,#4035,.F.);
#5418=ORIENTED_EDGE('',*,*,#4034,.T.);
#5419=ORIENTED_EDGE('',*,*,#4036,.F.);
#5420=ORIENTED_EDGE('',*,*,#4037,.F.);
#5421=ORIENTED_EDGE('',*,*,#4038,.F.);
#5422=ORIENTED_EDGE('',*,*,#4037,.T.);
#5423=ORIENTED_EDGE('',*,*,#4039,.F.);
#5424=ORIENTED_EDGE('',*,*,#4040,.F.);
#5425=ORIENTED_EDGE('',*,*,#4041,.F.);
#5426=ORIENTED_EDGE('',*,*,#4040,.T.);
#5427=ORIENTED_EDGE('',*,*,#4042,.F.);
#5428=ORIENTED_EDGE('',*,*,#4043,.F.);
#5429=ORIENTED_EDGE('',*,*,#4044,.F.);
#5430=ORIENTED_EDGE('',*,*,#4043,.T.);
#5431=ORIENTED_EDGE('',*,*,#4045,.F.);
#5432=ORIENTED_EDGE('',*,*,#4046,.F.);
#5433=ORIENTED_EDGE('',*,*,#4047,.F.);
#5434=ORIENTED_EDGE('',*,*,#4046,.T.);
#5435=ORIENTED_EDGE('',*,*,#4048,.F.);
#5436=ORIENTED_EDGE('',*,*,#3951,.F.);
#5437=ORIENTED_EDGE('',*,*,#4048,.T.);
#5438=ORIENTED_EDGE('',*,*,#4045,.T.);
#5439=ORIENTED_EDGE('',*,*,#4042,.T.);
#5440=ORIENTED_EDGE('',*,*,#4039,.T.);
#5441=ORIENTED_EDGE('',*,*,#4036,.T.);
#5442=ORIENTED_EDGE('',*,*,#4033,.T.);
#5443=ORIENTED_EDGE('',*,*,#4030,.T.);
#5444=ORIENTED_EDGE('',*,*,#4027,.T.);
#5445=ORIENTED_EDGE('',*,*,#4024,.T.);
#5446=ORIENTED_EDGE('',*,*,#4021,.T.);
#5447=ORIENTED_EDGE('',*,*,#4018,.T.);
#5448=ORIENTED_EDGE('',*,*,#4015,.T.);
#5449=ORIENTED_EDGE('',*,*,#4012,.T.);
#5450=ORIENTED_EDGE('',*,*,#4009,.T.);
#5451=ORIENTED_EDGE('',*,*,#4006,.T.);
#5452=ORIENTED_EDGE('',*,*,#4003,.T.);
#5453=ORIENTED_EDGE('',*,*,#4000,.T.);
#5454=ORIENTED_EDGE('',*,*,#3997,.T.);
#5455=ORIENTED_EDGE('',*,*,#3994,.T.);
#5456=ORIENTED_EDGE('',*,*,#3991,.T.);
#5457=ORIENTED_EDGE('',*,*,#3988,.T.);
#5458=ORIENTED_EDGE('',*,*,#3985,.T.);
#5459=ORIENTED_EDGE('',*,*,#3982,.T.);
#5460=ORIENTED_EDGE('',*,*,#3979,.T.);
#5461=ORIENTED_EDGE('',*,*,#3976,.T.);
#5462=ORIENTED_EDGE('',*,*,#3973,.T.);
#5463=ORIENTED_EDGE('',*,*,#3970,.T.);
#5464=ORIENTED_EDGE('',*,*,#3967,.T.);
#5465=ORIENTED_EDGE('',*,*,#3964,.T.);
#5466=ORIENTED_EDGE('',*,*,#3961,.T.);
#5467=ORIENTED_EDGE('',*,*,#3958,.T.);
#5468=ORIENTED_EDGE('',*,*,#3955,.T.);
#5469=ORIENTED_EDGE('',*,*,#3952,.T.);
#5470=ORIENTED_EDGE('',*,*,#4049,.F.);
#5471=ORIENTED_EDGE('',*,*,#4050,.T.);
#5472=ORIENTED_EDGE('',*,*,#4051,.F.);
#5473=ORIENTED_EDGE('',*,*,#4052,.F.);
#5474=ORIENTED_EDGE('',*,*,#4053,.F.);
#5475=ORIENTED_EDGE('',*,*,#4052,.T.);
#5476=ORIENTED_EDGE('',*,*,#4054,.F.);
#5477=ORIENTED_EDGE('',*,*,#4055,.F.);
#5478=ORIENTED_EDGE('',*,*,#4056,.F.);
#5479=ORIENTED_EDGE('',*,*,#4055,.T.);
#5480=ORIENTED_EDGE('',*,*,#4057,.F.);
#5481=ORIENTED_EDGE('',*,*,#4058,.F.);
#5482=ORIENTED_EDGE('',*,*,#4059,.F.);
#5483=ORIENTED_EDGE('',*,*,#4058,.T.);
#5484=ORIENTED_EDGE('',*,*,#4060,.F.);
#5485=ORIENTED_EDGE('',*,*,#4061,.F.);
#5486=ORIENTED_EDGE('',*,*,#4062,.F.);
#5487=ORIENTED_EDGE('',*,*,#4061,.T.);
#5488=ORIENTED_EDGE('',*,*,#4063,.F.);
#5489=ORIENTED_EDGE('',*,*,#4050,.F.);
#5490=ORIENTED_EDGE('',*,*,#4064,.F.);
#5491=ORIENTED_EDGE('',*,*,#4065,.T.);
#5492=ORIENTED_EDGE('',*,*,#4066,.F.);
#5493=ORIENTED_EDGE('',*,*,#4067,.F.);
#5494=ORIENTED_EDGE('',*,*,#4068,.F.);
#5495=ORIENTED_EDGE('',*,*,#4067,.T.);
#5496=ORIENTED_EDGE('',*,*,#4069,.F.);
#5497=ORIENTED_EDGE('',*,*,#4070,.F.);
#5498=ORIENTED_EDGE('',*,*,#4071,.F.);
#5499=ORIENTED_EDGE('',*,*,#4070,.T.);
#5500=ORIENTED_EDGE('',*,*,#4072,.F.);
#5501=ORIENTED_EDGE('',*,*,#4073,.F.);
#5502=ORIENTED_EDGE('',*,*,#4074,.F.);
#5503=ORIENTED_EDGE('',*,*,#4073,.T.);
#5504=ORIENTED_EDGE('',*,*,#4075,.F.);
#5505=ORIENTED_EDGE('',*,*,#4076,.F.);
#5506=ORIENTED_EDGE('',*,*,#4077,.F.);
#5507=ORIENTED_EDGE('',*,*,#4076,.T.);
#5508=ORIENTED_EDGE('',*,*,#4078,.F.);
#5509=ORIENTED_EDGE('',*,*,#4079,.F.);
#5510=ORIENTED_EDGE('',*,*,#4080,.F.);
#5511=ORIENTED_EDGE('',*,*,#4079,.T.);
#5512=ORIENTED_EDGE('',*,*,#4081,.F.);
#5513=ORIENTED_EDGE('',*,*,#4082,.F.);
#5514=ORIENTED_EDGE('',*,*,#4083,.F.);
#5515=ORIENTED_EDGE('',*,*,#4082,.T.);
#5516=ORIENTED_EDGE('',*,*,#4084,.F.);
#5517=ORIENTED_EDGE('',*,*,#4085,.F.);
#5518=ORIENTED_EDGE('',*,*,#4086,.F.);
#5519=ORIENTED_EDGE('',*,*,#4085,.T.);
#5520=ORIENTED_EDGE('',*,*,#4087,.F.);
#5521=ORIENTED_EDGE('',*,*,#4065,.F.);
#5522=ORIENTED_EDGE('',*,*,#4087,.T.);
#5523=ORIENTED_EDGE('',*,*,#4084,.T.);
#5524=ORIENTED_EDGE('',*,*,#4081,.T.);
#5525=ORIENTED_EDGE('',*,*,#4078,.T.);
#5526=ORIENTED_EDGE('',*,*,#4075,.T.);
#5527=ORIENTED_EDGE('',*,*,#4072,.T.);
#5528=ORIENTED_EDGE('',*,*,#4069,.T.);
#5529=ORIENTED_EDGE('',*,*,#4066,.T.);
#5530=ORIENTED_EDGE('',*,*,#4063,.T.);
#5531=ORIENTED_EDGE('',*,*,#4060,.T.);
#5532=ORIENTED_EDGE('',*,*,#4057,.T.);
#5533=ORIENTED_EDGE('',*,*,#4054,.T.);
#5534=ORIENTED_EDGE('',*,*,#4051,.T.);
#5535=ORIENTED_EDGE('',*,*,#4088,.F.);
#5536=ORIENTED_EDGE('',*,*,#4089,.F.);
#5537=ORIENTED_EDGE('',*,*,#4090,.F.);
#5538=ORIENTED_EDGE('',*,*,#4091,.T.);
#5539=ORIENTED_EDGE('',*,*,#3596,.T.);
#5540=ORIENTED_EDGE('',*,*,#3600,.T.);
#5541=ORIENTED_EDGE('',*,*,#3603,.T.);
#5542=ORIENTED_EDGE('',*,*,#3606,.T.);
#5543=ORIENTED_EDGE('',*,*,#3668,.T.);
#5544=ORIENTED_EDGE('',*,*,#3672,.T.);
#5545=ORIENTED_EDGE('',*,*,#3675,.T.);
#5546=ORIENTED_EDGE('',*,*,#3678,.T.);
#5547=ORIENTED_EDGE('',*,*,#3681,.T.);
#5548=ORIENTED_EDGE('',*,*,#3684,.T.);
#5549=ORIENTED_EDGE('',*,*,#3687,.T.);
#5550=ORIENTED_EDGE('',*,*,#3690,.T.);
#5551=ORIENTED_EDGE('',*,*,#3693,.T.);
#5552=ORIENTED_EDGE('',*,*,#3696,.T.);
#5553=ORIENTED_EDGE('',*,*,#3699,.T.);
#5554=ORIENTED_EDGE('',*,*,#3702,.T.);
#5555=ORIENTED_EDGE('',*,*,#3705,.T.);
#5556=ORIENTED_EDGE('',*,*,#3708,.T.);
#5557=ORIENTED_EDGE('',*,*,#3711,.T.);
#5558=ORIENTED_EDGE('',*,*,#3714,.T.);
#5559=ORIENTED_EDGE('',*,*,#3717,.T.);
#5560=ORIENTED_EDGE('',*,*,#3720,.T.);
#5561=ORIENTED_EDGE('',*,*,#3723,.T.);
#5562=ORIENTED_EDGE('',*,*,#3726,.T.);
#5563=ORIENTED_EDGE('',*,*,#3827,.T.);
#5564=ORIENTED_EDGE('',*,*,#3831,.T.);
#5565=ORIENTED_EDGE('',*,*,#3834,.T.);
#5566=ORIENTED_EDGE('',*,*,#3837,.T.);
#5567=ORIENTED_EDGE('',*,*,#3839,.T.);
#5568=ORIENTED_EDGE('',*,*,#3843,.T.);
#5569=ORIENTED_EDGE('',*,*,#3846,.T.);
#5570=ORIENTED_EDGE('',*,*,#3849,.T.);
#5571=ORIENTED_EDGE('',*,*,#3852,.T.);
#5572=ORIENTED_EDGE('',*,*,#3855,.T.);
#5573=ORIENTED_EDGE('',*,*,#3858,.T.);
#5574=ORIENTED_EDGE('',*,*,#3861,.T.);
#5575=ORIENTED_EDGE('',*,*,#3864,.T.);
#5576=ORIENTED_EDGE('',*,*,#3867,.T.);
#5577=ORIENTED_EDGE('',*,*,#3870,.T.);
#5578=ORIENTED_EDGE('',*,*,#3873,.T.);
#5579=ORIENTED_EDGE('',*,*,#3876,.T.);
#5580=ORIENTED_EDGE('',*,*,#3879,.T.);
#5581=ORIENTED_EDGE('',*,*,#3882,.T.);
#5582=ORIENTED_EDGE('',*,*,#3885,.T.);
#5583=ORIENTED_EDGE('',*,*,#3888,.T.);
#5584=ORIENTED_EDGE('',*,*,#3891,.T.);
#5585=ORIENTED_EDGE('',*,*,#3894,.T.);
#5586=ORIENTED_EDGE('',*,*,#3897,.T.);
#5587=ORIENTED_EDGE('',*,*,#3900,.T.);
#5588=ORIENTED_EDGE('',*,*,#3903,.T.);
#5589=ORIENTED_EDGE('',*,*,#3906,.T.);
#5590=ORIENTED_EDGE('',*,*,#3909,.T.);
#5591=ORIENTED_EDGE('',*,*,#3912,.T.);
#5592=ORIENTED_EDGE('',*,*,#3915,.T.);
#5593=ORIENTED_EDGE('',*,*,#3918,.T.);
#5594=ORIENTED_EDGE('',*,*,#3921,.T.);
#5595=ORIENTED_EDGE('',*,*,#3924,.T.);
#5596=ORIENTED_EDGE('',*,*,#3927,.T.);
#5597=ORIENTED_EDGE('',*,*,#3930,.T.);
#5598=ORIENTED_EDGE('',*,*,#3933,.T.);
#5599=ORIENTED_EDGE('',*,*,#3936,.T.);
#5600=ORIENTED_EDGE('',*,*,#3938,.T.);
#5601=ORIENTED_EDGE('',*,*,#3942,.T.);
#5602=ORIENTED_EDGE('',*,*,#3945,.T.);
#5603=ORIENTED_EDGE('',*,*,#3948,.T.);
#5604=ORIENTED_EDGE('',*,*,#3950,.T.);
#5605=ORIENTED_EDGE('',*,*,#3954,.T.);
#5606=ORIENTED_EDGE('',*,*,#3957,.T.);
#5607=ORIENTED_EDGE('',*,*,#3960,.T.);
#5608=ORIENTED_EDGE('',*,*,#3963,.T.);
#5609=ORIENTED_EDGE('',*,*,#3966,.T.);
#5610=ORIENTED_EDGE('',*,*,#3969,.T.);
#5611=ORIENTED_EDGE('',*,*,#3972,.T.);
#5612=ORIENTED_EDGE('',*,*,#3975,.T.);
#5613=ORIENTED_EDGE('',*,*,#3978,.T.);
#5614=ORIENTED_EDGE('',*,*,#3981,.T.);
#5615=ORIENTED_EDGE('',*,*,#3984,.T.);
#5616=ORIENTED_EDGE('',*,*,#3987,.T.);
#5617=ORIENTED_EDGE('',*,*,#3990,.T.);
#5618=ORIENTED_EDGE('',*,*,#3993,.T.);
#5619=ORIENTED_EDGE('',*,*,#3996,.T.);
#5620=ORIENTED_EDGE('',*,*,#3999,.T.);
#5621=ORIENTED_EDGE('',*,*,#4002,.T.);
#5622=ORIENTED_EDGE('',*,*,#4005,.T.);
#5623=ORIENTED_EDGE('',*,*,#4008,.T.);
#5624=ORIENTED_EDGE('',*,*,#4011,.T.);
#5625=ORIENTED_EDGE('',*,*,#4014,.T.);
#5626=ORIENTED_EDGE('',*,*,#4017,.T.);
#5627=ORIENTED_EDGE('',*,*,#4020,.T.);
#5628=ORIENTED_EDGE('',*,*,#4023,.T.);
#5629=ORIENTED_EDGE('',*,*,#4026,.T.);
#5630=ORIENTED_EDGE('',*,*,#4029,.T.);
#5631=ORIENTED_EDGE('',*,*,#4032,.T.);
#5632=ORIENTED_EDGE('',*,*,#4035,.T.);
#5633=ORIENTED_EDGE('',*,*,#4038,.T.);
#5634=ORIENTED_EDGE('',*,*,#4041,.T.);
#5635=ORIENTED_EDGE('',*,*,#4044,.T.);
#5636=ORIENTED_EDGE('',*,*,#4047,.T.);
#5637=ORIENTED_EDGE('',*,*,#4092,.T.);
#5638=ORIENTED_EDGE('',*,*,#4093,.T.);
#5639=ORIENTED_EDGE('',*,*,#4094,.T.);
#5640=ORIENTED_EDGE('',*,*,#4095,.T.);
#5641=ORIENTED_EDGE('',*,*,#4096,.T.);
#5642=ORIENTED_EDGE('',*,*,#4097,.T.);
#5643=ORIENTED_EDGE('',*,*,#4098,.T.);
#5644=ORIENTED_EDGE('',*,*,#4099,.T.);
#5645=ORIENTED_EDGE('',*,*,#4100,.T.);
#5646=ORIENTED_EDGE('',*,*,#4101,.T.);
#5647=ORIENTED_EDGE('',*,*,#4102,.T.);
#5648=ORIENTED_EDGE('',*,*,#4103,.T.);
#5649=ORIENTED_EDGE('',*,*,#4104,.T.);
#5650=ORIENTED_EDGE('',*,*,#4105,.T.);
#5651=ORIENTED_EDGE('',*,*,#4106,.T.);
#5652=ORIENTED_EDGE('',*,*,#4107,.T.);
#5653=ORIENTED_EDGE('',*,*,#4108,.T.);
#5654=ORIENTED_EDGE('',*,*,#4109,.T.);
#5655=ORIENTED_EDGE('',*,*,#4110,.T.);
#5656=ORIENTED_EDGE('',*,*,#4111,.T.);
#5657=ORIENTED_EDGE('',*,*,#4112,.T.);
#5658=ORIENTED_EDGE('',*,*,#4113,.T.);
#5659=ORIENTED_EDGE('',*,*,#4114,.T.);
#5660=ORIENTED_EDGE('',*,*,#4115,.T.);
#5661=ORIENTED_EDGE('',*,*,#4116,.T.);
#5662=ORIENTED_EDGE('',*,*,#4117,.T.);
#5663=ORIENTED_EDGE('',*,*,#4118,.T.);
#5664=ORIENTED_EDGE('',*,*,#4119,.T.);
#5665=ORIENTED_EDGE('',*,*,#4120,.T.);
#5666=ORIENTED_EDGE('',*,*,#4121,.T.);
#5667=ORIENTED_EDGE('',*,*,#4122,.T.);
#5668=ORIENTED_EDGE('',*,*,#4123,.T.);
#5669=ORIENTED_EDGE('',*,*,#4124,.T.);
#5670=ORIENTED_EDGE('',*,*,#4125,.T.);
#5671=ORIENTED_EDGE('',*,*,#4126,.T.);
#5672=ORIENTED_EDGE('',*,*,#4127,.T.);
#5673=ORIENTED_EDGE('',*,*,#4064,.T.);
#5674=ORIENTED_EDGE('',*,*,#4068,.T.);
#5675=ORIENTED_EDGE('',*,*,#4071,.T.);
#5676=ORIENTED_EDGE('',*,*,#4074,.T.);
#5677=ORIENTED_EDGE('',*,*,#4077,.T.);
#5678=ORIENTED_EDGE('',*,*,#4080,.T.);
#5679=ORIENTED_EDGE('',*,*,#4083,.T.);
#5680=ORIENTED_EDGE('',*,*,#4086,.T.);
#5681=ORIENTED_EDGE('',*,*,#3728,.T.);
#5682=ORIENTED_EDGE('',*,*,#3732,.T.);
#5683=ORIENTED_EDGE('',*,*,#3735,.T.);
#5684=ORIENTED_EDGE('',*,*,#3738,.T.);
#5685=ORIENTED_EDGE('',*,*,#3741,.T.);
#5686=ORIENTED_EDGE('',*,*,#3744,.T.);
#5687=ORIENTED_EDGE('',*,*,#3747,.T.);
#5688=ORIENTED_EDGE('',*,*,#3750,.T.);
#5689=ORIENTED_EDGE('',*,*,#3753,.T.);
#5690=ORIENTED_EDGE('',*,*,#3756,.T.);
#5691=ORIENTED_EDGE('',*,*,#3759,.T.);
#5692=ORIENTED_EDGE('',*,*,#3762,.T.);
#5693=ORIENTED_EDGE('',*,*,#3765,.T.);
#5694=ORIENTED_EDGE('',*,*,#3768,.T.);
#5695=ORIENTED_EDGE('',*,*,#3771,.T.);
#5696=ORIENTED_EDGE('',*,*,#3774,.T.);
#5697=ORIENTED_EDGE('',*,*,#3777,.T.);
#5698=ORIENTED_EDGE('',*,*,#3780,.T.);
#5699=ORIENTED_EDGE('',*,*,#3783,.T.);
#5700=ORIENTED_EDGE('',*,*,#3786,.T.);
#5701=ORIENTED_EDGE('',*,*,#3789,.T.);
#5702=ORIENTED_EDGE('',*,*,#3792,.T.);
#5703=ORIENTED_EDGE('',*,*,#3795,.T.);
#5704=ORIENTED_EDGE('',*,*,#3798,.T.);
#5705=ORIENTED_EDGE('',*,*,#3801,.T.);
#5706=ORIENTED_EDGE('',*,*,#3804,.T.);
#5707=ORIENTED_EDGE('',*,*,#3807,.T.);
#5708=ORIENTED_EDGE('',*,*,#3810,.T.);
#5709=ORIENTED_EDGE('',*,*,#3813,.T.);
#5710=ORIENTED_EDGE('',*,*,#3816,.T.);
#5711=ORIENTED_EDGE('',*,*,#3819,.T.);
#5712=ORIENTED_EDGE('',*,*,#3822,.T.);
#5713=ORIENTED_EDGE('',*,*,#3825,.T.);
#5714=ORIENTED_EDGE('',*,*,#3623,.T.);
#5715=ORIENTED_EDGE('',*,*,#3627,.T.);
#5716=ORIENTED_EDGE('',*,*,#3630,.T.);
#5717=ORIENTED_EDGE('',*,*,#3633,.T.);
#5718=ORIENTED_EDGE('',*,*,#3636,.T.);
#5719=ORIENTED_EDGE('',*,*,#3639,.T.);
#5720=ORIENTED_EDGE('',*,*,#3642,.T.);
#5721=ORIENTED_EDGE('',*,*,#3645,.T.);
#5722=ORIENTED_EDGE('',*,*,#3648,.T.);
#5723=ORIENTED_EDGE('',*,*,#3651,.T.);
#5724=ORIENTED_EDGE('',*,*,#3654,.T.);
#5725=ORIENTED_EDGE('',*,*,#3657,.T.);
#5726=ORIENTED_EDGE('',*,*,#3660,.T.);
#5727=ORIENTED_EDGE('',*,*,#3663,.T.);
#5728=ORIENTED_EDGE('',*,*,#3666,.T.);
#5729=ORIENTED_EDGE('',*,*,#3491,.T.);
#5730=ORIENTED_EDGE('',*,*,#3495,.T.);
#5731=ORIENTED_EDGE('',*,*,#3498,.T.);
#5732=ORIENTED_EDGE('',*,*,#3501,.T.);
#5733=ORIENTED_EDGE('',*,*,#3504,.T.);
#5734=ORIENTED_EDGE('',*,*,#3507,.T.);
#5735=ORIENTED_EDGE('',*,*,#3510,.T.);
#5736=ORIENTED_EDGE('',*,*,#3513,.T.);
#5737=ORIENTED_EDGE('',*,*,#3516,.T.);
#5738=ORIENTED_EDGE('',*,*,#3519,.T.);
#5739=ORIENTED_EDGE('',*,*,#3522,.T.);
#5740=ORIENTED_EDGE('',*,*,#3525,.T.);
#5741=ORIENTED_EDGE('',*,*,#3528,.T.);
#5742=ORIENTED_EDGE('',*,*,#3531,.T.);
#5743=ORIENTED_EDGE('',*,*,#3534,.T.);
#5744=ORIENTED_EDGE('',*,*,#3537,.T.);
#5745=ORIENTED_EDGE('',*,*,#3540,.T.);
#5746=ORIENTED_EDGE('',*,*,#3543,.T.);
#5747=ORIENTED_EDGE('',*,*,#3546,.T.);
#5748=ORIENTED_EDGE('',*,*,#3549,.T.);
#5749=ORIENTED_EDGE('',*,*,#3552,.T.);
#5750=ORIENTED_EDGE('',*,*,#3555,.T.);
#5751=ORIENTED_EDGE('',*,*,#3558,.T.);
#5752=ORIENTED_EDGE('',*,*,#3561,.T.);
#5753=ORIENTED_EDGE('',*,*,#3564,.T.);
#5754=ORIENTED_EDGE('',*,*,#3567,.T.);
#5755=ORIENTED_EDGE('',*,*,#3570,.T.);
#5756=ORIENTED_EDGE('',*,*,#3573,.T.);
#5757=ORIENTED_EDGE('',*,*,#3576,.T.);
#5758=ORIENTED_EDGE('',*,*,#3579,.T.);
#5759=ORIENTED_EDGE('',*,*,#3582,.T.);
#5760=ORIENTED_EDGE('',*,*,#3585,.T.);
#5761=ORIENTED_EDGE('',*,*,#3588,.T.);
#5762=ORIENTED_EDGE('',*,*,#3591,.T.);
#5763=ORIENTED_EDGE('',*,*,#3594,.T.);
#5764=ORIENTED_EDGE('',*,*,#4115,.F.);
#5765=ORIENTED_EDGE('',*,*,#4128,.T.);
#5766=ORIENTED_EDGE('',*,*,#4129,.F.);
#5767=ORIENTED_EDGE('',*,*,#4130,.F.);
#5768=ORIENTED_EDGE('',*,*,#4116,.F.);
#5769=ORIENTED_EDGE('',*,*,#4130,.T.);
#5770=ORIENTED_EDGE('',*,*,#4131,.F.);
#5771=ORIENTED_EDGE('',*,*,#4132,.F.);
#5772=ORIENTED_EDGE('',*,*,#4117,.F.);
#5773=ORIENTED_EDGE('',*,*,#4132,.T.);
#5774=ORIENTED_EDGE('',*,*,#4133,.F.);
#5775=ORIENTED_EDGE('',*,*,#4134,.F.);
#5776=ORIENTED_EDGE('',*,*,#4118,.F.);
#5777=ORIENTED_EDGE('',*,*,#4134,.T.);
#5778=ORIENTED_EDGE('',*,*,#4135,.F.);
#5779=ORIENTED_EDGE('',*,*,#4136,.F.);
#5780=ORIENTED_EDGE('',*,*,#4119,.F.);
#5781=ORIENTED_EDGE('',*,*,#4136,.T.);
#5782=ORIENTED_EDGE('',*,*,#4137,.F.);
#5783=ORIENTED_EDGE('',*,*,#4138,.F.);
#5784=ORIENTED_EDGE('',*,*,#4120,.F.);
#5785=ORIENTED_EDGE('',*,*,#4138,.T.);
#5786=ORIENTED_EDGE('',*,*,#4139,.F.);
#5787=ORIENTED_EDGE('',*,*,#4140,.F.);
#5788=ORIENTED_EDGE('',*,*,#4121,.F.);
#5789=ORIENTED_EDGE('',*,*,#4140,.T.);
#5790=ORIENTED_EDGE('',*,*,#4141,.F.);
#5791=ORIENTED_EDGE('',*,*,#4142,.F.);
#5792=ORIENTED_EDGE('',*,*,#4122,.F.);
#5793=ORIENTED_EDGE('',*,*,#4142,.T.);
#5794=ORIENTED_EDGE('',*,*,#4143,.F.);
#5795=ORIENTED_EDGE('',*,*,#4144,.F.);
#5796=ORIENTED_EDGE('',*,*,#4123,.F.);
#5797=ORIENTED_EDGE('',*,*,#4144,.T.);
#5798=ORIENTED_EDGE('',*,*,#4145,.F.);
#5799=ORIENTED_EDGE('',*,*,#4146,.F.);
#5800=ORIENTED_EDGE('',*,*,#4124,.F.);
#5801=ORIENTED_EDGE('',*,*,#4146,.T.);
#5802=ORIENTED_EDGE('',*,*,#4147,.F.);
#5803=ORIENTED_EDGE('',*,*,#4148,.F.);
#5804=ORIENTED_EDGE('',*,*,#4125,.F.);
#5805=ORIENTED_EDGE('',*,*,#4148,.T.);
#5806=ORIENTED_EDGE('',*,*,#4149,.F.);
#5807=ORIENTED_EDGE('',*,*,#4150,.F.);
#5808=ORIENTED_EDGE('',*,*,#4126,.F.);
#5809=ORIENTED_EDGE('',*,*,#4150,.T.);
#5810=ORIENTED_EDGE('',*,*,#4151,.F.);
#5811=ORIENTED_EDGE('',*,*,#4152,.F.);
#5812=ORIENTED_EDGE('',*,*,#4127,.F.);
#5813=ORIENTED_EDGE('',*,*,#4152,.T.);
#5814=ORIENTED_EDGE('',*,*,#4153,.F.);
#5815=ORIENTED_EDGE('',*,*,#4128,.F.);
#5816=ORIENTED_EDGE('',*,*,#4153,.T.);
#5817=ORIENTED_EDGE('',*,*,#4151,.T.);
#5818=ORIENTED_EDGE('',*,*,#4149,.T.);
#5819=ORIENTED_EDGE('',*,*,#4147,.T.);
#5820=ORIENTED_EDGE('',*,*,#4145,.T.);
#5821=ORIENTED_EDGE('',*,*,#4143,.T.);
#5822=ORIENTED_EDGE('',*,*,#4141,.T.);
#5823=ORIENTED_EDGE('',*,*,#4139,.T.);
#5824=ORIENTED_EDGE('',*,*,#4137,.T.);
#5825=ORIENTED_EDGE('',*,*,#4135,.T.);
#5826=ORIENTED_EDGE('',*,*,#4133,.T.);
#5827=ORIENTED_EDGE('',*,*,#4131,.T.);
#5828=ORIENTED_EDGE('',*,*,#4129,.T.);
#5829=ORIENTED_EDGE('',*,*,#4154,.F.);
#5830=ORIENTED_EDGE('',*,*,#4155,.T.);
#5831=ORIENTED_EDGE('',*,*,#4156,.F.);
#5832=ORIENTED_EDGE('',*,*,#4157,.F.);
#5833=ORIENTED_EDGE('',*,*,#4158,.F.);
#5834=ORIENTED_EDGE('',*,*,#4157,.T.);
#5835=ORIENTED_EDGE('',*,*,#4159,.F.);
#5836=ORIENTED_EDGE('',*,*,#4160,.F.);
#5837=ORIENTED_EDGE('',*,*,#4161,.F.);
#5838=ORIENTED_EDGE('',*,*,#4160,.T.);
#5839=ORIENTED_EDGE('',*,*,#4162,.F.);
#5840=ORIENTED_EDGE('',*,*,#4163,.F.);
#5841=ORIENTED_EDGE('',*,*,#4164,.F.);
#5842=ORIENTED_EDGE('',*,*,#4163,.T.);
#5843=ORIENTED_EDGE('',*,*,#4165,.F.);
#5844=ORIENTED_EDGE('',*,*,#4166,.F.);
#5845=ORIENTED_EDGE('',*,*,#4167,.F.);
#5846=ORIENTED_EDGE('',*,*,#4166,.T.);
#5847=ORIENTED_EDGE('',*,*,#4168,.F.);
#5848=ORIENTED_EDGE('',*,*,#4169,.F.);
#5849=ORIENTED_EDGE('',*,*,#4170,.F.);
#5850=ORIENTED_EDGE('',*,*,#4169,.T.);
#5851=ORIENTED_EDGE('',*,*,#4171,.F.);
#5852=ORIENTED_EDGE('',*,*,#4172,.F.);
#5853=ORIENTED_EDGE('',*,*,#4173,.F.);
#5854=ORIENTED_EDGE('',*,*,#4172,.T.);
#5855=ORIENTED_EDGE('',*,*,#4174,.F.);
#5856=ORIENTED_EDGE('',*,*,#4175,.F.);
#5857=ORIENTED_EDGE('',*,*,#4176,.F.);
#5858=ORIENTED_EDGE('',*,*,#4175,.T.);
#5859=ORIENTED_EDGE('',*,*,#4177,.F.);
#5860=ORIENTED_EDGE('',*,*,#4155,.F.);
#5861=ORIENTED_EDGE('',*,*,#4092,.F.);
#5862=ORIENTED_EDGE('',*,*,#4178,.T.);
#5863=ORIENTED_EDGE('',*,*,#4179,.F.);
#5864=ORIENTED_EDGE('',*,*,#4180,.F.);
#5865=ORIENTED_EDGE('',*,*,#4093,.F.);
#5866=ORIENTED_EDGE('',*,*,#4180,.T.);
#5867=ORIENTED_EDGE('',*,*,#4181,.F.);
#5868=ORIENTED_EDGE('',*,*,#4182,.F.);
#5869=ORIENTED_EDGE('',*,*,#4094,.F.);
#5870=ORIENTED_EDGE('',*,*,#4182,.T.);
#5871=ORIENTED_EDGE('',*,*,#4183,.F.);
#5872=ORIENTED_EDGE('',*,*,#4184,.F.);
#5873=ORIENTED_EDGE('',*,*,#4095,.F.);
#5874=ORIENTED_EDGE('',*,*,#4184,.T.);
#5875=ORIENTED_EDGE('',*,*,#4185,.F.);
#5876=ORIENTED_EDGE('',*,*,#4186,.F.);
#5877=ORIENTED_EDGE('',*,*,#4096,.F.);
#5878=ORIENTED_EDGE('',*,*,#4186,.T.);
#5879=ORIENTED_EDGE('',*,*,#4187,.F.);
#5880=ORIENTED_EDGE('',*,*,#4188,.F.);
#5881=ORIENTED_EDGE('',*,*,#4097,.F.);
#5882=ORIENTED_EDGE('',*,*,#4188,.T.);
#5883=ORIENTED_EDGE('',*,*,#4189,.F.);
#5884=ORIENTED_EDGE('',*,*,#4190,.F.);
#5885=ORIENTED_EDGE('',*,*,#4098,.F.);
#5886=ORIENTED_EDGE('',*,*,#4190,.T.);
#5887=ORIENTED_EDGE('',*,*,#4191,.F.);
#5888=ORIENTED_EDGE('',*,*,#4192,.F.);
#5889=ORIENTED_EDGE('',*,*,#4099,.F.);
#5890=ORIENTED_EDGE('',*,*,#4192,.T.);
#5891=ORIENTED_EDGE('',*,*,#4193,.F.);
#5892=ORIENTED_EDGE('',*,*,#4194,.F.);
#5893=ORIENTED_EDGE('',*,*,#4100,.F.);
#5894=ORIENTED_EDGE('',*,*,#4194,.T.);
#5895=ORIENTED_EDGE('',*,*,#4195,.F.);
#5896=ORIENTED_EDGE('',*,*,#4196,.F.);
#5897=ORIENTED_EDGE('',*,*,#4101,.F.);
#5898=ORIENTED_EDGE('',*,*,#4196,.T.);
#5899=ORIENTED_EDGE('',*,*,#4197,.F.);
#5900=ORIENTED_EDGE('',*,*,#4198,.F.);
#5901=ORIENTED_EDGE('',*,*,#4102,.F.);
#5902=ORIENTED_EDGE('',*,*,#4198,.T.);
#5903=ORIENTED_EDGE('',*,*,#4199,.F.);
#5904=ORIENTED_EDGE('',*,*,#4200,.F.);
#5905=ORIENTED_EDGE('',*,*,#4103,.F.);
#5906=ORIENTED_EDGE('',*,*,#4200,.T.);
#5907=ORIENTED_EDGE('',*,*,#4201,.F.);
#5908=ORIENTED_EDGE('',*,*,#4202,.F.);
#5909=ORIENTED_EDGE('',*,*,#4104,.F.);
#5910=ORIENTED_EDGE('',*,*,#4202,.T.);
#5911=ORIENTED_EDGE('',*,*,#4203,.F.);
#5912=ORIENTED_EDGE('',*,*,#4204,.F.);
#5913=ORIENTED_EDGE('',*,*,#4105,.F.);
#5914=ORIENTED_EDGE('',*,*,#4204,.T.);
#5915=ORIENTED_EDGE('',*,*,#4205,.F.);
#5916=ORIENTED_EDGE('',*,*,#4178,.F.);
#5917=ORIENTED_EDGE('',*,*,#4205,.T.);
#5918=ORIENTED_EDGE('',*,*,#4203,.T.);
#5919=ORIENTED_EDGE('',*,*,#4201,.T.);
#5920=ORIENTED_EDGE('',*,*,#4199,.T.);
#5921=ORIENTED_EDGE('',*,*,#4197,.T.);
#5922=ORIENTED_EDGE('',*,*,#4195,.T.);
#5923=ORIENTED_EDGE('',*,*,#4193,.T.);
#5924=ORIENTED_EDGE('',*,*,#4191,.T.);
#5925=ORIENTED_EDGE('',*,*,#4189,.T.);
#5926=ORIENTED_EDGE('',*,*,#4187,.T.);
#5927=ORIENTED_EDGE('',*,*,#4185,.T.);
#5928=ORIENTED_EDGE('',*,*,#4183,.T.);
#5929=ORIENTED_EDGE('',*,*,#4181,.T.);
#5930=ORIENTED_EDGE('',*,*,#4179,.T.);
#5931=ORIENTED_EDGE('',*,*,#4177,.T.);
#5932=ORIENTED_EDGE('',*,*,#4174,.T.);
#5933=ORIENTED_EDGE('',*,*,#4171,.T.);
#5934=ORIENTED_EDGE('',*,*,#4168,.T.);
#5935=ORIENTED_EDGE('',*,*,#4165,.T.);
#5936=ORIENTED_EDGE('',*,*,#4162,.T.);
#5937=ORIENTED_EDGE('',*,*,#4159,.T.);
#5938=ORIENTED_EDGE('',*,*,#4156,.T.);
#5939=ORIENTED_EDGE('',*,*,#4049,.T.);
#5940=ORIENTED_EDGE('',*,*,#4053,.T.);
#5941=ORIENTED_EDGE('',*,*,#4056,.T.);
#5942=ORIENTED_EDGE('',*,*,#4059,.T.);
#5943=ORIENTED_EDGE('',*,*,#4062,.T.);
#5944=ORIENTED_EDGE('',*,*,#4206,.F.);
#5945=ORIENTED_EDGE('',*,*,#4207,.T.);
#5946=ORIENTED_EDGE('',*,*,#4208,.F.);
#5947=ORIENTED_EDGE('',*,*,#4209,.F.);
#5948=ORIENTED_EDGE('',*,*,#4210,.F.);
#5949=ORIENTED_EDGE('',*,*,#4209,.T.);
#5950=ORIENTED_EDGE('',*,*,#4211,.F.);
#5951=ORIENTED_EDGE('',*,*,#4212,.F.);
#5952=ORIENTED_EDGE('',*,*,#4213,.F.);
#5953=ORIENTED_EDGE('',*,*,#4212,.T.);
#5954=ORIENTED_EDGE('',*,*,#4214,.F.);
#5955=ORIENTED_EDGE('',*,*,#4215,.F.);
#5956=ORIENTED_EDGE('',*,*,#4216,.F.);
#5957=ORIENTED_EDGE('',*,*,#4215,.T.);
#5958=ORIENTED_EDGE('',*,*,#4217,.F.);
#5959=ORIENTED_EDGE('',*,*,#4218,.F.);
#5960=ORIENTED_EDGE('',*,*,#4219,.F.);
#5961=ORIENTED_EDGE('',*,*,#4218,.T.);
#5962=ORIENTED_EDGE('',*,*,#4220,.F.);
#5963=ORIENTED_EDGE('',*,*,#4221,.F.);
#5964=ORIENTED_EDGE('',*,*,#4222,.F.);
#5965=ORIENTED_EDGE('',*,*,#4221,.T.);
#5966=ORIENTED_EDGE('',*,*,#4223,.F.);
#5967=ORIENTED_EDGE('',*,*,#4224,.F.);
#5968=ORIENTED_EDGE('',*,*,#4225,.F.);
#5969=ORIENTED_EDGE('',*,*,#4224,.T.);
#5970=ORIENTED_EDGE('',*,*,#4226,.F.);
#5971=ORIENTED_EDGE('',*,*,#4227,.F.);
#5972=ORIENTED_EDGE('',*,*,#4228,.F.);
#5973=ORIENTED_EDGE('',*,*,#4227,.T.);
#5974=ORIENTED_EDGE('',*,*,#4229,.F.);
#5975=ORIENTED_EDGE('',*,*,#4207,.F.);
#5976=ORIENTED_EDGE('',*,*,#4106,.F.);
#5977=ORIENTED_EDGE('',*,*,#4230,.T.);
#5978=ORIENTED_EDGE('',*,*,#4231,.F.);
#5979=ORIENTED_EDGE('',*,*,#4232,.F.);
#5980=ORIENTED_EDGE('',*,*,#4107,.F.);
#5981=ORIENTED_EDGE('',*,*,#4232,.T.);
#5982=ORIENTED_EDGE('',*,*,#4233,.F.);
#5983=ORIENTED_EDGE('',*,*,#4234,.F.);
#5984=ORIENTED_EDGE('',*,*,#4108,.F.);
#5985=ORIENTED_EDGE('',*,*,#4234,.T.);
#5986=ORIENTED_EDGE('',*,*,#4235,.F.);
#5987=ORIENTED_EDGE('',*,*,#4236,.F.);
#5988=ORIENTED_EDGE('',*,*,#4109,.F.);
#5989=ORIENTED_EDGE('',*,*,#4236,.T.);
#5990=ORIENTED_EDGE('',*,*,#4237,.F.);
#5991=ORIENTED_EDGE('',*,*,#4238,.F.);
#5992=ORIENTED_EDGE('',*,*,#4110,.F.);
#5993=ORIENTED_EDGE('',*,*,#4238,.T.);
#5994=ORIENTED_EDGE('',*,*,#4239,.F.);
#5995=ORIENTED_EDGE('',*,*,#4240,.F.);
#5996=ORIENTED_EDGE('',*,*,#4111,.F.);
#5997=ORIENTED_EDGE('',*,*,#4240,.T.);
#5998=ORIENTED_EDGE('',*,*,#4241,.F.);
#5999=ORIENTED_EDGE('',*,*,#4242,.F.);
#6000=ORIENTED_EDGE('',*,*,#4112,.F.);
#6001=ORIENTED_EDGE('',*,*,#4242,.T.);
#6002=ORIENTED_EDGE('',*,*,#4243,.F.);
#6003=ORIENTED_EDGE('',*,*,#4244,.F.);
#6004=ORIENTED_EDGE('',*,*,#4113,.F.);
#6005=ORIENTED_EDGE('',*,*,#4244,.T.);
#6006=ORIENTED_EDGE('',*,*,#4245,.F.);
#6007=ORIENTED_EDGE('',*,*,#4246,.F.);
#6008=ORIENTED_EDGE('',*,*,#4114,.F.);
#6009=ORIENTED_EDGE('',*,*,#4246,.T.);
#6010=ORIENTED_EDGE('',*,*,#4247,.F.);
#6011=ORIENTED_EDGE('',*,*,#4230,.F.);
#6012=ORIENTED_EDGE('',*,*,#4247,.T.);
#6013=ORIENTED_EDGE('',*,*,#4245,.T.);
#6014=ORIENTED_EDGE('',*,*,#4243,.T.);
#6015=ORIENTED_EDGE('',*,*,#4241,.T.);
#6016=ORIENTED_EDGE('',*,*,#4239,.T.);
#6017=ORIENTED_EDGE('',*,*,#4237,.T.);
#6018=ORIENTED_EDGE('',*,*,#4235,.T.);
#6019=ORIENTED_EDGE('',*,*,#4233,.T.);
#6020=ORIENTED_EDGE('',*,*,#4231,.T.);
#6021=ORIENTED_EDGE('',*,*,#4229,.T.);
#6022=ORIENTED_EDGE('',*,*,#4226,.T.);
#6023=ORIENTED_EDGE('',*,*,#4223,.T.);
#6024=ORIENTED_EDGE('',*,*,#4220,.T.);
#6025=ORIENTED_EDGE('',*,*,#4217,.T.);
#6026=ORIENTED_EDGE('',*,*,#4214,.T.);
#6027=ORIENTED_EDGE('',*,*,#4211,.T.);
#6028=ORIENTED_EDGE('',*,*,#4208,.T.);
#6029=ORIENTED_EDGE('',*,*,#4154,.T.);
#6030=ORIENTED_EDGE('',*,*,#4158,.T.);
#6031=ORIENTED_EDGE('',*,*,#4161,.T.);
#6032=ORIENTED_EDGE('',*,*,#4164,.T.);
#6033=ORIENTED_EDGE('',*,*,#4167,.T.);
#6034=ORIENTED_EDGE('',*,*,#4170,.T.);
#6035=ORIENTED_EDGE('',*,*,#4173,.T.);
#6036=ORIENTED_EDGE('',*,*,#4176,.T.);
#6037=ORIENTED_EDGE('',*,*,#4248,.T.);
#6038=ORIENTED_EDGE('',*,*,#4249,.T.);
#6039=ORIENTED_EDGE('',*,*,#4250,.T.);
#6040=ORIENTED_EDGE('',*,*,#4251,.F.);
#6041=ORIENTED_EDGE('',*,*,#4252,.T.);
#6042=ORIENTED_EDGE('',*,*,#4249,.F.);
#6043=ORIENTED_EDGE('',*,*,#4253,.T.);
#6044=ORIENTED_EDGE('',*,*,#4254,.T.);
#6045=ORIENTED_EDGE('',*,*,#4255,.T.);
#6046=ORIENTED_EDGE('',*,*,#4254,.F.);
#6047=ORIENTED_EDGE('',*,*,#4256,.T.);
#6048=ORIENTED_EDGE('',*,*,#4257,.T.);
#6049=ORIENTED_EDGE('',*,*,#4258,.T.);
#6050=ORIENTED_EDGE('',*,*,#4257,.F.);
#6051=ORIENTED_EDGE('',*,*,#4259,.T.);
#6052=ORIENTED_EDGE('',*,*,#4251,.T.);
#6053=ORIENTED_EDGE('',*,*,#4258,.F.);
#6054=ORIENTED_EDGE('',*,*,#4260,.F.);
#6055=ORIENTED_EDGE('',*,*,#4261,.F.);
#6056=ORIENTED_EDGE('',*,*,#4262,.T.);
#6057=ORIENTED_EDGE('',*,*,#4250,.F.);
#6058=ORIENTED_EDGE('',*,*,#4263,.F.);
#6059=ORIENTED_EDGE('',*,*,#4264,.F.);
#6060=ORIENTED_EDGE('',*,*,#4260,.T.);
#6061=ORIENTED_EDGE('',*,*,#4248,.F.);
#6062=ORIENTED_EDGE('',*,*,#4259,.F.);
#6063=ORIENTED_EDGE('',*,*,#4256,.F.);
#6064=ORIENTED_EDGE('',*,*,#4253,.F.);
#6065=ORIENTED_EDGE('',*,*,#4265,.F.);
#6066=ORIENTED_EDGE('',*,*,#4266,.F.);
#6067=ORIENTED_EDGE('',*,*,#4267,.T.);
#6068=ORIENTED_EDGE('',*,*,#4265,.T.);
#6069=ORIENTED_EDGE('',*,*,#4267,.F.);
#6070=ORIENTED_EDGE('',*,*,#4268,.T.);
#6071=ORIENTED_EDGE('',*,*,#4269,.T.);
#6072=ORIENTED_EDGE('',*,*,#4270,.T.);
#6073=ORIENTED_EDGE('',*,*,#4269,.F.);
#6074=ORIENTED_EDGE('',*,*,#4271,.F.);
#6075=ORIENTED_EDGE('',*,*,#4272,.T.);
#6076=ORIENTED_EDGE('',*,*,#4268,.F.);
#6077=ORIENTED_EDGE('',*,*,#4272,.F.);
#6078=ORIENTED_EDGE('',*,*,#4273,.F.);
#6079=ORIENTED_EDGE('',*,*,#4274,.F.);
#6080=ORIENTED_EDGE('',*,*,#4275,.F.);
#6081=ORIENTED_EDGE('',*,*,#4276,.F.);
#6082=ORIENTED_EDGE('',*,*,#4277,.F.);
#6083=ORIENTED_EDGE('',*,*,#4270,.F.);
#6084=ORIENTED_EDGE('',*,*,#4278,.T.);
#6085=ORIENTED_EDGE('',*,*,#4279,.T.);
#6086=ORIENTED_EDGE('',*,*,#4273,.T.);
#6087=ORIENTED_EDGE('',*,*,#4271,.T.);
#6088=ORIENTED_EDGE('',*,*,#4279,.F.);
#6089=ORIENTED_EDGE('',*,*,#4278,.F.);
#6090=ORIENTED_EDGE('',*,*,#4266,.T.);
#6091=ORIENTED_EDGE('',*,*,#4280,.T.);
#6092=ORIENTED_EDGE('',*,*,#4281,.T.);
#6093=ORIENTED_EDGE('',*,*,#4282,.T.);
#6094=ORIENTED_EDGE('',*,*,#4283,.F.);
#6095=ORIENTED_EDGE('',*,*,#4284,.T.);
#6096=ORIENTED_EDGE('',*,*,#4285,.T.);
#6097=ORIENTED_EDGE('',*,*,#4261,.T.);
#6098=ORIENTED_EDGE('',*,*,#4286,.T.);
#6099=ORIENTED_EDGE('',*,*,#4287,.T.);
#6100=ORIENTED_EDGE('',*,*,#4285,.F.);
#6101=ORIENTED_EDGE('',*,*,#4288,.T.);
#6102=ORIENTED_EDGE('',*,*,#4283,.T.);
#6103=ORIENTED_EDGE('',*,*,#4289,.T.);
#6104=ORIENTED_EDGE('',*,*,#4286,.F.);
#6105=ORIENTED_EDGE('',*,*,#4264,.T.);
#6106=ORIENTED_EDGE('',*,*,#4281,.F.);
#6107=ORIENTED_EDGE('',*,*,#4290,.F.);
#6108=ORIENTED_EDGE('',*,*,#4291,.F.);
#6109=ORIENTED_EDGE('',*,*,#4292,.F.);
#6110=ORIENTED_EDGE('',*,*,#4293,.F.);
#6111=ORIENTED_EDGE('',*,*,#4284,.F.);
#6112=ORIENTED_EDGE('',*,*,#4289,.F.);
#6113=ORIENTED_EDGE('',*,*,#4280,.F.);
#6114=ORIENTED_EDGE('',*,*,#4288,.F.);
#6115=ORIENTED_EDGE('',*,*,#4294,.T.);
#6116=ORIENTED_EDGE('',*,*,#4295,.T.);
#6117=ORIENTED_EDGE('',*,*,#4290,.T.);
#6118=ORIENTED_EDGE('',*,*,#4296,.T.);
#6119=ORIENTED_EDGE('',*,*,#4297,.F.);
#6120=ORIENTED_EDGE('',*,*,#4298,.F.);
#6121=ORIENTED_EDGE('',*,*,#4299,.F.);
#6122=ORIENTED_EDGE('',*,*,#4300,.F.);
#6123=ORIENTED_EDGE('',*,*,#4301,.F.);
#6124=ORIENTED_EDGE('',*,*,#4302,.F.);
#6125=ORIENTED_EDGE('',*,*,#4293,.T.);
#6126=ORIENTED_EDGE('',*,*,#4301,.T.);
#6127=ORIENTED_EDGE('',*,*,#4303,.T.);
#6128=ORIENTED_EDGE('',*,*,#4296,.F.);
#6129=ORIENTED_EDGE('',*,*,#4298,.T.);
#6130=ORIENTED_EDGE('',*,*,#4304,.T.);
#6131=ORIENTED_EDGE('',*,*,#4302,.T.);
#6132=ORIENTED_EDGE('',*,*,#4292,.T.);
#6133=ORIENTED_EDGE('',*,*,#4305,.F.);
#6134=ORIENTED_EDGE('',*,*,#4306,.F.);
#6135=ORIENTED_EDGE('',*,*,#4307,.F.);
#6136=ORIENTED_EDGE('',*,*,#4306,.T.);
#6137=ORIENTED_EDGE('',*,*,#4308,.T.);
#6138=ORIENTED_EDGE('',*,*,#4297,.T.);
#6139=ORIENTED_EDGE('',*,*,#4089,.T.);
#6140=ORIENTED_EDGE('',*,*,#4309,.F.);
#6141=ORIENTED_EDGE('',*,*,#4310,.F.);
#6142=ORIENTED_EDGE('',*,*,#4311,.F.);
#6143=ORIENTED_EDGE('',*,*,#4310,.T.);
#6144=ORIENTED_EDGE('',*,*,#4312,.T.);
#6145=ORIENTED_EDGE('',*,*,#4300,.T.);
#6146=ORIENTED_EDGE('',*,*,#4313,.T.);
#6147=ORIENTED_EDGE('',*,*,#4305,.T.);
#6148=ORIENTED_EDGE('',*,*,#4274,.T.);
#6149=ORIENTED_EDGE('',*,*,#4311,.T.);
#6150=ORIENTED_EDGE('',*,*,#4314,.T.);
#6151=ORIENTED_EDGE('',*,*,#4315,.T.);
#6152=ORIENTED_EDGE('',*,*,#4309,.T.);
#6153=ORIENTED_EDGE('',*,*,#4277,.T.);
#6154=ORIENTED_EDGE('',*,*,#4316,.T.);
#6155=ORIENTED_EDGE('',*,*,#4317,.T.);
#6156=ORIENTED_EDGE('',*,*,#4316,.F.);
#6157=ORIENTED_EDGE('',*,*,#4276,.T.);
#6158=ORIENTED_EDGE('',*,*,#4318,.T.);
#6159=ORIENTED_EDGE('',*,*,#4275,.T.);
#6160=ORIENTED_EDGE('',*,*,#4307,.T.);
#6161=ORIENTED_EDGE('',*,*,#4088,.T.);
#6162=ORIENTED_EDGE('',*,*,#4318,.F.);
#6163=ORIENTED_EDGE('',*,*,#4090,.T.);
#6164=ORIENTED_EDGE('',*,*,#4299,.T.);
#6165=ORIENTED_EDGE('',*,*,#4291,.T.);
#6166=ORIENTED_EDGE('',*,*,#4295,.F.);
#6167=ORIENTED_EDGE('',*,*,#4317,.F.);
#6168=ORIENTED_EDGE('',*,*,#4091,.F.);
#6169=ORIENTED_EDGE('',*,*,#4294,.F.);
#6170=ORIENTED_EDGE('',*,*,#4319,.T.);
#6171=ORIENTED_EDGE('',*,*,#4206,.T.);
#6172=ORIENTED_EDGE('',*,*,#4210,.T.);
#6173=ORIENTED_EDGE('',*,*,#4213,.T.);
#6174=ORIENTED_EDGE('',*,*,#4216,.T.);
#6175=ORIENTED_EDGE('',*,*,#4219,.T.);
#6176=ORIENTED_EDGE('',*,*,#4222,.T.);
#6177=ORIENTED_EDGE('',*,*,#4225,.T.);
#6178=ORIENTED_EDGE('',*,*,#4228,.T.);
#6179=ORIENTED_EDGE('',*,*,#4304,.F.);
#6180=ORIENTED_EDGE('',*,*,#4308,.F.);
#6181=ORIENTED_EDGE('',*,*,#4314,.F.);
#6182=ORIENTED_EDGE('',*,*,#4313,.F.);
#6183=ORIENTED_EDGE('',*,*,#4255,.F.);
#6184=ORIENTED_EDGE('',*,*,#4262,.F.);
#6185=ORIENTED_EDGE('',*,*,#4287,.F.);
#6186=ORIENTED_EDGE('',*,*,#4320,.T.);
#6187=ORIENTED_EDGE('',*,*,#4252,.F.);
#6188=ORIENTED_EDGE('',*,*,#4320,.F.);
#6189=ORIENTED_EDGE('',*,*,#4282,.F.);
#6190=ORIENTED_EDGE('',*,*,#4263,.T.);
#6191=ORIENTED_EDGE('',*,*,#4315,.F.);
#6192=ORIENTED_EDGE('',*,*,#4319,.F.);
#6193=ORIENTED_EDGE('',*,*,#4303,.F.);
#6194=ORIENTED_EDGE('',*,*,#4312,.F.);
#6195=ORIENTED_EDGE('',*,*,#4321,.F.);
#6196=ORIENTED_EDGE('',*,*,#4322,.T.);
#6197=ORIENTED_EDGE('',*,*,#4323,.F.);
#6198=ORIENTED_EDGE('',*,*,#4322,.F.);
#6199=ORIENTED_EDGE('',*,*,#4324,.T.);
#6200=ORIENTED_EDGE('',*,*,#4325,.T.);
#6201=ORIENTED_EDGE('',*,*,#4326,.T.);
#6202=ORIENTED_EDGE('',*,*,#4325,.F.);
#6203=ORIENTED_EDGE('',*,*,#4327,.F.);
#6204=ORIENTED_EDGE('',*,*,#4328,.T.);
#6205=ORIENTED_EDGE('',*,*,#4324,.F.);
#6206=ORIENTED_EDGE('',*,*,#4328,.F.);
#6207=ORIENTED_EDGE('',*,*,#4326,.F.);
#6208=ORIENTED_EDGE('',*,*,#4329,.F.);
#6209=ORIENTED_EDGE('',*,*,#4330,.T.);
#6210=ORIENTED_EDGE('',*,*,#4331,.T.);
#6211=ORIENTED_EDGE('',*,*,#4327,.T.);
#6212=ORIENTED_EDGE('',*,*,#4331,.F.);
#6213=ORIENTED_EDGE('',*,*,#4330,.F.);
#6214=ORIENTED_EDGE('',*,*,#4321,.T.);
#6215=ORIENTED_EDGE('',*,*,#4329,.T.);
#6216=ORIENTED_EDGE('',*,*,#4332,.T.);
#6217=ORIENTED_EDGE('',*,*,#4333,.T.);
#6218=ORIENTED_EDGE('',*,*,#4332,.F.);
#6219=ORIENTED_EDGE('',*,*,#4333,.F.);
#6220=ORIENTED_EDGE('',*,*,#4334,.T.);
#6221=ORIENTED_EDGE('',*,*,#4335,.F.);
#6222=ORIENTED_EDGE('',*,*,#4334,.F.);
#6223=ORIENTED_EDGE('',*,*,#4336,.T.);
#6224=ORIENTED_EDGE('',*,*,#4337,.T.);
#6225=ORIENTED_EDGE('',*,*,#4335,.T.);
#6226=ORIENTED_EDGE('',*,*,#4337,.F.);
#6227=ORIENTED_EDGE('',*,*,#4336,.F.);
#6228=ORIENTED_EDGE('',*,*,#4323,.T.);
#6229=ORIENTED_EDGE('',*,*,#4338,.T.);
#6230=ORIENTED_EDGE('',*,*,#4339,.F.);
#6231=ORIENTED_EDGE('',*,*,#4340,.T.);
#6232=ORIENTED_EDGE('',*,*,#4341,.T.);
#6233=ORIENTED_EDGE('',*,*,#4340,.F.);
#6234=ORIENTED_EDGE('',*,*,#4342,.F.);
#6235=ORIENTED_EDGE('',*,*,#4343,.F.);
#6236=ORIENTED_EDGE('',*,*,#4344,.F.);
#6237=ORIENTED_EDGE('',*,*,#4345,.F.);
#6238=ORIENTED_EDGE('',*,*,#4346,.F.);
#6239=ORIENTED_EDGE('',*,*,#4347,.T.);
#6240=ORIENTED_EDGE('',*,*,#4348,.T.);
#6241=ORIENTED_EDGE('',*,*,#4342,.T.);
#6242=ORIENTED_EDGE('',*,*,#4339,.T.);
#6243=ORIENTED_EDGE('',*,*,#4349,.T.);
#6244=ORIENTED_EDGE('',*,*,#4350,.T.);
#6245=ORIENTED_EDGE('',*,*,#4345,.T.);
#6246=ORIENTED_EDGE('',*,*,#4351,.F.);
#6247=ORIENTED_EDGE('',*,*,#4338,.F.);
#6248=ORIENTED_EDGE('',*,*,#4352,.T.);
#6249=ORIENTED_EDGE('',*,*,#4349,.F.);
#6250=ORIENTED_EDGE('',*,*,#4353,.F.);
#6251=ORIENTED_EDGE('',*,*,#4354,.T.);
#6252=ORIENTED_EDGE('',*,*,#4347,.F.);
#6253=ORIENTED_EDGE('',*,*,#4353,.T.);
#6254=ORIENTED_EDGE('',*,*,#4351,.T.);
#6255=ORIENTED_EDGE('',*,*,#4344,.T.);
#6256=ORIENTED_EDGE('',*,*,#4355,.T.);
#6257=ORIENTED_EDGE('',*,*,#4341,.F.);
#6258=ORIENTED_EDGE('',*,*,#4346,.T.);
#6259=ORIENTED_EDGE('',*,*,#4350,.F.);
#6260=ORIENTED_EDGE('',*,*,#4352,.F.);
#6261=ORIENTED_EDGE('',*,*,#4348,.F.);
#6262=ORIENTED_EDGE('',*,*,#4354,.F.);
#6263=ORIENTED_EDGE('',*,*,#4355,.F.);
#6264=ORIENTED_EDGE('',*,*,#4343,.T.);
#6265=ORIENTED_EDGE('',*,*,#4356,.F.);
#6266=ORIENTED_EDGE('',*,*,#4357,.T.);
#6267=ORIENTED_EDGE('',*,*,#4358,.F.);
#6268=ORIENTED_EDGE('',*,*,#4357,.F.);
#6269=ORIENTED_EDGE('',*,*,#4359,.T.);
#6270=ORIENTED_EDGE('',*,*,#4360,.T.);
#6271=ORIENTED_EDGE('',*,*,#4361,.T.);
#6272=ORIENTED_EDGE('',*,*,#4360,.F.);
#6273=ORIENTED_EDGE('',*,*,#4362,.F.);
#6274=ORIENTED_EDGE('',*,*,#4363,.T.);
#6275=ORIENTED_EDGE('',*,*,#4359,.F.);
#6276=ORIENTED_EDGE('',*,*,#4363,.F.);
#6277=ORIENTED_EDGE('',*,*,#4361,.F.);
#6278=ORIENTED_EDGE('',*,*,#4364,.F.);
#6279=ORIENTED_EDGE('',*,*,#4365,.T.);
#6280=ORIENTED_EDGE('',*,*,#4366,.T.);
#6281=ORIENTED_EDGE('',*,*,#4362,.T.);
#6282=ORIENTED_EDGE('',*,*,#4366,.F.);
#6283=ORIENTED_EDGE('',*,*,#4365,.F.);
#6284=ORIENTED_EDGE('',*,*,#4356,.T.);
#6285=ORIENTED_EDGE('',*,*,#4364,.T.);
#6286=ORIENTED_EDGE('',*,*,#4367,.T.);
#6287=ORIENTED_EDGE('',*,*,#4368,.T.);
#6288=ORIENTED_EDGE('',*,*,#4367,.F.);
#6289=ORIENTED_EDGE('',*,*,#4368,.F.);
#6290=ORIENTED_EDGE('',*,*,#4369,.T.);
#6291=ORIENTED_EDGE('',*,*,#4370,.F.);
#6292=ORIENTED_EDGE('',*,*,#4369,.F.);
#6293=ORIENTED_EDGE('',*,*,#4371,.T.);
#6294=ORIENTED_EDGE('',*,*,#4372,.T.);
#6295=ORIENTED_EDGE('',*,*,#4370,.T.);
#6296=ORIENTED_EDGE('',*,*,#4372,.F.);
#6297=ORIENTED_EDGE('',*,*,#4371,.F.);
#6298=ORIENTED_EDGE('',*,*,#4358,.T.);
#6299=ORIENTED_EDGE('',*,*,#4373,.F.);
#6300=ORIENTED_EDGE('',*,*,#4374,.T.);
#6301=ORIENTED_EDGE('',*,*,#4375,.F.);
#6302=ORIENTED_EDGE('',*,*,#4376,.T.);
#6303=ORIENTED_EDGE('',*,*,#4377,.F.);
#6304=ORIENTED_EDGE('',*,*,#4378,.F.);
#6305=ORIENTED_EDGE('',*,*,#4379,.F.);
#6306=ORIENTED_EDGE('',*,*,#4374,.F.);
#6307=ORIENTED_EDGE('',*,*,#4380,.T.);
#6308=ORIENTED_EDGE('',*,*,#4381,.T.);
#6309=ORIENTED_EDGE('',*,*,#4377,.T.);
#6310=ORIENTED_EDGE('',*,*,#4373,.T.);
#6311=ORIENTED_EDGE('',*,*,#4382,.T.);
#6312=ORIENTED_EDGE('',*,*,#4382,.F.);
#6313=ORIENTED_EDGE('',*,*,#4376,.F.);
#6314=ORIENTED_EDGE('',*,*,#4383,.F.);
#6315=ORIENTED_EDGE('',*,*,#4384,.F.);
#6316=ORIENTED_EDGE('',*,*,#4385,.T.);
#6317=ORIENTED_EDGE('',*,*,#4386,.T.);
#6318=ORIENTED_EDGE('',*,*,#4383,.T.);
#6319=ORIENTED_EDGE('',*,*,#4375,.T.);
#6320=ORIENTED_EDGE('',*,*,#4379,.T.);
#6321=ORIENTED_EDGE('',*,*,#4385,.F.);
#6322=ORIENTED_EDGE('',*,*,#4387,.T.);
#6323=ORIENTED_EDGE('',*,*,#4380,.F.);
#6324=ORIENTED_EDGE('',*,*,#4387,.F.);
#6325=ORIENTED_EDGE('',*,*,#4381,.F.);
#6326=ORIENTED_EDGE('',*,*,#4384,.T.);
#6327=ORIENTED_EDGE('',*,*,#4386,.F.);
#6328=ORIENTED_EDGE('',*,*,#4378,.T.);
#6329=ORIENTED_EDGE('',*,*,#4388,.T.);
#6330=ORIENTED_EDGE('',*,*,#4389,.T.);
#6331=ORIENTED_EDGE('',*,*,#4390,.T.);
#6332=ORIENTED_EDGE('',*,*,#4391,.T.);
#6333=ORIENTED_EDGE('',*,*,#4389,.F.);
#6334=ORIENTED_EDGE('',*,*,#4391,.F.);
#6335=ORIENTED_EDGE('',*,*,#4392,.T.);
#6336=ORIENTED_EDGE('',*,*,#4393,.F.);
#6337=ORIENTED_EDGE('',*,*,#4394,.F.);
#6338=ORIENTED_EDGE('',*,*,#4392,.F.);
#6339=ORIENTED_EDGE('',*,*,#4390,.F.);
#6340=ORIENTED_EDGE('',*,*,#4388,.F.);
#6341=ORIENTED_EDGE('',*,*,#4395,.T.);
#6342=ORIENTED_EDGE('',*,*,#4394,.T.);
#6343=ORIENTED_EDGE('',*,*,#4396,.T.);
#6344=ORIENTED_EDGE('',*,*,#4397,.T.);
#6345=ORIENTED_EDGE('',*,*,#4396,.F.);
#6346=ORIENTED_EDGE('',*,*,#4393,.T.);
#6347=ORIENTED_EDGE('',*,*,#4397,.F.);
#6348=ORIENTED_EDGE('',*,*,#4398,.T.);
#6349=ORIENTED_EDGE('',*,*,#4398,.F.);
#6350=ORIENTED_EDGE('',*,*,#4399,.T.);
#6351=ORIENTED_EDGE('',*,*,#4395,.F.);
#6352=ORIENTED_EDGE('',*,*,#4399,.F.);
#6353=ORIENTED_EDGE('',*,*,#4400,.F.);
#6354=ORIENTED_EDGE('',*,*,#4401,.F.);
#6355=ORIENTED_EDGE('',*,*,#4402,.F.);
#6356=ORIENTED_EDGE('',*,*,#4403,.F.);
#6357=ORIENTED_EDGE('',*,*,#4404,.F.);
#6358=ORIENTED_EDGE('',*,*,#4405,.F.);
#6359=ORIENTED_EDGE('',*,*,#4401,.T.);
#6360=ORIENTED_EDGE('',*,*,#4406,.T.);
#6361=ORIENTED_EDGE('',*,*,#4404,.T.);
#6362=ORIENTED_EDGE('',*,*,#4407,.T.);
#6363=ORIENTED_EDGE('',*,*,#4408,.F.);
#6364=ORIENTED_EDGE('',*,*,#4409,.F.);
#6365=ORIENTED_EDGE('',*,*,#4410,.F.);
#6366=ORIENTED_EDGE('',*,*,#4411,.F.);
#6367=ORIENTED_EDGE('',*,*,#4412,.F.);
#6368=ORIENTED_EDGE('',*,*,#4413,.F.);
#6369=ORIENTED_EDGE('',*,*,#4414,.F.);
#6370=ORIENTED_EDGE('',*,*,#4415,.F.);
#6371=ORIENTED_EDGE('',*,*,#4416,.F.);
#6372=ORIENTED_EDGE('',*,*,#4415,.T.);
#6373=ORIENTED_EDGE('',*,*,#4417,.T.);
#6374=ORIENTED_EDGE('',*,*,#4412,.T.);
#6375=ORIENTED_EDGE('',*,*,#4418,.T.);
#6376=ORIENTED_EDGE('',*,*,#4419,.F.);
#6377=ORIENTED_EDGE('',*,*,#4420,.F.);
#6378=ORIENTED_EDGE('',*,*,#4421,.F.);
#6379=ORIENTED_EDGE('',*,*,#4422,.F.);
#6380=ORIENTED_EDGE('',*,*,#4423,.F.);
#6381=ORIENTED_EDGE('',*,*,#4424,.F.);
#6382=ORIENTED_EDGE('',*,*,#4425,.F.);
#6383=ORIENTED_EDGE('',*,*,#4426,.F.);
#6384=ORIENTED_EDGE('',*,*,#4427,.F.);
#6385=ORIENTED_EDGE('',*,*,#4428,.F.);
#6386=ORIENTED_EDGE('',*,*,#4429,.F.);
#6387=ORIENTED_EDGE('',*,*,#4430,.F.);
#6388=ORIENTED_EDGE('',*,*,#4431,.F.);
#6389=ORIENTED_EDGE('',*,*,#4432,.F.);
#6390=ORIENTED_EDGE('',*,*,#4433,.F.);
#6391=ORIENTED_EDGE('',*,*,#4434,.T.);
#6392=ORIENTED_EDGE('',*,*,#4432,.T.);
#6393=ORIENTED_EDGE('',*,*,#4435,.T.);
#6394=ORIENTED_EDGE('',*,*,#4436,.T.);
#6395=ORIENTED_EDGE('',*,*,#4433,.T.);
#6396=ORIENTED_EDGE('',*,*,#4437,.T.);
#6397=ORIENTED_EDGE('',*,*,#4429,.T.);
#6398=ORIENTED_EDGE('',*,*,#4438,.T.);
#6399=ORIENTED_EDGE('',*,*,#4426,.T.);
#6400=ORIENTED_EDGE('',*,*,#4439,.T.);
#6401=ORIENTED_EDGE('',*,*,#4431,.T.);
#6402=ORIENTED_EDGE('',*,*,#4440,.T.);
#6403=ORIENTED_EDGE('',*,*,#4441,.T.);
#6404=ORIENTED_EDGE('',*,*,#4423,.T.);
#6405=ORIENTED_EDGE('',*,*,#4442,.T.);
#6406=ORIENTED_EDGE('',*,*,#4436,.F.);
#6407=ORIENTED_EDGE('',*,*,#4443,.T.);
#6408=ORIENTED_EDGE('',*,*,#4430,.T.);
#6409=ORIENTED_EDGE('',*,*,#4444,.T.);
#6410=ORIENTED_EDGE('',*,*,#4445,.T.);
#6411=ORIENTED_EDGE('',*,*,#4420,.T.);
#6412=ORIENTED_EDGE('',*,*,#4446,.T.);
#6413=ORIENTED_EDGE('',*,*,#4428,.T.);
#6414=ORIENTED_EDGE('',*,*,#4447,.T.);
#6415=ORIENTED_EDGE('',*,*,#4419,.T.);
#6416=ORIENTED_EDGE('',*,*,#4448,.T.);
#6417=ORIENTED_EDGE('',*,*,#4427,.T.);
#6418=ORIENTED_EDGE('',*,*,#4449,.T.);
#6419=ORIENTED_EDGE('',*,*,#4425,.T.);
#6420=ORIENTED_EDGE('',*,*,#4450,.T.);
#6421=ORIENTED_EDGE('',*,*,#4416,.T.);
#6422=ORIENTED_EDGE('',*,*,#4451,.T.);
#6423=ORIENTED_EDGE('',*,*,#4411,.T.);
#6424=ORIENTED_EDGE('',*,*,#4452,.T.);
#6425=ORIENTED_EDGE('',*,*,#4424,.T.);
#6426=ORIENTED_EDGE('',*,*,#4453,.T.);
#6427=ORIENTED_EDGE('',*,*,#4422,.T.);
#6428=ORIENTED_EDGE('',*,*,#4454,.T.);
#6429=ORIENTED_EDGE('',*,*,#4410,.T.);
#6430=ORIENTED_EDGE('',*,*,#4455,.T.);
#6431=ORIENTED_EDGE('',*,*,#4456,.T.);
#6432=ORIENTED_EDGE('',*,*,#4409,.T.);
#6433=ORIENTED_EDGE('',*,*,#4457,.T.);
#6434=ORIENTED_EDGE('',*,*,#4445,.F.);
#6435=ORIENTED_EDGE('',*,*,#4403,.T.);
#6436=ORIENTED_EDGE('',*,*,#4458,.T.);
#6437=ORIENTED_EDGE('',*,*,#4421,.T.);
#6438=ORIENTED_EDGE('',*,*,#4459,.T.);
#6439=ORIENTED_EDGE('',*,*,#4414,.T.);
#6440=ORIENTED_EDGE('',*,*,#4460,.T.);
#6441=ORIENTED_EDGE('',*,*,#4405,.T.);
#6442=ORIENTED_EDGE('',*,*,#4461,.T.);
#6443=ORIENTED_EDGE('',*,*,#4400,.T.);
#6444=ORIENTED_EDGE('',*,*,#4462,.T.);
#6445=ORIENTED_EDGE('',*,*,#4413,.T.);
#6446=ORIENTED_EDGE('',*,*,#4463,.T.);
#6447=ORIENTED_EDGE('',*,*,#4408,.T.);
#6448=ORIENTED_EDGE('',*,*,#4464,.T.);
#6449=ORIENTED_EDGE('',*,*,#4402,.T.);
#6450=ORIENTED_EDGE('',*,*,#4465,.T.);
#6451=ORIENTED_EDGE('',*,*,#4444,.F.);
#6452=ORIENTED_EDGE('',*,*,#4437,.F.);
#6453=ORIENTED_EDGE('',*,*,#4434,.F.);
#6454=ORIENTED_EDGE('',*,*,#4466,.T.);
#6455=ORIENTED_EDGE('',*,*,#4467,.T.);
#6456=ORIENTED_EDGE('',*,*,#4417,.F.);
#6457=ORIENTED_EDGE('',*,*,#4461,.F.);
#6458=ORIENTED_EDGE('',*,*,#4406,.F.);
#6459=ORIENTED_EDGE('',*,*,#4463,.F.);
#6460=ORIENTED_EDGE('',*,*,#4435,.F.);
#6461=ORIENTED_EDGE('',*,*,#4439,.F.);
#6462=ORIENTED_EDGE('',*,*,#4451,.F.);
#6463=ORIENTED_EDGE('',*,*,#4418,.F.);
#6464=ORIENTED_EDGE('',*,*,#4453,.F.);
#6465=ORIENTED_EDGE('',*,*,#4441,.F.);
#6466=ORIENTED_EDGE('',*,*,#4438,.F.);
#6467=ORIENTED_EDGE('',*,*,#4446,.F.);
#6468=ORIENTED_EDGE('',*,*,#4449,.F.);
#6469=ORIENTED_EDGE('',*,*,#4440,.F.);
#6470=ORIENTED_EDGE('',*,*,#4443,.F.);
#6471=ORIENTED_EDGE('',*,*,#4457,.F.);
#6472=ORIENTED_EDGE('',*,*,#4465,.F.);
#6473=ORIENTED_EDGE('',*,*,#4407,.F.);
#6474=ORIENTED_EDGE('',*,*,#4459,.F.);
#6475=ORIENTED_EDGE('',*,*,#4447,.F.);
#6476=ORIENTED_EDGE('',*,*,#4448,.F.);
#6477=ORIENTED_EDGE('',*,*,#4458,.F.);
#6478=ORIENTED_EDGE('',*,*,#4460,.F.);
#6479=ORIENTED_EDGE('',*,*,#4450,.F.);
#6480=ORIENTED_EDGE('',*,*,#4468,.T.);
#6481=ORIENTED_EDGE('',*,*,#4452,.F.);
#6482=ORIENTED_EDGE('',*,*,#4462,.F.);
#6483=ORIENTED_EDGE('',*,*,#4464,.F.);
#6484=ORIENTED_EDGE('',*,*,#4454,.F.);
#6485=ORIENTED_EDGE('',*,*,#4456,.F.);
#6486=ORIENTED_EDGE('',*,*,#4466,.F.);
#6487=ORIENTED_EDGE('',*,*,#4442,.F.);
#6488=ORIENTED_EDGE('',*,*,#4455,.F.);
#6489=ORIENTED_EDGE('',*,*,#4467,.F.);
#6490=ORIENTED_EDGE('',*,*,#4469,.T.);
#6491=ORIENTED_EDGE('',*,*,#4468,.F.);
#6492=ORIENTED_EDGE('',*,*,#4469,.F.);
#6493=ORIENTED_EDGE('',*,*,#4470,.F.);
#6494=ORIENTED_EDGE('',*,*,#4471,.T.);
#6495=ORIENTED_EDGE('',*,*,#4472,.F.);
#6496=ORIENTED_EDGE('',*,*,#4471,.F.);
#6497=ORIENTED_EDGE('',*,*,#4473,.T.);
#6498=ORIENTED_EDGE('',*,*,#4474,.T.);
#6499=ORIENTED_EDGE('',*,*,#4475,.T.);
#6500=ORIENTED_EDGE('',*,*,#4474,.F.);
#6501=ORIENTED_EDGE('',*,*,#4475,.F.);
#6502=ORIENTED_EDGE('',*,*,#4476,.T.);
#6503=ORIENTED_EDGE('',*,*,#4477,.T.);
#6504=ORIENTED_EDGE('',*,*,#4478,.T.);
#6505=ORIENTED_EDGE('',*,*,#4479,.T.);
#6506=ORIENTED_EDGE('',*,*,#4480,.T.);
#6507=ORIENTED_EDGE('',*,*,#4481,.T.);
#6508=ORIENTED_EDGE('',*,*,#4482,.F.);
#6509=ORIENTED_EDGE('',*,*,#4483,.T.);
#6510=ORIENTED_EDGE('',*,*,#4473,.F.);
#6511=ORIENTED_EDGE('',*,*,#4483,.F.);
#6512=ORIENTED_EDGE('',*,*,#4484,.F.);
#6513=ORIENTED_EDGE('',*,*,#4485,.F.);
#6514=ORIENTED_EDGE('',*,*,#4486,.T.);
#6515=ORIENTED_EDGE('',*,*,#4486,.F.);
#6516=ORIENTED_EDGE('',*,*,#4487,.F.);
#6517=ORIENTED_EDGE('',*,*,#4488,.T.);
#6518=ORIENTED_EDGE('',*,*,#4488,.F.);
#6519=ORIENTED_EDGE('',*,*,#4489,.F.);
#6520=ORIENTED_EDGE('',*,*,#4490,.T.);
#6521=ORIENTED_EDGE('',*,*,#4490,.F.);
#6522=ORIENTED_EDGE('',*,*,#4491,.F.);
#6523=ORIENTED_EDGE('',*,*,#4492,.T.);
#6524=ORIENTED_EDGE('',*,*,#4492,.F.);
#6525=ORIENTED_EDGE('',*,*,#4493,.F.);
#6526=ORIENTED_EDGE('',*,*,#4494,.T.);
#6527=ORIENTED_EDGE('',*,*,#4494,.F.);
#6528=ORIENTED_EDGE('',*,*,#4495,.F.);
#6529=ORIENTED_EDGE('',*,*,#4484,.T.);
#6530=ORIENTED_EDGE('',*,*,#4476,.F.);
#6531=ORIENTED_EDGE('',*,*,#4496,.T.);
#6532=ORIENTED_EDGE('',*,*,#4485,.T.);
#6533=ORIENTED_EDGE('',*,*,#4497,.F.);
#6534=ORIENTED_EDGE('',*,*,#4481,.F.);
#6535=ORIENTED_EDGE('',*,*,#4498,.T.);
#6536=ORIENTED_EDGE('',*,*,#4487,.T.);
#6537=ORIENTED_EDGE('',*,*,#4496,.F.);
#6538=ORIENTED_EDGE('',*,*,#4480,.F.);
#6539=ORIENTED_EDGE('',*,*,#4499,.T.);
#6540=ORIENTED_EDGE('',*,*,#4489,.T.);
#6541=ORIENTED_EDGE('',*,*,#4498,.F.);
#6542=ORIENTED_EDGE('',*,*,#4479,.F.);
#6543=ORIENTED_EDGE('',*,*,#4500,.T.);
#6544=ORIENTED_EDGE('',*,*,#4491,.T.);
#6545=ORIENTED_EDGE('',*,*,#4499,.F.);
#6546=ORIENTED_EDGE('',*,*,#4478,.F.);
#6547=ORIENTED_EDGE('',*,*,#4501,.T.);
#6548=ORIENTED_EDGE('',*,*,#4493,.T.);
#6549=ORIENTED_EDGE('',*,*,#4500,.F.);
#6550=ORIENTED_EDGE('',*,*,#4477,.F.);
#6551=ORIENTED_EDGE('',*,*,#4497,.T.);
#6552=ORIENTED_EDGE('',*,*,#4495,.T.);
#6553=ORIENTED_EDGE('',*,*,#4501,.F.);
#6554=ORIENTED_EDGE('',*,*,#4470,.T.);
#6555=ORIENTED_EDGE('',*,*,#4502,.T.);
#6556=ORIENTED_EDGE('',*,*,#4503,.T.);
#6557=ORIENTED_EDGE('',*,*,#4502,.F.);
#6558=ORIENTED_EDGE('',*,*,#4472,.T.);
#6559=ORIENTED_EDGE('',*,*,#4482,.T.);
#6560=ORIENTED_EDGE('',*,*,#4503,.F.);
#6561=ORIENTED_EDGE('',*,*,#4504,.F.);
#6562=ORIENTED_EDGE('',*,*,#4505,.T.);
#6563=ORIENTED_EDGE('',*,*,#4506,.F.);
#6564=ORIENTED_EDGE('',*,*,#4505,.F.);
#6565=ORIENTED_EDGE('',*,*,#4507,.F.);
#6566=ORIENTED_EDGE('',*,*,#4508,.T.);
#6567=ORIENTED_EDGE('',*,*,#4509,.F.);
#6568=ORIENTED_EDGE('',*,*,#4508,.F.);
#6569=ORIENTED_EDGE('',*,*,#4510,.F.);
#6570=ORIENTED_EDGE('',*,*,#4511,.F.);
#6571=ORIENTED_EDGE('',*,*,#4512,.F.);
#6572=ORIENTED_EDGE('',*,*,#4513,.F.);
#6573=ORIENTED_EDGE('',*,*,#4512,.T.);
#6574=ORIENTED_EDGE('',*,*,#4514,.F.);
#6575=ORIENTED_EDGE('',*,*,#4515,.T.);
#6576=ORIENTED_EDGE('',*,*,#4516,.F.);
#6577=ORIENTED_EDGE('',*,*,#4517,.F.);
#6578=ORIENTED_EDGE('',*,*,#4518,.T.);
#6579=ORIENTED_EDGE('',*,*,#4519,.T.);
#6580=ORIENTED_EDGE('',*,*,#4520,.T.);
#6581=ORIENTED_EDGE('',*,*,#4521,.T.);
#6582=ORIENTED_EDGE('',*,*,#4514,.T.);
#6583=ORIENTED_EDGE('',*,*,#4511,.T.);
#6584=ORIENTED_EDGE('',*,*,#4522,.T.);
#6585=ORIENTED_EDGE('',*,*,#4523,.T.);
#6586=ORIENTED_EDGE('',*,*,#4518,.F.);
#6587=ORIENTED_EDGE('',*,*,#4510,.T.);
#6588=ORIENTED_EDGE('',*,*,#4524,.F.);
#6589=ORIENTED_EDGE('',*,*,#4525,.F.);
#6590=ORIENTED_EDGE('',*,*,#4522,.F.);
#6591=ORIENTED_EDGE('',*,*,#4525,.T.);
#6592=ORIENTED_EDGE('',*,*,#4526,.F.);
#6593=ORIENTED_EDGE('',*,*,#4527,.F.);
#6594=ORIENTED_EDGE('',*,*,#4528,.F.);
#6595=ORIENTED_EDGE('',*,*,#4519,.F.);
#6596=ORIENTED_EDGE('',*,*,#4523,.F.);
#6597=ORIENTED_EDGE('',*,*,#4528,.T.);
#6598=ORIENTED_EDGE('',*,*,#4529,.F.);
#6599=ORIENTED_EDGE('',*,*,#4530,.F.);
#6600=ORIENTED_EDGE('',*,*,#4520,.F.);
#6601=ORIENTED_EDGE('',*,*,#4530,.T.);
#6602=ORIENTED_EDGE('',*,*,#4531,.F.);
#6603=ORIENTED_EDGE('',*,*,#4515,.F.);
#6604=ORIENTED_EDGE('',*,*,#4521,.F.);
#6605=ORIENTED_EDGE('',*,*,#4532,.F.);
#6606=ORIENTED_EDGE('',*,*,#4507,.T.);
#6607=ORIENTED_EDGE('',*,*,#4513,.T.);
#6608=ORIENTED_EDGE('',*,*,#4516,.T.);
#6609=ORIENTED_EDGE('',*,*,#4531,.T.);
#6610=ORIENTED_EDGE('',*,*,#4529,.T.);
#6611=ORIENTED_EDGE('',*,*,#4527,.T.);
#6612=ORIENTED_EDGE('',*,*,#4533,.T.);
#6613=ORIENTED_EDGE('',*,*,#4532,.T.);
#6614=ORIENTED_EDGE('',*,*,#4533,.F.);
#6615=ORIENTED_EDGE('',*,*,#4526,.T.);
#6616=ORIENTED_EDGE('',*,*,#4524,.T.);
#6617=ORIENTED_EDGE('',*,*,#4517,.T.);
#6618=ORIENTED_EDGE('',*,*,#4506,.T.);
#6619=ORIENTED_EDGE('',*,*,#4504,.T.);
#6620=ORIENTED_EDGE('',*,*,#4534,.T.);
#6621=ORIENTED_EDGE('',*,*,#4509,.T.);
#6622=ORIENTED_EDGE('',*,*,#4534,.F.);
#6623=PLANE('',#7249);
#6624=PLANE('',#7250);
#6625=PLANE('',#7251);
#6626=PLANE('',#7252);
#6627=PLANE('',#7253);
#6628=PLANE('',#7254);
#6629=PLANE('',#7255);
#6630=PLANE('',#7256);
#6631=PLANE('',#7257);
#6632=PLANE('',#7258);
#6633=PLANE('',#7259);
#6634=PLANE('',#7260);
#6635=PLANE('',#7261);
#6636=PLANE('',#7262);
#6637=PLANE('',#7263);
#6638=PLANE('',#7264);
#6639=PLANE('',#7265);
#6640=PLANE('',#7266);
#6641=PLANE('',#7267);
#6642=PLANE('',#7268);
#6643=PLANE('',#7269);
#6644=PLANE('',#7270);
#6645=PLANE('',#7271);
#6646=PLANE('',#7272);
#6647=PLANE('',#7273);
#6648=PLANE('',#7274);
#6649=PLANE('',#7275);
#6650=PLANE('',#7276);
#6651=PLANE('',#7277);
#6652=PLANE('',#7278);
#6653=PLANE('',#7279);
#6654=PLANE('',#7280);
#6655=PLANE('',#7281);
#6656=PLANE('',#7282);
#6657=PLANE('',#7283);
#6658=PLANE('',#7284);
#6659=PLANE('',#7285);
#6660=PLANE('',#7286);
#6661=PLANE('',#7287);
#6662=PLANE('',#7288);
#6663=PLANE('',#7289);
#6664=PLANE('',#7290);
#6665=PLANE('',#7291);
#6666=PLANE('',#7292);
#6667=PLANE('',#7293);
#6668=PLANE('',#7294);
#6669=PLANE('',#7295);
#6670=PLANE('',#7296);
#6671=PLANE('',#7297);
#6672=PLANE('',#7298);
#6673=PLANE('',#7299);
#6674=PLANE('',#7300);
#6675=PLANE('',#7301);
#6676=PLANE('',#7302);
#6677=PLANE('',#7303);
#6678=PLANE('',#7304);
#6679=PLANE('',#7305);
#6680=PLANE('',#7306);
#6681=PLANE('',#7307);
#6682=PLANE('',#7308);
#6683=PLANE('',#7309);
#6684=PLANE('',#7310);
#6685=PLANE('',#7311);
#6686=PLANE('',#7312);
#6687=PLANE('',#7313);
#6688=PLANE('',#7314);
#6689=PLANE('',#7315);
#6690=PLANE('',#7316);
#6691=PLANE('',#7317);
#6692=PLANE('',#7318);
#6693=PLANE('',#7319);
#6694=PLANE('',#7320);
#6695=PLANE('',#7321);
#6696=PLANE('',#7322);
#6697=PLANE('',#7331);
#6698=PLANE('',#7332);
#6699=PLANE('',#7333);
#6700=PLANE('',#7344);
#6701=PLANE('',#7348);
#6702=PLANE('',#7357);
#6703=PLANE('',#7388);
#6704=PLANE('',#7389);
#6705=PLANE('',#7390);
#6706=PLANE('',#7391);
#6707=PLANE('',#7392);
#6708=PLANE('',#7393);
#6709=PLANE('',#7404);
#6710=PLANE('',#7409);
#6711=PLANE('',#7418);
#6712=PLANE('',#7422);
#6713=PLANE('',#7430);
#6714=PLANE('',#7433);
#6715=PLANE('',#7434);
#6716=PLANE('',#7444);
#6717=PLANE('',#7449);
#6718=PLANE('',#7458);
#6719=PLANE('',#7460);
#6720=PLANE('',#7463);
#6721=PLANE('',#7467);
#6722=PLANE('',#7472);
#6723=PLANE('',#7481);
#6724=PLANE('',#7486);
#6725=PLANE('',#7549);
#6726=PLANE('',#7551);
#6727=PLANE('',#7552);
#6728=PLANE('',#7553);
#6729=PLANE('',#7554);
#6730=PLANE('',#7555);
#6731=PLANE('',#7557);
#6732=PLANE('',#7558);
#6733=PLANE('',#7568);
#6734=PLANE('',#7571);
#6735=PLANE('',#7572);
#6736=PLANE('',#7573);
#6737=PLANE('',#7574);
#6738=PLANE('',#7575);
#6739=PLANE('',#7576);
#6740=PLANE('',#7577);
#6741=PLANE('',#7578);
#6742=PLANE('',#7579);
#6743=PLANE('',#7580);
#6744=PLANE('',#7581);
#6745=PLANE('',#7582);
#6746=PLANE('',#7585);
#6747=PLANE('',#7586);
#6748=PLANE('',#7594);
#6749=PLANE('',#7595);
#6750=PLANE('',#7598);
#6751=PLANE('',#7599);
#6752=PLANE('',#7600);
#6753=PLANE('',#7601);
#6754=PLANE('',#7602);
#6755=PLANE('',#7605);
#6756=ADVANCED_FACE('',(#934),#6623,.T.);
#6757=ADVANCED_FACE('',(#935),#740,.T.);
#6758=ADVANCED_FACE('',(#936),#741,.T.);
#6759=ADVANCED_FACE('',(#937),#742,.T.);
#6760=ADVANCED_FACE('',(#938),#743,.T.);
#6761=ADVANCED_FACE('',(#939),#744,.T.);
#6762=ADVANCED_FACE('',(#940),#745,.T.);
#6763=ADVANCED_FACE('',(#941),#746,.T.);
#6764=ADVANCED_FACE('',(#942),#747,.T.);
#6765=ADVANCED_FACE('',(#943),#748,.T.);
#6766=ADVANCED_FACE('',(#944),#749,.T.);
#6767=ADVANCED_FACE('',(#945),#750,.T.);
#6768=ADVANCED_FACE('',(#946),#751,.T.);
#6769=ADVANCED_FACE('',(#947),#752,.T.);
#6770=ADVANCED_FACE('',(#948),#753,.T.);
#6771=ADVANCED_FACE('',(#949),#754,.T.);
#6772=ADVANCED_FACE('',(#950),#755,.T.);
#6773=ADVANCED_FACE('',(#951),#756,.T.);
#6774=ADVANCED_FACE('',(#952),#757,.T.);
#6775=ADVANCED_FACE('',(#953),#6624,.T.);
#6776=ADVANCED_FACE('',(#954),#758,.T.);
#6777=ADVANCED_FACE('',(#955),#759,.T.);
#6778=ADVANCED_FACE('',(#956),#760,.T.);
#6779=ADVANCED_FACE('',(#957),#761,.T.);
#6780=ADVANCED_FACE('',(#958),#762,.T.);
#6781=ADVANCED_FACE('',(#959),#763,.T.);
#6782=ADVANCED_FACE('',(#960),#764,.T.);
#6783=ADVANCED_FACE('',(#961),#765,.T.);
#6784=ADVANCED_FACE('',(#962),#766,.T.);
#6785=ADVANCED_FACE('',(#963),#767,.T.);
#6786=ADVANCED_FACE('',(#964),#768,.T.);
#6787=ADVANCED_FACE('',(#965),#769,.T.);
#6788=ADVANCED_FACE('',(#966),#770,.T.);
#6789=ADVANCED_FACE('',(#967),#771,.T.);
#6790=ADVANCED_FACE('',(#968),#772,.T.);
#6791=ADVANCED_FACE('',(#969),#6625,.T.);
#6792=ADVANCED_FACE('',(#970),#6626,.T.);
#6793=ADVANCED_FACE('',(#971),#6627,.T.);
#6794=ADVANCED_FACE('',(#972),#6628,.T.);
#6795=ADVANCED_FACE('',(#973),#6629,.T.);
#6796=ADVANCED_FACE('',(#974),#6630,.T.);
#6797=ADVANCED_FACE('',(#975),#6631,.T.);
#6798=ADVANCED_FACE('',(#976),#773,.T.);
#6799=ADVANCED_FACE('',(#977),#774,.T.);
#6800=ADVANCED_FACE('',(#978),#775,.T.);
#6801=ADVANCED_FACE('',(#979),#776,.T.);
#6802=ADVANCED_FACE('',(#980),#6632,.T.);
#6803=ADVANCED_FACE('',(#981),#777,.T.);
#6804=ADVANCED_FACE('',(#982),#778,.T.);
#6805=ADVANCED_FACE('',(#983),#779,.T.);
#6806=ADVANCED_FACE('',(#984),#780,.T.);
#6807=ADVANCED_FACE('',(#985),#781,.T.);
#6808=ADVANCED_FACE('',(#986),#782,.T.);
#6809=ADVANCED_FACE('',(#987),#783,.T.);
#6810=ADVANCED_FACE('',(#988),#784,.T.);
#6811=ADVANCED_FACE('',(#989),#785,.T.);
#6812=ADVANCED_FACE('',(#990),#6633,.T.);
#6813=ADVANCED_FACE('',(#991),#786,.T.);
#6814=ADVANCED_FACE('',(#992),#787,.T.);
#6815=ADVANCED_FACE('',(#993),#788,.T.);
#6816=ADVANCED_FACE('',(#994),#789,.T.);
#6817=ADVANCED_FACE('',(#995,#315),#6634,.T.);
#6818=ADVANCED_FACE('',(#996),#6635,.T.);
#6819=ADVANCED_FACE('',(#997),#6636,.T.);
#6820=ADVANCED_FACE('',(#998),#790,.T.);
#6821=ADVANCED_FACE('',(#999),#791,.T.);
#6822=ADVANCED_FACE('',(#1000),#792,.T.);
#6823=ADVANCED_FACE('',(#1001),#793,.T.);
#6824=ADVANCED_FACE('',(#1002),#6637,.T.);
#6825=ADVANCED_FACE('',(#1003),#6638,.T.);
#6826=ADVANCED_FACE('',(#1004),#6639,.T.);
#6827=ADVANCED_FACE('',(#1005),#6640,.T.);
#6828=ADVANCED_FACE('',(#1006),#6641,.T.);
#6829=ADVANCED_FACE('',(#1007),#6642,.T.);
#6830=ADVANCED_FACE('',(#1008),#6643,.T.);
#6831=ADVANCED_FACE('',(#1009),#6644,.T.);
#6832=ADVANCED_FACE('',(#1010),#6645,.T.);
#6833=ADVANCED_FACE('',(#1011),#6646,.T.);
#6834=ADVANCED_FACE('',(#1012),#6647,.T.);
#6835=ADVANCED_FACE('',(#1013),#794,.T.);
#6836=ADVANCED_FACE('',(#1014),#795,.T.);
#6837=ADVANCED_FACE('',(#1015),#796,.T.);
#6838=ADVANCED_FACE('',(#1016),#797,.T.);
#6839=ADVANCED_FACE('',(#1017),#6648,.T.);
#6840=ADVANCED_FACE('',(#1018),#6649,.T.);
#6841=ADVANCED_FACE('',(#1019),#798,.T.);
#6842=ADVANCED_FACE('',(#1020),#799,.T.);
#6843=ADVANCED_FACE('',(#1021),#800,.T.);
#6844=ADVANCED_FACE('',(#1022),#801,.T.);
#6845=ADVANCED_FACE('',(#1023),#802,.T.);
#6846=ADVANCED_FACE('',(#1024),#803,.T.);
#6847=ADVANCED_FACE('',(#1025),#804,.T.);
#6848=ADVANCED_FACE('',(#1026),#805,.T.);
#6849=ADVANCED_FACE('',(#1027),#806,.T.);
#6850=ADVANCED_FACE('',(#1028),#807,.T.);
#6851=ADVANCED_FACE('',(#1029),#808,.T.);
#6852=ADVANCED_FACE('',(#1030),#809,.T.);
#6853=ADVANCED_FACE('',(#1031),#810,.T.);
#6854=ADVANCED_FACE('',(#1032),#811,.T.);
#6855=ADVANCED_FACE('',(#1033),#812,.T.);
#6856=ADVANCED_FACE('',(#1034),#813,.T.);
#6857=ADVANCED_FACE('',(#1035),#6650,.T.);
#6858=ADVANCED_FACE('',(#1036),#814,.T.);
#6859=ADVANCED_FACE('',(#1037),#815,.T.);
#6860=ADVANCED_FACE('',(#1038),#816,.T.);
#6861=ADVANCED_FACE('',(#1039),#817,.T.);
#6862=ADVANCED_FACE('',(#1040),#818,.T.);
#6863=ADVANCED_FACE('',(#1041),#819,.T.);
#6864=ADVANCED_FACE('',(#1042),#820,.T.);
#6865=ADVANCED_FACE('',(#1043),#821,.T.);
#6866=ADVANCED_FACE('',(#1044),#822,.T.);
#6867=ADVANCED_FACE('',(#1045),#823,.T.);
#6868=ADVANCED_FACE('',(#1046),#824,.T.);
#6869=ADVANCED_FACE('',(#1047),#825,.T.);
#6870=ADVANCED_FACE('',(#1048),#826,.T.);
#6871=ADVANCED_FACE('',(#1049),#827,.T.);
#6872=ADVANCED_FACE('',(#1050),#828,.T.);
#6873=ADVANCED_FACE('',(#1051),#6651,.T.);
#6874=ADVANCED_FACE('',(#1052),#6652,.T.);
#6875=ADVANCED_FACE('',(#1053),#6653,.T.);
#6876=ADVANCED_FACE('',(#1054),#6654,.T.);
#6877=ADVANCED_FACE('',(#1055),#6655,.T.);
#6878=ADVANCED_FACE('',(#1056),#6656,.T.);
#6879=ADVANCED_FACE('',(#1057),#6657,.T.);
#6880=ADVANCED_FACE('',(#1058),#829,.T.);
#6881=ADVANCED_FACE('',(#1059),#830,.T.);
#6882=ADVANCED_FACE('',(#1060),#831,.T.);
#6883=ADVANCED_FACE('',(#1061),#832,.T.);
#6884=ADVANCED_FACE('',(#1062),#833,.T.);
#6885=ADVANCED_FACE('',(#1063),#834,.T.);
#6886=ADVANCED_FACE('',(#1064),#835,.T.);
#6887=ADVANCED_FACE('',(#1065),#836,.T.);
#6888=ADVANCED_FACE('',(#1066),#837,.T.);
#6889=ADVANCED_FACE('',(#1067),#838,.T.);
#6890=ADVANCED_FACE('',(#1068),#839,.T.);
#6891=ADVANCED_FACE('',(#1069),#840,.T.);
#6892=ADVANCED_FACE('',(#1070),#841,.T.);
#6893=ADVANCED_FACE('',(#1071),#842,.T.);
#6894=ADVANCED_FACE('',(#1072),#843,.T.);
#6895=ADVANCED_FACE('',(#1073),#844,.T.);
#6896=ADVANCED_FACE('',(#1074),#6658,.T.);
#6897=ADVANCED_FACE('',(#1075),#845,.T.);
#6898=ADVANCED_FACE('',(#1076),#846,.T.);
#6899=ADVANCED_FACE('',(#1077),#847,.T.);
#6900=ADVANCED_FACE('',(#1078),#848,.T.);
#6901=ADVANCED_FACE('',(#1079),#849,.T.);
#6902=ADVANCED_FACE('',(#1080),#850,.T.);
#6903=ADVANCED_FACE('',(#1081),#851,.T.);
#6904=ADVANCED_FACE('',(#1082),#852,.T.);
#6905=ADVANCED_FACE('',(#1083),#853,.T.);
#6906=ADVANCED_FACE('',(#1084),#854,.T.);
#6907=ADVANCED_FACE('',(#1085),#855,.T.);
#6908=ADVANCED_FACE('',(#1086),#856,.T.);
#6909=ADVANCED_FACE('',(#1087),#857,.T.);
#6910=ADVANCED_FACE('',(#1088),#858,.T.);
#6911=ADVANCED_FACE('',(#1089),#859,.T.);
#6912=ADVANCED_FACE('',(#1090),#6659,.T.);
#6913=ADVANCED_FACE('',(#1091),#6660,.T.);
#6914=ADVANCED_FACE('',(#1092),#6661,.T.);
#6915=ADVANCED_FACE('',(#1093),#6662,.T.);
#6916=ADVANCED_FACE('',(#1094),#6663,.T.);
#6917=ADVANCED_FACE('',(#1095),#6664,.T.);
#6918=ADVANCED_FACE('',(#1096),#6665,.T.);
#6919=ADVANCED_FACE('',(#1097),#860,.T.);
#6920=ADVANCED_FACE('',(#1098),#861,.T.);
#6921=ADVANCED_FACE('',(#1099),#862,.T.);
#6922=ADVANCED_FACE('',(#1100),#863,.T.);
#6923=ADVANCED_FACE('',(#1101),#864,.T.);
#6924=ADVANCED_FACE('',(#1102),#865,.T.);
#6925=ADVANCED_FACE('',(#1103),#866,.T.);
#6926=ADVANCED_FACE('',(#1104),#867,.T.);
#6927=ADVANCED_FACE('',(#1105),#868,.T.);
#6928=ADVANCED_FACE('',(#1106),#869,.T.);
#6929=ADVANCED_FACE('',(#1107),#870,.T.);
#6930=ADVANCED_FACE('',(#1108),#871,.T.);
#6931=ADVANCED_FACE('',(#1109),#872,.T.);
#6932=ADVANCED_FACE('',(#1110),#873,.T.);
#6933=ADVANCED_FACE('',(#1111),#874,.T.);
#6934=ADVANCED_FACE('',(#1112),#875,.T.);
#6935=ADVANCED_FACE('',(#1113),#6666,.T.);
#6936=ADVANCED_FACE('',(#1114),#876,.T.);
#6937=ADVANCED_FACE('',(#1115),#877,.T.);
#6938=ADVANCED_FACE('',(#1116),#878,.T.);
#6939=ADVANCED_FACE('',(#1117),#879,.T.);
#6940=ADVANCED_FACE('',(#1118),#880,.T.);
#6941=ADVANCED_FACE('',(#1119),#881,.T.);
#6942=ADVANCED_FACE('',(#1120),#882,.T.);
#6943=ADVANCED_FACE('',(#1121),#883,.T.);
#6944=ADVANCED_FACE('',(#1122),#884,.T.);
#6945=ADVANCED_FACE('',(#1123),#885,.T.);
#6946=ADVANCED_FACE('',(#1124),#886,.T.);
#6947=ADVANCED_FACE('',(#1125),#887,.T.);
#6948=ADVANCED_FACE('',(#1126),#888,.T.);
#6949=ADVANCED_FACE('',(#1127),#889,.T.);
#6950=ADVANCED_FACE('',(#1128),#890,.T.);
#6951=ADVANCED_FACE('',(#1129),#6667,.T.);
#6952=ADVANCED_FACE('',(#1130),#6668,.T.);
#6953=ADVANCED_FACE('',(#1131),#6669,.T.);
#6954=ADVANCED_FACE('',(#1132),#891,.T.);
#6955=ADVANCED_FACE('',(#1133),#892,.T.);
#6956=ADVANCED_FACE('',(#1134),#6670,.T.);
#6957=ADVANCED_FACE('',(#1135),#6671,.T.);
#6958=ADVANCED_FACE('',(#1136),#6672,.T.);
#6959=ADVANCED_FACE('',(#1137),#6673,.T.);
#6960=ADVANCED_FACE('',(#1138),#6674,.T.);
#6961=ADVANCED_FACE('',(#1139),#6675,.T.);
#6962=ADVANCED_FACE('',(#1140),#6676,.T.);
#6963=ADVANCED_FACE('',(#1141),#6677,.T.);
#6964=ADVANCED_FACE('',(#1142),#6678,.T.);
#6965=ADVANCED_FACE('',(#1143,#316),#6679,.T.);
#6966=ADVANCED_FACE('',(#1144,#317,#318,#319,#320,#321,#322,#323,#324,#325,
#326,#327,#328,#329),#6680,.T.);
#6967=ADVANCED_FACE('',(#1145),#6681,.T.);
#6968=ADVANCED_FACE('',(#1146),#6682,.T.);
#6969=ADVANCED_FACE('',(#1147),#6683,.T.);
#6970=ADVANCED_FACE('',(#1148),#893,.T.);
#6971=ADVANCED_FACE('',(#1149),#894,.T.);
#6972=ADVANCED_FACE('',(#1150),#895,.T.);
#6973=ADVANCED_FACE('',(#1151),#6684,.T.);
#6974=ADVANCED_FACE('',(#1152),#896,.T.);
#6975=ADVANCED_FACE('',(#1153),#897,.T.);
#6976=ADVANCED_FACE('',(#1154),#898,.T.);
#6977=ADVANCED_FACE('',(#1155),#899,.T.);
#6978=ADVANCED_FACE('',(#1156),#6685,.T.);
#6979=ADVANCED_FACE('',(#1157),#6686,.T.);
#6980=ADVANCED_FACE('',(#1158),#6687,.T.);
#6981=ADVANCED_FACE('',(#1159),#900,.T.);
#6982=ADVANCED_FACE('',(#1160),#901,.T.);
#6983=ADVANCED_FACE('',(#1161),#902,.T.);
#6984=ADVANCED_FACE('',(#1162),#903,.T.);
#6985=ADVANCED_FACE('',(#1163),#904,.T.);
#6986=ADVANCED_FACE('',(#1164),#905,.T.);
#6987=ADVANCED_FACE('',(#1165),#906,.T.);
#6988=ADVANCED_FACE('',(#1166),#907,.T.);
#6989=ADVANCED_FACE('',(#1167),#6688,.T.);
#6990=ADVANCED_FACE('',(#1168),#908,.T.);
#6991=ADVANCED_FACE('',(#1169),#909,.T.);
#6992=ADVANCED_FACE('',(#1170),#910,.T.);
#6993=ADVANCED_FACE('',(#1171),#911,.T.);
#6994=ADVANCED_FACE('',(#1172),#912,.T.);
#6995=ADVANCED_FACE('',(#1173),#913,.T.);
#6996=ADVANCED_FACE('',(#1174),#914,.T.);
#6997=ADVANCED_FACE('',(#1175),#915,.T.);
#6998=ADVANCED_FACE('',(#1176),#916,.T.);
#6999=ADVANCED_FACE('',(#1177),#6689,.T.);
#7000=ADVANCED_FACE('',(#1178),#6690,.T.);
#7001=ADVANCED_FACE('',(#1179),#6691,.T.);
#7002=ADVANCED_FACE('',(#1180),#6692,.T.);
#7003=ADVANCED_FACE('',(#1181,#330),#6693,.T.);
#7004=ADVANCED_FACE('',(#1182),#6694,.T.);
#7005=ADVANCED_FACE('',(#1183),#917,.T.);
#7006=ADVANCED_FACE('',(#1184),#918,.T.);
#7007=ADVANCED_FACE('',(#1185),#919,.T.);
#7008=ADVANCED_FACE('',(#1186),#920,.T.);
#7009=ADVANCED_FACE('',(#1187),#921,.T.);
#7010=ADVANCED_FACE('',(#1188),#922,.T.);
#7011=ADVANCED_FACE('',(#1189),#923,.T.);
#7012=ADVANCED_FACE('',(#1190),#924,.T.);
#7013=ADVANCED_FACE('',(#1191),#925,.T.);
#7014=ADVANCED_FACE('',(#1192),#926,.T.);
#7015=ADVANCED_FACE('',(#1193),#927,.T.);
#7016=ADVANCED_FACE('',(#1194),#928,.T.);
#7017=ADVANCED_FACE('',(#1195),#929,.T.);
#7018=ADVANCED_FACE('',(#1196),#930,.T.);
#7019=ADVANCED_FACE('',(#1197),#931,.T.);
#7020=ADVANCED_FACE('',(#1198),#932,.T.);
#7021=ADVANCED_FACE('',(#1199),#933,.T.);
#7022=ADVANCED_FACE('',(#1200,#331),#6695,.T.);
#7023=ADVANCED_FACE('',(#1201),#6696,.T.);
#7024=ADVANCED_FACE('',(#1202),#259,.F.);
#7025=ADVANCED_FACE('',(#1203),#260,.F.);
#7026=ADVANCED_FACE('',(#1204),#261,.F.);
#7027=ADVANCED_FACE('',(#1205),#262,.F.);
#7028=ADVANCED_FACE('',(#1206),#6697,.F.);
#7029=ADVANCED_FACE('',(#1207),#6698,.F.);
#7030=ADVANCED_FACE('',(#1208,#332),#6699,.F.);
#7031=ADVANCED_FACE('',(#1209),#263,.F.);
#7032=ADVANCED_FACE('',(#1210),#114,.F.);
#7033=ADVANCED_FACE('',(#1211),#264,.T.);
#7034=ADVANCED_FACE('',(#1212,#333),#6700,.T.);
#7035=ADVANCED_FACE('',(#1213),#115,.T.);
#7036=ADVANCED_FACE('',(#1214,#334),#6701,.T.);
#7037=ADVANCED_FACE('',(#1215),#265,.T.);
#7038=ADVANCED_FACE('',(#1216),#266,.T.);
#7039=ADVANCED_FACE('',(#1217),#267,.T.);
#7040=ADVANCED_FACE('',(#1218),#268,.T.);
#7041=ADVANCED_FACE('',(#1219,#335),#6702,.F.);
#7042=ADVANCED_FACE('',(#1220),#269,.T.);
#7043=ADVANCED_FACE('',(#1221),#100,.T.);
#7044=ADVANCED_FACE('',(#1222),#101,.T.);
#7045=ADVANCED_FACE('',(#1223),#270,.T.);
#7046=ADVANCED_FACE('',(#1224),#271,.T.);
#7047=ADVANCED_FACE('',(#1225),#102,.T.);
#7048=ADVANCED_FACE('',(#1226),#272,.T.);
#7049=ADVANCED_FACE('',(#1227),#103,.T.);
#7050=ADVANCED_FACE('',(#1228),#273,.T.);
#7051=ADVANCED_FACE('',(#1229),#274,.T.);
#7052=ADVANCED_FACE('',(#1230),#275,.T.);
#7053=ADVANCED_FACE('',(#1231),#276,.T.);
#7054=ADVANCED_FACE('',(#1232),#277,.T.);
#7055=ADVANCED_FACE('',(#1233),#278,.T.);
#7056=ADVANCED_FACE('',(#1234),#6703,.T.);
#7057=ADVANCED_FACE('',(#1235),#6704,.T.);
#7058=ADVANCED_FACE('',(#1236),#6705,.T.);
#7059=ADVANCED_FACE('',(#1237),#6706,.F.);
#7060=ADVANCED_FACE('',(#1238),#6707,.F.);
#7061=ADVANCED_FACE('',(#1239),#6708,.T.);
#7062=ADVANCED_FACE('',(#1240),#279,.F.);
#7063=ADVANCED_FACE('',(#1241),#116,.T.);
#7064=ADVANCED_FACE('',(#1242),#280,.T.);
#7065=ADVANCED_FACE('',(#1243,#336),#6709,.F.);
#7066=ADVANCED_FACE('',(#1244),#117,.T.);
#7067=ADVANCED_FACE('',(#1245,#337),#6710,.T.);
#7068=ADVANCED_FACE('',(#1246),#118,.T.);
#7069=ADVANCED_FACE('',(#1247),#281,.F.);
#7070=ADVANCED_FACE('',(#1248),#119,.F.);
#7071=ADVANCED_FACE('',(#1249,#338),#6711,.T.);
#7072=ADVANCED_FACE('',(#1250),#282,.T.);
#7073=ADVANCED_FACE('',(#1251),#6712,.F.);
#7074=ADVANCED_FACE('',(#1252),#283,.T.);
#7075=ADVANCED_FACE('',(#1253),#284,.T.);
#7076=ADVANCED_FACE('',(#1254),#6713,.T.);
#7077=ADVANCED_FACE('',(#1255),#285,.T.);
#7078=ADVANCED_FACE('',(#1256),#6714,.T.);
#7079=ADVANCED_FACE('',(#1257),#6715,.T.);
#7080=ADVANCED_FACE('',(#1258),#286,.F.);
#7081=ADVANCED_FACE('',(#1259),#120,.T.);
#7082=ADVANCED_FACE('',(#1260),#287,.T.);
#7083=ADVANCED_FACE('',(#1261,#339),#6716,.F.);
#7084=ADVANCED_FACE('',(#1262),#121,.T.);
#7085=ADVANCED_FACE('',(#1263,#340),#6717,.T.);
#7086=ADVANCED_FACE('',(#1264),#122,.T.);
#7087=ADVANCED_FACE('',(#1265),#288,.F.);
#7088=ADVANCED_FACE('',(#1266),#123,.F.);
#7089=ADVANCED_FACE('',(#1267,#341),#6718,.T.);
#7090=ADVANCED_FACE('',(#1268),#6719,.F.);
#7091=ADVANCED_FACE('',(#1269,#342),#6720,.T.);
#7092=ADVANCED_FACE('',(#1270),#289,.T.);
#7093=ADVANCED_FACE('',(#1271,#343),#6721,.T.);
#7094=ADVANCED_FACE('',(#1272),#290,.T.);
#7095=ADVANCED_FACE('',(#1273),#291,.F.);
#7096=ADVANCED_FACE('',(#1274),#6722,.T.);
#7097=ADVANCED_FACE('',(#1275),#124,.T.);
#7098=ADVANCED_FACE('',(#1276),#292,.T.);
#7099=ADVANCED_FACE('',(#1277,#344),#6723,.T.);
#7100=ADVANCED_FACE('',(#1278),#125,.T.);
#7101=ADVANCED_FACE('',(#1279,#345),#6724,.F.);
#7102=ADVANCED_FACE('',(#1280),#293,.F.);
#7103=ADVANCED_FACE('',(#1281),#104,.T.);
#7104=ADVANCED_FACE('',(#1282),#105,.T.);
#7105=ADVANCED_FACE('',(#1283),#294,.T.);
#7106=ADVANCED_FACE('',(#1284),#106,.T.);
#7107=ADVANCED_FACE('',(#1285),#107,.T.);
#7108=ADVANCED_FACE('',(#1286),#108,.T.);
#7109=ADVANCED_FACE('',(#1287),#295,.T.);
#7110=ADVANCED_FACE('',(#1288),#109,.T.);
#7111=ADVANCED_FACE('',(#1289),#110,.T.);
#7112=ADVANCED_FACE('',(#1290),#111,.T.);
#7113=ADVANCED_FACE('',(#1291),#112,.T.);
#7114=ADVANCED_FACE('',(#1292),#113,.T.);
#7115=ADVANCED_FACE('',(#1293),#296,.T.);
#7116=ADVANCED_FACE('',(#1294),#297,.T.);
#7117=ADVANCED_FACE('',(#1295),#298,.T.);
#7118=ADVANCED_FACE('',(#1296),#299,.T.);
#7119=ADVANCED_FACE('',(#1297),#300,.T.);
#7120=ADVANCED_FACE('',(#1298),#301,.T.);
#7121=ADVANCED_FACE('',(#1299),#302,.T.);
#7122=ADVANCED_FACE('',(#1300),#303,.T.);
#7123=ADVANCED_FACE('',(#1301),#304,.T.);
#7124=ADVANCED_FACE('',(#1302),#305,.T.);
#7125=ADVANCED_FACE('',(#1303),#306,.T.);
#7126=ADVANCED_FACE('',(#1304),#307,.T.);
#7127=ADVANCED_FACE('',(#1305),#308,.T.);
#7128=ADVANCED_FACE('',(#1306),#309,.T.);
#7129=ADVANCED_FACE('',(#1307),#310,.T.);
#7130=ADVANCED_FACE('',(#1308,#346),#6725,.F.);
#7131=ADVANCED_FACE('',(#1309),#6726,.T.);
#7132=ADVANCED_FACE('',(#1310),#6727,.T.);
#7133=ADVANCED_FACE('',(#1311),#6728,.T.);
#7134=ADVANCED_FACE('',(#1312),#6729,.T.);
#7135=ADVANCED_FACE('',(#1313,#347),#6730,.T.);
#7136=ADVANCED_FACE('',(#1314),#6731,.T.);
#7137=ADVANCED_FACE('',(#1315),#6732,.T.);
#7138=ADVANCED_FACE('',(#1316),#311,.F.);
#7139=ADVANCED_FACE('',(#1317),#65,.T.);
#7140=ADVANCED_FACE('',(#1318),#126,.T.);
#7141=ADVANCED_FACE('',(#1319,#348),#6733,.T.);
#7142=ADVANCED_FACE('',(#1320),#312,.T.);
#7143=ADVANCED_FACE('',(#1321),#6734,.F.);
#7144=ADVANCED_FACE('',(#1322),#6735,.F.);
#7145=ADVANCED_FACE('',(#1323),#6736,.F.);
#7146=ADVANCED_FACE('',(#1324),#6737,.F.);
#7147=ADVANCED_FACE('',(#1325),#6738,.F.);
#7148=ADVANCED_FACE('',(#1326),#6739,.F.);
#7149=ADVANCED_FACE('',(#1327),#6740,.F.);
#7150=ADVANCED_FACE('',(#1328),#6741,.F.);
#7151=ADVANCED_FACE('',(#1329),#6742,.F.);
#7152=ADVANCED_FACE('',(#1330),#6743,.F.);
#7153=ADVANCED_FACE('',(#1331),#6744,.F.);
#7154=ADVANCED_FACE('',(#1332),#6745,.F.);
#7155=ADVANCED_FACE('',(#1333),#313,.T.);
#7156=ADVANCED_FACE('',(#1334),#6746,.T.);
#7157=ADVANCED_FACE('',(#1335,#349),#6747,.T.);
#7158=ADVANCED_FACE('',(#1336),#66,.F.);
#7159=ADVANCED_FACE('',(#1337),#67,.F.);
#7160=ADVANCED_FACE('',(#1338),#6748,.F.);
#7161=ADVANCED_FACE('',(#1339),#6749,.F.);
#7162=ADVANCED_FACE('',(#1340),#68,.T.);
#7163=ADVANCED_FACE('',(#1341),#6750,.F.);
#7164=ADVANCED_FACE('',(#1342),#6751,.F.);
#7165=ADVANCED_FACE('',(#1343),#6752,.F.);
#7166=ADVANCED_FACE('',(#1344),#6753,.F.);
#7167=ADVANCED_FACE('',(#1345,#350),#6754,.T.);
#7168=ADVANCED_FACE('',(#1346),#69,.T.);
#7169=ADVANCED_FACE('',(#1347,#351),#6755,.T.);
#7170=ADVANCED_FACE('',(#1348),#314,.F.);
#7171=CLOSED_SHELL('',(#6756,#6757,#6758,#6759,#6760,#6761,#6762,#6763,
#6764,#6765,#6766,#6767,#6768,#6769,#6770,#6771,#6772,#6773,#6774,#6775,
#6776,#6777,#6778,#6779,#6780,#6781,#6782,#6783,#6784,#6785,#6786,#6787,
#6788,#6789,#6790,#6791,#6792,#6793,#6794,#6795,#6796,#6797,#6798,#6799,
#6800,#6801,#6802,#6803,#6804,#6805,#6806,#6807,#6808,#6809,#6810,#6811,
#6812,#6813,#6814,#6815,#6816,#6817,#6818,#6819,#6820,#6821,#6822,#6823,
#6824,#6825,#6826,#6827,#6828,#6829,#6830,#6831,#6832,#6833,#6834,#6835,
#6836,#6837,#6838,#6839,#6840,#6841,#6842,#6843,#6844,#6845,#6846,#6847,
#6848,#6849,#6850,#6851,#6852,#6853,#6854,#6855,#6856,#6857,#6858,#6859,
#6860,#6861,#6862,#6863,#6864,#6865,#6866,#6867,#6868,#6869,#6870,#6871,
#6872,#6873,#6874,#6875,#6876,#6877,#6878,#6879,#6880,#6881,#6882,#6883,
#6884,#6885,#6886,#6887,#6888,#6889,#6890,#6891,#6892,#6893,#6894,#6895,
#6896,#6897,#6898,#6899,#6900,#6901,#6902,#6903,#6904,#6905,#6906,#6907,
#6908,#6909,#6910,#6911,#6912,#6913,#6914,#6915,#6916,#6917,#6918,#6919,
#6920,#6921,#6922,#6923,#6924,#6925,#6926,#6927,#6928,#6929,#6930,#6931,
#6932,#6933,#6934,#6935,#6936,#6937,#6938,#6939,#6940,#6941,#6942,#6943,
#6944,#6945,#6946,#6947,#6948,#6949,#6950,#6951,#6952,#6953,#6954,#6955,
#6956,#6957,#6958,#6959,#6960,#6961,#6962,#6963,#6964,#6965,#6966,#6967,
#6968,#6969,#6970,#6971,#6972,#6973,#6974,#6975,#6976,#6977,#6978,#6979,
#6980,#6981,#6982,#6983,#6984,#6985,#6986,#6987,#6988,#6989,#6990,#6991,
#6992,#6993,#6994,#6995,#6996,#6997,#6998,#6999,#7000,#7001,#7002,#7003,
#7004,#7005,#7006,#7007,#7008,#7009,#7010,#7011,#7012,#7013,#7014,#7015,
#7016,#7017,#7018,#7019,#7020,#7021,#7022,#7023,#7024,#7025,#7026,#7027,
#7028,#7029,#7030,#7031,#7032,#7033,#7034,#7035,#7036,#7037,#7038,#7039,
#7040,#7041,#7042,#7043,#7044,#7045,#7046,#7047,#7048,#7049,#7050,#7051,
#7052,#7053,#7054,#7055,#7056,#7057,#7058,#7059,#7060,#7061));
#7172=CLOSED_SHELL('',(#7062,#7063,#7064,#7065,#7066,#7067,#7068,#7069,
#7070,#7071));
#7173=CLOSED_SHELL('',(#7072,#7073,#7074,#7075,#7076,#7077,#7078,#7079));
#7174=CLOSED_SHELL('',(#7080,#7081,#7082,#7083,#7084,#7085,#7086,#7087,
#7088,#7089));
#7175=CLOSED_SHELL('',(#7090,#7091,#7092,#7093,#7094,#7095,#7096));
#7176=CLOSED_SHELL('',(#7097,#7098,#7099,#7100,#7101,#7102));
#7177=CLOSED_SHELL('',(#7103,#7104,#7105,#7106,#7107,#7108,#7109,#7110,
#7111,#7112,#7113,#7114,#7115,#7116,#7117,#7118,#7119,#7120,#7121,#7122,
#7123,#7124,#7125,#7126,#7127,#7128,#7129,#7130,#7131,#7132,#7133,#7134,
#7135,#7136,#7137,#7138));
#7178=CLOSED_SHELL('',(#7139,#7140,#7141,#7142,#7143,#7144,#7145,#7146,
#7147,#7148,#7149,#7150,#7151,#7152,#7153,#7154,#7155,#7156,#7157));
#7179=CLOSED_SHELL('',(#7158,#7159,#7160,#7161,#7162,#7163,#7164,#7165,
#7166,#7167,#7168,#7169,#7170));
#7180=DERIVED_UNIT_ELEMENT(#7192,1.);
#7181=DERIVED_UNIT_ELEMENT(#14356,-3.);
#7182=DERIVED_UNIT_ELEMENT(#7192,1.);
#7183=DERIVED_UNIT_ELEMENT(#14356,-3.);
#7184=DERIVED_UNIT_ELEMENT(#7192,1.);
#7185=DERIVED_UNIT_ELEMENT(#14356,-3.);
#7186=DERIVED_UNIT_ELEMENT(#7192,1.);
#7187=DERIVED_UNIT_ELEMENT(#14356,-3.);
#7188=DERIVED_UNIT_ELEMENT(#7192,1.);
#7189=DERIVED_UNIT_ELEMENT(#14356,-3.);
#7190=DERIVED_UNIT_ELEMENT(#7192,1.);
#7191=DERIVED_UNIT_ELEMENT(#14356,-3.);
#7192=(
MASS_UNIT()
NAMED_UNIT(*)
SI_UNIT(.KILO.,.GRAM.)
);
#7193=DERIVED_UNIT((#7180,#7181));
#7194=DERIVED_UNIT((#7182,#7183));
#7195=DERIVED_UNIT((#7184,#7185));
#7196=DERIVED_UNIT((#7186,#7187));
#7197=DERIVED_UNIT((#7188,#7189));
#7198=DERIVED_UNIT((#7190,#7191));
#7199=MEASURE_REPRESENTATION_ITEM('density measure',
POSITIVE_RATIO_MEASURE(7850.),#7193);
#7200=MEASURE_REPRESENTATION_ITEM('density measure',
POSITIVE_RATIO_MEASURE(7850.),#7194);
#7201=MEASURE_REPRESENTATION_ITEM('density measure',
POSITIVE_RATIO_MEASURE(7850.),#7195);
#7202=MEASURE_REPRESENTATION_ITEM('density measure',
POSITIVE_RATIO_MEASURE(7850.),#7196);
#7203=MEASURE_REPRESENTATION_ITEM('density measure',
POSITIVE_RATIO_MEASURE(7750.),#7197);
#7204=MEASURE_REPRESENTATION_ITEM('density measure',
POSITIVE_RATIO_MEASURE(8030.),#7198);
#7205=PROPERTY_DEFINITION_REPRESENTATION(#7235,#7217);
#7206=PROPERTY_DEFINITION_REPRESENTATION(#7236,#7218);
#7207=PROPERTY_DEFINITION_REPRESENTATION(#7237,#7219);
#7208=PROPERTY_DEFINITION_REPRESENTATION(#7238,#7220);
#7209=PROPERTY_DEFINITION_REPRESENTATION(#7239,#7221);
#7210=PROPERTY_DEFINITION_REPRESENTATION(#7240,#7222);
#7211=PROPERTY_DEFINITION_REPRESENTATION(#7241,#7223);
#7212=PROPERTY_DEFINITION_REPRESENTATION(#7242,#7224);
#7213=PROPERTY_DEFINITION_REPRESENTATION(#7243,#7225);
#7214=PROPERTY_DEFINITION_REPRESENTATION(#7244,#7226);
#7215=PROPERTY_DEFINITION_REPRESENTATION(#7245,#7227);
#7216=PROPERTY_DEFINITION_REPRESENTATION(#7246,#7228);
#7217=REPRESENTATION('material name',(#7229),#14348);
#7218=REPRESENTATION('density',(#7199),#14348);
#7219=REPRESENTATION('material name',(#7230),#14349);
#7220=REPRESENTATION('density',(#7200),#14349);
#7221=REPRESENTATION('material name',(#7231),#14350);
#7222=REPRESENTATION('density',(#7201),#14350);
#7223=REPRESENTATION('material name',(#7232),#14351);
#7224=REPRESENTATION('density',(#7202),#14351);
#7225=REPRESENTATION('material name',(#7233),#14352);
#7226=REPRESENTATION('density',(#7203),#14352);
#7227=REPRESENTATION('material name',(#7234),#14353);
#7228=REPRESENTATION('density',(#7204),#14353);
#7229=DESCRIPTIVE_REPRESENTATION_ITEM('Steel','Steel');
#7230=DESCRIPTIVE_REPRESENTATION_ITEM('Steel','Steel');
#7231=DESCRIPTIVE_REPRESENTATION_ITEM('Steel','Steel');
#7232=DESCRIPTIVE_REPRESENTATION_ITEM('Steel','Steel');
#7233=DESCRIPTIVE_REPRESENTATION_ITEM('Steel 4.6, Plain',
'Steel 4.6, Plain');
#7234=DESCRIPTIVE_REPRESENTATION_ITEM('Steel 6, Plain','Steel 6, Plain');
#7235=PROPERTY_DEFINITION('material property','material name',#14392);
#7236=PROPERTY_DEFINITION('material property','density of part',#14392);
#7237=PROPERTY_DEFINITION('material property','material name',#14393);
#7238=PROPERTY_DEFINITION('material property','density of part',#14393);
#7239=PROPERTY_DEFINITION('material property','material name',#14394);
#7240=PROPERTY_DEFINITION('material property','density of part',#14394);
#7241=PROPERTY_DEFINITION('material property','material name',#14395);
#7242=PROPERTY_DEFINITION('material property','density of part',#14395);
#7243=PROPERTY_DEFINITION('material property','material name',#14396);
#7244=PROPERTY_DEFINITION('material property','density of part',#14396);
#7245=PROPERTY_DEFINITION('material property','material name',#14397);
#7246=PROPERTY_DEFINITION('material property','density of part',#14397);
#7247=AXIS2_PLACEMENT_3D('',#8867,#7617,#7618);
#7248=AXIS2_PLACEMENT_3D('',#8868,#7619,#7620);
#7249=AXIS2_PLACEMENT_3D('',#8869,#7621,#7622);
#7250=AXIS2_PLACEMENT_3D('',#9292,#7645,#7646);
#7251=AXIS2_PLACEMENT_3D('',#9640,#7664,#7665);
#7252=AXIS2_PLACEMENT_3D('',#9641,#7666,#7667);
#7253=AXIS2_PLACEMENT_3D('',#9650,#7672,#7673);
#7254=AXIS2_PLACEMENT_3D('',#9656,#7677,#7678);
#7255=AXIS2_PLACEMENT_3D('',#9662,#7682,#7683);
#7256=AXIS2_PLACEMENT_3D('',#9665,#7686,#7687);
#7257=AXIS2_PLACEMENT_3D('',#9666,#7688,#7689);
#7258=AXIS2_PLACEMENT_3D('',#9764,#7697,#7698);
#7259=AXIS2_PLACEMENT_3D('',#9980,#7712,#7713);
#7260=AXIS2_PLACEMENT_3D('',#10075,#7720,#7721);
#7261=AXIS2_PLACEMENT_3D('',#10076,#7722,#7723);
#7262=AXIS2_PLACEMENT_3D('',#10077,#7724,#7725);
#7263=AXIS2_PLACEMENT_3D('',#10178,#7734,#7735);
#7264=AXIS2_PLACEMENT_3D('',#10184,#7739,#7740);
#7265=AXIS2_PLACEMENT_3D('',#10190,#7744,#7745);
#7266=AXIS2_PLACEMENT_3D('',#10196,#7749,#7750);
#7267=AXIS2_PLACEMENT_3D('',#10202,#7754,#7755);
#7268=AXIS2_PLACEMENT_3D('',#10208,#7759,#7760);
#7269=AXIS2_PLACEMENT_3D('',#10214,#7764,#7765);
#7270=AXIS2_PLACEMENT_3D('',#10220,#7769,#7770);
#7271=AXIS2_PLACEMENT_3D('',#10226,#7774,#7775);
#7272=AXIS2_PLACEMENT_3D('',#10232,#7779,#7780);
#7273=AXIS2_PLACEMENT_3D('',#10238,#7784,#7785);
#7274=AXIS2_PLACEMENT_3D('',#10333,#7792,#7793);
#7275=AXIS2_PLACEMENT_3D('',#10334,#7794,#7795);
#7276=AXIS2_PLACEMENT_3D('',#10711,#7816,#7817);
#7277=AXIS2_PLACEMENT_3D('',#11059,#7835,#7836);
#7278=AXIS2_PLACEMENT_3D('',#11060,#7837,#7838);
#7279=AXIS2_PLACEMENT_3D('',#11069,#7843,#7844);
#7280=AXIS2_PLACEMENT_3D('',#11075,#7848,#7849);
#7281=AXIS2_PLACEMENT_3D('',#11081,#7853,#7854);
#7282=AXIS2_PLACEMENT_3D('',#11084,#7857,#7858);
#7283=AXIS2_PLACEMENT_3D('',#11085,#7859,#7860);
#7284=AXIS2_PLACEMENT_3D('',#11462,#7881,#7882);
#7285=AXIS2_PLACEMENT_3D('',#11810,#7900,#7901);
#7286=AXIS2_PLACEMENT_3D('',#11811,#7902,#7903);
#7287=AXIS2_PLACEMENT_3D('',#11820,#7908,#7909);
#7288=AXIS2_PLACEMENT_3D('',#11826,#7913,#7914);
#7289=AXIS2_PLACEMENT_3D('',#11832,#7918,#7919);
#7290=AXIS2_PLACEMENT_3D('',#11835,#7922,#7923);
#7291=AXIS2_PLACEMENT_3D('',#11836,#7924,#7925);
#7292=AXIS2_PLACEMENT_3D('',#12213,#7946,#7947);
#7293=AXIS2_PLACEMENT_3D('',#12561,#7965,#7966);
#7294=AXIS2_PLACEMENT_3D('',#12562,#7967,#7968);
#7295=AXIS2_PLACEMENT_3D('',#12571,#7973,#7974);
#7296=AXIS2_PLACEMENT_3D('',#12623,#7980,#7981);
#7297=AXIS2_PLACEMENT_3D('',#12626,#7984,#7985);
#7298=AXIS2_PLACEMENT_3D('',#12635,#7990,#7991);
#7299=AXIS2_PLACEMENT_3D('',#12641,#7995,#7996);
#7300=AXIS2_PLACEMENT_3D('',#12647,#8000,#8001);
#7301=AXIS2_PLACEMENT_3D('',#12653,#8005,#8006);
#7302=AXIS2_PLACEMENT_3D('',#12659,#8010,#8011);
#7303=AXIS2_PLACEMENT_3D('',#12665,#8015,#8016);
#7304=AXIS2_PLACEMENT_3D('',#12671,#8020,#8021);
#7305=AXIS2_PLACEMENT_3D('',#12674,#8024,#8025);
#7306=AXIS2_PLACEMENT_3D('',#12675,#8026,#8027);
#7307=AXIS2_PLACEMENT_3D('',#12856,#8043,#8044);
#7308=AXIS2_PLACEMENT_3D('',#12862,#8048,#8049);
#7309=AXIS2_PLACEMENT_3D('',#12866,#8052,#8053);
#7310=AXIS2_PLACEMENT_3D('',#12921,#8059,#8060);
#7311=AXIS2_PLACEMENT_3D('',#12993,#8067,#8068);
#7312=AXIS2_PLACEMENT_3D('',#12997,#8071,#8072);
#7313=AXIS2_PLACEMENT_3D('',#12999,#8074,#8075);
#7314=AXIS2_PLACEMENT_3D('',#13184,#8084,#8085);
#7315=AXIS2_PLACEMENT_3D('',#13343,#8098,#8099);
#7316=AXIS2_PLACEMENT_3D('',#13347,#8102,#8103);
#7317=AXIS2_PLACEMENT_3D('',#13351,#8106,#8107);
#7318=AXIS2_PLACEMENT_3D('',#13355,#8110,#8111);
#7319=AXIS2_PLACEMENT_3D('',#13357,#8113,#8114);
#7320=AXIS2_PLACEMENT_3D('',#13358,#8115,#8116);
#7321=AXIS2_PLACEMENT_3D('',#13696,#8134,#8135);
#7322=AXIS2_PLACEMENT_3D('',#13697,#8136,#8137);
#7323=AXIS2_PLACEMENT_3D('',#13698,#8138,#8139);
#7324=AXIS2_PLACEMENT_3D('',#13703,#8141,#8142);
#7325=AXIS2_PLACEMENT_3D('',#13706,#8144,#8145);
#7326=AXIS2_PLACEMENT_3D('',#13707,#8146,#8147);
#7327=AXIS2_PLACEMENT_3D('',#13712,#8150,#8151);
#7328=AXIS2_PLACEMENT_3D('',#13713,#8152,#8153);
#7329=AXIS2_PLACEMENT_3D('',#13718,#8156,#8157);
#7330=AXIS2_PLACEMENT_3D('',#13719,#8158,#8159);
#7331=AXIS2_PLACEMENT_3D('',#13722,#8162,#8163);
#7332=AXIS2_PLACEMENT_3D('',#13728,#8167,#8168);
#7333=AXIS2_PLACEMENT_3D('',#13732,#8171,#8172);
#7334=AXIS2_PLACEMENT_3D('',#13734,#8173,#8174);
#7335=AXIS2_PLACEMENT_3D('',#13735,#8175,#8176);
#7336=AXIS2_PLACEMENT_3D('',#13737,#8177,#8178);
#7337=AXIS2_PLACEMENT_3D('',#13739,#8180,#8181);
#7338=AXIS2_PLACEMENT_3D('',#13741,#8182,#8183);
#7339=AXIS2_PLACEMENT_3D('',#13743,#8184,#8185);
#7340=AXIS2_PLACEMENT_3D('',#13744,#8186,#8187);
#7341=AXIS2_PLACEMENT_3D('',#13745,#8188,#8189);
#7342=AXIS2_PLACEMENT_3D('',#13748,#8190,#8191);
#7343=AXIS2_PLACEMENT_3D('',#13750,#8193,#8194);
#7344=AXIS2_PLACEMENT_3D('',#13751,#8195,#8196);
#7345=AXIS2_PLACEMENT_3D('',#13760,#8201,#8202);
#7346=AXIS2_PLACEMENT_3D('',#13762,#8203,#8204);
#7347=AXIS2_PLACEMENT_3D('',#13763,#8205,#8206);
#7348=AXIS2_PLACEMENT_3D('',#13764,#8207,#8208);
#7349=AXIS2_PLACEMENT_3D('',#13765,#8209,#8210);
#7350=AXIS2_PLACEMENT_3D('',#13769,#8212,#8213);
#7351=AXIS2_PLACEMENT_3D('',#13772,#8215,#8216);
#7352=AXIS2_PLACEMENT_3D('',#13773,#8217,#8218);
#7353=AXIS2_PLACEMENT_3D('',#13777,#8220,#8221);
#7354=AXIS2_PLACEMENT_3D('',#13778,#8222,#8223);
#7355=AXIS2_PLACEMENT_3D('',#13779,#8224,#8225);
#7356=AXIS2_PLACEMENT_3D('',#13782,#8228,#8229);
#7357=AXIS2_PLACEMENT_3D('',#13784,#8231,#8232);
#7358=AXIS2_PLACEMENT_3D('',#13793,#8237,#8238);
#7359=AXIS2_PLACEMENT_3D('',#13796,#8240,#8241);
#7360=AXIS2_PLACEMENT_3D('',#13797,#8242,#8243);
#7361=AXIS2_PLACEMENT_3D('',#13798,#8244,#8245);
#7362=AXIS2_PLACEMENT_3D('',#13800,#8246,#8247);
#7363=AXIS2_PLACEMENT_3D('',#13801,#8248,#8249);
#7364=AXIS2_PLACEMENT_3D('',#13802,#8250,#8251);
#7365=AXIS2_PLACEMENT_3D('',#13803,#8252,#8253);
#7366=AXIS2_PLACEMENT_3D('',#13806,#8254,#8255);
#7367=AXIS2_PLACEMENT_3D('',#13807,#8256,#8257);
#7368=AXIS2_PLACEMENT_3D('',#13808,#8258,#8259);
#7369=AXIS2_PLACEMENT_3D('',#13809,#8260,#8261);
#7370=AXIS2_PLACEMENT_3D('',#13811,#8263,#8264);
#7371=AXIS2_PLACEMENT_3D('',#13813,#8266,#8267);
#7372=AXIS2_PLACEMENT_3D('',#13815,#8268,#8269);
#7373=AXIS2_PLACEMENT_3D('',#13816,#8270,#8271);
#7374=AXIS2_PLACEMENT_3D('',#13817,#8272,#8273);
#7375=AXIS2_PLACEMENT_3D('',#13818,#8274,#8275);
#7376=AXIS2_PLACEMENT_3D('',#13820,#8277,#8278);
#7377=AXIS2_PLACEMENT_3D('',#13822,#8279,#8280);
#7378=AXIS2_PLACEMENT_3D('',#13824,#8281,#8282);
#7379=AXIS2_PLACEMENT_3D('',#13825,#8283,#8284);
#7380=AXIS2_PLACEMENT_3D('',#13826,#8285,#8286);
#7381=AXIS2_PLACEMENT_3D('',#13829,#8289,#8290);
#7382=AXIS2_PLACEMENT_3D('',#13831,#8292,#8293);
#7383=AXIS2_PLACEMENT_3D('',#13834,#8295,#8296);
#7384=AXIS2_PLACEMENT_3D('',#13835,#8297,#8298);
#7385=AXIS2_PLACEMENT_3D('',#13837,#8300,#8301);
#7386=AXIS2_PLACEMENT_3D('',#13838,#8302,#8303);
#7387=AXIS2_PLACEMENT_3D('',#13839,#8304,#8305);
#7388=AXIS2_PLACEMENT_3D('',#13840,#8306,#8307);
#7389=AXIS2_PLACEMENT_3D('',#13842,#8309,#8310);
#7390=AXIS2_PLACEMENT_3D('',#13843,#8311,#8312);
#7391=AXIS2_PLACEMENT_3D('',#13844,#8313,#8314);
#7392=AXIS2_PLACEMENT_3D('',#13846,#8316,#8317);
#7393=AXIS2_PLACEMENT_3D('',#13847,#8318,#8319);
#7394=AXIS2_PLACEMENT_3D('',#13848,#8320,#8321);
#7395=AXIS2_PLACEMENT_3D('',#13849,#8322,#8323);
#7396=AXIS2_PLACEMENT_3D('',#13851,#8324,#8325);
#7397=AXIS2_PLACEMENT_3D('',#13854,#8327,#8328);
#7398=AXIS2_PLACEMENT_3D('',#13855,#8329,#8330);
#7399=AXIS2_PLACEMENT_3D('',#13857,#8331,#8332);
#7400=AXIS2_PLACEMENT_3D('',#13859,#8333,#8334);
#7401=AXIS2_PLACEMENT_3D('',#13860,#8335,#8336);
#7402=AXIS2_PLACEMENT_3D('',#13861,#8337,#8338);
#7403=AXIS2_PLACEMENT_3D('',#13863,#8339,#8340);
#7404=AXIS2_PLACEMENT_3D('',#13865,#8342,#8343);
#7405=AXIS2_PLACEMENT_3D('',#13867,#8344,#8345);
#7406=AXIS2_PLACEMENT_3D('',#13868,#8346,#8347);
#7407=AXIS2_PLACEMENT_3D('',#13870,#8348,#8349);
#7408=AXIS2_PLACEMENT_3D('',#13871,#8350,#8351);
#7409=AXIS2_PLACEMENT_3D('',#13872,#8352,#8353);
#7410=AXIS2_PLACEMENT_3D('',#13873,#8354,#8355);
#7411=AXIS2_PLACEMENT_3D('',#13875,#8356,#8357);
#7412=AXIS2_PLACEMENT_3D('',#13876,#8358,#8359);
#7413=AXIS2_PLACEMENT_3D('',#13877,#8360,#8361);
#7414=AXIS2_PLACEMENT_3D('',#13880,#8363,#8364);
#7415=AXIS2_PLACEMENT_3D('',#13881,#8365,#8366);
#7416=AXIS2_PLACEMENT_3D('',#13883,#8367,#8368);
#7417=AXIS2_PLACEMENT_3D('',#13884,#8369,#8370);
#7418=AXIS2_PLACEMENT_3D('',#13885,#8371,#8372);
#7419=AXIS2_PLACEMENT_3D('',#13886,#8373,#8374);
#7420=AXIS2_PLACEMENT_3D('',#13889,#8375,#8376);
#7421=AXIS2_PLACEMENT_3D('',#13893,#8378,#8379);
#7422=AXIS2_PLACEMENT_3D('',#13895,#8381,#8382);
#7423=AXIS2_PLACEMENT_3D('',#13897,#8383,#8384);
#7424=AXIS2_PLACEMENT_3D('',#13901,#8386,#8387);
#7425=AXIS2_PLACEMENT_3D('',#13903,#8388,#8389);
#7426=AXIS2_PLACEMENT_3D('',#13905,#8391,#8392);
#7427=AXIS2_PLACEMENT_3D('',#13907,#8393,#8394);
#7428=AXIS2_PLACEMENT_3D('',#13909,#8396,#8397);
#7429=AXIS2_PLACEMENT_3D('',#13912,#8398,#8399);
#7430=AXIS2_PLACEMENT_3D('',#13915,#8402,#8403);
#7431=AXIS2_PLACEMENT_3D('',#13918,#8405,#8406);
#7432=AXIS2_PLACEMENT_3D('',#13920,#8408,#8409);
#7433=AXIS2_PLACEMENT_3D('',#13922,#8411,#8412);
#7434=AXIS2_PLACEMENT_3D('',#13923,#8413,#8414);
#7435=AXIS2_PLACEMENT_3D('',#13924,#8415,#8416);
#7436=AXIS2_PLACEMENT_3D('',#13926,#8417,#8418);
#7437=AXIS2_PLACEMENT_3D('',#13929,#8420,#8421);
#7438=AXIS2_PLACEMENT_3D('',#13930,#8422,#8423);
#7439=AXIS2_PLACEMENT_3D('',#13932,#8424,#8425);
#7440=AXIS2_PLACEMENT_3D('',#13934,#8426,#8427);
#7441=AXIS2_PLACEMENT_3D('',#13935,#8428,#8429);
#7442=AXIS2_PLACEMENT_3D('',#13936,#8430,#8431);
#7443=AXIS2_PLACEMENT_3D('',#13938,#8432,#8433);
#7444=AXIS2_PLACEMENT_3D('',#13940,#8435,#8436);
#7445=AXIS2_PLACEMENT_3D('',#13942,#8437,#8438);
#7446=AXIS2_PLACEMENT_3D('',#13943,#8439,#8440);
#7447=AXIS2_PLACEMENT_3D('',#13945,#8441,#8442);
#7448=AXIS2_PLACEMENT_3D('',#13946,#8443,#8444);
#7449=AXIS2_PLACEMENT_3D('',#13947,#8445,#8446);
#7450=AXIS2_PLACEMENT_3D('',#13948,#8447,#8448);
#7451=AXIS2_PLACEMENT_3D('',#13950,#8449,#8450);
#7452=AXIS2_PLACEMENT_3D('',#13951,#8451,#8452);
#7453=AXIS2_PLACEMENT_3D('',#13952,#8453,#8454);
#7454=AXIS2_PLACEMENT_3D('',#13955,#8456,#8457);
#7455=AXIS2_PLACEMENT_3D('',#13956,#8458,#8459);
#7456=AXIS2_PLACEMENT_3D('',#13958,#8460,#8461);
#7457=AXIS2_PLACEMENT_3D('',#13959,#8462,#8463);
#7458=AXIS2_PLACEMENT_3D('',#13960,#8464,#8465);
#7459=AXIS2_PLACEMENT_3D('',#13961,#8466,#8467);
#7460=AXIS2_PLACEMENT_3D('',#13962,#8468,#8469);
#7461=AXIS2_PLACEMENT_3D('',#13965,#8470,#8471);
#7462=AXIS2_PLACEMENT_3D('',#13969,#8473,#8474);
#7463=AXIS2_PLACEMENT_3D('',#13971,#8476,#8477);
#7464=AXIS2_PLACEMENT_3D('',#13978,#8481,#8482);
#7465=AXIS2_PLACEMENT_3D('',#13979,#8483,#8484);
#7466=AXIS2_PLACEMENT_3D('',#13981,#8485,#8486);
#7467=AXIS2_PLACEMENT_3D('',#13983,#8488,#8489);
#7468=AXIS2_PLACEMENT_3D('',#13988,#8492,#8493);
#7469=AXIS2_PLACEMENT_3D('',#13989,#8494,#8495);
#7470=AXIS2_PLACEMENT_3D('',#13990,#8496,#8497);
#7471=AXIS2_PLACEMENT_3D('',#13991,#8498,#8499);
#7472=AXIS2_PLACEMENT_3D('',#13993,#8501,#8502);
#7473=AXIS2_PLACEMENT_3D('',#13994,#8503,#8504);
#7474=AXIS2_PLACEMENT_3D('',#13996,#8505,#8506);
#7475=AXIS2_PLACEMENT_3D('',#13998,#8507,#8508);
#7476=AXIS2_PLACEMENT_3D('',#14000,#8509,#8510);
#7477=AXIS2_PLACEMENT_3D('',#14001,#8511,#8512);
#7478=AXIS2_PLACEMENT_3D('',#14002,#8513,#8514);
#7479=AXIS2_PLACEMENT_3D('',#14006,#8516,#8517);
#7480=AXIS2_PLACEMENT_3D('',#14007,#8518,#8519);
#7481=AXIS2_PLACEMENT_3D('',#14008,#8520,#8521);
#7482=AXIS2_PLACEMENT_3D('',#14010,#8522,#8523);
#7483=AXIS2_PLACEMENT_3D('',#14011,#8524,#8525);
#7484=AXIS2_PLACEMENT_3D('',#14013,#8526,#8527);
#7485=AXIS2_PLACEMENT_3D('',#14014,#8528,#8529);
#7486=AXIS2_PLACEMENT_3D('',#14015,#8530,#8531);
#7487=AXIS2_PLACEMENT_3D('',#14017,#8532,#8533);
#7488=AXIS2_PLACEMENT_3D('',#14018,#8534,#8535);
#7489=AXIS2_PLACEMENT_3D('',#14020,#8537,#8538);
#7490=AXIS2_PLACEMENT_3D('',#14021,#8539,#8540);
#7491=AXIS2_PLACEMENT_3D('',#14024,#8541,#8542);
#7492=AXIS2_PLACEMENT_3D('',#14026,#8543,#8544);
#7493=AXIS2_PLACEMENT_3D('',#14027,#8545,#8546);
#7494=AXIS2_PLACEMENT_3D('',#14028,#8547,#8548);
#7495=AXIS2_PLACEMENT_3D('',#14031,#8549,#8550);
#7496=AXIS2_PLACEMENT_3D('',#14033,#8551,#8552);
#7497=AXIS2_PLACEMENT_3D('',#14034,#8553,#8554);
#7498=AXIS2_PLACEMENT_3D('',#14035,#8555,#8556);
#7499=AXIS2_PLACEMENT_3D('',#14038,#8559,#8560);
#7500=AXIS2_PLACEMENT_3D('',#14041,#8561,#8562);
#7501=AXIS2_PLACEMENT_3D('',#14043,#8563,#8564);
#7502=AXIS2_PLACEMENT_3D('',#14044,#8565,#8566);
#7503=AXIS2_PLACEMENT_3D('',#14045,#8567,#8568);
#7504=AXIS2_PLACEMENT_3D('',#14048,#8569,#8570);
#7505=AXIS2_PLACEMENT_3D('',#14050,#8571,#8572);
#7506=AXIS2_PLACEMENT_3D('',#14051,#8573,#8574);
#7507=AXIS2_PLACEMENT_3D('',#14052,#8575,#8576);
#7508=AXIS2_PLACEMENT_3D('',#14055,#8577,#8578);
#7509=AXIS2_PLACEMENT_3D('',#14057,#8579,#8580);
#7510=AXIS2_PLACEMENT_3D('',#14058,#8581,#8582);
#7511=AXIS2_PLACEMENT_3D('',#14059,#8583,#8584);
#7512=AXIS2_PLACEMENT_3D('',#14062,#8587,#8588);
#7513=AXIS2_PLACEMENT_3D('',#14065,#8589,#8590);
#7514=AXIS2_PLACEMENT_3D('',#14067,#8591,#8592);
#7515=AXIS2_PLACEMENT_3D('',#14068,#8593,#8594);
#7516=AXIS2_PLACEMENT_3D('',#14069,#8595,#8596);
#7517=AXIS2_PLACEMENT_3D('',#14072,#8597,#8598);
#7518=AXIS2_PLACEMENT_3D('',#14074,#8599,#8600);
#7519=AXIS2_PLACEMENT_3D('',#14075,#8601,#8602);
#7520=AXIS2_PLACEMENT_3D('',#14076,#8603,#8604);
#7521=AXIS2_PLACEMENT_3D('',#14079,#8605,#8606);
#7522=AXIS2_PLACEMENT_3D('',#14081,#8607,#8608);
#7523=AXIS2_PLACEMENT_3D('',#14082,#8609,#8610);
#7524=AXIS2_PLACEMENT_3D('',#14083,#8611,#8612);
#7525=AXIS2_PLACEMENT_3D('',#14086,#8613,#8614);
#7526=AXIS2_PLACEMENT_3D('',#14088,#8615,#8616);
#7527=AXIS2_PLACEMENT_3D('',#14089,#8617,#8618);
#7528=AXIS2_PLACEMENT_3D('',#14090,#8619,#8620);
#7529=AXIS2_PLACEMENT_3D('',#14093,#8621,#8622);
#7530=AXIS2_PLACEMENT_3D('',#14095,#8623,#8624);
#7531=AXIS2_PLACEMENT_3D('',#14096,#8625,#8626);
#7532=AXIS2_PLACEMENT_3D('',#14097,#8627,#8628);
#7533=AXIS2_PLACEMENT_3D('',#14102,#8631,#8632);
#7534=AXIS2_PLACEMENT_3D('',#14103,#8633,#8634);
#7535=AXIS2_PLACEMENT_3D('',#14106,#8637,#8638);
#7536=AXIS2_PLACEMENT_3D('',#14109,#8641,#8642);
#7537=AXIS2_PLACEMENT_3D('',#14112,#8645,#8646);
#7538=AXIS2_PLACEMENT_3D('',#14117,#8649,#8650);
#7539=AXIS2_PLACEMENT_3D('',#14118,#8651,#8652);
#7540=AXIS2_PLACEMENT_3D('',#14121,#8655,#8656);
#7541=AXIS2_PLACEMENT_3D('',#14124,#8659,#8660);
#7542=AXIS2_PLACEMENT_3D('',#14127,#8663,#8664);
#7543=AXIS2_PLACEMENT_3D('',#14130,#8667,#8668);
#7544=AXIS2_PLACEMENT_3D('',#14133,#8671,#8672);
#7545=AXIS2_PLACEMENT_3D('',#14136,#8675,#8676);
#7546=AXIS2_PLACEMENT_3D('',#14139,#8679,#8680);
#7547=AXIS2_PLACEMENT_3D('',#14142,#8683,#8684);
#7548=AXIS2_PLACEMENT_3D('',#14145,#8687,#8688);
#7549=AXIS2_PLACEMENT_3D('',#14148,#8691,#8692);
#7550=AXIS2_PLACEMENT_3D('',#14151,#8694,#8695);
#7551=AXIS2_PLACEMENT_3D('',#14152,#8696,#8697);
#7552=AXIS2_PLACEMENT_3D('',#14153,#8698,#8699);
#7553=AXIS2_PLACEMENT_3D('',#14154,#8700,#8701);
#7554=AXIS2_PLACEMENT_3D('',#14155,#8702,#8703);
#7555=AXIS2_PLACEMENT_3D('',#14156,#8704,#8705);
#7556=AXIS2_PLACEMENT_3D('',#14158,#8706,#8707);
#7557=AXIS2_PLACEMENT_3D('',#14159,#8708,#8709);
#7558=AXIS2_PLACEMENT_3D('',#14160,#8710,#8711);
#7559=AXIS2_PLACEMENT_3D('',#14161,#8712,#8713);
#7560=AXIS2_PLACEMENT_3D('',#14163,#8715,#8716);
#7561=AXIS2_PLACEMENT_3D('',#14164,#8717,#8718);
#7562=AXIS2_PLACEMENT_3D('',#14166,#8719,#8720);
#7563=AXIS2_PLACEMENT_3D('',#14169,#8722,#8723);
#7564=AXIS2_PLACEMENT_3D('',#14170,#8724,#8725);
#7565=AXIS2_PLACEMENT_3D('',#14172,#8726,#8727);
#7566=AXIS2_PLACEMENT_3D('',#14174,#8728,#8729);
#7567=AXIS2_PLACEMENT_3D('',#14175,#8730,#8731);
#7568=AXIS2_PLACEMENT_3D('',#14176,#8732,#8733);
#7569=AXIS2_PLACEMENT_3D('',#14189,#8740,#8741);
#7570=AXIS2_PLACEMENT_3D('',#14191,#8742,#8743);
#7571=AXIS2_PLACEMENT_3D('',#14193,#8745,#8746);
#7572=AXIS2_PLACEMENT_3D('',#14200,#8750,#8751);
#7573=AXIS2_PLACEMENT_3D('',#14204,#8754,#8755);
#7574=AXIS2_PLACEMENT_3D('',#14208,#8758,#8759);
#7575=AXIS2_PLACEMENT_3D('',#14212,#8762,#8763);
#7576=AXIS2_PLACEMENT_3D('',#14216,#8766,#8767);
#7577=AXIS2_PLACEMENT_3D('',#14218,#8769,#8770);
#7578=AXIS2_PLACEMENT_3D('',#14221,#8773,#8774);
#7579=AXIS2_PLACEMENT_3D('',#14223,#8776,#8777);
#7580=AXIS2_PLACEMENT_3D('',#14225,#8779,#8780);
#7581=AXIS2_PLACEMENT_3D('',#14227,#8782,#8783);
#7582=AXIS2_PLACEMENT_3D('',#14229,#8785,#8786);
#7583=AXIS2_PLACEMENT_3D('',#14230,#8787,#8788);
#7584=AXIS2_PLACEMENT_3D('',#14233,#8790,#8791);
#7585=AXIS2_PLACEMENT_3D('',#14234,#8792,#8793);
#7586=AXIS2_PLACEMENT_3D('',#14235,#8794,#8795);
#7587=AXIS2_PLACEMENT_3D('',#14236,#8796,#8797);
#7588=AXIS2_PLACEMENT_3D('',#14237,#8798,#8799);
#7589=AXIS2_PLACEMENT_3D('',#14239,#8800,#8801);
#7590=AXIS2_PLACEMENT_3D('',#14242,#8803,#8804);
#7591=AXIS2_PLACEMENT_3D('',#14243,#8805,#8806);
#7592=AXIS2_PLACEMENT_3D('',#14245,#8807,#8808);
#7593=AXIS2_PLACEMENT_3D('',#14248,#8810,#8811);
#7594=AXIS2_PLACEMENT_3D('',#14249,#8812,#8813);
#7595=AXIS2_PLACEMENT_3D('',#14262,#8816,#8817);
#7596=AXIS2_PLACEMENT_3D('',#14272,#8819,#8820);
#7597=AXIS2_PLACEMENT_3D('',#14274,#8821,#8822);
#7598=AXIS2_PLACEMENT_3D('',#14295,#8824,#8825);
#7599=AXIS2_PLACEMENT_3D('',#14301,#8827,#8828);
#7600=AXIS2_PLACEMENT_3D('',#14311,#8830,#8831);
#7601=AXIS2_PLACEMENT_3D('',#14317,#8833,#8834);
#7602=AXIS2_PLACEMENT_3D('',#14321,#8835,#8836);
#7603=AXIS2_PLACEMENT_3D('',#14323,#8837,#8838);
#7604=AXIS2_PLACEMENT_3D('',#14324,#8839,#8840);
#7605=AXIS2_PLACEMENT_3D('',#14326,#8842,#8843);
#7606=AXIS2_PLACEMENT_3D('',#14327,#8844,#8845);
#7607=AXIS2_PLACEMENT_3D('',#14329,#8847,#8848);
#7608=AXIS2_PLACEMENT_3D('',#14330,#8849,#8850);
#7609=AXIS2_PLACEMENT_3D('',#14331,#8851,#8852);
#7610=AXIS2_PLACEMENT_3D('',#14332,#8853,#8854);
#7611=AXIS2_PLACEMENT_3D('',#14333,#8855,#8856);
#7612=AXIS2_PLACEMENT_3D('',#14334,#8857,#8858);
#7613=AXIS2_PLACEMENT_3D('',#14335,#8859,#8860);
#7614=AXIS2_PLACEMENT_3D('',#14336,#8861,#8862);
#7615=AXIS2_PLACEMENT_3D('',#14337,#8863,#8864);
#7616=AXIS2_PLACEMENT_3D('',#14338,#8865,#8866);
#7617=DIRECTION('axis',(0.,0.,1.));
#7618=DIRECTION('refdir',(1.,0.,0.));
#7619=DIRECTION('axis',(0.,0.,1.));
#7620=DIRECTION('refdir',(1.,0.,0.));
#7621=DIRECTION('center_axis',(-0.0870992684842059,0.,0.996199637336571));
#7622=DIRECTION('ref_axis',(-0.996199637336571,0.,-0.0870992684842059));
#7623=DIRECTION('',(0.996199637336571,0.,0.0870992684842059));
#7624=DIRECTION('',(0.,-1.,0.));
#7625=DIRECTION('',(-0.996199637336571,0.,-0.0870992684842059));
#7626=DIRECTION('',(0.,-1.,0.));
#7627=DIRECTION('',(0.,-1.,0.));
#7628=DIRECTION('',(0.,-1.,0.));
#7629=DIRECTION('',(0.,-1.,0.));
#7630=DIRECTION('',(0.,-1.,0.));
#7631=DIRECTION('',(0.,-1.,0.));
#7632=DIRECTION('',(0.,-1.,0.));
#7633=DIRECTION('',(0.,-1.,0.));
#7634=DIRECTION('',(0.,-1.,0.));
#7635=DIRECTION('',(0.,-1.,0.));
#7636=DIRECTION('',(0.,-1.,0.));
#7637=DIRECTION('',(0.,-1.,0.));
#7638=DIRECTION('',(0.,-1.,0.));
#7639=DIRECTION('',(0.,-1.,0.));
#7640=DIRECTION('',(0.,-1.,0.));
#7641=DIRECTION('',(0.,-1.,0.));
#7642=DIRECTION('',(0.,-1.,0.));
#7643=DIRECTION('',(0.,-1.,0.));
#7644=DIRECTION('',(0.,-1.,0.));
#7645=DIRECTION('center_axis',(0.0750565001101665,0.,-0.997179282672486));
#7646=DIRECTION('ref_axis',(0.997179282672485,0.,0.0750565001101664));
#7647=DIRECTION('',(-0.997179282672485,0.,-0.0750565001101664));
#7648=DIRECTION('',(0.997179282672485,0.,0.0750565001101664));
#7649=DIRECTION('',(0.,-1.,0.));
#7650=DIRECTION('',(0.,-1.,0.));
#7651=DIRECTION('',(0.,-1.,0.));
#7652=DIRECTION('',(0.,-1.,0.));
#7653=DIRECTION('',(0.,-1.,0.));
#7654=DIRECTION('',(0.,-1.,0.));
#7655=DIRECTION('',(0.,-1.,0.));
#7656=DIRECTION('',(0.,-1.,0.));
#7657=DIRECTION('',(0.,-1.,0.));
#7658=DIRECTION('',(0.,-1.,0.));
#7659=DIRECTION('',(0.,-1.,0.));
#7660=DIRECTION('',(0.,-1.,0.));
#7661=DIRECTION('',(0.,-1.,0.));
#7662=DIRECTION('',(0.,-1.,0.));
#7663=DIRECTION('',(0.,-1.,0.));
#7664=DIRECTION('center_axis',(0.,-1.,0.));
#7665=DIRECTION('ref_axis',(1.,0.,0.));
#7666=DIRECTION('center_axis',(-1.,0.,0.));
#7667=DIRECTION('ref_axis',(0.,0.,-1.));
#7668=DIRECTION('',(0.,0.,1.));
#7669=DIRECTION('',(0.,-1.,0.));
#7670=DIRECTION('',(0.,0.,-1.));
#7671=DIRECTION('',(0.,-1.,0.));
#7672=DIRECTION('center_axis',(0.,0.,1.));
#7673=DIRECTION('ref_axis',(-1.,0.,0.));
#7674=DIRECTION('',(1.,0.,0.));
#7675=DIRECTION('',(-1.,0.,0.));
#7676=DIRECTION('',(0.,-1.,0.));
#7677=DIRECTION('center_axis',(1.,0.,0.));
#7678=DIRECTION('ref_axis',(0.,0.,1.));
#7679=DIRECTION('',(0.,0.,-1.));
#7680=DIRECTION('',(0.,0.,1.));
#7681=DIRECTION('',(0.,-1.,0.));
#7682=DIRECTION('center_axis',(0.,0.,-1.));
#7683=DIRECTION('ref_axis',(1.,0.,0.));
#7684=DIRECTION('',(-1.,0.,0.));
#7685=DIRECTION('',(1.,0.,0.));
#7686=DIRECTION('center_axis',(0.,-1.,0.));
#7687=DIRECTION('ref_axis',(0.,0.,-1.));
#7688=DIRECTION('center_axis',(0.,0.,1.));
#7689=DIRECTION('ref_axis',(-1.,0.,0.));
#7690=DIRECTION('',(1.,0.,0.));
#7691=DIRECTION('',(0.,-1.,0.));
#7692=DIRECTION('',(-1.,0.,0.));
#7693=DIRECTION('',(0.,-1.,0.));
#7694=DIRECTION('',(0.,-1.,0.));
#7695=DIRECTION('',(0.,-1.,0.));
#7696=DIRECTION('',(0.,-1.,0.));
#7697=DIRECTION('center_axis',(0.122721932600506,0.,0.992441095107814));
#7698=DIRECTION('ref_axis',(-0.992441095107814,0.,0.122721932600506));
#7699=DIRECTION('',(0.992441095107814,0.,-0.122721932600506));
#7700=DIRECTION('',(0.,-1.,0.));
#7701=DIRECTION('',(-0.992441095107814,0.,0.122721932600506));
#7702=DIRECTION('',(0.,-1.,0.));
#7703=DIRECTION('',(0.,-1.,0.));
#7704=DIRECTION('',(0.,-1.,0.));
#7705=DIRECTION('',(0.,-1.,0.));
#7706=DIRECTION('',(0.,-1.,0.));
#7707=DIRECTION('',(0.,-1.,0.));
#7708=DIRECTION('',(0.,-1.,0.));
#7709=DIRECTION('',(0.,-1.,0.));
#7710=DIRECTION('',(0.,-1.,0.));
#7711=DIRECTION('',(0.,-1.,0.));
#7712=DIRECTION('center_axis',(0.,0.,-1.));
#7713=DIRECTION('ref_axis',(1.,0.,0.));
#7714=DIRECTION('',(-1.,0.,0.));
#7715=DIRECTION('',(1.,0.,0.));
#7716=DIRECTION('',(0.,-1.,0.));
#7717=DIRECTION('',(0.,-1.,0.));
#7718=DIRECTION('',(0.,-1.,0.));
#7719=DIRECTION('',(0.,-1.,0.));
#7720=DIRECTION('center_axis',(0.,-1.,0.));
#7721=DIRECTION('ref_axis',(1.,0.,0.));
#7722=DIRECTION('center_axis',(0.,-1.,0.));
#7723=DIRECTION('ref_axis',(1.,0.,0.));
#7724=DIRECTION('center_axis',(0.98689235113219,0.,0.161379946947503));
#7725=DIRECTION('ref_axis',(-0.161379946947503,0.,0.98689235113219));
#7726=DIRECTION('',(0.161379946947503,0.,-0.98689235113219));
#7727=DIRECTION('',(0.,-1.,0.));
#7728=DIRECTION('',(-0.161379946947503,0.,0.98689235113219));
#7729=DIRECTION('',(0.,-1.,0.));
#7730=DIRECTION('',(0.,-1.,0.));
#7731=DIRECTION('',(0.,-1.,0.));
#7732=DIRECTION('',(0.,-1.,0.));
#7733=DIRECTION('',(0.,-1.,0.));
#7734=DIRECTION('center_axis',(-1.,0.,0.));
#7735=DIRECTION('ref_axis',(0.,0.,-1.));
#7736=DIRECTION('',(0.,0.,1.));
#7737=DIRECTION('',(0.,0.,-1.));
#7738=DIRECTION('',(0.,-1.,0.));
#7739=DIRECTION('center_axis',(0.,0.,-1.));
#7740=DIRECTION('ref_axis',(1.,0.,0.));
#7741=DIRECTION('',(-1.,0.,0.));
#7742=DIRECTION('',(1.,0.,0.));
#7743=DIRECTION('',(0.,-1.,0.));
#7744=DIRECTION('center_axis',(-1.,0.,0.));
#7745=DIRECTION('ref_axis',(0.,0.,-1.));
#7746=DIRECTION('',(0.,0.,1.));
#7747=DIRECTION('',(0.,0.,-1.));
#7748=DIRECTION('',(0.,-1.,0.));
#7749=DIRECTION('center_axis',(0.,0.,1.));
#7750=DIRECTION('ref_axis',(-1.,0.,0.));
#7751=DIRECTION('',(1.,0.,0.));
#7752=DIRECTION('',(-1.,0.,0.));
#7753=DIRECTION('',(0.,-1.,0.));
#7754=DIRECTION('center_axis',(-1.,0.,0.));
#7755=DIRECTION('ref_axis',(0.,0.,-1.));
#7756=DIRECTION('',(0.,0.,1.));
#7757=DIRECTION('',(0.,0.,-1.));
#7758=DIRECTION('',(0.,-1.,0.));
#7759=DIRECTION('center_axis',(-0.516604901923448,0.,0.856223904892094));
#7760=DIRECTION('ref_axis',(-0.856223904892094,0.,-0.516604901923448));
#7761=DIRECTION('',(0.856223904892094,0.,0.516604901923448));
#7762=DIRECTION('',(-0.856223904892094,0.,-0.516604901923448));
#7763=DIRECTION('',(0.,-1.,0.));
#7764=DIRECTION('center_axis',(1.,0.,0.));
#7765=DIRECTION('ref_axis',(0.,0.,1.));
#7766=DIRECTION('',(0.,0.,-1.));
#7767=DIRECTION('',(0.,0.,1.));
#7768=DIRECTION('',(0.,-1.,0.));
#7769=DIRECTION('center_axis',(0.,0.,1.));
#7770=DIRECTION('ref_axis',(-1.,0.,0.));
#7771=DIRECTION('',(1.,0.,0.));
#7772=DIRECTION('',(-1.,0.,0.));
#7773=DIRECTION('',(0.,-1.,0.));
#7774=DIRECTION('center_axis',(1.,0.,0.));
#7775=DIRECTION('ref_axis',(0.,0.,1.));
#7776=DIRECTION('',(0.,0.,-1.));
#7777=DIRECTION('',(0.,0.,1.));
#7778=DIRECTION('',(0.,-1.,0.));
#7779=DIRECTION('center_axis',(0.,0.,-1.));
#7780=DIRECTION('ref_axis',(1.,0.,0.));
#7781=DIRECTION('',(-1.,0.,0.));
#7782=DIRECTION('',(1.,0.,0.));
#7783=DIRECTION('',(0.,-1.,0.));
#7784=DIRECTION('center_axis',(1.,0.,0.));
#7785=DIRECTION('ref_axis',(0.,0.,1.));
#7786=DIRECTION('',(0.,0.,-1.));
#7787=DIRECTION('',(0.,0.,1.));
#7788=DIRECTION('',(0.,-1.,0.));
#7789=DIRECTION('',(0.,-1.,0.));
#7790=DIRECTION('',(0.,-1.,0.));
#7791=DIRECTION('',(0.,-1.,0.));
#7792=DIRECTION('center_axis',(0.,-1.,0.));
#7793=DIRECTION('ref_axis',(1.,0.,0.));
#7794=DIRECTION('center_axis',(-0.155392436496869,0.,0.987852818328503));
#7795=DIRECTION('ref_axis',(-0.987852818328503,0.,-0.155392436496869));
#7796=DIRECTION('',(0.987852818328503,0.,0.155392436496869));
#7797=DIRECTION('',(0.,-1.,0.));
#7798=DIRECTION('',(-0.987852818328503,0.,-0.155392436496869));
#7799=DIRECTION('',(0.,-1.,0.));
#7800=DIRECTION('',(0.,-1.,0.));
#7801=DIRECTION('',(0.,-1.,0.));
#7802=DIRECTION('',(0.,-1.,0.));
#7803=DIRECTION('',(0.,-1.,0.));
#7804=DIRECTION('',(0.,-1.,0.));
#7805=DIRECTION('',(0.,-1.,0.));
#7806=DIRECTION('',(0.,-1.,0.));
#7807=DIRECTION('',(0.,-1.,0.));
#7808=DIRECTION('',(0.,-1.,0.));
#7809=DIRECTION('',(0.,-1.,0.));
#7810=DIRECTION('',(0.,-1.,0.));
#7811=DIRECTION('',(0.,-1.,0.));
#7812=DIRECTION('',(0.,-1.,0.));
#7813=DIRECTION('',(0.,-1.,0.));
#7814=DIRECTION('',(0.,-1.,0.));
#7815=DIRECTION('',(0.,-1.,0.));
#7816=DIRECTION('center_axis',(0.135113512063751,0.,-0.990830126135554));
#7817=DIRECTION('ref_axis',(0.990830126135554,0.,0.135113512063751));
#7818=DIRECTION('',(-0.990830126135554,0.,-0.135113512063751));
#7819=DIRECTION('',(0.990830126135554,0.,0.135113512063751));
#7820=DIRECTION('',(0.,-1.,0.));
#7821=DIRECTION('',(0.,-1.,0.));
#7822=DIRECTION('',(0.,-1.,0.));
#7823=DIRECTION('',(0.,-1.,0.));
#7824=DIRECTION('',(0.,-1.,0.));
#7825=DIRECTION('',(0.,-1.,0.));
#7826=DIRECTION('',(0.,-1.,0.));
#7827=DIRECTION('',(0.,-1.,0.));
#7828=DIRECTION('',(0.,-1.,0.));
#7829=DIRECTION('',(0.,-1.,0.));
#7830=DIRECTION('',(0.,-1.,0.));
#7831=DIRECTION('',(0.,-1.,0.));
#7832=DIRECTION('',(0.,-1.,0.));
#7833=DIRECTION('',(0.,-1.,0.));
#7834=DIRECTION('',(0.,-1.,0.));
#7835=DIRECTION('center_axis',(0.,-1.,0.));
#7836=DIRECTION('ref_axis',(1.,0.,0.));
#7837=DIRECTION('center_axis',(-1.,0.,0.));
#7838=DIRECTION('ref_axis',(0.,0.,-1.));
#7839=DIRECTION('',(0.,0.,1.));
#7840=DIRECTION('',(0.,-1.,0.));
#7841=DIRECTION('',(0.,0.,-1.));
#7842=DIRECTION('',(0.,-1.,0.));
#7843=DIRECTION('center_axis',(0.,0.,1.));
#7844=DIRECTION('ref_axis',(-1.,0.,0.));
#7845=DIRECTION('',(1.,0.,0.));
#7846=DIRECTION('',(-1.,0.,0.));
#7847=DIRECTION('',(0.,-1.,0.));
#7848=DIRECTION('center_axis',(1.,0.,0.));
#7849=DIRECTION('ref_axis',(0.,0.,1.));
#7850=DIRECTION('',(0.,0.,-1.));
#7851=DIRECTION('',(0.,0.,1.));
#7852=DIRECTION('',(0.,-1.,0.));
#7853=DIRECTION('center_axis',(0.,0.,-1.));
#7854=DIRECTION('ref_axis',(1.,0.,0.));
#7855=DIRECTION('',(-1.,0.,0.));
#7856=DIRECTION('',(1.,0.,0.));
#7857=DIRECTION('center_axis',(0.,-1.,0.));
#7858=DIRECTION('ref_axis',(0.,0.,-1.));
#7859=DIRECTION('center_axis',(-0.155392436496869,0.,0.987852818328503));
#7860=DIRECTION('ref_axis',(-0.987852818328503,0.,-0.155392436496869));
#7861=DIRECTION('',(0.987852818328503,0.,0.155392436496869));
#7862=DIRECTION('',(0.,-1.,0.));
#7863=DIRECTION('',(-0.987852818328503,0.,-0.155392436496869));
#7864=DIRECTION('',(0.,-1.,0.));
#7865=DIRECTION('',(0.,-1.,0.));
#7866=DIRECTION('',(0.,-1.,0.));
#7867=DIRECTION('',(0.,-1.,0.));
#7868=DIRECTION('',(0.,-1.,0.));
#7869=DIRECTION('',(0.,-1.,0.));
#7870=DIRECTION('',(0.,-1.,0.));
#7871=DIRECTION('',(0.,-1.,0.));
#7872=DIRECTION('',(0.,-1.,0.));
#7873=DIRECTION('',(0.,-1.,0.));
#7874=DIRECTION('',(0.,-1.,0.));
#7875=DIRECTION('',(0.,-1.,0.));
#7876=DIRECTION('',(0.,-1.,0.));
#7877=DIRECTION('',(0.,-1.,0.));
#7878=DIRECTION('',(0.,-1.,0.));
#7879=DIRECTION('',(0.,-1.,0.));
#7880=DIRECTION('',(0.,-1.,0.));
#7881=DIRECTION('center_axis',(0.135114038919152,0.,-0.990830054291327));
#7882=DIRECTION('ref_axis',(0.990830054291327,0.,0.135114038919152));
#7883=DIRECTION('',(-0.990830054291327,0.,-0.135114038919152));
#7884=DIRECTION('',(0.990830054291327,0.,0.135114038919152));
#7885=DIRECTION('',(0.,-1.,0.));
#7886=DIRECTION('',(0.,-1.,0.));
#7887=DIRECTION('',(0.,-1.,0.));
#7888=DIRECTION('',(0.,-1.,0.));
#7889=DIRECTION('',(0.,-1.,0.));
#7890=DIRECTION('',(0.,-1.,0.));
#7891=DIRECTION('',(0.,-1.,0.));
#7892=DIRECTION('',(0.,-1.,0.));
#7893=DIRECTION('',(0.,-1.,0.));
#7894=DIRECTION('',(0.,-1.,0.));
#7895=DIRECTION('',(0.,-1.,0.));
#7896=DIRECTION('',(0.,-1.,0.));
#7897=DIRECTION('',(0.,-1.,0.));
#7898=DIRECTION('',(0.,-1.,0.));
#7899=DIRECTION('',(0.,-1.,0.));
#7900=DIRECTION('center_axis',(0.,-1.,0.));
#7901=DIRECTION('ref_axis',(1.,0.,0.));
#7902=DIRECTION('center_axis',(-1.,0.,0.));
#7903=DIRECTION('ref_axis',(0.,0.,-1.));
#7904=DIRECTION('',(0.,0.,1.));
#7905=DIRECTION('',(0.,-1.,0.));
#7906=DIRECTION('',(0.,0.,-1.));
#7907=DIRECTION('',(0.,-1.,0.));
#7908=DIRECTION('center_axis',(0.,0.,1.));
#7909=DIRECTION('ref_axis',(-1.,0.,0.));
#7910=DIRECTION('',(1.,0.,0.));
#7911=DIRECTION('',(-1.,0.,0.));
#7912=DIRECTION('',(0.,-1.,0.));
#7913=DIRECTION('center_axis',(1.,0.,0.));
#7914=DIRECTION('ref_axis',(0.,0.,1.));
#7915=DIRECTION('',(0.,0.,-1.));
#7916=DIRECTION('',(0.,0.,1.));
#7917=DIRECTION('',(0.,-1.,0.));
#7918=DIRECTION('center_axis',(0.,0.,-1.));
#7919=DIRECTION('ref_axis',(1.,0.,0.));
#7920=DIRECTION('',(-1.,0.,0.));
#7921=DIRECTION('',(1.,0.,0.));
#7922=DIRECTION('center_axis',(0.,-1.,0.));
#7923=DIRECTION('ref_axis',(0.,0.,-1.));
#7924=DIRECTION('center_axis',(-0.155392436496869,0.,0.987852818328503));
#7925=DIRECTION('ref_axis',(-0.987852818328503,0.,-0.155392436496869));
#7926=DIRECTION('',(0.987852818328503,0.,0.155392436496869));
#7927=DIRECTION('',(0.,-1.,0.));
#7928=DIRECTION('',(-0.987852818328503,0.,-0.155392436496869));
#7929=DIRECTION('',(0.,-1.,0.));
#7930=DIRECTION('',(0.,-1.,0.));
#7931=DIRECTION('',(0.,-1.,0.));
#7932=DIRECTION('',(0.,-1.,0.));
#7933=DIRECTION('',(0.,-1.,0.));
#7934=DIRECTION('',(0.,-1.,0.));
#7935=DIRECTION('',(0.,-1.,0.));
#7936=DIRECTION('',(0.,-1.,0.));
#7937=DIRECTION('',(0.,-1.,0.));
#7938=DIRECTION('',(0.,-1.,0.));
#7939=DIRECTION('',(0.,-1.,0.));
#7940=DIRECTION('',(0.,-1.,0.));
#7941=DIRECTION('',(0.,-1.,0.));
#7942=DIRECTION('',(0.,-1.,0.));
#7943=DIRECTION('',(0.,-1.,0.));
#7944=DIRECTION('',(0.,-1.,0.));
#7945=DIRECTION('',(0.,-1.,0.));
#7946=DIRECTION('center_axis',(0.135113512063751,0.,-0.990830126135554));
#7947=DIRECTION('ref_axis',(0.990830126135554,0.,0.135113512063751));
#7948=DIRECTION('',(-0.990830126135554,0.,-0.135113512063751));
#7949=DIRECTION('',(0.990830126135554,0.,0.135113512063751));
#7950=DIRECTION('',(0.,-1.,0.));
#7951=DIRECTION('',(0.,-1.,0.));
#7952=DIRECTION('',(0.,-1.,0.));
#7953=DIRECTION('',(0.,-1.,0.));
#7954=DIRECTION('',(0.,-1.,0.));
#7955=DIRECTION('',(0.,-1.,0.));
#7956=DIRECTION('',(0.,-1.,0.));
#7957=DIRECTION('',(0.,-1.,0.));
#7958=DIRECTION('',(0.,-1.,0.));
#7959=DIRECTION('',(0.,-1.,0.));
#7960=DIRECTION('',(0.,-1.,0.));
#7961=DIRECTION('',(0.,-1.,0.));
#7962=DIRECTION('',(0.,-1.,0.));
#7963=DIRECTION('',(0.,-1.,0.));
#7964=DIRECTION('',(0.,-1.,0.));
#7965=DIRECTION('center_axis',(0.,-1.,0.));
#7966=DIRECTION('ref_axis',(1.,0.,0.));
#7967=DIRECTION('center_axis',(0.,0.,1.));
#7968=DIRECTION('ref_axis',(-1.,0.,0.));
#7969=DIRECTION('',(1.,0.,0.));
#7970=DIRECTION('',(0.,-1.,0.));
#7971=DIRECTION('',(-1.,0.,0.));
#7972=DIRECTION('',(0.,-1.,0.));
#7973=DIRECTION('center_axis',(-0.935759955721074,0.,-0.352637640175994));
#7974=DIRECTION('ref_axis',(0.352637640175994,0.,-0.935759955721074));
#7975=DIRECTION('',(-0.352637640175994,0.,0.935759955721074));
#7976=DIRECTION('',(0.352637640175994,0.,-0.935759955721074));
#7977=DIRECTION('',(0.,-1.,0.));
#7978=DIRECTION('',(0.,-1.,0.));
#7979=DIRECTION('',(0.,-1.,0.));
#7980=DIRECTION('center_axis',(0.936507966398911,0.,-0.350646301665048));
#7981=DIRECTION('ref_axis',(0.350646301665048,0.,0.936507966398911));
#7982=DIRECTION('',(-0.350646301665048,0.,-0.936507966398911));
#7983=DIRECTION('',(0.350646301665048,0.,0.936507966398911));
#7984=DIRECTION('center_axis',(-0.933526090988962,0.,0.358509466322535));
#7985=DIRECTION('ref_axis',(-0.358509466322535,0.,-0.933526090988962));
#7986=DIRECTION('',(0.358509466322535,0.,0.933526090988962));
#7987=DIRECTION('',(0.,-1.,0.));
#7988=DIRECTION('',(-0.358509466322535,0.,-0.933526090988962));
#7989=DIRECTION('',(0.,-1.,0.));
#7990=DIRECTION('center_axis',(0.,0.,1.));
#7991=DIRECTION('ref_axis',(-1.,0.,0.));
#7992=DIRECTION('',(1.,0.,0.));
#7993=DIRECTION('',(-1.,0.,0.));
#7994=DIRECTION('',(0.,-1.,0.));
#7995=DIRECTION('center_axis',(0.92548660185479,0.,0.378780345038221));
#7996=DIRECTION('ref_axis',(-0.378780345038221,0.,0.92548660185479));
#7997=DIRECTION('',(0.378780345038221,0.,-0.92548660185479));
#7998=DIRECTION('',(-0.378780345038221,0.,0.92548660185479));
#7999=DIRECTION('',(0.,-1.,0.));
#8000=DIRECTION('center_axis',(0.,0.,-1.));
#8001=DIRECTION('ref_axis',(1.,0.,0.));
#8002=DIRECTION('',(-1.,0.,0.));
#8003=DIRECTION('',(1.,0.,0.));
#8004=DIRECTION('',(0.,-1.,0.));
#8005=DIRECTION('center_axis',(-0.933183015563908,0.,-0.359401529578064));
#8006=DIRECTION('ref_axis',(0.359401529578064,0.,-0.933183015563907));
#8007=DIRECTION('',(-0.359401529578064,0.,0.933183015563907));
#8008=DIRECTION('',(0.359401529578064,0.,-0.933183015563907));
#8009=DIRECTION('',(0.,-1.,0.));
#8010=DIRECTION('center_axis',(0.,0.,-1.));
#8011=DIRECTION('ref_axis',(1.,0.,0.));
#8012=DIRECTION('',(-1.,0.,0.));
#8013=DIRECTION('',(1.,0.,0.));
#8014=DIRECTION('',(0.,-1.,0.));
#8015=DIRECTION('center_axis',(0.940102027333818,0.,-0.340893206448656));
#8016=DIRECTION('ref_axis',(0.340893206448656,0.,0.940102027333818));
#8017=DIRECTION('',(-0.340893206448656,0.,-0.940102027333818));
#8018=DIRECTION('',(0.340893206448656,0.,0.940102027333818));
#8019=DIRECTION('',(0.,-1.,0.));
#8020=DIRECTION('center_axis',(0.,0.,-1.));
#8021=DIRECTION('ref_axis',(1.,0.,0.));
#8022=DIRECTION('',(-1.,0.,0.));
#8023=DIRECTION('',(1.,0.,0.));
#8024=DIRECTION('center_axis',(0.,-1.,0.));
#8025=DIRECTION('ref_axis',(1.,0.,0.));
#8026=DIRECTION('center_axis',(0.,-1.,0.));
#8027=DIRECTION('ref_axis',(1.,0.,0.));
#8028=DIRECTION('',(1.,0.,0.));
#8029=DIRECTION('',(0.,0.,1.));
#8030=DIRECTION('',(-1.,0.,0.));
#8031=DIRECTION('',(0.,0.,1.));
#8032=DIRECTION('',(0.,0.,1.));
#8033=DIRECTION('',(0.,0.,1.));
#8034=DIRECTION('',(1.,0.,0.));
#8035=DIRECTION('',(0.,0.,-1.));
#8036=DIRECTION('',(-1.,0.,0.));
#8037=DIRECTION('',(0.,0.,1.));
#8038=DIRECTION('',(1.,0.,0.));
#8039=DIRECTION('',(0.,0.,-1.));
#8040=DIRECTION('',(-0.348043267675551,0.,-0.937478471126524));
#8041=DIRECTION('',(0.,0.,-1.));
#8042=DIRECTION('',(-1.,0.,0.));
#8043=DIRECTION('center_axis',(-1.,0.,0.));
#8044=DIRECTION('ref_axis',(0.,0.,-1.));
#8045=DIRECTION('',(0.,-1.,0.));
#8046=DIRECTION('',(0.,0.,-1.));
#8047=DIRECTION('',(0.,-1.,0.));
#8048=DIRECTION('center_axis',(0.,0.,1.));
#8049=DIRECTION('ref_axis',(-1.,0.,0.));
#8050=DIRECTION('',(-1.,0.,0.));
#8051=DIRECTION('',(0.,-1.,0.));
#8052=DIRECTION('center_axis',(1.,0.,0.));
#8053=DIRECTION('ref_axis',(0.,0.,1.));
#8054=DIRECTION('',(0.,0.,1.));
#8055=DIRECTION('',(0.,-1.,0.));
#8056=DIRECTION('',(0.,-1.,0.));
#8057=DIRECTION('',(0.,-1.,0.));
#8058=DIRECTION('',(0.,-1.,0.));
#8059=DIRECTION('center_axis',(0.937478471126524,0.,-0.348043267675551));
#8060=DIRECTION('ref_axis',(0.348043267675551,0.,0.937478471126524));
#8061=DIRECTION('',(0.348043267675551,0.,0.937478471126524));
#8062=DIRECTION('',(0.,-1.,0.));
#8063=DIRECTION('',(0.,-1.,0.));
#8064=DIRECTION('',(0.,-1.,0.));
#8065=DIRECTION('',(0.,-1.,0.));
#8066=DIRECTION('',(0.,-1.,0.));
#8067=DIRECTION('center_axis',(1.,0.,0.));
#8068=DIRECTION('ref_axis',(0.,0.,1.));
#8069=DIRECTION('',(0.,0.,1.));
#8070=DIRECTION('',(0.,-1.,0.));
#8071=DIRECTION('center_axis',(0.,0.,-1.));
#8072=DIRECTION('ref_axis',(1.,0.,0.));
#8073=DIRECTION('',(1.,0.,0.));
#8074=DIRECTION('center_axis',(0.,-1.,0.));
#8075=DIRECTION('ref_axis',(1.,0.,0.));
#8076=DIRECTION('',(0.,-1.,0.));
#8077=DIRECTION('',(0.,-1.,0.));
#8078=DIRECTION('',(0.,-1.,0.));
#8079=DIRECTION('',(0.,-1.,0.));
#8080=DIRECTION('',(0.,-1.,0.));
#8081=DIRECTION('',(0.,-1.,0.));
#8082=DIRECTION('',(0.,-1.,0.));
#8083=DIRECTION('',(0.,-1.,0.));
#8084=DIRECTION('center_axis',(-1.,0.,0.));
#8085=DIRECTION('ref_axis',(0.,0.,-1.));
#8086=DIRECTION('',(0.,-1.,0.));
#8087=DIRECTION('',(0.,0.,-1.));
#8088=DIRECTION('',(0.,-1.,0.));
#8089=DIRECTION('',(0.,-1.,0.));
#8090=DIRECTION('',(0.,-1.,0.));
#8091=DIRECTION('',(0.,-1.,0.));
#8092=DIRECTION('',(0.,-1.,0.));
#8093=DIRECTION('',(0.,-1.,0.));
#8094=DIRECTION('',(0.,-1.,0.));
#8095=DIRECTION('',(0.,-1.,0.));
#8096=DIRECTION('',(0.,-1.,0.));
#8097=DIRECTION('',(0.,-1.,0.));
#8098=DIRECTION('center_axis',(-1.,0.,0.));
#8099=DIRECTION('ref_axis',(0.,0.,-1.));
#8100=DIRECTION('',(0.,0.,-1.));
#8101=DIRECTION('',(0.,-1.,0.));
#8102=DIRECTION('center_axis',(0.,0.,1.));
#8103=DIRECTION('ref_axis',(-1.,0.,0.));
#8104=DIRECTION('',(-1.,0.,0.));
#8105=DIRECTION('',(0.,-1.,0.));
#8106=DIRECTION('center_axis',(1.,0.,0.));
#8107=DIRECTION('ref_axis',(0.,0.,1.));
#8108=DIRECTION('',(0.,0.,1.));
#8109=DIRECTION('',(0.,-1.,0.));
#8110=DIRECTION('center_axis',(0.,0.,-1.));
#8111=DIRECTION('ref_axis',(1.,0.,0.));
#8112=DIRECTION('',(1.,0.,0.));
#8113=DIRECTION('center_axis',(0.,-1.,0.));
#8114=DIRECTION('ref_axis',(1.,0.,0.));
#8115=DIRECTION('center_axis',(0.,-1.,0.));
#8116=DIRECTION('ref_axis',(1.,0.,0.));
#8117=DIRECTION('',(0.,-1.,0.));
#8118=DIRECTION('',(0.,-1.,0.));
#8119=DIRECTION('',(0.,-1.,0.));
#8120=DIRECTION('',(0.,-1.,0.));
#8121=DIRECTION('',(0.,-1.,0.));
#8122=DIRECTION('',(0.,-1.,0.));
#8123=DIRECTION('',(0.,-1.,0.));
#8124=DIRECTION('',(0.,-1.,0.));
#8125=DIRECTION('',(0.,-1.,0.));
#8126=DIRECTION('',(0.,-1.,0.));
#8127=DIRECTION('',(0.,-1.,0.));
#8128=DIRECTION('',(0.,-1.,0.));
#8129=DIRECTION('',(0.,-1.,0.));
#8130=DIRECTION('',(0.,-1.,0.));
#8131=DIRECTION('',(0.,-1.,0.));
#8132=DIRECTION('',(0.,-1.,0.));
#8133=DIRECTION('',(0.,-1.,0.));
#8134=DIRECTION('center_axis',(0.,-1.,0.));
#8135=DIRECTION('ref_axis',(1.,0.,0.));
#8136=DIRECTION('center_axis',(0.,-1.,0.));
#8137=DIRECTION('ref_axis',(1.,0.,0.));
#8138=DIRECTION('center_axis',(0.,1.,0.));
#8139=DIRECTION('ref_axis',(0.707106781186548,0.,0.707106781186547));
#8140=DIRECTION('',(0.,1.,0.));
#8141=DIRECTION('center_axis',(-0.707106781186548,0.707106781186548,0.));
#8142=DIRECTION('ref_axis',(-0.707106781186548,-0.707106781186548,0.));
#8143=DIRECTION('',(0.,-1.,0.));
#8144=DIRECTION('center_axis',(0.707106781186548,0.707106781186547,1.57009245868378E-15));
#8145=DIRECTION('ref_axis',(-0.707106781186547,0.707106781186548,1.57009245868378E-15));
#8146=DIRECTION('center_axis',(-1.,0.,0.));
#8147=DIRECTION('ref_axis',(0.,0.707106781186548,0.707106781186547));
#8148=DIRECTION('',(1.,0.,0.));
#8149=DIRECTION('',(-1.,0.,0.));
#8150=DIRECTION('center_axis',(-0.707106781186548,-0.707106781186547,1.57009245868378E-15));
#8151=DIRECTION('ref_axis',(0.707106781186547,-0.707106781186548,1.57009245868378E-15));
#8152=DIRECTION('center_axis',(0.,-1.,0.));
#8153=DIRECTION('ref_axis',(-0.707106781186548,0.,0.707106781186547));
#8154=DIRECTION('',(0.,1.,0.));
#8155=DIRECTION('',(0.,-1.,0.));
#8156=DIRECTION('center_axis',(0.707106781186548,-0.707106781186548,0.));
#8157=DIRECTION('ref_axis',(0.707106781186548,0.707106781186548,0.));
#8158=DIRECTION('center_axis',(1.,0.,0.));
#8159=DIRECTION('ref_axis',(0.,-0.707106781186548,0.707106781186547));
#8160=DIRECTION('',(-1.,0.,0.));
#8161=DIRECTION('',(1.,0.,0.));
#8162=DIRECTION('center_axis',(0.,-1.,0.));
#8163=DIRECTION('ref_axis',(1.,0.,0.));
#8164=DIRECTION('',(0.,0.,1.));
#8165=DIRECTION('',(1.,0.,0.));
#8166=DIRECTION('',(0.,0.,1.));
#8167=DIRECTION('center_axis',(1.,0.,0.));
#8168=DIRECTION('ref_axis',(0.,1.,0.));
#8169=DIRECTION('',(0.,0.,1.));
#8170=DIRECTION('',(0.,1.,0.));
#8171=DIRECTION('center_axis',(0.,0.,1.));
#8172=DIRECTION('ref_axis',(1.,0.,0.));
#8173=DIRECTION('center_axis',(0.,0.,-1.));
#8174=DIRECTION('ref_axis',(-1.,0.,0.));
#8175=DIRECTION('center_axis',(0.,0.,-1.));
#8176=DIRECTION('ref_axis',(-1.,0.,0.));
#8177=DIRECTION('center_axis',(0.,0.,-1.));
#8178=DIRECTION('ref_axis',(-1.,0.,0.));
#8179=DIRECTION('',(0.,0.,-1.));
#8180=DIRECTION('center_axis',(0.,0.,-1.));
#8181=DIRECTION('ref_axis',(-1.,0.,0.));
#8182=DIRECTION('center_axis',(0.,0.,-1.));
#8183=DIRECTION('ref_axis',(-1.,0.,0.));
#8184=DIRECTION('center_axis',(-1.22464679914735E-16,-1.,0.));
#8185=DIRECTION('ref_axis',(1.,-1.22464679914735E-16,0.));
#8186=DIRECTION('center_axis',(0.,0.,1.));
#8187=DIRECTION('ref_axis',(-1.,0.,0.));
#8188=DIRECTION('center_axis',(0.,0.,1.));
#8189=DIRECTION('ref_axis',(-1.,0.,0.));
#8190=DIRECTION('center_axis',(0.,0.,1.));
#8191=DIRECTION('ref_axis',(-1.,0.,0.));
#8192=DIRECTION('',(0.,0.,-1.));
#8193=DIRECTION('center_axis',(0.,0.,1.));
#8194=DIRECTION('ref_axis',(-1.,0.,0.));
#8195=DIRECTION('center_axis',(0.,0.,1.));
#8196=DIRECTION('ref_axis',(1.,0.,0.));
#8197=DIRECTION('',(0.,1.,0.));
#8198=DIRECTION('',(-1.,0.,0.));
#8199=DIRECTION('',(0.,-1.,0.));
#8200=DIRECTION('',(1.,0.,0.));
#8201=DIRECTION('center_axis',(0.,0.,1.));
#8202=DIRECTION('ref_axis',(1.,0.,0.));
#8203=DIRECTION('center_axis',(0.,0.,-1.));
#8204=DIRECTION('ref_axis',(-1.,0.,0.));
#8205=DIRECTION('center_axis',(1.22464679914735E-16,-1.,0.));
#8206=DIRECTION('ref_axis',(-1.,-1.22464679914735E-16,0.));
#8207=DIRECTION('center_axis',(0.,0.,1.));
#8208=DIRECTION('ref_axis',(-1.,0.,0.));
#8209=DIRECTION('center_axis',(-1.,0.,0.));
#8210=DIRECTION('ref_axis',(0.,-0.707106781186549,-0.707106781186546));
#8211=DIRECTION('',(1.,0.,0.));
#8212=DIRECTION('center_axis',(-0.707106781186548,0.707106781186548,0.));
#8213=DIRECTION('ref_axis',(0.707106781186547,0.707106781186547,0.));
#8214=DIRECTION('',(-1.,0.,0.));
#8215=DIRECTION('center_axis',(-0.707106781186548,-0.707106781186548,0.));
#8216=DIRECTION('ref_axis',(-0.707106781186547,0.707106781186547,0.));
#8217=DIRECTION('center_axis',(1.,0.,0.));
#8218=DIRECTION('ref_axis',(0.,0.707106781186549,-0.707106781186546));
#8219=DIRECTION('',(-1.,0.,0.));
#8220=DIRECTION('center_axis',(0.707106781186548,-0.707106781186548,0.));
#8221=DIRECTION('ref_axis',(-0.707106781186547,-0.707106781186547,0.));
#8222=DIRECTION('center_axis',(-0.707106781186548,-0.707106781186548,0.));
#8223=DIRECTION('ref_axis',(-0.707106781186547,0.707106781186547,0.));
#8224=DIRECTION('center_axis',(0.,-1.,0.));
#8225=DIRECTION('ref_axis',(0.707106781186546,0.,-0.707106781186549));
#8226=DIRECTION('',(0.,-1.,0.));
#8227=DIRECTION('',(0.,1.,0.));
#8228=DIRECTION('center_axis',(0.,1.,0.));
#8229=DIRECTION('ref_axis',(-0.707106781186546,0.,-0.707106781186549));
#8230=DIRECTION('',(0.,-1.,0.));
#8231=DIRECTION('center_axis',(0.,0.,1.));
#8232=DIRECTION('ref_axis',(1.,0.,0.));
#8233=DIRECTION('',(0.,1.,0.));
#8234=DIRECTION('',(1.,0.,0.));
#8235=DIRECTION('',(0.,-1.,0.));
#8236=DIRECTION('',(-1.,0.,0.));
#8237=DIRECTION('center_axis',(0.,1.,0.));
#8238=DIRECTION('ref_axis',(0.707106781186549,0.,-0.707106781186546));
#8239=DIRECTION('',(0.,-1.,0.));
#8240=DIRECTION('center_axis',(0.707106781186548,0.707106781186548,0.));
#8241=DIRECTION('ref_axis',(0.707106781186547,-0.707106781186547,0.));
#8242=DIRECTION('center_axis',(0.707106781186548,-0.707106781186548,0.));
#8243=DIRECTION('ref_axis',(-0.707106781186547,-0.707106781186547,0.));
#8244=DIRECTION('center_axis',(-0.816496580927726,0.408248290463863,0.408248290463863));
#8245=DIRECTION('ref_axis',(-0.577350269189627,-0.577350269189627,-0.577350269189624));
#8246=DIRECTION('center_axis',(0.,0.,-1.));
#8247=DIRECTION('ref_axis',(-1.,0.,0.));
#8248=DIRECTION('center_axis',(4.44089209850062E-15,-1.,0.));
#8249=DIRECTION('ref_axis',(0.,0.,-1.));
#8250=DIRECTION('center_axis',(-1.,0.,-4.44089209850063E-15));
#8251=DIRECTION('ref_axis',(0.,-1.,0.));
#8252=DIRECTION('center_axis',(-0.816496580927726,-0.408248290463863,0.408248290463863));
#8253=DIRECTION('ref_axis',(-0.577350269189627,0.577350269189627,-0.577350269189624));
#8254=DIRECTION('center_axis',(0.,0.,-1.));
#8255=DIRECTION('ref_axis',(0.,1.,0.));
#8256=DIRECTION('center_axis',(-1.,-4.44089209850062E-15,0.));
#8257=DIRECTION('ref_axis',(0.,0.,-1.));
#8258=DIRECTION('center_axis',(0.,1.,-4.44089209850063E-15));
#8259=DIRECTION('ref_axis',(-1.,0.,0.));
#8260=DIRECTION('center_axis',(-1.,0.,0.));
#8261=DIRECTION('ref_axis',(0.,0.707106781186549,-0.707106781186546));
#8262=DIRECTION('',(1.,0.,0.));
#8263=DIRECTION('center_axis',(0.,-1.,0.));
#8264=DIRECTION('ref_axis',(-0.707106781186549,0.,-0.707106781186546));
#8265=DIRECTION('',(0.,1.,0.));
#8266=DIRECTION('center_axis',(0.408248290463862,-0.816496580927727,-0.408248290463863));
#8267=DIRECTION('ref_axis',(-0.577350269189625,-0.577350269189625,0.577350269189628));
#8268=DIRECTION('center_axis',(0.,-1.,4.44089209850063E-15));
#8269=DIRECTION('ref_axis',(-1.,0.,0.));
#8270=DIRECTION('center_axis',(0.,0.,1.));
#8271=DIRECTION('ref_axis',(0.,-1.,0.));
#8272=DIRECTION('center_axis',(-1.,4.44089209850062E-15,0.));
#8273=DIRECTION('ref_axis',(0.,0.,1.));
#8274=DIRECTION('center_axis',(0.,0.,1.));
#8275=DIRECTION('ref_axis',(-0.707106781186548,-0.707106781186548,0.));
#8276=DIRECTION('',(0.,0.,-1.));
#8277=DIRECTION('center_axis',(-0.408248290463862,-0.816496580927727,0.408248290463863));
#8278=DIRECTION('ref_axis',(-0.577350269189625,0.577350269189625,0.577350269189628));
#8279=DIRECTION('center_axis',(-1.,0.,4.44089209850063E-15));
#8280=DIRECTION('ref_axis',(0.,1.,0.));
#8281=DIRECTION('center_axis',(0.,0.,1.));
#8282=DIRECTION('ref_axis',(-1.,0.,0.));
#8283=DIRECTION('center_axis',(4.44089209850062E-15,1.,0.));
#8284=DIRECTION('ref_axis',(0.,0.,1.));
#8285=DIRECTION('center_axis',(0.,0.,1.));
#8286=DIRECTION('ref_axis',(-0.707106781186548,0.707106781186548,0.));
#8287=DIRECTION('',(0.,0.,-1.));
#8288=DIRECTION('',(0.,0.,1.));
#8289=DIRECTION('center_axis',(0.,-1.,0.));
#8290=DIRECTION('ref_axis',(-0.70710678118655,0.,0.707106781186545));
#8291=DIRECTION('',(0.,-1.,0.));
#8292=DIRECTION('center_axis',(-1.,0.,0.));
#8293=DIRECTION('ref_axis',(0.,0.70710678118655,0.707106781186545));
#8294=DIRECTION('',(-1.,0.,0.));
#8295=DIRECTION('center_axis',(-0.707106781186548,0.707106781186548,0.));
#8296=DIRECTION('ref_axis',(0.707106781186548,0.707106781186548,0.));
#8297=DIRECTION('center_axis',(0.,1.,0.));
#8298=DIRECTION('ref_axis',(0.70710678118655,0.,0.707106781186545));
#8299=DIRECTION('',(0.,1.,0.));
#8300=DIRECTION('center_axis',(0.707106781186548,0.707106781186548,0.));
#8301=DIRECTION('ref_axis',(0.707106781186548,-0.707106781186548,0.));
#8302=DIRECTION('center_axis',(1.,0.,0.));
#8303=DIRECTION('ref_axis',(0.,-0.70710678118655,0.707106781186545));
#8304=DIRECTION('center_axis',(1.,0.,0.));
#8305=DIRECTION('ref_axis',(0.,-0.707106781186549,-0.707106781186546));
#8306=DIRECTION('center_axis',(1.,0.,0.));
#8307=DIRECTION('ref_axis',(0.,1.,0.));
#8308=DIRECTION('',(0.,0.,1.));
#8309=DIRECTION('center_axis',(0.,-1.,0.));
#8310=DIRECTION('ref_axis',(1.,0.,0.));
#8311=DIRECTION('center_axis',(-1.,0.,0.));
#8312=DIRECTION('ref_axis',(0.,-1.,0.));
#8313=DIRECTION('center_axis',(-1.,0.,0.));
#8314=DIRECTION('ref_axis',(0.,-1.,0.));
#8315=DIRECTION('',(0.,0.,1.));
#8316=DIRECTION('center_axis',(0.,1.,0.));
#8317=DIRECTION('ref_axis',(-1.,0.,0.));
#8318=DIRECTION('center_axis',(0.,1.,0.));
#8319=DIRECTION('ref_axis',(-1.,0.,0.));
#8320=DIRECTION('axis',(0.,0.,1.));
#8321=DIRECTION('refdir',(1.,0.,0.));
#8322=DIRECTION('center_axis',(0.,0.,-1.));
#8323=DIRECTION('ref_axis',(-1.,0.,0.));
#8324=DIRECTION('center_axis',(0.,0.,-1.));
#8325=DIRECTION('ref_axis',(-1.,0.,0.));
#8326=DIRECTION('',(0.,0.,-1.));
#8327=DIRECTION('center_axis',(0.,0.,1.));
#8328=DIRECTION('ref_axis',(-1.,0.,0.));
#8329=DIRECTION('center_axis',(0.,0.,1.));
#8330=DIRECTION('ref_axis',(1.,0.,0.));
#8331=DIRECTION('center_axis',(0.,0.,-1.));
#8332=DIRECTION('ref_axis',(1.,0.,0.));
#8333=DIRECTION('center_axis',(1.22464679914735E-16,-1.,0.));
#8334=DIRECTION('ref_axis',(-1.,-1.22464679914735E-16,0.));
#8335=DIRECTION('center_axis',(0.,0.,1.));
#8336=DIRECTION('ref_axis',(1.,0.,0.));
#8337=DIRECTION('center_axis',(0.,0.,1.));
#8338=DIRECTION('ref_axis',(1.,0.,0.));
#8339=DIRECTION('center_axis',(0.,0.,1.));
#8340=DIRECTION('ref_axis',(1.,0.,0.));
#8341=DIRECTION('',(0.,0.,-1.));
#8342=DIRECTION('center_axis',(0.,0.,1.));
#8343=DIRECTION('ref_axis',(1.,0.,0.));
#8344=DIRECTION('center_axis',(0.,0.,-1.));
#8345=DIRECTION('ref_axis',(1.,0.,0.));
#8346=DIRECTION('center_axis',(0.,0.,1.));
#8347=DIRECTION('ref_axis',(1.,0.,0.));
#8348=DIRECTION('center_axis',(0.,0.,-1.));
#8349=DIRECTION('ref_axis',(1.,0.,0.));
#8350=DIRECTION('center_axis',(1.22464679914735E-16,-1.,0.));
#8351=DIRECTION('ref_axis',(-1.,-1.22464679914735E-16,0.));
#8352=DIRECTION('center_axis',(0.,0.,1.));
#8353=DIRECTION('ref_axis',(1.,0.,0.));
#8354=DIRECTION('center_axis',(0.,0.,1.));
#8355=DIRECTION('ref_axis',(1.,0.,0.));
#8356=DIRECTION('center_axis',(1.22464679914735E-16,-1.,0.));
#8357=DIRECTION('ref_axis',(-1.,-1.22464679914735E-16,0.));
#8358=DIRECTION('center_axis',(0.,0.,1.));
#8359=DIRECTION('ref_axis',(1.,0.,0.));
#8360=DIRECTION('center_axis',(0.,0.,1.));
#8361=DIRECTION('ref_axis',(1.,0.,0.));
#8362=DIRECTION('',(0.,0.,1.));
#8363=DIRECTION('center_axis',(0.,0.,-1.));
#8364=DIRECTION('ref_axis',(1.,0.,0.));
#8365=DIRECTION('center_axis',(0.,0.,1.));
#8366=DIRECTION('ref_axis',(1.,0.,0.));
#8367=DIRECTION('center_axis',(0.,0.,1.));
#8368=DIRECTION('ref_axis',(1.,0.,0.));
#8369=DIRECTION('center_axis',(1.22464679914735E-16,-1.,0.));
#8370=DIRECTION('ref_axis',(-1.,-1.22464679914735E-16,0.));
#8371=DIRECTION('center_axis',(0.,0.,-1.));
#8372=DIRECTION('ref_axis',(1.,0.,0.));
#8373=DIRECTION('center_axis',(1.,0.,0.));
#8374=DIRECTION('ref_axis',(0.,-0.707106781186547,-0.707106781186548));
#8375=DIRECTION('center_axis',(-1.,0.,0.));
#8376=DIRECTION('ref_axis',(0.,-0.707106781186547,-0.707106781186548));
#8377=DIRECTION('',(1.,0.,0.));
#8378=DIRECTION('center_axis',(1.,0.,0.));
#8379=DIRECTION('ref_axis',(0.,-0.707106781186547,-0.707106781186548));
#8380=DIRECTION('',(1.,0.,0.));
#8381=DIRECTION('center_axis',(1.,0.,0.));
#8382=DIRECTION('ref_axis',(0.,1.,0.));
#8383=DIRECTION('center_axis',(1.,0.,0.));
#8384=DIRECTION('ref_axis',(0.,-0.707106781186548,0.707106781186548));
#8385=DIRECTION('',(0.,-1.,0.));
#8386=DIRECTION('center_axis',(1.,0.,0.));
#8387=DIRECTION('ref_axis',(0.,0.707106781186547,0.707106781186548));
#8388=DIRECTION('center_axis',(1.,0.,0.));
#8389=DIRECTION('ref_axis',(0.,0.707106781186548,-0.707106781186548));
#8390=DIRECTION('',(0.,1.,0.));
#8391=DIRECTION('center_axis',(1.,0.,0.));
#8392=DIRECTION('ref_axis',(0.,-0.707106781186548,0.707106781186548));
#8393=DIRECTION('center_axis',(-1.,0.,0.));
#8394=DIRECTION('ref_axis',(0.,-0.707106781186548,0.707106781186548));
#8395=DIRECTION('',(-1.,0.,0.));
#8396=DIRECTION('center_axis',(1.,0.,0.));
#8397=DIRECTION('ref_axis',(0.,0.707106781186548,-0.707106781186548));
#8398=DIRECTION('center_axis',(-1.,0.,0.));
#8399=DIRECTION('ref_axis',(0.,0.707106781186548,-0.707106781186548));
#8400=DIRECTION('',(-1.,0.,0.));
#8401=DIRECTION('',(-1.,0.,0.));
#8402=DIRECTION('center_axis',(1.,0.,0.));
#8403=DIRECTION('ref_axis',(0.,0.,-1.));
#8404=DIRECTION('',(0.,1.,0.));
#8405=DIRECTION('center_axis',(-1.,0.,0.));
#8406=DIRECTION('ref_axis',(0.,0.707106781186547,0.707106781186548));
#8407=DIRECTION('',(0.,-1.,0.));
#8408=DIRECTION('center_axis',(1.,0.,0.));
#8409=DIRECTION('ref_axis',(0.,0.707106781186547,0.707106781186548));
#8410=DIRECTION('',(1.,0.,0.));
#8411=DIRECTION('center_axis',(0.,0.,-1.));
#8412=DIRECTION('ref_axis',(0.,1.,0.));
#8413=DIRECTION('center_axis',(0.,0.,1.));
#8414=DIRECTION('ref_axis',(0.,-1.,0.));
#8415=DIRECTION('center_axis',(0.,1.,2.22044604925031E-16));
#8416=DIRECTION('ref_axis',(-1.,0.,0.));
#8417=DIRECTION('center_axis',(0.,1.,2.22044604925031E-16));
#8418=DIRECTION('ref_axis',(-1.,0.,0.));
#8419=DIRECTION('',(0.,1.,2.22044604925031E-16));
#8420=DIRECTION('center_axis',(0.,-1.,-2.22044604925031E-16));
#8421=DIRECTION('ref_axis',(-1.,0.,0.));
#8422=DIRECTION('center_axis',(0.,-1.,-2.22044604925031E-16));
#8423=DIRECTION('ref_axis',(1.,0.,0.));
#8424=DIRECTION('center_axis',(0.,1.,2.22044604925031E-16));
#8425=DIRECTION('ref_axis',(1.,0.,0.));
#8426=DIRECTION('center_axis',(1.33226762955019E-16,2.22044604925031E-16,
-1.));
#8427=DIRECTION('ref_axis',(-1.,0.,-1.33226762955019E-16));
#8428=DIRECTION('center_axis',(0.,-1.,-2.22044604925031E-16));
#8429=DIRECTION('ref_axis',(1.,0.,0.));
#8430=DIRECTION('center_axis',(0.,-1.,-2.22044604925031E-16));
#8431=DIRECTION('ref_axis',(1.,0.,0.));
#8432=DIRECTION('center_axis',(0.,-1.,-2.22044604925031E-16));
#8433=DIRECTION('ref_axis',(1.,0.,0.));
#8434=DIRECTION('',(0.,1.,2.22044604925031E-16));
#8435=DIRECTION('center_axis',(0.,-1.,-2.22044604925031E-16));
#8436=DIRECTION('ref_axis',(1.,0.,0.));
#8437=DIRECTION('center_axis',(0.,1.,2.22044604925031E-16));
#8438=DIRECTION('ref_axis',(1.,0.,0.));
#8439=DIRECTION('center_axis',(0.,-1.,-2.22044604925031E-16));
#8440=DIRECTION('ref_axis',(1.,0.,0.));
#8441=DIRECTION('center_axis',(0.,1.,2.22044604925031E-16));
#8442=DIRECTION('ref_axis',(1.,0.,0.));
#8443=DIRECTION('center_axis',(1.33226762955019E-16,2.22044604925031E-16,
-1.));
#8444=DIRECTION('ref_axis',(-1.,0.,-1.33226762955019E-16));
#8445=DIRECTION('center_axis',(0.,-1.,-2.22044604925031E-16));
#8446=DIRECTION('ref_axis',(1.,0.,0.));
#8447=DIRECTION('center_axis',(0.,-1.,-2.22044604925031E-16));
#8448=DIRECTION('ref_axis',(1.,0.,0.));
#8449=DIRECTION('center_axis',(1.38777878078145E-16,2.22044604925031E-16,
-1.));
#8450=DIRECTION('ref_axis',(-1.,0.,-1.38777878078145E-16));
#8451=DIRECTION('center_axis',(0.,-1.,-2.22044604925031E-16));
#8452=DIRECTION('ref_axis',(1.,0.,0.));
#8453=DIRECTION('center_axis',(0.,-1.,-2.22044604925031E-16));
#8454=DIRECTION('ref_axis',(1.,0.,0.));
#8455=DIRECTION('',(0.,-1.,-2.22044604925031E-16));
#8456=DIRECTION('center_axis',(0.,1.,2.22044604925031E-16));
#8457=DIRECTION('ref_axis',(1.,0.,0.));
#8458=DIRECTION('center_axis',(0.,-1.,-2.22044604925031E-16));
#8459=DIRECTION('ref_axis',(1.,0.,0.));
#8460=DIRECTION('center_axis',(0.,-1.,-2.22044604925031E-16));
#8461=DIRECTION('ref_axis',(1.,0.,0.));
#8462=DIRECTION('center_axis',(1.11022302462516E-16,2.22044604925031E-16,
-1.));
#8463=DIRECTION('ref_axis',(-1.,0.,-1.11022302462516E-16));
#8464=DIRECTION('center_axis',(0.,1.,2.22044604925031E-16));
#8465=DIRECTION('ref_axis',(1.,0.,0.));
#8466=DIRECTION('axis',(0.,0.,1.));
#8467=DIRECTION('refdir',(1.,0.,0.));
#8468=DIRECTION('center_axis',(0.,0.,1.));
#8469=DIRECTION('ref_axis',(1.,0.,0.));
#8470=DIRECTION('center_axis',(0.,0.,1.));
#8471=DIRECTION('ref_axis',(-0.707106781186548,0.707106781186548,0.));
#8472=DIRECTION('',(1.,0.,0.));
#8473=DIRECTION('center_axis',(0.,0.,1.));
#8474=DIRECTION('ref_axis',(0.707106781186547,-0.707106781186548,0.));
#8475=DIRECTION('',(-1.,0.,0.));
#8476=DIRECTION('center_axis',(0.,1.,0.));
#8477=DIRECTION('ref_axis',(-1.,0.,0.));
#8478=DIRECTION('',(0.,0.,-1.));
#8479=DIRECTION('',(-1.,0.,0.));
#8480=DIRECTION('',(0.,0.,1.));
#8481=DIRECTION('center_axis',(0.,-1.,0.));
#8482=DIRECTION('ref_axis',(1.,0.,0.));
#8483=DIRECTION('center_axis',(0.,0.,1.));
#8484=DIRECTION('ref_axis',(-0.707106781186548,-0.707106781186547,0.));
#8485=DIRECTION('center_axis',(0.,0.,-1.));
#8486=DIRECTION('ref_axis',(-0.707106781186548,0.707106781186548,0.));
#8487=DIRECTION('',(0.,0.,1.));
#8488=DIRECTION('center_axis',(0.,-1.,0.));
#8489=DIRECTION('ref_axis',(1.,0.,0.));
#8490=DIRECTION('',(0.,0.,-1.));
#8491=DIRECTION('',(1.,0.,0.));
#8492=DIRECTION('center_axis',(0.,1.,0.));
#8493=DIRECTION('ref_axis',(1.,0.,0.));
#8494=DIRECTION('center_axis',(0.,0.,1.));
#8495=DIRECTION('ref_axis',(0.707106781186547,-0.707106781186548,0.));
#8496=DIRECTION('center_axis',(0.,0.,-1.));
#8497=DIRECTION('ref_axis',(0.707106781186547,0.707106781186548,0.));
#8498=DIRECTION('center_axis',(0.,1.,0.));
#8499=DIRECTION('ref_axis',(1.,0.,0.));
#8500=DIRECTION('',(0.,1.,0.));
#8501=DIRECTION('center_axis',(0.,0.,1.));
#8502=DIRECTION('ref_axis',(1.,0.,0.));
#8503=DIRECTION('center_axis',(1.,0.,0.));
#8504=DIRECTION('ref_axis',(0.,0.,-1.));
#8505=DIRECTION('center_axis',(-1.,0.,0.));
#8506=DIRECTION('ref_axis',(0.,1.,0.));
#8507=DIRECTION('center_axis',(0.,-1.,-1.22124532708767E-16));
#8508=DIRECTION('ref_axis',(0.,-1.22124532708767E-16,1.));
#8509=DIRECTION('center_axis',(1.,0.,0.));
#8510=DIRECTION('ref_axis',(0.,1.,0.));
#8511=DIRECTION('center_axis',(1.,0.,0.));
#8512=DIRECTION('ref_axis',(0.,1.,0.));
#8513=DIRECTION('center_axis',(1.,0.,0.));
#8514=DIRECTION('ref_axis',(0.,1.,0.));
#8515=DIRECTION('',(-1.,0.,0.));
#8516=DIRECTION('center_axis',(-1.,0.,0.));
#8517=DIRECTION('ref_axis',(0.,1.,0.));
#8518=DIRECTION('center_axis',(-1.,0.,0.));
#8519=DIRECTION('ref_axis',(0.,1.,0.));
#8520=DIRECTION('center_axis',(1.,0.,0.));
#8521=DIRECTION('ref_axis',(0.,1.,0.));
#8522=DIRECTION('center_axis',(-1.,0.,0.));
#8523=DIRECTION('ref_axis',(0.,-1.,0.));
#8524=DIRECTION('center_axis',(1.,0.,0.));
#8525=DIRECTION('ref_axis',(0.,0.,-1.));
#8526=DIRECTION('center_axis',(0.,-1.,-1.22124532708767E-16));
#8527=DIRECTION('ref_axis',(0.,-1.22124532708767E-16,1.));
#8528=DIRECTION('center_axis',(1.,0.,0.));
#8529=DIRECTION('ref_axis',(0.,1.,0.));
#8530=DIRECTION('center_axis',(1.,0.,0.));
#8531=DIRECTION('ref_axis',(0.,1.,0.));
#8532=DIRECTION('center_axis',(1.,0.,0.));
#8533=DIRECTION('ref_axis',(0.,-1.,0.));
#8534=DIRECTION('center_axis',(1.,0.,0.));
#8535=DIRECTION('ref_axis',(0.,-1.,0.));
#8536=DIRECTION('',(1.,0.,0.));
#8537=DIRECTION('axis',(0.,0.,1.));
#8538=DIRECTION('refdir',(1.,0.,0.));
#8539=DIRECTION('center_axis',(0.408248290463863,-0.816496580927727,-0.40824829046386));
#8540=DIRECTION('ref_axis',(-0.577350269189627,-0.577350269189627,0.577350269189624));
#8541=DIRECTION('center_axis',(-1.,0.,0.));
#8542=DIRECTION('ref_axis',(0.,0.,1.));
#8543=DIRECTION('center_axis',(0.,-1.,0.));
#8544=DIRECTION('ref_axis',(-1.,0.,0.));
#8545=DIRECTION('center_axis',(0.,0.,1.));
#8546=DIRECTION('ref_axis',(0.,-1.,0.));
#8547=DIRECTION('center_axis',(-0.408248290463862,-0.816496580927725,0.408248290463866));
#8548=DIRECTION('ref_axis',(-0.577350269189625,0.577350269189625,0.577350269189628));
#8549=DIRECTION('center_axis',(0.,0.,1.));
#8550=DIRECTION('ref_axis',(-1.,0.,0.));
#8551=DIRECTION('center_axis',(0.,1.,0.));
#8552=DIRECTION('ref_axis',(0.,0.,1.));
#8553=DIRECTION('center_axis',(-1.,0.,0.));
#8554=DIRECTION('ref_axis',(0.,1.,0.));
#8555=DIRECTION('center_axis',(0.,-1.,0.));
#8556=DIRECTION('ref_axis',(-0.707106781186546,0.,0.707106781186549));
#8557=DIRECTION('',(0.,1.,0.));
#8558=DIRECTION('',(0.,-1.,0.));
#8559=DIRECTION('center_axis',(0.408248290463862,-0.816496580927725,0.408248290463866));
#8560=DIRECTION('ref_axis',(-0.577350269189625,-0.577350269189625,-0.577350269189628));
#8561=DIRECTION('center_axis',(0.,0.,-1.));
#8562=DIRECTION('ref_axis',(-1.,0.,0.));
#8563=DIRECTION('center_axis',(0.,-1.,0.));
#8564=DIRECTION('ref_axis',(0.,0.,-1.));
#8565=DIRECTION('center_axis',(-1.,0.,0.));
#8566=DIRECTION('ref_axis',(0.,-1.,0.));
#8567=DIRECTION('center_axis',(-0.816496580927725,-0.408248290463866,0.408248290463861));
#8568=DIRECTION('ref_axis',(0.577350269189626,-0.577350269189627,0.577350269189624));
#8569=DIRECTION('center_axis',(0.,-4.44089209850063E-15,1.));
#8570=DIRECTION('ref_axis',(1.,0.,0.));
#8571=DIRECTION('center_axis',(0.,-1.,0.));
#8572=DIRECTION('ref_axis',(0.,0.,1.));
#8573=DIRECTION('center_axis',(1.,0.,0.));
#8574=DIRECTION('ref_axis',(0.,-1.,0.));
#8575=DIRECTION('center_axis',(-0.816496580927726,0.408248290463866,0.40824829046386));
#8576=DIRECTION('ref_axis',(0.577350269189627,0.577350269189627,0.577350269189623));
#8577=DIRECTION('center_axis',(1.,0.,0.));
#8578=DIRECTION('ref_axis',(0.,0.,1.));
#8579=DIRECTION('center_axis',(0.,1.,0.));
#8580=DIRECTION('ref_axis',(1.,0.,0.));
#8581=DIRECTION('center_axis',(-4.44089209850063E-15,0.,1.));
#8582=DIRECTION('ref_axis',(0.,1.,0.));
#8583=DIRECTION('center_axis',(0.,1.,0.));
#8584=DIRECTION('ref_axis',(0.707106781186549,0.,0.707106781186546));
#8585=DIRECTION('',(0.,-1.,0.));
#8586=DIRECTION('',(0.,1.,0.));
#8587=DIRECTION('center_axis',(-0.408248290463863,-0.816496580927726,-0.408248290463863));
#8588=DIRECTION('ref_axis',(-0.577350269189626,0.577350269189626,-0.577350269189626));
#8589=DIRECTION('center_axis',(-1.,0.,0.));
#8590=DIRECTION('ref_axis',(0.,0.,-1.));
#8591=DIRECTION('center_axis',(0.,1.,0.));
#8592=DIRECTION('ref_axis',(-1.,0.,0.));
#8593=DIRECTION('center_axis',(0.,0.,-1.));
#8594=DIRECTION('ref_axis',(0.,1.,0.));
#8595=DIRECTION('center_axis',(-0.816496580927726,-0.408248290463866,-0.40824829046386));
#8596=DIRECTION('ref_axis',(0.577350269189627,-0.577350269189628,-0.577350269189623));
#8597=DIRECTION('center_axis',(1.,0.,0.));
#8598=DIRECTION('ref_axis',(0.,0.,-1.));
#8599=DIRECTION('center_axis',(0.,-1.,0.));
#8600=DIRECTION('ref_axis',(1.,0.,0.));
#8601=DIRECTION('center_axis',(-4.44089209850063E-15,0.,-1.));
#8602=DIRECTION('ref_axis',(0.,-1.,0.));
#8603=DIRECTION('center_axis',(0.408248290463863,-0.816496580927726,-0.408248290463863));
#8604=DIRECTION('ref_axis',(0.577350269189626,0.577350269189626,-0.577350269189626));
#8605=DIRECTION('center_axis',(0.,0.,-1.));
#8606=DIRECTION('ref_axis',(1.,0.,0.));
#8607=DIRECTION('center_axis',(0.,1.,0.));
#8608=DIRECTION('ref_axis',(0.,0.,-1.));
#8609=DIRECTION('center_axis',(1.,0.,0.));
#8610=DIRECTION('ref_axis',(0.,1.,0.));
#8611=DIRECTION('center_axis',(-0.816496580927726,0.408248290463863,0.408248290463863));
#8612=DIRECTION('ref_axis',(-0.577350269189626,-0.577350269189626,-0.577350269189626));
#8613=DIRECTION('center_axis',(0.,-1.,0.));
#8614=DIRECTION('ref_axis',(0.,0.,-1.));
#8615=DIRECTION('center_axis',(-1.,0.,0.));
#8616=DIRECTION('ref_axis',(0.,-1.,0.));
#8617=DIRECTION('center_axis',(0.,0.,-1.));
#8618=DIRECTION('ref_axis',(-1.,0.,0.));
#8619=DIRECTION('center_axis',(-0.408248290463862,-0.816496580927726,0.408248290463863));
#8620=DIRECTION('ref_axis',(0.577350269189625,-0.577350269189626,-0.577350269189627));
#8621=DIRECTION('center_axis',(0.,-1.,0.));
#8622=DIRECTION('ref_axis',(1.,0.,0.));
#8623=DIRECTION('center_axis',(0.,0.,-1.));
#8624=DIRECTION('ref_axis',(0.,-1.,0.));
#8625=DIRECTION('center_axis',(1.,0.,0.));
#8626=DIRECTION('ref_axis',(0.,0.,-1.));
#8627=DIRECTION('center_axis',(0.,0.,1.));
#8628=DIRECTION('ref_axis',(0.707106781186547,-0.707106781186548,0.));
#8629=DIRECTION('',(0.,0.,-1.));
#8630=DIRECTION('',(0.,0.,1.));
#8631=DIRECTION('center_axis',(0.,0.707106781186546,-0.707106781186549));
#8632=DIRECTION('ref_axis',(0.,-0.707106781186549,-0.707106781186546));
#8633=DIRECTION('center_axis',(1.,0.,0.));
#8634=DIRECTION('ref_axis',(0.,-0.707106781186548,-0.707106781186547));
#8635=DIRECTION('',(-1.,0.,0.));
#8636=DIRECTION('',(1.,0.,0.));
#8637=DIRECTION('center_axis',(0.,1.,0.));
#8638=DIRECTION('ref_axis',(0.707106781186547,0.,-0.707106781186548));
#8639=DIRECTION('',(0.,-1.,0.));
#8640=DIRECTION('',(0.,1.,0.));
#8641=DIRECTION('center_axis',(0.,-1.,0.));
#8642=DIRECTION('ref_axis',(0.707106781186549,0.,-0.707106781186546));
#8643=DIRECTION('',(0.,-1.,0.));
#8644=DIRECTION('',(0.,1.,0.));
#8645=DIRECTION('center_axis',(0.,0.,-1.));
#8646=DIRECTION('ref_axis',(-0.707106781186548,-0.707106781186548,0.));
#8647=DIRECTION('',(0.,0.,-1.));
#8648=DIRECTION('',(0.,0.,1.));
#8649=DIRECTION('center_axis',(0.,0.707106781186548,-0.707106781186547));
#8650=DIRECTION('ref_axis',(0.,0.707106781186547,0.707106781186548));
#8651=DIRECTION('center_axis',(0.,1.,0.));
#8652=DIRECTION('ref_axis',(-0.707106781186548,0.,-0.707106781186548));
#8653=DIRECTION('',(0.,-1.,0.));
#8654=DIRECTION('',(0.,1.,0.));
#8655=DIRECTION('center_axis',(-1.,0.,0.));
#8656=DIRECTION('ref_axis',(0.,0.707106781186548,-0.707106781186547));
#8657=DIRECTION('',(1.,0.,0.));
#8658=DIRECTION('',(-1.,0.,0.));
#8659=DIRECTION('center_axis',(0.,0.,-1.));
#8660=DIRECTION('ref_axis',(0.707106781186547,0.707106781186548,0.));
#8661=DIRECTION('',(0.,0.,1.));
#8662=DIRECTION('',(0.,0.,-1.));
#8663=DIRECTION('center_axis',(0.,0.,1.));
#8664=DIRECTION('ref_axis',(0.707106781186548,-0.707106781186547,0.));
#8665=DIRECTION('',(0.,0.,-1.));
#8666=DIRECTION('',(0.,0.,1.));
#8667=DIRECTION('center_axis',(1.,0.,0.));
#8668=DIRECTION('ref_axis',(0.,-0.707106781186545,-0.70710678118655));
#8669=DIRECTION('',(-1.,0.,0.));
#8670=DIRECTION('',(1.,0.,0.));
#8671=DIRECTION('center_axis',(0.,-1.,0.));
#8672=DIRECTION('ref_axis',(-0.707106781186546,0.,-0.707106781186549));
#8673=DIRECTION('',(0.,-1.,0.));
#8674=DIRECTION('',(0.,1.,0.));
#8675=DIRECTION('center_axis',(0.,0.,1.));
#8676=DIRECTION('ref_axis',(-0.707106781186547,0.707106781186548,0.));
#8677=DIRECTION('',(0.,0.,-1.));
#8678=DIRECTION('',(0.,0.,1.));
#8679=DIRECTION('center_axis',(1.,0.,0.));
#8680=DIRECTION('ref_axis',(0.,0.707106781186546,0.707106781186549));
#8681=DIRECTION('',(-1.,0.,0.));
#8682=DIRECTION('',(1.,0.,0.));
#8683=DIRECTION('center_axis',(-1.,0.,0.));
#8684=DIRECTION('ref_axis',(0.,-0.707106781186545,0.70710678118655));
#8685=DIRECTION('',(1.,0.,0.));
#8686=DIRECTION('',(-1.,0.,0.));
#8687=DIRECTION('center_axis',(0.,0.,-1.));
#8688=DIRECTION('ref_axis',(-0.707106781186548,-0.707106781186547,0.));
#8689=DIRECTION('',(0.,0.,1.));
#8690=DIRECTION('',(0.,0.,-1.));
#8691=DIRECTION('center_axis',(0.,1.,0.));
#8692=DIRECTION('ref_axis',(1.,0.,0.));
#8693=DIRECTION('',(-1.,0.,0.));
#8694=DIRECTION('center_axis',(0.,1.,0.));
#8695=DIRECTION('ref_axis',(1.,0.,0.));
#8696=DIRECTION('center_axis',(0.,0.,1.));
#8697=DIRECTION('ref_axis',(1.,0.,0.));
#8698=DIRECTION('center_axis',(1.,0.,0.));
#8699=DIRECTION('ref_axis',(0.,0.,-1.));
#8700=DIRECTION('center_axis',(0.,0.,-1.));
#8701=DIRECTION('ref_axis',(-1.,0.,0.));
#8702=DIRECTION('center_axis',(-1.,0.,0.));
#8703=DIRECTION('ref_axis',(0.,0.,1.));
#8704=DIRECTION('center_axis',(0.,1.,0.));
#8705=DIRECTION('ref_axis',(0.,0.,1.));
#8706=DIRECTION('center_axis',(0.,-1.,0.));
#8707=DIRECTION('ref_axis',(1.,0.,0.));
#8708=DIRECTION('center_axis',(0.,-1.,0.));
#8709=DIRECTION('ref_axis',(0.,0.,-1.));
#8710=DIRECTION('center_axis',(0.,0.,-1.));
#8711=DIRECTION('ref_axis',(1.,0.,0.));
#8712=DIRECTION('center_axis',(0.,1.,0.));
#8713=DIRECTION('ref_axis',(1.,0.,0.));
#8714=DIRECTION('',(0.,1.,0.));
#8715=DIRECTION('axis',(0.,0.,1.));
#8716=DIRECTION('refdir',(1.,0.,0.));
#8717=DIRECTION('center_axis',(0.,0.,1.));
#8718=DIRECTION('ref_axis',(-1.,0.,0.));
#8719=DIRECTION('center_axis',(-1.33764730029053E-15,0.,1.));
#8720=DIRECTION('ref_axis',(-1.,0.,-1.08689353422156E-15));
#8721=DIRECTION('',(-0.70710678118692,8.6595605623595E-17,-0.707106781186175));
#8722=DIRECTION('center_axis',(1.33764730029053E-15,0.,-1.));
#8723=DIRECTION('ref_axis',(-1.,0.,0.));
#8724=DIRECTION('center_axis',(1.33764730029053E-15,0.,-1.));
#8725=DIRECTION('ref_axis',(-1.,0.,-1.29189588320019E-15));
#8726=DIRECTION('center_axis',(-1.33764730029053E-15,0.,1.));
#8727=DIRECTION('ref_axis',(1.,0.,1.33731409784395E-15));
#8728=DIRECTION('center_axis',(-1.22464679914735E-16,-1.,-1.6381454846889E-31));
#8729=DIRECTION('ref_axis',(1.,-1.22464679914735E-16,1.41301112225021E-15));
#8730=DIRECTION('center_axis',(1.33764730029053E-15,0.,-1.));
#8731=DIRECTION('ref_axis',(1.,0.,1.33764730029053E-15));
#8732=DIRECTION('center_axis',(-1.33764730029053E-15,0.,1.));
#8733=DIRECTION('ref_axis',(1.,0.,1.33764730029053E-15));
#8734=DIRECTION('',(0.,1.,0.));
#8735=DIRECTION('',(0.866025403784439,0.499999999999999,1.15843654335527E-15));
#8736=DIRECTION('',(0.866025403784438,-0.500000000000001,1.15843654335527E-15));
#8737=DIRECTION('',(-1.92296268638356E-16,-1.,-2.57224584600041E-31));
#8738=DIRECTION('',(-0.866025403784439,-0.5,-1.15843654335527E-15));
#8739=DIRECTION('',(-0.866025403784438,0.5,-1.15843654335527E-15));
#8740=DIRECTION('center_axis',(1.33764730029053E-15,0.,-1.));
#8741=DIRECTION('ref_axis',(-1.,0.,-1.08689353422156E-15));
#8742=DIRECTION('center_axis',(1.33764730029053E-15,0.,-1.));
#8743=DIRECTION('ref_axis',(1.,0.,1.33764730029053E-15));
#8744=DIRECTION('',(-1.33764730029053E-15,0.,1.));
#8745=DIRECTION('center_axis',(-0.0871557427476581,0.,-0.996194698091746));
#8746=DIRECTION('ref_axis',(0.,1.,0.));
#8747=DIRECTION('',(0.863550259614423,-0.498570974847159,-0.0755508581011305));
#8748=DIRECTION('',(0.,1.,0.));
#8749=DIRECTION('',(0.863550259614423,0.498570974847158,-0.0755508581011305));
#8750=DIRECTION('center_axis',(-0.0435778713738291,-0.0754790873051733,
-0.996194698091746));
#8751=DIRECTION('ref_axis',(-0.866025403784438,0.5,0.));
#8752=DIRECTION('',(-0.866025403784439,0.5,0.));
#8753=DIRECTION('',(3.18762329165829E-16,0.997141949694316,-0.0755508581011305));
#8754=DIRECTION('center_axis',(0.0435778713738291,-0.0754790873051733,-0.996194698091746));
#8755=DIRECTION('ref_axis',(-0.866025403784439,-0.5,0.));
#8756=DIRECTION('',(-0.866025403784439,-0.5,0.));
#8757=DIRECTION('',(-0.863550259614423,0.498570974847158,-0.0755508581011305));
#8758=DIRECTION('center_axis',(0.0871557427476581,-1.67597241207792E-17,
-0.996194698091746));
#8759=DIRECTION('ref_axis',(-1.92296268638356E-16,-1.,0.));
#8760=DIRECTION('',(-1.92296268638356E-16,-1.,0.));
#8761=DIRECTION('',(-0.863550259614423,-0.498570974847158,-0.0755508581011305));
#8762=DIRECTION('center_axis',(0.0435778713738291,0.0754790873051733,-0.996194698091746));
#8763=DIRECTION('ref_axis',(0.866025403784438,-0.500000000000001,0.));
#8764=DIRECTION('',(0.866025403784438,-0.500000000000001,0.));
#8765=DIRECTION('',(-4.78143493748744E-16,-0.997141949694316,-0.0755508581011305));
#8766=DIRECTION('center_axis',(-0.043577871373829,0.0754790873051733,-0.996194698091746));
#8767=DIRECTION('ref_axis',(0.866025403784439,0.499999999999999,0.));
#8768=DIRECTION('',(0.866025403784439,0.499999999999999,0.));
#8769=DIRECTION('center_axis',(-1.,0.,0.));
#8770=DIRECTION('ref_axis',(0.,1.,0.));
#8771=DIRECTION('',(0.,0.,-1.));
#8772=DIRECTION('',(0.,0.,-1.));
#8773=DIRECTION('center_axis',(-0.5,-0.866025403784439,0.));
#8774=DIRECTION('ref_axis',(-0.866025403784438,0.5,0.));
#8775=DIRECTION('',(0.,0.,-1.));
#8776=DIRECTION('center_axis',(0.5,-0.866025403784439,0.));
#8777=DIRECTION('ref_axis',(-0.866025403784439,-0.5,0.));
#8778=DIRECTION('',(0.,0.,-1.));
#8779=DIRECTION('center_axis',(1.,-1.92296268638356E-16,0.));
#8780=DIRECTION('ref_axis',(-1.92296268638356E-16,-1.,0.));
#8781=DIRECTION('',(0.,0.,-1.));
#8782=DIRECTION('center_axis',(0.500000000000001,0.866025403784438,0.));
#8783=DIRECTION('ref_axis',(0.866025403784438,-0.500000000000001,0.));
#8784=DIRECTION('',(0.,0.,-1.));
#8785=DIRECTION('center_axis',(-0.5,0.866025403784439,0.));
#8786=DIRECTION('ref_axis',(0.866025403784439,0.499999999999999,0.));
#8787=DIRECTION('center_axis',(1.33764730029053E-15,0.,-1.));
#8788=DIRECTION('ref_axis',(-1.,0.,-1.08689353422156E-15));
#8789=DIRECTION('',(-1.33764730029053E-15,0.,1.));
#8790=DIRECTION('center_axis',(-1.33764730029053E-15,0.,1.));
#8791=DIRECTION('ref_axis',(-1.,0.,-1.08689353422156E-15));
#8792=DIRECTION('center_axis',(1.33764730029053E-15,0.,-1.));
#8793=DIRECTION('ref_axis',(-1.,0.,-1.33764730029053E-15));
#8794=DIRECTION('center_axis',(1.33764730029053E-15,0.,-1.));
#8795=DIRECTION('ref_axis',(-1.,0.,-1.33764730029053E-15));
#8796=DIRECTION('axis',(0.,0.,1.));
#8797=DIRECTION('refdir',(1.,0.,0.));
#8798=DIRECTION('center_axis',(0.,0.,-1.));
#8799=DIRECTION('ref_axis',(-1.,0.,0.));
#8800=DIRECTION('center_axis',(0.,0.,-1.));
#8801=DIRECTION('ref_axis',(-1.,0.,0.));
#8802=DIRECTION('',(0.5,-6.12323399573677E-17,-0.866025403784438));
#8803=DIRECTION('center_axis',(0.,0.,1.));
#8804=DIRECTION('ref_axis',(-1.,0.,0.));
#8805=DIRECTION('center_axis',(0.,0.,1.));
#8806=DIRECTION('ref_axis',(-1.,0.,0.));
#8807=DIRECTION('center_axis',(0.,0.,-1.));
#8808=DIRECTION('ref_axis',(-1.,0.,0.));
#8809=DIRECTION('',(-0.500000000000001,6.12323399573678E-17,-0.866025403784438));
#8810=DIRECTION('center_axis',(0.,0.,1.));
#8811=DIRECTION('ref_axis',(-1.,0.,0.));
#8812=DIRECTION('center_axis',(0.499999999999998,-0.86602540378444,0.));
#8813=DIRECTION('ref_axis',(-0.86602540378444,-0.499999999999998,0.));
#8814=DIRECTION('',(0.,0.,1.));
#8815=DIRECTION('',(0.,0.,-1.));
#8816=DIRECTION('center_axis',(1.,-1.04780220658417E-15,0.));
#8817=DIRECTION('ref_axis',(-1.04780220658417E-15,-1.,0.));
#8818=DIRECTION('',(0.,0.,1.));
#8819=DIRECTION('center_axis',(0.,0.,1.));
#8820=DIRECTION('ref_axis',(-1.,0.,0.));
#8821=DIRECTION('center_axis',(0.,0.,-1.));
#8822=DIRECTION('ref_axis',(1.,0.,0.));
#8823=DIRECTION('',(0.866025403784438,-1.06057523872491E-16,0.5));
#8824=DIRECTION('center_axis',(-0.500000000000001,-0.866025403784438,0.));
#8825=DIRECTION('ref_axis',(-0.866025403784438,0.500000000000001,0.));
#8826=DIRECTION('',(0.,0.,1.));
#8827=DIRECTION('center_axis',(-1.,1.1702668864989E-15,0.));
#8828=DIRECTION('ref_axis',(1.1702668864989E-15,1.,0.));
#8829=DIRECTION('',(0.,0.,1.));
#8830=DIRECTION('center_axis',(-0.499999999999999,0.866025403784439,0.));
#8831=DIRECTION('ref_axis',(0.866025403784439,0.499999999999999,0.));
#8832=DIRECTION('',(0.,0.,1.));
#8833=DIRECTION('center_axis',(0.500000000000001,0.866025403784438,0.));
#8834=DIRECTION('ref_axis',(0.866025403784438,-0.500000000000001,0.));
#8835=DIRECTION('center_axis',(0.,0.,1.));
#8836=DIRECTION('ref_axis',(1.,0.,0.));
#8837=DIRECTION('center_axis',(0.,0.,-1.));
#8838=DIRECTION('ref_axis',(1.,0.,0.));
#8839=DIRECTION('center_axis',(0.,0.,-1.));
#8840=DIRECTION('ref_axis',(-1.,0.,0.));
#8841=DIRECTION('',(-0.866025403784439,1.06057523872491E-16,0.499999999999999));
#8842=DIRECTION('center_axis',(0.,0.,-1.));
#8843=DIRECTION('ref_axis',(-1.,0.,0.));
#8844=DIRECTION('center_axis',(0.,0.,-1.));
#8845=DIRECTION('ref_axis',(-1.,0.,0.));
#8846=DIRECTION('',(0.,0.,1.));
#8847=DIRECTION('',(0.,0.,1.));
#8848=DIRECTION('',(1.,0.,0.));
#8849=DIRECTION('',(0.,-1.22464679914735E-16,1.));
#8850=DIRECTION('',(1.,0.,0.));
#8851=DIRECTION('',(0.,0.,1.));
#8852=DIRECTION('',(1.,0.,0.));
#8853=DIRECTION('',(0.,0.,-1.));
#8854=DIRECTION('',(1.,0.,0.));
#8855=DIRECTION('',(5.55250290190657E-14,-3.46944695195669E-17,-0.999999999999998));
#8856=DIRECTION('',(-1.,5.55111512312579E-16,-5.55250290190657E-14));
#8857=DIRECTION('',(0.,-1.,3.76088049591772E-15));
#8858=DIRECTION('',(1.,0.,0.));
#8859=DIRECTION('',(0.,-1.,-1.81799020282369E-15));
#8860=DIRECTION('',(1.,0.,0.));
#8861=DIRECTION('',(1.23259516440783E-32,-5.55111512312578E-17,1.));
#8862=DIRECTION('',(-2.77555756156289E-16,1.,5.55111512312578E-17));
#8863=DIRECTION('',(-1.,4.37150315946155E-15,-1.74535475280149E-29));
#8864=DIRECTION('',(-4.37150315946155E-15,-1.,3.76088049591772E-15));
#8865=DIRECTION('',(-1.,1.99840144432528E-15,3.82104500966428E-30));
#8866=DIRECTION('',(-1.99840144432528E-15,-1.,-1.8179902028237E-15));
#8867=CARTESIAN_POINT('',(0.,0.,0.));
#8868=CARTESIAN_POINT('',(0.,0.,0.));
#8869=CARTESIAN_POINT('Origin',(-38.7619385868311,-50.,8.32196414470673));
#8870=CARTESIAN_POINT('',(-40.0102327018976,-50.,8.21282386779785));
#8871=CARTESIAN_POINT('',(-38.7619385868311,-50.,8.32196414470673));
#8872=CARTESIAN_POINT('',(-44.6993829116653,-50.,7.80284424345741));
#8873=CARTESIAN_POINT('',(-40.0102327018976,-52.,8.21282386779785));
#8874=CARTESIAN_POINT('',(-40.0102327018976,-50.,8.21282386779785));
#8875=CARTESIAN_POINT('',(-38.7619385868311,-52.,8.32196414470673));
#8876=CARTESIAN_POINT('',(-40.0102327018976,-52.,8.21282386779785));
#8877=CARTESIAN_POINT('',(-38.7619385868311,-50.,8.32196414470673));
#8878=CARTESIAN_POINT('Ctrl Pts',(-38.349250331521,-50.,7.09072232246399));
#8879=CARTESIAN_POINT('Ctrl Pts',(-38.349250331521,-52.,7.09072232246399));
#8880=CARTESIAN_POINT('Ctrl Pts',(-38.4482456976469,-50.,7.26982494092917));
#8881=CARTESIAN_POINT('Ctrl Pts',(-38.4482456976469,-52.,7.26982494092917));
#8882=CARTESIAN_POINT('Ctrl Pts',(-38.6608181724561,-50.,7.6544114962592));
#8883=CARTESIAN_POINT('Ctrl Pts',(-38.6608181724561,-52.,7.6544114962592));
#8884=CARTESIAN_POINT('Ctrl Pts',(-38.7267247926861,-50.,8.08949811211914));
#8885=CARTESIAN_POINT('Ctrl Pts',(-38.7267247926861,-52.,8.08949811211914));
#8886=CARTESIAN_POINT('Ctrl Pts',(-38.7619385868311,-50.,8.32196414470673));
#8887=CARTESIAN_POINT('Ctrl Pts',(-38.7619385868311,-52.,8.32196414470673));
#8888=CARTESIAN_POINT('',(-38.349250331521,-50.,7.09072232246399));
#8889=CARTESIAN_POINT('Ctrl Pts',(-38.7619385868311,-50.,8.32196414470673));
#8890=CARTESIAN_POINT('Ctrl Pts',(-38.7267247926861,-50.,8.08949811211914));
#8891=CARTESIAN_POINT('Ctrl Pts',(-38.6608181724561,-50.,7.6544114962592));
#8892=CARTESIAN_POINT('Ctrl Pts',(-38.4482456976469,-50.,7.26982494092917));
#8893=CARTESIAN_POINT('Ctrl Pts',(-38.349250331521,-50.,7.09072232246399));
#8894=CARTESIAN_POINT('',(-38.349250331521,-52.,7.09072232246399));
#8895=CARTESIAN_POINT('Ctrl Pts',(-38.349250331521,-52.,7.09072232246399));
#8896=CARTESIAN_POINT('Ctrl Pts',(-38.4482456976469,-52.,7.26982494092917));
#8897=CARTESIAN_POINT('Ctrl Pts',(-38.6608181724561,-52.,7.6544114962592));
#8898=CARTESIAN_POINT('Ctrl Pts',(-38.7267247926861,-52.,8.08949811211914));
#8899=CARTESIAN_POINT('Ctrl Pts',(-38.7619385868311,-52.,8.32196414470673));
#8900=CARTESIAN_POINT('',(-38.349250331521,-50.,7.09072232246399));
#8901=CARTESIAN_POINT('Ctrl Pts',(-37.3431120067835,-50.,6.31309628486633));
#8902=CARTESIAN_POINT('Ctrl Pts',(-37.3431120067835,-52.,6.31309628486633));
#8903=CARTESIAN_POINT('Ctrl Pts',(-37.5513765929022,-50.,6.4137362130641));
#8904=CARTESIAN_POINT('Ctrl Pts',(-37.5513765929022,-52.,6.4137362130641));
#8905=CARTESIAN_POINT('Ctrl Pts',(-37.9422009054793,-50.,6.60259468146105));
#8906=CARTESIAN_POINT('Ctrl Pts',(-37.9422009054793,-52.,6.60259468146105));
#8907=CARTESIAN_POINT('Ctrl Pts',(-38.2196498773504,-50.,6.93530737793888));
#8908=CARTESIAN_POINT('Ctrl Pts',(-38.2196498773504,-52.,6.93530737793888));
#8909=CARTESIAN_POINT('Ctrl Pts',(-38.349250331521,-50.,7.09072232246399));
#8910=CARTESIAN_POINT('Ctrl Pts',(-38.349250331521,-52.,7.09072232246399));
#8911=CARTESIAN_POINT('',(-37.3431120067835,-50.,6.31309628486633));
#8912=CARTESIAN_POINT('Ctrl Pts',(-38.349250331521,-50.,7.09072232246399));
#8913=CARTESIAN_POINT('Ctrl Pts',(-38.2196498773504,-50.,6.93530737793888));
#8914=CARTESIAN_POINT('Ctrl Pts',(-37.9422009054793,-50.,6.60259468146105));
#8915=CARTESIAN_POINT('Ctrl Pts',(-37.5513765929022,-50.,6.4137362130641));
#8916=CARTESIAN_POINT('Ctrl Pts',(-37.3431120067835,-50.,6.31309628486633));
#8917=CARTESIAN_POINT('',(-37.3431120067835,-52.,6.31309628486633));
#8918=CARTESIAN_POINT('Ctrl Pts',(-37.3431120067835,-52.,6.31309628486633));
#8919=CARTESIAN_POINT('Ctrl Pts',(-37.5513765929022,-52.,6.4137362130641));
#8920=CARTESIAN_POINT('Ctrl Pts',(-37.9422009054793,-52.,6.60259468146105));
#8921=CARTESIAN_POINT('Ctrl Pts',(-38.2196498773504,-52.,6.93530737793888));
#8922=CARTESIAN_POINT('Ctrl Pts',(-38.349250331521,-52.,7.09072232246399));
#8923=CARTESIAN_POINT('',(-37.3431120067835,-50.,6.31309628486633));
#8924=CARTESIAN_POINT('Ctrl Pts',(-35.8083233982325,-50.,6.01637125015259));
#8925=CARTESIAN_POINT('Ctrl Pts',(-35.8083233982325,-52.,6.01637125015259));
#8926=CARTESIAN_POINT('Ctrl Pts',(-36.0811309826906,-50.,6.02690104363417));
#8927=CARTESIAN_POINT('Ctrl Pts',(-36.0811309826906,-52.,6.02690104363417));
#8928=CARTESIAN_POINT('Ctrl Pts',(-36.6082134807059,-50.,6.04724530885275));
#8929=CARTESIAN_POINT('Ctrl Pts',(-36.6082134807059,-52.,6.04724530885275));
#8930=CARTESIAN_POINT('Ctrl Pts',(-37.1039560758049,-50.,6.22658116010558));
#8931=CARTESIAN_POINT('Ctrl Pts',(-37.1039560758049,-52.,6.22658116010558));
#8932=CARTESIAN_POINT('Ctrl Pts',(-37.3431120067835,-50.,6.31309628486633));
#8933=CARTESIAN_POINT('Ctrl Pts',(-37.3431120067835,-52.,6.31309628486633));
#8934=CARTESIAN_POINT('',(-35.8083233982325,-50.,6.01637125015259));
#8935=CARTESIAN_POINT('Ctrl Pts',(-37.3431120067835,-50.,6.31309628486633));
#8936=CARTESIAN_POINT('Ctrl Pts',(-37.1039560758049,-50.,6.22658116010558));
#8937=CARTESIAN_POINT('Ctrl Pts',(-36.6082134807059,-50.,6.04724530885275));
#8938=CARTESIAN_POINT('Ctrl Pts',(-36.0811309826906,-50.,6.02690104363417));
#8939=CARTESIAN_POINT('Ctrl Pts',(-35.8083233982325,-50.,6.01637125015259));
#8940=CARTESIAN_POINT('',(-35.8083233982325,-52.,6.01637125015259));
#8941=CARTESIAN_POINT('Ctrl Pts',(-35.8083233982325,-52.,6.01637125015259));
#8942=CARTESIAN_POINT('Ctrl Pts',(-36.0811309826906,-52.,6.02690104363417));
#8943=CARTESIAN_POINT('Ctrl Pts',(-36.6082134807059,-52.,6.04724530885275));
#8944=CARTESIAN_POINT('Ctrl Pts',(-37.1039560758049,-52.,6.22658116010558));
#8945=CARTESIAN_POINT('Ctrl Pts',(-37.3431120067835,-52.,6.31309628486633));
#8946=CARTESIAN_POINT('',(-35.8083233982325,-50.,6.01637125015259));
#8947=CARTESIAN_POINT('Ctrl Pts',(-34.4713518768549,-50.,6.24147295951843));
#8948=CARTESIAN_POINT('Ctrl Pts',(-34.4713518768549,-52.,6.24147295951843));
#8949=CARTESIAN_POINT('Ctrl Pts',(-34.6777842372195,-50.,6.17586330807244));
#8950=CARTESIAN_POINT('Ctrl Pts',(-34.6777842372195,-52.,6.17586330807244));
#8951=CARTESIAN_POINT('Ctrl Pts',(-35.1125082234398,-50.,6.0376965537867));
#8952=CARTESIAN_POINT('Ctrl Pts',(-35.1125082234398,-52.,6.0376965537867));
#8953=CARTESIAN_POINT('Ctrl Pts',(-35.5687381235342,-50.,6.0237140459327));
#8954=CARTESIAN_POINT('Ctrl Pts',(-35.5687381235342,-52.,6.0237140459327));
#8955=CARTESIAN_POINT('Ctrl Pts',(-35.8083233982325,-50.,6.01637125015259));
#8956=CARTESIAN_POINT('Ctrl Pts',(-35.8083233982325,-52.,6.01637125015259));
#8957=CARTESIAN_POINT('',(-34.4713518768549,-50.,6.24147295951843));
#8958=CARTESIAN_POINT('Ctrl Pts',(-35.8083233982325,-50.,6.01637125015259));
#8959=CARTESIAN_POINT('Ctrl Pts',(-35.5687381235342,-50.,6.0237140459327));
#8960=CARTESIAN_POINT('Ctrl Pts',(-35.1125082234398,-50.,6.0376965537867));
#8961=CARTESIAN_POINT('Ctrl Pts',(-34.6777842372195,-50.,6.17586330807244));
#8962=CARTESIAN_POINT('Ctrl Pts',(-34.4713518768549,-50.,6.24147295951843));
#8963=CARTESIAN_POINT('',(-34.4713518768549,-52.,6.24147295951843));
#8964=CARTESIAN_POINT('Ctrl Pts',(-34.4713518768549,-52.,6.24147295951843));
#8965=CARTESIAN_POINT('Ctrl Pts',(-34.6777842372195,-52.,6.17586330807244));
#8966=CARTESIAN_POINT('Ctrl Pts',(-35.1125082234398,-52.,6.0376965537867));
#8967=CARTESIAN_POINT('Ctrl Pts',(-35.5687381235342,-52.,6.0237140459327));
#8968=CARTESIAN_POINT('Ctrl Pts',(-35.8083233982325,-52.,6.01637125015259));
#8969=CARTESIAN_POINT('',(-34.4713518768549,-50.,6.24147295951843));
#8970=CARTESIAN_POINT('Ctrl Pts',(-33.6084590107203,-50.,6.85879945755005));
#8971=CARTESIAN_POINT('Ctrl Pts',(-33.6084590107203,-52.,6.85879945755005));
#8972=CARTESIAN_POINT('Ctrl Pts',(-33.7209102043001,-50.,6.73289595414113));
#8973=CARTESIAN_POINT('Ctrl Pts',(-33.7209102043001,-52.,6.73289595414113));
#8974=CARTESIAN_POINT('Ctrl Pts',(-33.9618320656738,-50.,6.46315309566958));
#8975=CARTESIAN_POINT('Ctrl Pts',(-33.9618320656738,-52.,6.46315309566958));
#8976=CARTESIAN_POINT('Ctrl Pts',(-34.2941464781854,-50.,6.31857087807179));
#8977=CARTESIAN_POINT('Ctrl Pts',(-34.2941464781854,-52.,6.31857087807179));
#8978=CARTESIAN_POINT('Ctrl Pts',(-34.4713518768549,-50.,6.24147295951843));
#8979=CARTESIAN_POINT('Ctrl Pts',(-34.4713518768549,-52.,6.24147295951843));
#8980=CARTESIAN_POINT('',(-33.6084590107203,-50.,6.85879945755005));
#8981=CARTESIAN_POINT('Ctrl Pts',(-34.4713518768549,-50.,6.24147295951843));
#8982=CARTESIAN_POINT('Ctrl Pts',(-34.2941464781854,-50.,6.31857087807179));
#8983=CARTESIAN_POINT('Ctrl Pts',(-33.9618320656738,-50.,6.46315309566958));
#8984=CARTESIAN_POINT('Ctrl Pts',(-33.7209102043001,-50.,6.73289595414113));
#8985=CARTESIAN_POINT('Ctrl Pts',(-33.6084590107203,-50.,6.85879945755005));
#8986=CARTESIAN_POINT('',(-33.6084590107203,-52.,6.85879945755005));
#8987=CARTESIAN_POINT('Ctrl Pts',(-33.6084590107203,-52.,6.85879945755005));
#8988=CARTESIAN_POINT('Ctrl Pts',(-33.7209102043001,-52.,6.73289595414113));
#8989=CARTESIAN_POINT('Ctrl Pts',(-33.9618320656738,-52.,6.46315309566958));
#8990=CARTESIAN_POINT('Ctrl Pts',(-34.2941464781854,-52.,6.31857087807179));
#8991=CARTESIAN_POINT('Ctrl Pts',(-34.4713518768549,-52.,6.24147295951843));
#8992=CARTESIAN_POINT('',(-33.6084590107203,-50.,6.85879945755005));
#8993=CARTESIAN_POINT('Ctrl Pts',(-33.3253762871027,-50.,7.7148699760437));
#8994=CARTESIAN_POINT('Ctrl Pts',(-33.3253762871027,-52.,7.7148699760437));
#8995=CARTESIAN_POINT('Ctrl Pts',(-33.3376942632062,-50.,7.56251814450968));
#8996=CARTESIAN_POINT('Ctrl Pts',(-33.3376942632062,-52.,7.56251814450968));
#8997=CARTESIAN_POINT('Ctrl Pts',(-33.3626112877082,-50.,7.25433810849153));
#8998=CARTESIAN_POINT('Ctrl Pts',(-33.3626112877082,-52.,7.25433810849153));
#8999=CARTESIAN_POINT('Ctrl Pts',(-33.5258958019031,-50.,6.99163347298384));
#9000=CARTESIAN_POINT('Ctrl Pts',(-33.5258958019031,-52.,6.99163347298384));
#9001=CARTESIAN_POINT('Ctrl Pts',(-33.6084590107203,-50.,6.85879945755005));
#9002=CARTESIAN_POINT('Ctrl Pts',(-33.6084590107203,-52.,6.85879945755005));
#9003=CARTESIAN_POINT('',(-33.3253762871027,-50.,7.7148699760437));
#9004=CARTESIAN_POINT('Ctrl Pts',(-33.6084590107203,-50.,6.85879945755005));
#9005=CARTESIAN_POINT('Ctrl Pts',(-33.5258958019031,-50.,6.99163347298384));
#9006=CARTESIAN_POINT('Ctrl Pts',(-33.3626112877082,-50.,7.25433810849153));
#9007=CARTESIAN_POINT('Ctrl Pts',(-33.3376942632062,-50.,7.56251814450968));
#9008=CARTESIAN_POINT('Ctrl Pts',(-33.3253762871027,-50.,7.7148699760437));
#9009=CARTESIAN_POINT('',(-33.3253762871027,-52.,7.7148699760437));
#9010=CARTESIAN_POINT('Ctrl Pts',(-33.3253762871027,-52.,7.7148699760437));
#9011=CARTESIAN_POINT('Ctrl Pts',(-33.3376942632062,-52.,7.56251814450968));
#9012=CARTESIAN_POINT('Ctrl Pts',(-33.3626112877082,-52.,7.25433810849153));
#9013=CARTESIAN_POINT('Ctrl Pts',(-33.5258958019031,-52.,6.99163347298384));
#9014=CARTESIAN_POINT('Ctrl Pts',(-33.6084590107203,-52.,6.85879945755005));
#9015=CARTESIAN_POINT('',(-33.3253762871027,-50.,7.7148699760437));
#9016=CARTESIAN_POINT('Ctrl Pts',(-33.5982272773981,-50.,8.53683471679688));
#9017=CARTESIAN_POINT('Ctrl Pts',(-33.5982272773981,-52.,8.53683471679688));
#9018=CARTESIAN_POINT('Ctrl Pts',(-33.5186510013593,-50.,8.41359348063263));
#9019=CARTESIAN_POINT('Ctrl Pts',(-33.5186510013593,-52.,8.41359348063263));
#9020=CARTESIAN_POINT('Ctrl Pts',(-33.3570206699104,-50.,8.1632736260108));
#9021=CARTESIAN_POINT('Ctrl Pts',(-33.3570206699104,-52.,8.1632736260108));
#9022=CARTESIAN_POINT('Ctrl Pts',(-33.3360316679163,-50.,7.86585764667258));
#9023=CARTESIAN_POINT('Ctrl Pts',(-33.3360316679163,-52.,7.86585764667258));
#9024=CARTESIAN_POINT('Ctrl Pts',(-33.3253762871027,-50.,7.7148699760437));
#9025=CARTESIAN_POINT('Ctrl Pts',(-33.3253762871027,-52.,7.7148699760437));
#9026=CARTESIAN_POINT('',(-33.5982272773981,-50.,8.53683471679688));
#9027=CARTESIAN_POINT('Ctrl Pts',(-33.3253762871027,-50.,7.7148699760437));
#9028=CARTESIAN_POINT('Ctrl Pts',(-33.3360316679163,-50.,7.86585764667258));
#9029=CARTESIAN_POINT('Ctrl Pts',(-33.3570206699104,-50.,8.1632736260108));
#9030=CARTESIAN_POINT('Ctrl Pts',(-33.5186510013593,-50.,8.41359348063263));
#9031=CARTESIAN_POINT('Ctrl Pts',(-33.5982272773981,-50.,8.53683471679688));
#9032=CARTESIAN_POINT('',(-33.5982272773981,-52.,8.53683471679688));
#9033=CARTESIAN_POINT('Ctrl Pts',(-33.5982272773981,-52.,8.53683471679688));
#9034=CARTESIAN_POINT('Ctrl Pts',(-33.5186510013593,-52.,8.41359348063263));
#9035=CARTESIAN_POINT('Ctrl Pts',(-33.3570206699104,-52.,8.1632736260108));
#9036=CARTESIAN_POINT('Ctrl Pts',(-33.3360316679163,-52.,7.86585764667258));
#9037=CARTESIAN_POINT('Ctrl Pts',(-33.3253762871027,-52.,7.7148699760437));
#9038=CARTESIAN_POINT('',(-33.5982272773981,-50.,8.53683471679688));
#9039=CARTESIAN_POINT('Ctrl Pts',(-34.4986364990473,-50.,9.12687540054321));
#9040=CARTESIAN_POINT('Ctrl Pts',(-34.4986364990473,-52.,9.12687540054321));
#9041=CARTESIAN_POINT('Ctrl Pts',(-34.3106560214712,-50.,9.05026643249033));
#9042=CARTESIAN_POINT('Ctrl Pts',(-34.3106560214712,-52.,9.05026643249033));
#9043=CARTESIAN_POINT('Ctrl Pts',(-33.9710947597235,-50.,8.91188271207074));
#9044=CARTESIAN_POINT('Ctrl Pts',(-33.9710947597235,-52.,8.91188271207074));
#9045=CARTESIAN_POINT('Ctrl Pts',(-33.7133050758326,-50.,8.65258548523129));
#9046=CARTESIAN_POINT('Ctrl Pts',(-33.7133050758326,-52.,8.65258548523129));
#9047=CARTESIAN_POINT('Ctrl Pts',(-33.5982272773981,-50.,8.53683471679688));
#9048=CARTESIAN_POINT('Ctrl Pts',(-33.5982272773981,-52.,8.53683471679688));
#9049=CARTESIAN_POINT('',(-34.4986364990473,-50.,9.12687540054321));
#9050=CARTESIAN_POINT('Ctrl Pts',(-33.5982272773981,-50.,8.53683471679688));
#9051=CARTESIAN_POINT('Ctrl Pts',(-33.7133050758326,-50.,8.65258548523129));
#9052=CARTESIAN_POINT('Ctrl Pts',(-33.9710947597235,-50.,8.91188271207074));
#9053=CARTESIAN_POINT('Ctrl Pts',(-34.3106560214712,-50.,9.05026643249033));
#9054=CARTESIAN_POINT('Ctrl Pts',(-34.4986364990473,-50.,9.12687540054321));
#9055=CARTESIAN_POINT('',(-34.4986364990473,-52.,9.12687540054321));
#9056=CARTESIAN_POINT('Ctrl Pts',(-34.4986364990473,-52.,9.12687540054321));
#9057=CARTESIAN_POINT('Ctrl Pts',(-34.3106560214712,-52.,9.05026643249033));
#9058=CARTESIAN_POINT('Ctrl Pts',(-33.9710947597235,-52.,8.91188271207074));
#9059=CARTESIAN_POINT('Ctrl Pts',(-33.7133050758326,-52.,8.65258548523129));
#9060=CARTESIAN_POINT('Ctrl Pts',(-33.5982272773981,-52.,8.53683471679688));
#9061=CARTESIAN_POINT('',(-34.4986364990473,-50.,9.12687540054321));
#9062=CARTESIAN_POINT('Ctrl Pts',(-36.2789914757013,-50.,9.61459696292877));
#9063=CARTESIAN_POINT('Ctrl Pts',(-36.2789914757013,-52.,9.61459696292877));
#9064=CARTESIAN_POINT('Ctrl Pts',(-35.8992227637509,-50.,9.52505318400398));
#9065=CARTESIAN_POINT('Ctrl Pts',(-35.8992227637509,-52.,9.52505318400398));
#9066=CARTESIAN_POINT('Ctrl Pts',(-35.2997929078755,-50.,9.38371659463685));
#9067=CARTESIAN_POINT('Ctrl Pts',(-35.2997929078755,-52.,9.38371659463685));
#9068=CARTESIAN_POINT('Ctrl Pts',(-34.7134880030546,-50.,9.19575423148556));
#9069=CARTESIAN_POINT('Ctrl Pts',(-34.7134880030546,-52.,9.19575423148556));
#9070=CARTESIAN_POINT('Ctrl Pts',(-34.4986364990473,-50.,9.12687540054321));
#9071=CARTESIAN_POINT('Ctrl Pts',(-34.4986364990473,-52.,9.12687540054321));
#9072=CARTESIAN_POINT('',(-36.2789914757013,-50.,9.61459696292877));
#9073=CARTESIAN_POINT('Ctrl Pts',(-34.4986364990473,-50.,9.12687540054321));
#9074=CARTESIAN_POINT('Ctrl Pts',(-34.7134880030546,-50.,9.19575423148556));
#9075=CARTESIAN_POINT('Ctrl Pts',(-35.2997929078755,-50.,9.38371659463685));
#9076=CARTESIAN_POINT('Ctrl Pts',(-35.8992227637509,-50.,9.52505318400398));
#9077=CARTESIAN_POINT('Ctrl Pts',(-36.2789914757013,-50.,9.61459696292877));
#9078=CARTESIAN_POINT('',(-36.2789914757013,-52.,9.61459696292877));
#9079=CARTESIAN_POINT('Ctrl Pts',(-36.2789914757013,-52.,9.61459696292877));
#9080=CARTESIAN_POINT('Ctrl Pts',(-35.8992227637509,-52.,9.52505318400398));
#9081=CARTESIAN_POINT('Ctrl Pts',(-35.2997929078755,-52.,9.38371659463685));
#9082=CARTESIAN_POINT('Ctrl Pts',(-34.7134880030546,-52.,9.19575423148556));
#9083=CARTESIAN_POINT('Ctrl Pts',(-34.4986364990473,-52.,9.12687540054321));
#9084=CARTESIAN_POINT('',(-36.2789914757013,-50.,9.61459696292877));
#9085=CARTESIAN_POINT('Ctrl Pts',(-38.2094142585993,-50.,10.2387446165085));
#9086=CARTESIAN_POINT('Ctrl Pts',(-38.2094142585993,-52.,10.2387446165085));
#9087=CARTESIAN_POINT('Ctrl Pts',(-37.9584032165877,-50.,10.1320487444255));
#9088=CARTESIAN_POINT('Ctrl Pts',(-37.9584032165877,-52.,10.1320487444255));
#9089=CARTESIAN_POINT('Ctrl Pts',(-37.3341503660672,-50.,9.86670104596253));
#9090=CARTESIAN_POINT('Ctrl Pts',(-37.3341503660672,-52.,9.86670104596253));
#9091=CARTESIAN_POINT('Ctrl Pts',(-36.6738100433392,-50.,9.70892908093284));
#9092=CARTESIAN_POINT('Ctrl Pts',(-36.6738100433392,-52.,9.70892908093284));
#9093=CARTESIAN_POINT('Ctrl Pts',(-36.2789914757013,-50.,9.61459696292877));
#9094=CARTESIAN_POINT('Ctrl Pts',(-36.2789914757013,-52.,9.61459696292877));
#9095=CARTESIAN_POINT('',(-38.2094142585993,-50.,10.2387446165085));
#9096=CARTESIAN_POINT('Ctrl Pts',(-36.2789914757013,-50.,9.61459696292877));
#9097=CARTESIAN_POINT('Ctrl Pts',(-36.6738100433392,-50.,9.70892908093284));
#9098=CARTESIAN_POINT('Ctrl Pts',(-37.3341503660672,-50.,9.86670104596253));
#9099=CARTESIAN_POINT('Ctrl Pts',(-37.9584032165877,-50.,10.1320487444255));
#9100=CARTESIAN_POINT('Ctrl Pts',(-38.2094142585993,-50.,10.2387446165085));
#9101=CARTESIAN_POINT('',(-38.2094142585993,-52.,10.2387446165085));
#9102=CARTESIAN_POINT('Ctrl Pts',(-38.2094142585993,-52.,10.2387446165085));
#9103=CARTESIAN_POINT('Ctrl Pts',(-37.9584032165877,-52.,10.1320487444255));
#9104=CARTESIAN_POINT('Ctrl Pts',(-37.3341503660672,-52.,9.86670104596253));
#9105=CARTESIAN_POINT('Ctrl Pts',(-36.6738100433392,-52.,9.70892908093284));
#9106=CARTESIAN_POINT('Ctrl Pts',(-36.2789914757013,-52.,9.61459696292877));
#9107=CARTESIAN_POINT('',(-38.2094142585993,-50.,10.2387446165085));
#9108=CARTESIAN_POINT('Ctrl Pts',(-39.2769453674555,-50.,11.1698496341705));
#9109=CARTESIAN_POINT('Ctrl Pts',(-39.2769453674555,-52.,11.1698496341705));
#9110=CARTESIAN_POINT('Ctrl Pts',(-39.1387533470524,-50.,10.9890725140308));
#9111=CARTESIAN_POINT('Ctrl Pts',(-39.1387533470524,-52.,10.9890725140308));
#9112=CARTESIAN_POINT('Ctrl Pts',(-38.8465372761956,-50.,10.6068074628801));
#9113=CARTESIAN_POINT('Ctrl Pts',(-38.8465372761956,-52.,10.6068074628801));
#9114=CARTESIAN_POINT('Ctrl Pts',(-38.4293233683388,-50.,10.3657850319986));
#9115=CARTESIAN_POINT('Ctrl Pts',(-38.4293233683388,-52.,10.3657850319986));
#9116=CARTESIAN_POINT('Ctrl Pts',(-38.2094142585993,-50.,10.2387446165085));
#9117=CARTESIAN_POINT('Ctrl Pts',(-38.2094142585993,-52.,10.2387446165085));
#9118=CARTESIAN_POINT('',(-39.2769453674555,-50.,11.1698496341705));
#9119=CARTESIAN_POINT('Ctrl Pts',(-38.2094142585993,-50.,10.2387446165085));
#9120=CARTESIAN_POINT('Ctrl Pts',(-38.4293233683388,-50.,10.3657850319986));
#9121=CARTESIAN_POINT('Ctrl Pts',(-38.8465372761956,-50.,10.6068074628801));
#9122=CARTESIAN_POINT('Ctrl Pts',(-39.1387533470524,-50.,10.9890725140308));
#9123=CARTESIAN_POINT('Ctrl Pts',(-39.2769453674555,-50.,11.1698496341705));
#9124=CARTESIAN_POINT('',(-39.2769453674555,-52.,11.1698496341705));
#9125=CARTESIAN_POINT('Ctrl Pts',(-39.2769453674555,-52.,11.1698496341705));
#9126=CARTESIAN_POINT('Ctrl Pts',(-39.1387533470524,-52.,10.9890725140308));
#9127=CARTESIAN_POINT('Ctrl Pts',(-38.8465372761956,-52.,10.6068074628801));
#9128=CARTESIAN_POINT('Ctrl Pts',(-38.4293233683388,-52.,10.3657850319986));
#9129=CARTESIAN_POINT('Ctrl Pts',(-38.2094142585993,-52.,10.2387446165085));
#9130=CARTESIAN_POINT('',(-39.2769453674555,-50.,11.1698496341705));
#9131=CARTESIAN_POINT('Ctrl Pts',(-39.6282408386469,-50.,12.4147337675095));
#9132=CARTESIAN_POINT('Ctrl Pts',(-39.6282408386469,-52.,12.4147337675095));
#9133=CARTESIAN_POINT('Ctrl Pts',(-39.6143399615013,-50.,12.1918005021216));
#9134=CARTESIAN_POINT('Ctrl Pts',(-39.6143399615013,-52.,12.1918005021216));
#9135=CARTESIAN_POINT('Ctrl Pts',(-39.5868772757204,-50.,11.7513717325311));
#9136=CARTESIAN_POINT('Ctrl Pts',(-39.5868772757204,-52.,11.7513717325311));
#9137=CARTESIAN_POINT('Ctrl Pts',(-39.3794021384573,-50.,11.3620882352161));
#9138=CARTESIAN_POINT('Ctrl Pts',(-39.3794021384573,-52.,11.3620882352161));
#9139=CARTESIAN_POINT('Ctrl Pts',(-39.2769453674555,-50.,11.1698496341705));
#9140=CARTESIAN_POINT('Ctrl Pts',(-39.2769453674555,-52.,11.1698496341705));
#9141=CARTESIAN_POINT('',(-39.6282408386469,-50.,12.4147337675095));
#9142=CARTESIAN_POINT('Ctrl Pts',(-39.2769453674555,-50.,11.1698496341705));
#9143=CARTESIAN_POINT('Ctrl Pts',(-39.3794021384573,-50.,11.3620882352161));
#9144=CARTESIAN_POINT('Ctrl Pts',(-39.5868772757204,-50.,11.7513717325311));
#9145=CARTESIAN_POINT('Ctrl Pts',(-39.6143399615013,-50.,12.1918005021216));
#9146=CARTESIAN_POINT('Ctrl Pts',(-39.6282408386469,-50.,12.4147337675095));
#9147=CARTESIAN_POINT('',(-39.6282408386469,-52.,12.4147337675095));
#9148=CARTESIAN_POINT('Ctrl Pts',(-39.6282408386469,-52.,12.4147337675095));
#9149=CARTESIAN_POINT('Ctrl Pts',(-39.6143399615013,-52.,12.1918005021216));
#9150=CARTESIAN_POINT('Ctrl Pts',(-39.5868772757204,-52.,11.7513717325311));
#9151=CARTESIAN_POINT('Ctrl Pts',(-39.3794021384573,-52.,11.3620882352161));
#9152=CARTESIAN_POINT('Ctrl Pts',(-39.2769453674555,-52.,11.1698496341705));
#9153=CARTESIAN_POINT('',(-39.6282408386469,-50.,12.4147337675095));
#9154=CARTESIAN_POINT('Ctrl Pts',(-39.198500290513,-50.,13.830149769783));
#9155=CARTESIAN_POINT('Ctrl Pts',(-39.198500290513,-52.,13.830149769783));
#9156=CARTESIAN_POINT('Ctrl Pts',(-39.3238377491996,-50.,13.6078957829442));
#9157=CARTESIAN_POINT('Ctrl Pts',(-39.3238377491996,-52.,13.6078957829442));
#9158=CARTESIAN_POINT('Ctrl Pts',(-39.5720333805001,-50.,13.1677841902044));
#9159=CARTESIAN_POINT('Ctrl Pts',(-39.5720333805001,-52.,13.1677841902044));
#9160=CARTESIAN_POINT('Ctrl Pts',(-39.6096302071904,-50.,12.6640733453346));
#9161=CARTESIAN_POINT('Ctrl Pts',(-39.6096302071904,-52.,12.6640733453346));
#9162=CARTESIAN_POINT('Ctrl Pts',(-39.6282408386469,-50.,12.4147337675095));
#9163=CARTESIAN_POINT('Ctrl Pts',(-39.6282408386469,-52.,12.4147337675095));
#9164=CARTESIAN_POINT('',(-39.198500290513,-50.,13.830149769783));
#9165=CARTESIAN_POINT('Ctrl Pts',(-39.6282408386469,-50.,12.4147337675095));
#9166=CARTESIAN_POINT('Ctrl Pts',(-39.6096302071904,-50.,12.6640733453346));
#9167=CARTESIAN_POINT('Ctrl Pts',(-39.5720333805001,-50.,13.1677841902044));
#9168=CARTESIAN_POINT('Ctrl Pts',(-39.3238377491996,-50.,13.6078957829442));
#9169=CARTESIAN_POINT('Ctrl Pts',(-39.198500290513,-50.,13.830149769783));
#9170=CARTESIAN_POINT('',(-39.198500290513,-52.,13.830149769783));
#9171=CARTESIAN_POINT('Ctrl Pts',(-39.198500290513,-52.,13.830149769783));
#9172=CARTESIAN_POINT('Ctrl Pts',(-39.3238377491996,-52.,13.6078957829442));
#9173=CARTESIAN_POINT('Ctrl Pts',(-39.5720333805001,-52.,13.1677841902044));
#9174=CARTESIAN_POINT('Ctrl Pts',(-39.6096302071904,-52.,12.6640733453346));
#9175=CARTESIAN_POINT('Ctrl Pts',(-39.6282408386469,-52.,12.4147337675095));
#9176=CARTESIAN_POINT('',(-39.198500290513,-50.,13.830149769783));
#9177=CARTESIAN_POINT('Ctrl Pts',(-37.943384423852,-50.,14.8294675350189));
#9178=CARTESIAN_POINT('Ctrl Pts',(-37.943384423852,-52.,14.8294675350189));
#9179=CARTESIAN_POINT('Ctrl Pts',(-38.1993722900436,-50.,14.7065336556526));
#9180=CARTESIAN_POINT('Ctrl Pts',(-38.1993722900436,-52.,14.7065336556526));
#9181=CARTESIAN_POINT('Ctrl Pts',(-38.6944765108099,-50.,14.4687681574086));
#9182=CARTESIAN_POINT('Ctrl Pts',(-38.6944765108099,-52.,14.4687681574086));
#9183=CARTESIAN_POINT('Ctrl Pts',(-39.0343529853717,-50.,14.0381310031371));
#9184=CARTESIAN_POINT('Ctrl Pts',(-39.0343529853717,-52.,14.0381310031371));
#9185=CARTESIAN_POINT('Ctrl Pts',(-39.198500290513,-50.,13.830149769783));
#9186=CARTESIAN_POINT('Ctrl Pts',(-39.198500290513,-52.,13.830149769783));
#9187=CARTESIAN_POINT('',(-37.943384423852,-50.,14.8294675350189));
#9188=CARTESIAN_POINT('Ctrl Pts',(-39.198500290513,-50.,13.830149769783));
#9189=CARTESIAN_POINT('Ctrl Pts',(-39.0343529853717,-50.,14.0381310031371));
#9190=CARTESIAN_POINT('Ctrl Pts',(-38.6944765108099,-50.,14.4687681574086));
#9191=CARTESIAN_POINT('Ctrl Pts',(-38.1993722900436,-50.,14.7065336556526));
#9192=CARTESIAN_POINT('Ctrl Pts',(-37.943384423852,-50.,14.8294675350189));
#9193=CARTESIAN_POINT('',(-37.943384423852,-52.,14.8294675350189));
#9194=CARTESIAN_POINT('Ctrl Pts',(-37.943384423852,-52.,14.8294675350189));
#9195=CARTESIAN_POINT('Ctrl Pts',(-38.1993722900436,-52.,14.7065336556526));
#9196=CARTESIAN_POINT('Ctrl Pts',(-38.6944765108099,-52.,14.4687681574086));
#9197=CARTESIAN_POINT('Ctrl Pts',(-39.0343529853717,-52.,14.0381310031371));
#9198=CARTESIAN_POINT('Ctrl Pts',(-39.198500290513,-52.,13.830149769783));
#9199=CARTESIAN_POINT('',(-37.943384423852,-50.,14.8294675350189));
#9200=CARTESIAN_POINT('Ctrl Pts',(-36.1084590107203,-50.,15.1705312728882));
#9201=CARTESIAN_POINT('Ctrl Pts',(-36.1084590107203,-52.,15.1705312728882));
#9202=CARTESIAN_POINT('Ctrl Pts',(-36.4326703848481,-50.,15.1581985085867));
#9203=CARTESIAN_POINT('Ctrl Pts',(-36.4326703848481,-52.,15.1581985085867));
#9204=CARTESIAN_POINT('Ctrl Pts',(-37.061288802795,-50.,15.13428632227));
#9205=CARTESIAN_POINT('Ctrl Pts',(-37.061288802795,-52.,15.13428632227));
#9206=CARTESIAN_POINT('Ctrl Pts',(-37.6555936492429,-50.,14.9289171103306));
#9207=CARTESIAN_POINT('Ctrl Pts',(-37.6555936492429,-52.,14.9289171103306));
#9208=CARTESIAN_POINT('Ctrl Pts',(-37.943384423852,-50.,14.8294675350189));
#9209=CARTESIAN_POINT('Ctrl Pts',(-37.943384423852,-52.,14.8294675350189));
#9210=CARTESIAN_POINT('',(-36.1084590107203,-50.,15.1705312728882));
#9211=CARTESIAN_POINT('Ctrl Pts',(-37.943384423852,-50.,14.8294675350189));
#9212=CARTESIAN_POINT('Ctrl Pts',(-37.6555936492429,-50.,14.9289171103306));
#9213=CARTESIAN_POINT('Ctrl Pts',(-37.061288802795,-50.,15.13428632227));
#9214=CARTESIAN_POINT('Ctrl Pts',(-36.4326703848481,-50.,15.1581985085867));
#9215=CARTESIAN_POINT('Ctrl Pts',(-36.1084590107203,-50.,15.1705312728882));
#9216=CARTESIAN_POINT('',(-36.1084590107203,-52.,15.1705312728882));
#9217=CARTESIAN_POINT('Ctrl Pts',(-36.1084590107203,-52.,15.1705312728882));
#9218=CARTESIAN_POINT('Ctrl Pts',(-36.4326703848481,-52.,15.1581985085867));
#9219=CARTESIAN_POINT('Ctrl Pts',(-37.061288802795,-52.,15.13428632227));
#9220=CARTESIAN_POINT('Ctrl Pts',(-37.6555936492429,-52.,14.9289171103306));
#9221=CARTESIAN_POINT('Ctrl Pts',(-37.943384423852,-52.,14.8294675350189));
#9222=CARTESIAN_POINT('',(-36.1084590107203,-50.,15.1705312728882));
#9223=CARTESIAN_POINT('Ctrl Pts',(-34.1473410278559,-50.,14.8124140501022));
#9224=CARTESIAN_POINT('Ctrl Pts',(-34.1473410278559,-52.,14.8124140501022));
#9225=CARTESIAN_POINT('Ctrl Pts',(-34.4495219097137,-50.,14.9167988976309));
#9226=CARTESIAN_POINT('Ctrl Pts',(-34.4495219097137,-52.,14.9167988976309));
#9227=CARTESIAN_POINT('Ctrl Pts',(-35.0844733694387,-50.,15.1361354450127));
#9228=CARTESIAN_POINT('Ctrl Pts',(-35.0844733694387,-52.,15.1361354450127));
#9229=CARTESIAN_POINT('Ctrl Pts',(-35.7563410674059,-50.,15.1587035795282));
#9230=CARTESIAN_POINT('Ctrl Pts',(-35.7563410674059,-52.,15.1587035795282));
#9231=CARTESIAN_POINT('Ctrl Pts',(-36.1084590107203,-50.,15.1705312728882));
#9232=CARTESIAN_POINT('Ctrl Pts',(-36.1084590107203,-52.,15.1705312728882));
#9233=CARTESIAN_POINT('',(-34.1473410278559,-50.,14.8124140501022));
#9234=CARTESIAN_POINT('Ctrl Pts',(-36.1084590107203,-50.,15.1705312728882));
#9235=CARTESIAN_POINT('Ctrl Pts',(-35.7563410674059,-50.,15.1587035795282));
#9236=CARTESIAN_POINT('Ctrl Pts',(-35.0844733694387,-50.,15.1361354450127));
#9237=CARTESIAN_POINT('Ctrl Pts',(-34.4495219097137,-50.,14.9167988976309));
#9238=CARTESIAN_POINT('Ctrl Pts',(-34.1473410278559,-50.,14.8124140501022));
#9239=CARTESIAN_POINT('',(-34.1473410278559,-52.,14.8124140501022));
#9240=CARTESIAN_POINT('Ctrl Pts',(-34.1473410278559,-52.,14.8124140501022));
#9241=CARTESIAN_POINT('Ctrl Pts',(-34.4495219097137,-52.,14.9167988976309));
#9242=CARTESIAN_POINT('Ctrl Pts',(-35.0844733694387,-52.,15.1361354450127));
#9243=CARTESIAN_POINT('Ctrl Pts',(-35.7563410674059,-52.,15.1587035795282));
#9244=CARTESIAN_POINT('Ctrl Pts',(-36.1084590107203,-52.,15.1705312728882));
#9245=CARTESIAN_POINT('',(-34.1473410278559,-50.,14.8124140501022));
#9246=CARTESIAN_POINT('Ctrl Pts',(-32.8410647064447,-50.,13.7585258483887));
#9247=CARTESIAN_POINT('Ctrl Pts',(-32.8410647064447,-52.,13.7585258483887));
#9248=CARTESIAN_POINT('Ctrl Pts',(-33.0134131197924,-50.,13.977895431895));
#9249=CARTESIAN_POINT('Ctrl Pts',(-33.0134131197924,-52.,13.977895431895));
#9250=CARTESIAN_POINT('Ctrl Pts',(-33.3677305911326,-50.,14.4288800078892));
#9251=CARTESIAN_POINT('Ctrl Pts',(-33.3677305911326,-52.,14.4288800078892));
#9252=CARTESIAN_POINT('Ctrl Pts',(-33.882808974537,-50.,14.6822759158172));
#9253=CARTESIAN_POINT('Ctrl Pts',(-33.882808974537,-52.,14.6822759158172));
#9254=CARTESIAN_POINT('Ctrl Pts',(-34.1473410278559,-50.,14.8124140501022));
#9255=CARTESIAN_POINT('Ctrl Pts',(-34.1473410278559,-52.,14.8124140501022));
#9256=CARTESIAN_POINT('',(-32.8410647064447,-50.,13.7585258483887));
#9257=CARTESIAN_POINT('Ctrl Pts',(-34.1473410278559,-50.,14.8124140501022));
#9258=CARTESIAN_POINT('Ctrl Pts',(-33.882808974537,-50.,14.6822759158172));
#9259=CARTESIAN_POINT('Ctrl Pts',(-33.3677305911326,-50.,14.4288800078892));
#9260=CARTESIAN_POINT('Ctrl Pts',(-33.0134131197924,-50.,13.977895431895));
#9261=CARTESIAN_POINT('Ctrl Pts',(-32.8410647064447,-50.,13.7585258483887));
#9262=CARTESIAN_POINT('',(-32.8410647064447,-52.,13.7585258483887));
#9263=CARTESIAN_POINT('Ctrl Pts',(-32.8410647064447,-52.,13.7585258483887));
#9264=CARTESIAN_POINT('Ctrl Pts',(-33.0134131197924,-52.,13.977895431895));
#9265=CARTESIAN_POINT('Ctrl Pts',(-33.3677305911326,-52.,14.4288800078892));
#9266=CARTESIAN_POINT('Ctrl Pts',(-33.882808974537,-52.,14.6822759158172));
#9267=CARTESIAN_POINT('Ctrl Pts',(-34.1473410278559,-52.,14.8124140501022));
#9268=CARTESIAN_POINT('',(-32.8410647064447,-50.,13.7585258483887));
#9269=CARTESIAN_POINT('Ctrl Pts',(-32.3499319702387,-50.,12.1828097105026));
#9270=CARTESIAN_POINT('Ctrl Pts',(-32.3499319702387,-52.,12.1828097105026));
#9271=CARTESIAN_POINT('Ctrl Pts',(-32.3777650697277,-50.,12.4666728226401));
#9272=CARTESIAN_POINT('Ctrl Pts',(-32.3777650697277,-52.,12.4666728226401));
#9273=CARTESIAN_POINT('Ctrl Pts',(-32.432616411816,-50.,13.0260885167572));
#9274=CARTESIAN_POINT('Ctrl Pts',(-32.432616411816,-52.,13.0260885167572));
#9275=CARTESIAN_POINT('Ctrl Pts',(-32.706270385017,-50.,13.5168100806798));
#9276=CARTESIAN_POINT('Ctrl Pts',(-32.706270385017,-52.,13.5168100806798));
#9277=CARTESIAN_POINT('Ctrl Pts',(-32.8410647064447,-50.,13.7585258483887));
#9278=CARTESIAN_POINT('Ctrl Pts',(-32.8410647064447,-52.,13.7585258483887));
#9279=CARTESIAN_POINT('',(-32.3499319702387,-50.,12.1828097105026));
#9280=CARTESIAN_POINT('Ctrl Pts',(-32.8410647064447,-50.,13.7585258483887));
#9281=CARTESIAN_POINT('Ctrl Pts',(-32.706270385017,-50.,13.5168100806798));
#9282=CARTESIAN_POINT('Ctrl Pts',(-32.432616411816,-50.,13.0260885167572));
#9283=CARTESIAN_POINT('Ctrl Pts',(-32.3777650697277,-50.,12.4666728226401));
#9284=CARTESIAN_POINT('Ctrl Pts',(-32.3499319702387,-50.,12.1828097105026));
#9285=CARTESIAN_POINT('',(-32.3499319702387,-52.,12.1828097105026));
#9286=CARTESIAN_POINT('Ctrl Pts',(-32.3499319702387,-52.,12.1828097105026));
#9287=CARTESIAN_POINT('Ctrl Pts',(-32.3777650697277,-52.,12.4666728226401));
#9288=CARTESIAN_POINT('Ctrl Pts',(-32.432616411816,-52.,13.0260885167572));
#9289=CARTESIAN_POINT('Ctrl Pts',(-32.706270385017,-52.,13.5168100806798));
#9290=CARTESIAN_POINT('Ctrl Pts',(-32.8410647064447,-52.,13.7585258483887));
#9291=CARTESIAN_POINT('',(-32.3499319702387,-50.,12.1828097105026));
#9292=CARTESIAN_POINT('Origin',(-33.6186907440424,-50.,12.0873117446899));
#9293=CARTESIAN_POINT('',(-33.6186907440424,-50.,12.0873117446899));
#9294=CARTESIAN_POINT('',(-42.2155396337617,-50.,11.4402371405034));
#9295=CARTESIAN_POINT('',(-33.6186907440424,-52.,12.0873117446899));
#9296=CARTESIAN_POINT('',(-32.3499319702387,-52.,12.1828097105026));
#9297=CARTESIAN_POINT('',(-33.6186907440424,-50.,12.0873117446899));
#9298=CARTESIAN_POINT('Ctrl Pts',(-34.311051145196,-50.,13.5197812318802));
#9299=CARTESIAN_POINT('Ctrl Pts',(-34.311051145196,-52.,13.5197812318802));
#9300=CARTESIAN_POINT('Ctrl Pts',(-34.1339054455062,-50.,13.3302213663204));
#9301=CARTESIAN_POINT('Ctrl Pts',(-34.1339054455062,-52.,13.3302213663204));
#9302=CARTESIAN_POINT('Ctrl Pts',(-33.7561889056312,-50.,12.9260348879368));
#9303=CARTESIAN_POINT('Ctrl Pts',(-33.7561889056312,-52.,12.9260348879368));
#9304=CARTESIAN_POINT('Ctrl Pts',(-33.6663800465323,-50.,12.3782110645165));
#9305=CARTESIAN_POINT('Ctrl Pts',(-33.6663800465323,-52.,12.3782110645165));
#9306=CARTESIAN_POINT('Ctrl Pts',(-33.6186907440424,-50.,12.0873117446899));
#9307=CARTESIAN_POINT('Ctrl Pts',(-33.6186907440424,-52.,12.0873117446899));
#9308=CARTESIAN_POINT('',(-34.311051145196,-50.,13.5197812318802));
#9309=CARTESIAN_POINT('Ctrl Pts',(-33.6186907440424,-50.,12.0873117446899));
#9310=CARTESIAN_POINT('Ctrl Pts',(-33.6663800465323,-50.,12.3782110645165));
#9311=CARTESIAN_POINT('Ctrl Pts',(-33.7561889056312,-50.,12.9260348879368));
#9312=CARTESIAN_POINT('Ctrl Pts',(-34.1339054455062,-50.,13.3302213663204));
#9313=CARTESIAN_POINT('Ctrl Pts',(-34.311051145196,-50.,13.5197812318802));
#9314=CARTESIAN_POINT('',(-34.311051145196,-52.,13.5197812318802));
#9315=CARTESIAN_POINT('Ctrl Pts',(-34.311051145196,-52.,13.5197812318802));
#9316=CARTESIAN_POINT('Ctrl Pts',(-34.1339054455062,-52.,13.3302213663204));
#9317=CARTESIAN_POINT('Ctrl Pts',(-33.7561889056312,-52.,12.9260348879368));
#9318=CARTESIAN_POINT('Ctrl Pts',(-33.6663800465323,-52.,12.3782110645165));
#9319=CARTESIAN_POINT('Ctrl Pts',(-33.6186907440424,-52.,12.0873117446899));
#9320=CARTESIAN_POINT('',(-34.311051145196,-50.,13.5197812318802));
#9321=CARTESIAN_POINT('Ctrl Pts',(-36.053889170289,-50.,14.0040922164917));
#9322=CARTESIAN_POINT('Ctrl Pts',(-36.053889170289,-52.,14.0040922164917));
#9323=CARTESIAN_POINT('Ctrl Pts',(-35.7073252138368,-50.,13.9945240430859));
#9324=CARTESIAN_POINT('Ctrl Pts',(-35.7073252138368,-52.,13.9945240430859));
#9325=CARTESIAN_POINT('Ctrl Pts',(-35.083316018466,-50.,13.9772959728352));
#9326=CARTESIAN_POINT('Ctrl Pts',(-35.083316018466,-52.,13.9772959728352));
#9327=CARTESIAN_POINT('Ctrl Pts',(-34.5487350525825,-50.,13.6605928822362));
#9328=CARTESIAN_POINT('Ctrl Pts',(-34.5487350525825,-52.,13.6605928822362));
#9329=CARTESIAN_POINT('Ctrl Pts',(-34.311051145196,-50.,13.5197812318802));
#9330=CARTESIAN_POINT('Ctrl Pts',(-34.311051145196,-52.,13.5197812318802));
#9331=CARTESIAN_POINT('',(-36.053889170289,-50.,14.0040922164917));
#9332=CARTESIAN_POINT('Ctrl Pts',(-34.311051145196,-50.,13.5197812318802));
#9333=CARTESIAN_POINT('Ctrl Pts',(-34.5487350525825,-50.,13.6605928822362));
#9334=CARTESIAN_POINT('Ctrl Pts',(-35.083316018466,-50.,13.9772959728352));
#9335=CARTESIAN_POINT('Ctrl Pts',(-35.7073252138368,-50.,13.9945240430859));
#9336=CARTESIAN_POINT('Ctrl Pts',(-36.053889170289,-50.,14.0040922164917));
#9337=CARTESIAN_POINT('',(-36.053889170289,-52.,14.0040922164917));
#9338=CARTESIAN_POINT('Ctrl Pts',(-36.053889170289,-52.,14.0040922164917));
#9339=CARTESIAN_POINT('Ctrl Pts',(-35.7073252138368,-52.,13.9945240430859));
#9340=CARTESIAN_POINT('Ctrl Pts',(-35.083316018466,-52.,13.9772959728352));
#9341=CARTESIAN_POINT('Ctrl Pts',(-34.5487350525825,-52.,13.6605928822362));
#9342=CARTESIAN_POINT('Ctrl Pts',(-34.311051145196,-52.,13.5197812318802));
#9343=CARTESIAN_POINT('',(-36.053889170289,-50.,14.0040922164917));
#9344=CARTESIAN_POINT('Ctrl Pts',(-37.8035483509302,-50.,13.5641193389893));
#9345=CARTESIAN_POINT('Ctrl Pts',(-37.8035483509302,-52.,13.5641193389893));
#9346=CARTESIAN_POINT('Ctrl Pts',(-37.5711162480121,-50.,13.6918012634866));
#9347=CARTESIAN_POINT('Ctrl Pts',(-37.5711162480121,-52.,13.6918012634866));
#9348=CARTESIAN_POINT('Ctrl Pts',(-37.0296029183421,-50.,13.9892707748199));
#9349=CARTESIAN_POINT('Ctrl Pts',(-37.0296029183421,-52.,13.9892707748199));
#9350=CARTESIAN_POINT('Ctrl Pts',(-36.408435058139,-50.,13.998706537334));
#9351=CARTESIAN_POINT('Ctrl Pts',(-36.408435058139,-52.,13.998706537334));
#9352=CARTESIAN_POINT('Ctrl Pts',(-36.053889170289,-50.,14.0040922164917));
#9353=CARTESIAN_POINT('Ctrl Pts',(-36.053889170289,-52.,14.0040922164917));
#9354=CARTESIAN_POINT('',(-37.8035483509302,-50.,13.5641193389893));
#9355=CARTESIAN_POINT('Ctrl Pts',(-36.053889170289,-50.,14.0040922164917));
#9356=CARTESIAN_POINT('Ctrl Pts',(-36.408435058139,-50.,13.998706537334));
#9357=CARTESIAN_POINT('Ctrl Pts',(-37.0296029183421,-50.,13.9892707748199));
#9358=CARTESIAN_POINT('Ctrl Pts',(-37.5711162480121,-50.,13.6918012634866));
#9359=CARTESIAN_POINT('Ctrl Pts',(-37.8035483509302,-50.,13.5641193389893));
#9360=CARTESIAN_POINT('',(-37.8035483509302,-52.,13.5641193389893));
#9361=CARTESIAN_POINT('Ctrl Pts',(-37.8035483509302,-52.,13.5641193389893));
#9362=CARTESIAN_POINT('Ctrl Pts',(-37.5711162480121,-52.,13.6918012634866));
#9363=CARTESIAN_POINT('Ctrl Pts',(-37.0296029183421,-52.,13.9892707748199));
#9364=CARTESIAN_POINT('Ctrl Pts',(-36.408435058139,-52.,13.998706537334));
#9365=CARTESIAN_POINT('Ctrl Pts',(-36.053889170289,-52.,14.0040922164917));
#9366=CARTESIAN_POINT('',(-37.8035483509302,-50.,13.5641193389893));
#9367=CARTESIAN_POINT('Ctrl Pts',(-38.3526609092951,-50.,12.5034099817276));
#9368=CARTESIAN_POINT('Ctrl Pts',(-38.3526609092951,-52.,12.5034099817276));
#9369=CARTESIAN_POINT('Ctrl Pts',(-38.3266255945307,-50.,12.7052527332878));
#9370=CARTESIAN_POINT('Ctrl Pts',(-38.3266255945307,-52.,12.7052527332878));
#9371=CARTESIAN_POINT('Ctrl Pts',(-38.2725882040082,-50.,13.1241858512042));
#9372=CARTESIAN_POINT('Ctrl Pts',(-38.2725882040082,-52.,13.1241858512042));
#9373=CARTESIAN_POINT('Ctrl Pts',(-37.9636431211049,-50.,13.4139592829579));
#9374=CARTESIAN_POINT('Ctrl Pts',(-37.9636431211049,-52.,13.4139592829579));
#9375=CARTESIAN_POINT('Ctrl Pts',(-37.8035483509302,-50.,13.5641193389893));
#9376=CARTESIAN_POINT('Ctrl Pts',(-37.8035483509302,-52.,13.5641193389893));
#9377=CARTESIAN_POINT('',(-38.3526609092951,-50.,12.5034099817276));
#9378=CARTESIAN_POINT('Ctrl Pts',(-37.8035483509302,-50.,13.5641193389893));
#9379=CARTESIAN_POINT('Ctrl Pts',(-37.9636431211049,-50.,13.4139592829579));
#9380=CARTESIAN_POINT('Ctrl Pts',(-38.2725882040082,-50.,13.1241858512042));
#9381=CARTESIAN_POINT('Ctrl Pts',(-38.3266255945307,-50.,12.7052527332878));
#9382=CARTESIAN_POINT('Ctrl Pts',(-38.3526609092951,-50.,12.5034099817276));
#9383=CARTESIAN_POINT('',(-38.3526609092951,-52.,12.5034099817276));
#9384=CARTESIAN_POINT('Ctrl Pts',(-38.3526609092951,-52.,12.5034099817276));
#9385=CARTESIAN_POINT('Ctrl Pts',(-38.3266255945307,-52.,12.7052527332878));
#9386=CARTESIAN_POINT('Ctrl Pts',(-38.2725882040082,-52.,13.1241858512042));
#9387=CARTESIAN_POINT('Ctrl Pts',(-37.9636431211049,-52.,13.4139592829579));
#9388=CARTESIAN_POINT('Ctrl Pts',(-37.8035483509302,-52.,13.5641193389893));
#9389=CARTESIAN_POINT('',(-38.3526609092951,-50.,12.5034099817276));
#9390=CARTESIAN_POINT('Ctrl Pts',(-37.9638478904963,-50.,11.6166436672211));
#9391=CARTESIAN_POINT('Ctrl Pts',(-37.9638478904963,-52.,11.6166436672211));
#9392=CARTESIAN_POINT('Ctrl Pts',(-38.0772489459779,-50.,11.7413796873915));
#9393=CARTESIAN_POINT('Ctrl Pts',(-38.0772489459779,-52.,11.7413796873915));
#9394=CARTESIAN_POINT('Ctrl Pts',(-38.306166514176,-50.,11.9931786347897));
#9395=CARTESIAN_POINT('Ctrl Pts',(-38.306166514176,-52.,11.9931786347897));
#9396=CARTESIAN_POINT('Ctrl Pts',(-38.3370675906236,-50.,12.332288280529));
#9397=CARTESIAN_POINT('Ctrl Pts',(-38.3370675906236,-52.,12.332288280529));
#9398=CARTESIAN_POINT('Ctrl Pts',(-38.3526609092951,-50.,12.5034099817276));
#9399=CARTESIAN_POINT('Ctrl Pts',(-38.3526609092951,-52.,12.5034099817276));
#9400=CARTESIAN_POINT('',(-37.9638478904963,-50.,11.6166436672211));
#9401=CARTESIAN_POINT('Ctrl Pts',(-38.3526609092951,-50.,12.5034099817276));
#9402=CARTESIAN_POINT('Ctrl Pts',(-38.3370675906236,-50.,12.332288280529));
#9403=CARTESIAN_POINT('Ctrl Pts',(-38.306166514176,-50.,11.9931786347897));
#9404=CARTESIAN_POINT('Ctrl Pts',(-38.0772489459779,-50.,11.7413796873915));
#9405=CARTESIAN_POINT('Ctrl Pts',(-37.9638478904963,-50.,11.6166436672211));
#9406=CARTESIAN_POINT('',(-37.9638478904963,-52.,11.6166436672211));
#9407=CARTESIAN_POINT('Ctrl Pts',(-37.9638478904963,-52.,11.6166436672211));
#9408=CARTESIAN_POINT('Ctrl Pts',(-38.0772489459779,-52.,11.7413796873915));
#9409=CARTESIAN_POINT('Ctrl Pts',(-38.306166514176,-52.,11.9931786347897));
#9410=CARTESIAN_POINT('Ctrl Pts',(-38.3370675906236,-52.,12.332288280529));
#9411=CARTESIAN_POINT('Ctrl Pts',(-38.3526609092951,-52.,12.5034099817276));
#9412=CARTESIAN_POINT('',(-37.9638478904963,-50.,11.6166436672211));
#9413=CARTESIAN_POINT('Ctrl Pts',(-35.9686229377985,-50.,10.9038197994232));
#9414=CARTESIAN_POINT('Ctrl Pts',(-35.9686229377985,-52.,10.9038197994232));
#9415=CARTESIAN_POINT('Ctrl Pts',(-36.4142804397365,-50.,10.9969941364486));
#9416=CARTESIAN_POINT('Ctrl Pts',(-36.4142804397365,-52.,10.9969941364486));
#9417=CARTESIAN_POINT('Ctrl Pts',(-37.1147924674055,-50.,11.1434513226791));
#9418=CARTESIAN_POINT('Ctrl Pts',(-37.1147924674055,-52.,11.1434513226791));
#9419=CARTESIAN_POINT('Ctrl Pts',(-37.7373530269268,-50.,11.4904144098553));
#9420=CARTESIAN_POINT('Ctrl Pts',(-37.7373530269268,-52.,11.4904144098553));
#9421=CARTESIAN_POINT('Ctrl Pts',(-37.9638478904963,-50.,11.6166436672211));
#9422=CARTESIAN_POINT('Ctrl Pts',(-37.9638478904963,-52.,11.6166436672211));
#9423=CARTESIAN_POINT('',(-35.9686229377985,-50.,10.9038197994232));
#9424=CARTESIAN_POINT('Ctrl Pts',(-37.9638478904963,-50.,11.6166436672211));
#9425=CARTESIAN_POINT('Ctrl Pts',(-37.7373530269268,-50.,11.4904144098553));
#9426=CARTESIAN_POINT('Ctrl Pts',(-37.1147924674055,-50.,11.1434513226791));
#9427=CARTESIAN_POINT('Ctrl Pts',(-36.4142804397365,-50.,10.9969941364486));
#9428=CARTESIAN_POINT('Ctrl Pts',(-35.9686229377985,-50.,10.9038197994232));
#9429=CARTESIAN_POINT('',(-35.9686229377985,-52.,10.9038197994232));
#9430=CARTESIAN_POINT('Ctrl Pts',(-35.9686229377985,-52.,10.9038197994232));
#9431=CARTESIAN_POINT('Ctrl Pts',(-36.4142804397365,-52.,10.9969941364486));
#9432=CARTESIAN_POINT('Ctrl Pts',(-37.1147924674055,-52.,11.1434513226791));
#9433=CARTESIAN_POINT('Ctrl Pts',(-37.7373530269268,-52.,11.4904144098553));
#9434=CARTESIAN_POINT('Ctrl Pts',(-37.9638478904963,-52.,11.6166436672211));
#9435=CARTESIAN_POINT('',(-35.9686229377985,-50.,10.9038197994232));
#9436=CARTESIAN_POINT('Ctrl Pts',(-33.7551162391901,-50.,10.2660298347473));
#9437=CARTESIAN_POINT('Ctrl Pts',(-33.7551162391901,-52.,10.2660298347473));
#9438=CARTESIAN_POINT('Ctrl Pts',(-34.0381472692542,-50.,10.3695917684705));
#9439=CARTESIAN_POINT('Ctrl Pts',(-34.0381472692542,-52.,10.3695917684705));
#9440=CARTESIAN_POINT('Ctrl Pts',(-34.7605457063392,-50.,10.6339196022286));
#9441=CARTESIAN_POINT('Ctrl Pts',(-34.7605457063392,-52.,10.6339196022286));
#9442=CARTESIAN_POINT('Ctrl Pts',(-35.5117410597848,-50.,10.8017464337812));
#9443=CARTESIAN_POINT('Ctrl Pts',(-35.5117410597848,-52.,10.8017464337812));
#9444=CARTESIAN_POINT('Ctrl Pts',(-35.9686229377985,-50.,10.9038197994232));
#9445=CARTESIAN_POINT('Ctrl Pts',(-35.9686229377985,-52.,10.9038197994232));
#9446=CARTESIAN_POINT('',(-33.7551162391901,-50.,10.2660298347473));
#9447=CARTESIAN_POINT('Ctrl Pts',(-35.9686229377985,-50.,10.9038197994232));
#9448=CARTESIAN_POINT('Ctrl Pts',(-35.5117410597848,-50.,10.8017464337812));
#9449=CARTESIAN_POINT('Ctrl Pts',(-34.7605457063392,-50.,10.6339196022286));
#9450=CARTESIAN_POINT('Ctrl Pts',(-34.0381472692542,-50.,10.3695917684705));
#9451=CARTESIAN_POINT('Ctrl Pts',(-33.7551162391901,-50.,10.2660298347473));
#9452=CARTESIAN_POINT('',(-33.7551162391901,-52.,10.2660298347473));
#9453=CARTESIAN_POINT('Ctrl Pts',(-33.7551162391901,-52.,10.2660298347473));
#9454=CARTESIAN_POINT('Ctrl Pts',(-34.0381472692542,-52.,10.3695917684705));
#9455=CARTESIAN_POINT('Ctrl Pts',(-34.7605457063392,-52.,10.6339196022286));
#9456=CARTESIAN_POINT('Ctrl Pts',(-35.5117410597848,-52.,10.8017464337812));
#9457=CARTESIAN_POINT('Ctrl Pts',(-35.9686229377985,-52.,10.9038197994232));
#9458=CARTESIAN_POINT('',(-33.7551162391901,-50.,10.2660298347473));
#9459=CARTESIAN_POINT('Ctrl Pts',(-32.4658939987421,-50.,9.24624800682068));
#9460=CARTESIAN_POINT('Ctrl Pts',(-32.4658939987421,-52.,9.24624800682068));
#9461=CARTESIAN_POINT('Ctrl Pts',(-32.6323456306875,-50.,9.44693448990481));
#9462=CARTESIAN_POINT('Ctrl Pts',(-32.6323456306875,-52.,9.44693448990481));
#9463=CARTESIAN_POINT('Ctrl Pts',(-32.9892340579195,-50.,9.87722575516634));
#9464=CARTESIAN_POINT('Ctrl Pts',(-32.9892340579195,-52.,9.87722575516634));
#9465=CARTESIAN_POINT('Ctrl Pts',(-33.4886345530417,-50.,10.1307490184));
#9466=CARTESIAN_POINT('Ctrl Pts',(-33.4886345530417,-52.,10.1307490184));
#9467=CARTESIAN_POINT('Ctrl Pts',(-33.7551162391901,-50.,10.2660298347473));
#9468=CARTESIAN_POINT('Ctrl Pts',(-33.7551162391901,-52.,10.2660298347473));
#9469=CARTESIAN_POINT('',(-32.4658939987421,-50.,9.24624800682068));
#9470=CARTESIAN_POINT('Ctrl Pts',(-33.7551162391901,-50.,10.2660298347473));
#9471=CARTESIAN_POINT('Ctrl Pts',(-33.4886345530417,-50.,10.1307490184));
#9472=CARTESIAN_POINT('Ctrl Pts',(-32.9892340579195,-50.,9.87722575516634));
#9473=CARTESIAN_POINT('Ctrl Pts',(-32.6323456306875,-50.,9.44693448990481));
#9474=CARTESIAN_POINT('Ctrl Pts',(-32.4658939987421,-50.,9.24624800682068));
#9475=CARTESIAN_POINT('',(-32.4658939987421,-52.,9.24624800682068));
#9476=CARTESIAN_POINT('Ctrl Pts',(-32.4658939987421,-52.,9.24624800682068));
#9477=CARTESIAN_POINT('Ctrl Pts',(-32.6323456306875,-52.,9.44693448990481));
#9478=CARTESIAN_POINT('Ctrl Pts',(-32.9892340579195,-52.,9.87722575516634));
#9479=CARTESIAN_POINT('Ctrl Pts',(-33.4886345530417,-52.,10.1307490184));
#9480=CARTESIAN_POINT('Ctrl Pts',(-33.7551162391901,-52.,10.2660298347473));
#9481=CARTESIAN_POINT('',(-32.4658939987421,-50.,9.24624800682068));
#9482=CARTESIAN_POINT('Ctrl Pts',(-32.0497963577509,-50.,7.82401084899902));
#9483=CARTESIAN_POINT('Ctrl Pts',(-32.0497963577509,-52.,7.82401084899902));
#9484=CARTESIAN_POINT('Ctrl Pts',(-32.0656423967202,-50.,8.08225619586204));
#9485=CARTESIAN_POINT('Ctrl Pts',(-32.0656423967202,-52.,8.08225619586204));
#9486=CARTESIAN_POINT('Ctrl Pts',(-32.0966875042925,-50.,8.58820311350631));
#9487=CARTESIAN_POINT('Ctrl Pts',(-32.0966875042925,-52.,8.58820311350631));
#9488=CARTESIAN_POINT('Ctrl Pts',(-32.3445469383786,-50.,9.02996845976144));
#9489=CARTESIAN_POINT('Ctrl Pts',(-32.3445469383786,-52.,9.02996845976144));
#9490=CARTESIAN_POINT('Ctrl Pts',(-32.4658939987421,-50.,9.24624800682068));
#9491=CARTESIAN_POINT('Ctrl Pts',(-32.4658939987421,-52.,9.24624800682068));
#9492=CARTESIAN_POINT('',(-32.0497963577509,-50.,7.82401084899902));
#9493=CARTESIAN_POINT('Ctrl Pts',(-32.4658939987421,-50.,9.24624800682068));
#9494=CARTESIAN_POINT('Ctrl Pts',(-32.3445469383786,-50.,9.02996845976144));
#9495=CARTESIAN_POINT('Ctrl Pts',(-32.0966875042925,-50.,8.58820311350631));
#9496=CARTESIAN_POINT('Ctrl Pts',(-32.0656423967202,-50.,8.08225619586204));
#9497=CARTESIAN_POINT('Ctrl Pts',(-32.0497963577509,-50.,7.82401084899902));
#9498=CARTESIAN_POINT('',(-32.0497963577509,-52.,7.82401084899902));
#9499=CARTESIAN_POINT('Ctrl Pts',(-32.0497963577509,-52.,7.82401084899902));
#9500=CARTESIAN_POINT('Ctrl Pts',(-32.0656423967202,-52.,8.08225619586204));
#9501=CARTESIAN_POINT('Ctrl Pts',(-32.0966875042925,-52.,8.58820311350631));
#9502=CARTESIAN_POINT('Ctrl Pts',(-32.3445469383786,-52.,9.02996845976144));
#9503=CARTESIAN_POINT('Ctrl Pts',(-32.4658939987421,-52.,9.24624800682068));
#9504=CARTESIAN_POINT('',(-32.0497963577509,-50.,7.82401084899902));
#9505=CARTESIAN_POINT('Ctrl Pts',(-32.5068221241236,-50.,6.31991744041443));
#9506=CARTESIAN_POINT('Ctrl Pts',(-32.5068221241236,-52.,6.31991744041443));
#9507=CARTESIAN_POINT('Ctrl Pts',(-32.3735302898436,-50.,6.55718435790204));
#9508=CARTESIAN_POINT('Ctrl Pts',(-32.3735302898436,-52.,6.55718435790204));
#9509=CARTESIAN_POINT('Ctrl Pts',(-32.1106099027613,-50.,7.02519734702956));
#9510=CARTESIAN_POINT('Ctrl Pts',(-32.1106099027613,-52.,7.02519734702956));
#9511=CARTESIAN_POINT('Ctrl Pts',(-32.0698783679909,-50.,7.56022453422847));
#9512=CARTESIAN_POINT('Ctrl Pts',(-32.0698783679909,-52.,7.56022453422847));
#9513=CARTESIAN_POINT('Ctrl Pts',(-32.0497963577509,-50.,7.82401084899902));
#9514=CARTESIAN_POINT('Ctrl Pts',(-32.0497963577509,-52.,7.82401084899902));
#9515=CARTESIAN_POINT('',(-32.5068221241236,-50.,6.31991744041443));
#9516=CARTESIAN_POINT('Ctrl Pts',(-32.0497963577509,-50.,7.82401084899902));
#9517=CARTESIAN_POINT('Ctrl Pts',(-32.0698783679909,-50.,7.56022453422847));
#9518=CARTESIAN_POINT('Ctrl Pts',(-32.1106099027613,-50.,7.02519734702956));
#9519=CARTESIAN_POINT('Ctrl Pts',(-32.3735302898436,-50.,6.55718435790204));
#9520=CARTESIAN_POINT('Ctrl Pts',(-32.5068221241236,-50.,6.31991744041443));
#9521=CARTESIAN_POINT('',(-32.5068221241236,-52.,6.31991744041443));
#9522=CARTESIAN_POINT('Ctrl Pts',(-32.5068221241236,-52.,6.31991744041443));
#9523=CARTESIAN_POINT('Ctrl Pts',(-32.3735302898436,-52.,6.55718435790204));
#9524=CARTESIAN_POINT('Ctrl Pts',(-32.1106099027613,-52.,7.02519734702956));
#9525=CARTESIAN_POINT('Ctrl Pts',(-32.0698783679909,-52.,7.56022453422847));
#9526=CARTESIAN_POINT('Ctrl Pts',(-32.0497963577509,-52.,7.82401084899902));
#9527=CARTESIAN_POINT('',(-32.5068221241236,-50.,6.31991744041443));
#9528=CARTESIAN_POINT('Ctrl Pts',(-33.8199184089899,-50.,5.2216911315918));
#9529=CARTESIAN_POINT('Ctrl Pts',(-33.8199184089899,-52.,5.2216911315918));
#9530=CARTESIAN_POINT('Ctrl Pts',(-33.5536439014859,-50.,5.36178581503127));
#9531=CARTESIAN_POINT('Ctrl Pts',(-33.5536439014859,-52.,5.36178581503127));
#9532=CARTESIAN_POINT('Ctrl Pts',(-33.0365945011321,-50.,5.63382038846495));
#9533=CARTESIAN_POINT('Ctrl Pts',(-33.0365945011321,-52.,5.63382038846495));
#9534=CARTESIAN_POINT('Ctrl Pts',(-32.6798481826307,-50.,6.09583503483009));
#9535=CARTESIAN_POINT('Ctrl Pts',(-32.6798481826307,-52.,6.09583503483009));
#9536=CARTESIAN_POINT('Ctrl Pts',(-32.5068221241236,-50.,6.31991744041443));
#9537=CARTESIAN_POINT('Ctrl Pts',(-32.5068221241236,-52.,6.31991744041443));
#9538=CARTESIAN_POINT('',(-33.8199184089899,-50.,5.2216911315918));
#9539=CARTESIAN_POINT('Ctrl Pts',(-32.5068221241236,-50.,6.31991744041443));
#9540=CARTESIAN_POINT('Ctrl Pts',(-32.6798481826307,-50.,6.09583503483009));
#9541=CARTESIAN_POINT('Ctrl Pts',(-33.0365945011321,-50.,5.63382038846495));
#9542=CARTESIAN_POINT('Ctrl Pts',(-33.5536439014859,-50.,5.36178581503127));
#9543=CARTESIAN_POINT('Ctrl Pts',(-33.8199184089899,-50.,5.2216911315918));
#9544=CARTESIAN_POINT('',(-33.8199184089899,-52.,5.2216911315918));
#9545=CARTESIAN_POINT('Ctrl Pts',(-33.8199184089899,-52.,5.2216911315918));
#9546=CARTESIAN_POINT('Ctrl Pts',(-33.5536439014859,-52.,5.36178581503127));
#9547=CARTESIAN_POINT('Ctrl Pts',(-33.0365945011321,-52.,5.63382038846495));
#9548=CARTESIAN_POINT('Ctrl Pts',(-32.6798481826307,-52.,6.09583503483009));
#9549=CARTESIAN_POINT('Ctrl Pts',(-32.5068221241236,-52.,6.31991744041443));
#9550=CARTESIAN_POINT('',(-33.8199184089899,-50.,5.2216911315918));
#9551=CARTESIAN_POINT('Ctrl Pts',(-35.7469318062067,-50.,4.82946753501892));
#9552=CARTESIAN_POINT('Ctrl Pts',(-35.7469318062067,-52.,4.82946753501892));
#9553=CARTESIAN_POINT('Ctrl Pts',(-35.4039950708529,-50.,4.84352478254307));
#9554=CARTESIAN_POINT('Ctrl Pts',(-35.4039950708529,-52.,4.84352478254307));
#9555=CARTESIAN_POINT('Ctrl Pts',(-34.7401943681609,-50.,4.87073449740439));
#9556=CARTESIAN_POINT('Ctrl Pts',(-34.7401943681609,-52.,4.87073449740439));
#9557=CARTESIAN_POINT('Ctrl Pts',(-34.1198005965945,-50.,5.10732799718018));
#9558=CARTESIAN_POINT('Ctrl Pts',(-34.1198005965945,-52.,5.10732799718018));
#9559=CARTESIAN_POINT('Ctrl Pts',(-33.8199184089899,-50.,5.2216911315918));
#9560=CARTESIAN_POINT('Ctrl Pts',(-33.8199184089899,-52.,5.2216911315918));
#9561=CARTESIAN_POINT('',(-35.7469318062067,-50.,4.82946753501892));
#9562=CARTESIAN_POINT('Ctrl Pts',(-33.8199184089899,-50.,5.2216911315918));
#9563=CARTESIAN_POINT('Ctrl Pts',(-34.1198005965945,-50.,5.10732799718018));
#9564=CARTESIAN_POINT('Ctrl Pts',(-34.7401943681609,-50.,4.87073449740439));
#9565=CARTESIAN_POINT('Ctrl Pts',(-35.4039950708529,-50.,4.84352478254307));
#9566=CARTESIAN_POINT('Ctrl Pts',(-35.7469318062067,-50.,4.82946753501892));
#9567=CARTESIAN_POINT('',(-35.7469318062067,-52.,4.82946753501892));
#9568=CARTESIAN_POINT('Ctrl Pts',(-35.7469318062067,-52.,4.82946753501892));
#9569=CARTESIAN_POINT('Ctrl Pts',(-35.4039950708529,-52.,4.84352478254307));
#9570=CARTESIAN_POINT('Ctrl Pts',(-34.7401943681609,-52.,4.87073449740439));
#9571=CARTESIAN_POINT('Ctrl Pts',(-34.1198005965945,-52.,5.10732799718018));
#9572=CARTESIAN_POINT('Ctrl Pts',(-33.8199184089899,-52.,5.2216911315918));
#9573=CARTESIAN_POINT('',(-35.7469318062067,-50.,4.82946753501892));
#9574=CARTESIAN_POINT('Ctrl Pts',(-38.021828904748,-50.,5.22510170936584));
#9575=CARTESIAN_POINT('Ctrl Pts',(-38.021828904748,-52.,5.22510170936584));
#9576=CARTESIAN_POINT('Ctrl Pts',(-37.6823116312244,-50.,5.10989596527639));
#9577=CARTESIAN_POINT('Ctrl Pts',(-37.6823116312244,-52.,5.10989596527639));
#9578=CARTESIAN_POINT('Ctrl Pts',(-36.9455251647872,-50.,4.85988796945336));
#9579=CARTESIAN_POINT('Ctrl Pts',(-36.9455251647872,-52.,4.85988796945336));
#9580=CARTESIAN_POINT('Ctrl Pts',(-36.1668090955343,-50.,4.84012406791147));
#9581=CARTESIAN_POINT('Ctrl Pts',(-36.1668090955343,-52.,4.84012406791147));
#9582=CARTESIAN_POINT('Ctrl Pts',(-35.7469318062067,-50.,4.82946753501892));
#9583=CARTESIAN_POINT('Ctrl Pts',(-35.7469318062067,-52.,4.82946753501892));
#9584=CARTESIAN_POINT('',(-38.021828904748,-50.,5.22510170936584));
#9585=CARTESIAN_POINT('Ctrl Pts',(-35.7469318062067,-50.,4.82946753501892));
#9586=CARTESIAN_POINT('Ctrl Pts',(-36.1668090955343,-50.,4.84012406791147));
#9587=CARTESIAN_POINT('Ctrl Pts',(-36.9455251647872,-50.,4.85988796945336));
#9588=CARTESIAN_POINT('Ctrl Pts',(-37.6823116312244,-50.,5.10989596527639));
#9589=CARTESIAN_POINT('Ctrl Pts',(-38.021828904748,-50.,5.22510170936584));
#9590=CARTESIAN_POINT('',(-38.021828904748,-52.,5.22510170936584));
#9591=CARTESIAN_POINT('Ctrl Pts',(-38.021828904748,-52.,5.22510170936584));
#9592=CARTESIAN_POINT('Ctrl Pts',(-37.6823116312244,-52.,5.10989596527639));
#9593=CARTESIAN_POINT('Ctrl Pts',(-36.9455251647872,-52.,4.85988796945336));
#9594=CARTESIAN_POINT('Ctrl Pts',(-36.1668090955343,-52.,4.84012406791147));
#9595=CARTESIAN_POINT('Ctrl Pts',(-35.7469318062067,-52.,4.82946753501892));
#9596=CARTESIAN_POINT('',(-38.021828904748,-50.,5.22510170936584));
#9597=CARTESIAN_POINT('Ctrl Pts',(-39.4611195474863,-50.,6.41541600227356));
#9598=CARTESIAN_POINT('Ctrl Pts',(-39.4611195474863,-52.,6.41541600227356));
#9599=CARTESIAN_POINT('Ctrl Pts',(-39.2687149178433,-50.,6.1663051024689));
#9600=CARTESIAN_POINT('Ctrl Pts',(-39.2687149178433,-52.,6.1663051024689));
#9601=CARTESIAN_POINT('Ctrl Pts',(-38.8787425668323,-50.,5.66139852387184));
#9602=CARTESIAN_POINT('Ctrl Pts',(-38.8787425668323,-52.,5.66139852387184));
#9603=CARTESIAN_POINT('Ctrl Pts',(-38.3099768755606,-50.,5.37181198758234));
#9604=CARTESIAN_POINT('Ctrl Pts',(-38.3099768755606,-52.,5.37181198758234));
#9605=CARTESIAN_POINT('Ctrl Pts',(-38.021828904748,-50.,5.22510170936584));
#9606=CARTESIAN_POINT('Ctrl Pts',(-38.021828904748,-52.,5.22510170936584));
#9607=CARTESIAN_POINT('',(-39.4611195474863,-50.,6.41541600227356));
#9608=CARTESIAN_POINT('Ctrl Pts',(-38.021828904748,-50.,5.22510170936584));
#9609=CARTESIAN_POINT('Ctrl Pts',(-38.3099768755606,-50.,5.37181198758234));
#9610=CARTESIAN_POINT('Ctrl Pts',(-38.8787425668323,-50.,5.66139852387184));
#9611=CARTESIAN_POINT('Ctrl Pts',(-39.2687149178433,-50.,6.1663051024689));
#9612=CARTESIAN_POINT('Ctrl Pts',(-39.4611195474863,-50.,6.41541600227356));
#9613=CARTESIAN_POINT('',(-39.4611195474863,-52.,6.41541600227356));
#9614=CARTESIAN_POINT('Ctrl Pts',(-39.4611195474863,-52.,6.41541600227356));
#9615=CARTESIAN_POINT('Ctrl Pts',(-39.2687149178433,-52.,6.1663051024689));
#9616=CARTESIAN_POINT('Ctrl Pts',(-38.8787425668323,-52.,5.66139852387184));
#9617=CARTESIAN_POINT('Ctrl Pts',(-38.3099768755606,-52.,5.37181198758234));
#9618=CARTESIAN_POINT('Ctrl Pts',(-38.021828904748,-52.,5.22510170936584));
#9619=CARTESIAN_POINT('',(-39.4611195474863,-50.,6.41541600227356));
#9620=CARTESIAN_POINT('Ctrl Pts',(-40.0102327018976,-50.,8.21282386779785));
#9621=CARTESIAN_POINT('Ctrl Pts',(-40.0102327018976,-52.,8.21282386779785));
#9622=CARTESIAN_POINT('Ctrl Pts',(-39.9817945931469,-50.,7.88918903045629));
#9623=CARTESIAN_POINT('Ctrl Pts',(-39.9817945931469,-52.,7.88918903045629));
#9624=CARTESIAN_POINT('Ctrl Pts',(-39.9257151320261,-50.,7.25098670001562));
#9625=CARTESIAN_POINT('Ctrl Pts',(-39.9257151320261,-52.,7.25098670001562));
#9626=CARTESIAN_POINT('Ctrl Pts',(-39.6145109172829,-50.,6.69128890798678));
#9627=CARTESIAN_POINT('Ctrl Pts',(-39.6145109172829,-52.,6.69128890798678));
#9628=CARTESIAN_POINT('Ctrl Pts',(-39.4611195474863,-50.,6.41541600227356));
#9629=CARTESIAN_POINT('Ctrl Pts',(-39.4611195474863,-52.,6.41541600227356));
#9630=CARTESIAN_POINT('Ctrl Pts',(-39.4611195474863,-50.,6.41541600227356));
#9631=CARTESIAN_POINT('Ctrl Pts',(-39.6145109172829,-50.,6.69128890798678));
#9632=CARTESIAN_POINT('Ctrl Pts',(-39.9257151320261,-50.,7.25098670001562));
#9633=CARTESIAN_POINT('Ctrl Pts',(-39.9817945931469,-50.,7.88918903045629));
#9634=CARTESIAN_POINT('Ctrl Pts',(-40.0102327018976,-50.,8.21282386779785));
#9635=CARTESIAN_POINT('Ctrl Pts',(-40.0102327018976,-52.,8.21282386779785));
#9636=CARTESIAN_POINT('Ctrl Pts',(-39.9817945931469,-52.,7.88918903045629));
#9637=CARTESIAN_POINT('Ctrl Pts',(-39.9257151320261,-52.,7.25098670001562));
#9638=CARTESIAN_POINT('Ctrl Pts',(-39.6145109172829,-52.,6.69128890798678));
#9639=CARTESIAN_POINT('Ctrl Pts',(-39.4611195474863,-52.,6.41541600227356));
#9640=CARTESIAN_POINT('Origin',(-9.68575477600098E-7,-52.,9.99999940395355));
#9641=CARTESIAN_POINT('Origin',(-22.6568911224604,-50.,15.));
#9642=CARTESIAN_POINT('',(-22.6568911224604,-50.,5.));
#9643=CARTESIAN_POINT('',(-22.6568911224604,-50.,15.));
#9644=CARTESIAN_POINT('',(-22.6568911224604,-50.,7.5));
#9645=CARTESIAN_POINT('',(-22.6568911224604,-52.,5.));
#9646=CARTESIAN_POINT('',(-22.6568911224604,-50.,5.));
#9647=CARTESIAN_POINT('',(-22.6568911224604,-52.,15.));
#9648=CARTESIAN_POINT('',(-22.6568911224604,-52.,5.));
#9649=CARTESIAN_POINT('',(-22.6568911224604,-50.,15.));
#9650=CARTESIAN_POINT('Origin',(-21.4290592819452,-50.,15.));
#9651=CARTESIAN_POINT('',(-21.4290592819452,-50.,15.));
#9652=CARTESIAN_POINT('',(-35.7145296409726,-50.,15.));
#9653=CARTESIAN_POINT('',(-21.4290592819452,-52.,15.));
#9654=CARTESIAN_POINT('',(-22.6568911224604,-52.,15.));
#9655=CARTESIAN_POINT('',(-21.4290592819452,-50.,15.));
#9656=CARTESIAN_POINT('Origin',(-21.4290592819452,-50.,5.));
#9657=CARTESIAN_POINT('',(-21.4290592819452,-50.,5.));
#9658=CARTESIAN_POINT('',(-21.4290592819452,-50.,2.5));
#9659=CARTESIAN_POINT('',(-21.4290592819452,-52.,5.));
#9660=CARTESIAN_POINT('',(-21.4290592819452,-52.,15.));
#9661=CARTESIAN_POINT('',(-21.4290592819452,-50.,5.));
#9662=CARTESIAN_POINT('Origin',(-22.6568911224604,-50.,5.));
#9663=CARTESIAN_POINT('',(-36.3284455612302,-50.,5.));
#9664=CARTESIAN_POINT('',(-21.4290592819452,-52.,5.));
#9665=CARTESIAN_POINT('Origin',(-9.68575477600098E-7,-52.,9.99999940395355));
#9666=CARTESIAN_POINT('Origin',(-6.78376652300358,-50.,9.31787192821503));
#9667=CARTESIAN_POINT('',(-10.8287880569696,-50.,9.31787192821503));
#9668=CARTESIAN_POINT('',(-6.78376652300358,-50.,9.31787192821503));
#9669=CARTESIAN_POINT('',(-28.3918832615018,-50.,9.31787192821503));
#9670=CARTESIAN_POINT('',(-10.8287880569696,-52.,9.31787192821503));
#9671=CARTESIAN_POINT('',(-10.8287880569696,-50.,9.31787192821503));
#9672=CARTESIAN_POINT('',(-6.78376652300358,-52.,9.31787192821503));
#9673=CARTESIAN_POINT('',(-10.8287880569696,-52.,9.31787192821503));
#9674=CARTESIAN_POINT('',(-6.78376652300358,-50.,9.31787192821503));
#9675=CARTESIAN_POINT('Ctrl Pts',(-7.24761463701725,-50.,10.6889498233795));
#9676=CARTESIAN_POINT('Ctrl Pts',(-7.24761463701725,-52.,10.6889498233795));
#9677=CARTESIAN_POINT('Ctrl Pts',(-7.13184474130363,-50.,10.503331316477));
#9678=CARTESIAN_POINT('Ctrl Pts',(-7.13184474130363,-52.,10.503331316477));
#9679=CARTESIAN_POINT('Ctrl Pts',(-6.87058080233992,-50.,10.0844363873679));
#9680=CARTESIAN_POINT('Ctrl Pts',(-6.87058080233992,-52.,10.0844363873679));
#9681=CARTESIAN_POINT('Ctrl Pts',(-6.814819289181,-50.,9.59206584069085));
#9682=CARTESIAN_POINT('Ctrl Pts',(-6.814819289181,-52.,9.59206584069085));
#9683=CARTESIAN_POINT('Ctrl Pts',(-6.78376652300358,-50.,9.31787192821503));
#9684=CARTESIAN_POINT('Ctrl Pts',(-6.78376652300358,-52.,9.31787192821503));
#9685=CARTESIAN_POINT('',(-7.24761463701725,-50.,10.6889498233795));
#9686=CARTESIAN_POINT('Ctrl Pts',(-6.78376652300358,-50.,9.31787192821503));
#9687=CARTESIAN_POINT('Ctrl Pts',(-6.814819289181,-50.,9.59206584069085));
#9688=CARTESIAN_POINT('Ctrl Pts',(-6.87058080233992,-50.,10.0844363873679));
#9689=CARTESIAN_POINT('Ctrl Pts',(-7.13184474130363,-50.,10.503331316477));
#9690=CARTESIAN_POINT('Ctrl Pts',(-7.24761463701725,-50.,10.6889498233795));
#9691=CARTESIAN_POINT('',(-7.24761463701725,-52.,10.6889498233795));
#9692=CARTESIAN_POINT('Ctrl Pts',(-7.24761463701725,-52.,10.6889498233795));
#9693=CARTESIAN_POINT('Ctrl Pts',(-7.13184474130363,-52.,10.503331316477));
#9694=CARTESIAN_POINT('Ctrl Pts',(-6.87058080233992,-52.,10.0844363873679));
#9695=CARTESIAN_POINT('Ctrl Pts',(-6.814819289181,-52.,9.59206584069085));
#9696=CARTESIAN_POINT('Ctrl Pts',(-6.78376652300358,-52.,9.31787192821503));
#9697=CARTESIAN_POINT('',(-7.24761463701725,-50.,10.6889498233795));
#9698=CARTESIAN_POINT('Ctrl Pts',(-8.76876093447208,-50.,11.3983631134033));
#9699=CARTESIAN_POINT('Ctrl Pts',(-8.76876093447208,-52.,11.3983631134033));
#9700=CARTESIAN_POINT('Ctrl Pts',(-8.47218124874644,-50.,11.369322833533));
#9701=CARTESIAN_POINT('Ctrl Pts',(-8.47218124874644,-52.,11.369322833533));
#9702=CARTESIAN_POINT('Ctrl Pts',(-7.88159615529802,-50.,11.3114943401248));
#9703=CARTESIAN_POINT('Ctrl Pts',(-7.88159615529802,-52.,11.3114943401248));
#9704=CARTESIAN_POINT('Ctrl Pts',(-7.45832681912192,-50.,10.8958607660461));
#9705=CARTESIAN_POINT('Ctrl Pts',(-7.45832681912192,-52.,10.8958607660461));
#9706=CARTESIAN_POINT('Ctrl Pts',(-7.24761463701725,-50.,10.6889498233795));
#9707=CARTESIAN_POINT('Ctrl Pts',(-7.24761463701725,-52.,10.6889498233795));
#9708=CARTESIAN_POINT('',(-8.76876093447208,-50.,11.3983631134033));
#9709=CARTESIAN_POINT('Ctrl Pts',(-7.24761463701725,-50.,10.6889498233795));
#9710=CARTESIAN_POINT('Ctrl Pts',(-7.45832681912192,-50.,10.8958607660461));
#9711=CARTESIAN_POINT('Ctrl Pts',(-7.88159615529802,-50.,11.3114943401248));
#9712=CARTESIAN_POINT('Ctrl Pts',(-8.47218124874644,-50.,11.369322833533));
#9713=CARTESIAN_POINT('Ctrl Pts',(-8.76876093447208,-50.,11.3983631134033));
#9714=CARTESIAN_POINT('',(-8.76876093447208,-52.,11.3983631134033));
#9715=CARTESIAN_POINT('Ctrl Pts',(-8.76876093447208,-52.,11.3983631134033));
#9716=CARTESIAN_POINT('Ctrl Pts',(-8.47218124874644,-52.,11.369322833533));
#9717=CARTESIAN_POINT('Ctrl Pts',(-7.88159615529802,-52.,11.3114943401248));
#9718=CARTESIAN_POINT('Ctrl Pts',(-7.45832681912192,-52.,10.8958607660461));
#9719=CARTESIAN_POINT('Ctrl Pts',(-7.24761463701725,-52.,10.6889498233795));
#9720=CARTESIAN_POINT('',(-8.76876093447208,-50.,11.3983631134033));
#9721=CARTESIAN_POINT('Ctrl Pts',(-10.1909969002008,-50.,10.8321964740753));
#9722=CARTESIAN_POINT('Ctrl Pts',(-10.1909969002008,-52.,10.8321964740753));
#9723=CARTESIAN_POINT('Ctrl Pts',(-9.98587017429094,-50.,10.9973205904486));
#9724=CARTESIAN_POINT('Ctrl Pts',(-9.98587017429094,-52.,10.9973205904486));
#9725=CARTESIAN_POINT('Ctrl Pts',(-9.57028320743737,-50.,11.3318622274466));
#9726=CARTESIAN_POINT('Ctrl Pts',(-9.57028320743737,-52.,11.3318622274466));
#9727=CARTESIAN_POINT('Ctrl Pts',(-9.0382111749476,-50.,11.3760073033189));
#9728=CARTESIAN_POINT('Ctrl Pts',(-9.0382111749476,-52.,11.3760073033189));
#9729=CARTESIAN_POINT('Ctrl Pts',(-8.76876093447208,-50.,11.3983631134033));
#9730=CARTESIAN_POINT('Ctrl Pts',(-8.76876093447208,-52.,11.3983631134033));
#9731=CARTESIAN_POINT('',(-10.1909969002008,-50.,10.8321964740753));
#9732=CARTESIAN_POINT('Ctrl Pts',(-8.76876093447208,-50.,11.3983631134033));
#9733=CARTESIAN_POINT('Ctrl Pts',(-9.0382111749476,-50.,11.3760073033189));
#9734=CARTESIAN_POINT('Ctrl Pts',(-9.57028320743737,-50.,11.3318622274466));
#9735=CARTESIAN_POINT('Ctrl Pts',(-9.98587017429094,-50.,10.9973205904486));
#9736=CARTESIAN_POINT('Ctrl Pts',(-10.1909969002008,-50.,10.8321964740753));
#9737=CARTESIAN_POINT('',(-10.1909969002008,-52.,10.8321964740753));
#9738=CARTESIAN_POINT('Ctrl Pts',(-10.1909969002008,-52.,10.8321964740753));
#9739=CARTESIAN_POINT('Ctrl Pts',(-9.98587017429094,-52.,10.9973205904486));
#9740=CARTESIAN_POINT('Ctrl Pts',(-9.57028320743737,-52.,11.3318622274466));
#9741=CARTESIAN_POINT('Ctrl Pts',(-9.0382111749476,-52.,11.3760073033189));
#9742=CARTESIAN_POINT('Ctrl Pts',(-8.76876093447208,-52.,11.3983631134033));
#9743=CARTESIAN_POINT('',(-10.1909969002008,-50.,10.8321964740753));
#9744=CARTESIAN_POINT('Ctrl Pts',(-10.8287880569696,-50.,9.31787192821503));
#9745=CARTESIAN_POINT('Ctrl Pts',(-10.8287880569696,-52.,9.31787192821503));
#9746=CARTESIAN_POINT('Ctrl Pts',(-10.7914703096677,-50.,9.61333049503757));
#9747=CARTESIAN_POINT('Ctrl Pts',(-10.7914703096677,-52.,9.61333049503757));
#9748=CARTESIAN_POINT('Ctrl Pts',(-10.7200273494823,-50.,10.1789711392905));
#9749=CARTESIAN_POINT('Ctrl Pts',(-10.7200273494823,-52.,10.1789711392905));
#9750=CARTESIAN_POINT('Ctrl Pts',(-10.3620075010169,-50.,10.6210395224829));
#9751=CARTESIAN_POINT('Ctrl Pts',(-10.3620075010169,-52.,10.6210395224829));
#9752=CARTESIAN_POINT('Ctrl Pts',(-10.1909969002008,-50.,10.8321964740753));
#9753=CARTESIAN_POINT('Ctrl Pts',(-10.1909969002008,-52.,10.8321964740753));
#9754=CARTESIAN_POINT('Ctrl Pts',(-10.1909969002008,-50.,10.8321964740753));
#9755=CARTESIAN_POINT('Ctrl Pts',(-10.3620075010169,-50.,10.6210395224829));
#9756=CARTESIAN_POINT('Ctrl Pts',(-10.7200273494823,-50.,10.1789711392905));
#9757=CARTESIAN_POINT('Ctrl Pts',(-10.7914703096677,-50.,9.61333049503757));
#9758=CARTESIAN_POINT('Ctrl Pts',(-10.8287880569696,-50.,9.31787192821503));
#9759=CARTESIAN_POINT('Ctrl Pts',(-10.8287880569696,-52.,9.31787192821503));
#9760=CARTESIAN_POINT('Ctrl Pts',(-10.7914703096677,-52.,9.61333049503757));
#9761=CARTESIAN_POINT('Ctrl Pts',(-10.7200273494823,-52.,10.1789711392905));
#9762=CARTESIAN_POINT('Ctrl Pts',(-10.3620075010169,-52.,10.6210395224829));
#9763=CARTESIAN_POINT('Ctrl Pts',(-10.1909969002008,-52.,10.8321964740753));
#9764=CARTESIAN_POINT('Origin',(-5.52865244448185,-50.,7.17598915100098));
#9765=CARTESIAN_POINT('',(-6.79740883409977,-50.,7.33287930488586));
#9766=CARTESIAN_POINT('',(-5.52865244448185,-50.,7.17598915100098));
#9767=CARTESIAN_POINT('',(-26.9924447673756,-50.,9.83012962118703));
#9768=CARTESIAN_POINT('',(-6.79740883409977,-52.,7.33287930488586));
#9769=CARTESIAN_POINT('',(-6.79740883409977,-50.,7.33287930488586));
#9770=CARTESIAN_POINT('',(-5.52865244448185,-52.,7.17598915100098));
#9771=CARTESIAN_POINT('',(-6.79740883409977,-52.,7.33287930488586));
#9772=CARTESIAN_POINT('',(-5.52865244448185,-50.,7.17598915100098));
#9773=CARTESIAN_POINT('Ctrl Pts',(-6.64051987230778,-50.,5.45020461082458));
#9774=CARTESIAN_POINT('Ctrl Pts',(-6.64051987230778,-52.,5.45020461082458));
#9775=CARTESIAN_POINT('Ctrl Pts',(-6.389738817211,-50.,5.68144070025259));
#9776=CARTESIAN_POINT('Ctrl Pts',(-6.389738817211,-52.,5.68144070025259));
#9777=CARTESIAN_POINT('Ctrl Pts',(-5.87079518110821,-50.,6.1599397519439));
#9778=CARTESIAN_POINT('Ctrl Pts',(-5.87079518110821,-52.,6.1599397519439));
#9779=CARTESIAN_POINT('Ctrl Pts',(-5.64521851565736,-50.,6.82982693888992));
#9780=CARTESIAN_POINT('Ctrl Pts',(-5.64521851565736,-52.,6.82982693888992));
#9781=CARTESIAN_POINT('Ctrl Pts',(-5.52865244448185,-50.,7.17598915100098));
#9782=CARTESIAN_POINT('Ctrl Pts',(-5.52865244448185,-52.,7.17598915100098));
#9783=CARTESIAN_POINT('',(-6.64051987230778,-50.,5.45020461082458));
#9784=CARTESIAN_POINT('Ctrl Pts',(-5.52865244448185,-50.,7.17598915100098));
#9785=CARTESIAN_POINT('Ctrl Pts',(-5.64521851565736,-50.,6.82982693888992));
#9786=CARTESIAN_POINT('Ctrl Pts',(-5.87079518110821,-50.,6.1599397519439));
#9787=CARTESIAN_POINT('Ctrl Pts',(-6.389738817211,-50.,5.68144070025259));
#9788=CARTESIAN_POINT('Ctrl Pts',(-6.64051987230778,-50.,5.45020461082458));
#9789=CARTESIAN_POINT('',(-6.64051987230778,-52.,5.45020461082458));
#9790=CARTESIAN_POINT('Ctrl Pts',(-6.64051987230778,-52.,5.45020461082458));
#9791=CARTESIAN_POINT('Ctrl Pts',(-6.389738817211,-52.,5.68144070025259));
#9792=CARTESIAN_POINT('Ctrl Pts',(-5.87079518110821,-52.,6.1599397519439));
#9793=CARTESIAN_POINT('Ctrl Pts',(-5.64521851565736,-52.,6.82982693888992));
#9794=CARTESIAN_POINT('Ctrl Pts',(-5.52865244448185,-52.,7.17598915100098));
#9795=CARTESIAN_POINT('',(-6.64051987230778,-50.,5.45020461082458));
#9796=CARTESIAN_POINT('Ctrl Pts',(-8.71418930590153,-50.,4.83628869056702));
#9797=CARTESIAN_POINT('Ctrl Pts',(-8.71418930590153,-52.,4.83628869056702));
#9798=CARTESIAN_POINT('Ctrl Pts',(-8.32123523726768,-50.,4.85539625860661));
#9799=CARTESIAN_POINT('Ctrl Pts',(-8.32123523726768,-52.,4.85539625860661));
#9800=CARTESIAN_POINT('Ctrl Pts',(-7.57835301934147,-50.,4.89151924003743));
#9801=CARTESIAN_POINT('Ctrl Pts',(-7.57835301934147,-52.,4.89151924003743));
#9802=CARTESIAN_POINT('Ctrl Pts',(-6.94082285929519,-50.,5.27130830484072));
#9803=CARTESIAN_POINT('Ctrl Pts',(-6.94082285929519,-52.,5.27130830484072));
#9804=CARTESIAN_POINT('Ctrl Pts',(-6.64051987230778,-50.,5.45020461082458));
#9805=CARTESIAN_POINT('Ctrl Pts',(-6.64051987230778,-52.,5.45020461082458));
#9806=CARTESIAN_POINT('',(-8.71418930590153,-50.,4.83628869056702));
#9807=CARTESIAN_POINT('Ctrl Pts',(-6.64051987230778,-50.,5.45020461082458));
#9808=CARTESIAN_POINT('Ctrl Pts',(-6.94082285929519,-50.,5.27130830484072));
#9809=CARTESIAN_POINT('Ctrl Pts',(-7.57835301934147,-50.,4.89151924003743));
#9810=CARTESIAN_POINT('Ctrl Pts',(-8.32123523726768,-50.,4.85539625860661));
#9811=CARTESIAN_POINT('Ctrl Pts',(-8.71418930590153,-50.,4.83628869056702));
#9812=CARTESIAN_POINT('',(-8.71418930590153,-52.,4.83628869056702));
#9813=CARTESIAN_POINT('Ctrl Pts',(-8.71418930590153,-52.,4.83628869056702));
#9814=CARTESIAN_POINT('Ctrl Pts',(-8.32123523726768,-52.,4.85539625860661));
#9815=CARTESIAN_POINT('Ctrl Pts',(-7.57835301934147,-52.,4.89151924003743));
#9816=CARTESIAN_POINT('Ctrl Pts',(-6.94082285929519,-52.,5.27130830484072));
#9817=CARTESIAN_POINT('Ctrl Pts',(-6.64051987230778,-52.,5.45020461082458));
#9818=CARTESIAN_POINT('',(-8.71418930590153,-50.,4.83628869056702));
#9819=CARTESIAN_POINT('Ctrl Pts',(-11.2346527725458,-50.,5.81514358520508));
#9820=CARTESIAN_POINT('Ctrl Pts',(-11.2346527725458,-52.,5.81514358520508));
#9821=CARTESIAN_POINT('Ctrl Pts',(-10.8856653364128,-50.,5.52980840770745));
#9822=CARTESIAN_POINT('Ctrl Pts',(-10.8856653364128,-52.,5.52980840770745));
#9823=CARTESIAN_POINT('Ctrl Pts',(-10.154144051376,-50.,4.93171021247696));
#9824=CARTESIAN_POINT('Ctrl Pts',(-10.154144051376,-52.,4.93171021247696));
#9825=CARTESIAN_POINT('Ctrl Pts',(-9.20862752018026,-50.,4.86905364171926));
#9826=CARTESIAN_POINT('Ctrl Pts',(-9.20862752018026,-52.,4.86905364171926));
#9827=CARTESIAN_POINT('Ctrl Pts',(-8.71418930590153,-50.,4.83628869056702));
#9828=CARTESIAN_POINT('Ctrl Pts',(-8.71418930590153,-52.,4.83628869056702));
#9829=CARTESIAN_POINT('',(-11.2346527725458,-50.,5.81514358520508));
#9830=CARTESIAN_POINT('Ctrl Pts',(-8.71418930590153,-50.,4.83628869056702));
#9831=CARTESIAN_POINT('Ctrl Pts',(-9.20862752018026,-50.,4.86905364171926));
#9832=CARTESIAN_POINT('Ctrl Pts',(-10.154144051376,-50.,4.93171021247696));
#9833=CARTESIAN_POINT('Ctrl Pts',(-10.8856653364128,-50.,5.52980840770745));
#9834=CARTESIAN_POINT('Ctrl Pts',(-11.2346527725458,-50.,5.81514358520508));
#9835=CARTESIAN_POINT('',(-11.2346527725458,-52.,5.81514358520508));
#9836=CARTESIAN_POINT('Ctrl Pts',(-11.2346527725458,-52.,5.81514358520508));
#9837=CARTESIAN_POINT('Ctrl Pts',(-10.8856653364128,-52.,5.52980840770745));
#9838=CARTESIAN_POINT('Ctrl Pts',(-10.154144051376,-52.,4.93171021247696));
#9839=CARTESIAN_POINT('Ctrl Pts',(-9.20862752018026,-52.,4.86905364171926));
#9840=CARTESIAN_POINT('Ctrl Pts',(-8.71418930590153,-52.,4.83628869056702));
#9841=CARTESIAN_POINT('',(-11.2346527725458,-50.,5.81514358520508));
#9842=CARTESIAN_POINT('Ctrl Pts',(-12.1657583862543,-50.,8.56070935726166));
#9843=CARTESIAN_POINT('Ctrl Pts',(-12.1657583862543,-52.,8.56070935726166));
#9844=CARTESIAN_POINT('Ctrl Pts',(-12.1398694961214,-50.,8.01907923197178));
#9845=CARTESIAN_POINT('Ctrl Pts',(-12.1398694961214,-52.,8.01907923197178));
#9846=CARTESIAN_POINT('Ctrl Pts',(-12.0916702916375,-50.,7.01068756166705));
#9847=CARTESIAN_POINT('Ctrl Pts',(-12.0916702916375,-52.,7.01068756166705));
#9848=CARTESIAN_POINT('Ctrl Pts',(-11.5058265171859,-50.,6.19343239465983));
#9849=CARTESIAN_POINT('Ctrl Pts',(-11.5058265171859,-52.,6.19343239465983));
#9850=CARTESIAN_POINT('Ctrl Pts',(-11.2346527725458,-50.,5.81514358520508));
#9851=CARTESIAN_POINT('Ctrl Pts',(-11.2346527725458,-52.,5.81514358520508));
#9852=CARTESIAN_POINT('',(-12.1657583862543,-50.,8.56070935726166));
#9853=CARTESIAN_POINT('Ctrl Pts',(-11.2346527725458,-50.,5.81514358520508));
#9854=CARTESIAN_POINT('Ctrl Pts',(-11.5058265171859,-50.,6.19343239465983));
#9855=CARTESIAN_POINT('Ctrl Pts',(-12.0916702916375,-50.,7.01068756166705));
#9856=CARTESIAN_POINT('Ctrl Pts',(-12.1398694961214,-50.,8.01907923197178));
#9857=CARTESIAN_POINT('Ctrl Pts',(-12.1657583862543,-50.,8.56070935726166));
#9858=CARTESIAN_POINT('',(-12.1657583862543,-52.,8.56070935726166));
#9859=CARTESIAN_POINT('Ctrl Pts',(-12.1657583862543,-52.,8.56070935726166));
#9860=CARTESIAN_POINT('Ctrl Pts',(-12.1398694961214,-52.,8.01907923197178));
#9861=CARTESIAN_POINT('Ctrl Pts',(-12.0916702916375,-52.,7.01068756166705));
#9862=CARTESIAN_POINT('Ctrl Pts',(-11.5058265171859,-52.,6.19343239465983));
#9863=CARTESIAN_POINT('Ctrl Pts',(-11.2346527725458,-52.,5.81514358520508));
#9864=CARTESIAN_POINT('',(-12.1657583862543,-50.,8.56070935726166));
#9865=CARTESIAN_POINT('Ctrl Pts',(-11.2244222313166,-50.,11.3983631134033));
#9866=CARTESIAN_POINT('Ctrl Pts',(-11.2244222313166,-52.,11.3983631134033));
#9867=CARTESIAN_POINT('Ctrl Pts',(-11.4985418982856,-50.,11.0071494120963));
#9868=CARTESIAN_POINT('Ctrl Pts',(-11.4985418982856,-52.,11.0071494120963));
#9869=CARTESIAN_POINT('Ctrl Pts',(-12.0928230129492,-50.,10.1590128407401));
#9870=CARTESIAN_POINT('Ctrl Pts',(-12.0928230129492,-52.,10.1590128407401));
#9871=CARTESIAN_POINT('Ctrl Pts',(-12.1402225071661,-50.,9.1203018108392));
#9872=CARTESIAN_POINT('Ctrl Pts',(-12.1402225071661,-52.,9.1203018108392));
#9873=CARTESIAN_POINT('Ctrl Pts',(-12.1657583862543,-50.,8.56070935726166));
#9874=CARTESIAN_POINT('Ctrl Pts',(-12.1657583862543,-52.,8.56070935726166));
#9875=CARTESIAN_POINT('',(-11.2244222313166,-50.,11.3983631134033));
#9876=CARTESIAN_POINT('Ctrl Pts',(-12.1657583862543,-50.,8.56070935726166));
#9877=CARTESIAN_POINT('Ctrl Pts',(-12.1402225071661,-50.,9.1203018108392));
#9878=CARTESIAN_POINT('Ctrl Pts',(-12.0928230129492,-50.,10.1590128407401));
#9879=CARTESIAN_POINT('Ctrl Pts',(-11.4985418982856,-50.,11.0071494120963));
#9880=CARTESIAN_POINT('Ctrl Pts',(-11.2244222313166,-50.,11.3983631134033));
#9881=CARTESIAN_POINT('',(-11.2244222313166,-52.,11.3983631134033));
#9882=CARTESIAN_POINT('Ctrl Pts',(-11.2244222313166,-52.,11.3983631134033));
#9883=CARTESIAN_POINT('Ctrl Pts',(-11.4985418982856,-52.,11.0071494120963));
#9884=CARTESIAN_POINT('Ctrl Pts',(-12.0928230129492,-52.,10.1590128407401));
#9885=CARTESIAN_POINT('Ctrl Pts',(-12.1402225071661,-52.,9.1203018108392));
#9886=CARTESIAN_POINT('Ctrl Pts',(-12.1657583862543,-52.,8.56070935726166));
#9887=CARTESIAN_POINT('',(-11.2244222313166,-50.,11.3983631134033));
#9888=CARTESIAN_POINT('Ctrl Pts',(-8.78240324556828,-50.,12.4079126119614));
#9889=CARTESIAN_POINT('Ctrl Pts',(-8.78240324556828,-52.,12.4079126119614));
#9890=CARTESIAN_POINT('Ctrl Pts',(-9.25539676399256,-50.,12.3699830282643));
#9891=CARTESIAN_POINT('Ctrl Pts',(-9.25539676399256,-52.,12.3699830282643));
#9892=CARTESIAN_POINT('Ctrl Pts',(-10.1794723199608,-50.,12.2958809533367));
#9893=CARTESIAN_POINT('Ctrl Pts',(-10.1794723199608,-52.,12.2958809533367));
#9894=CARTESIAN_POINT('Ctrl Pts',(-10.8816556005176,-50.,11.6927687712561));
#9895=CARTESIAN_POINT('Ctrl Pts',(-10.8816556005176,-52.,11.6927687712561));
#9896=CARTESIAN_POINT('Ctrl Pts',(-11.2244222313166,-50.,11.3983631134033));
#9897=CARTESIAN_POINT('Ctrl Pts',(-11.2244222313166,-52.,11.3983631134033));
#9898=CARTESIAN_POINT('',(-8.78240324556828,-50.,12.4079126119614));
#9899=CARTESIAN_POINT('Ctrl Pts',(-11.2244222313166,-50.,11.3983631134033));
#9900=CARTESIAN_POINT('Ctrl Pts',(-10.8816556005176,-50.,11.6927687712561));
#9901=CARTESIAN_POINT('Ctrl Pts',(-10.1794723199608,-50.,12.2958809533367));
#9902=CARTESIAN_POINT('Ctrl Pts',(-9.25539676399256,-50.,12.3699830282643));
#9903=CARTESIAN_POINT('Ctrl Pts',(-8.78240324556828,-50.,12.4079126119614));
#9904=CARTESIAN_POINT('',(-8.78240324556828,-52.,12.4079126119614));
#9905=CARTESIAN_POINT('Ctrl Pts',(-8.78240324556828,-52.,12.4079126119614));
#9906=CARTESIAN_POINT('Ctrl Pts',(-9.25539676399256,-52.,12.3699830282643));
#9907=CARTESIAN_POINT('Ctrl Pts',(-10.1794723199608,-52.,12.2958809533367));
#9908=CARTESIAN_POINT('Ctrl Pts',(-10.8816556005176,-52.,11.6927687712561));
#9909=CARTESIAN_POINT('Ctrl Pts',(-11.2244222313166,-52.,11.3983631134033));
#9910=CARTESIAN_POINT('',(-8.78240324556828,-50.,12.4079126119614));
#9911=CARTESIAN_POINT('Ctrl Pts',(-6.40859581530094,-50.,11.4188265800476));
#9912=CARTESIAN_POINT('Ctrl Pts',(-6.40859581530094,-52.,11.4188265800476));
#9913=CARTESIAN_POINT('Ctrl Pts',(-6.7425183253051,-50.,11.7072758086512));
#9914=CARTESIAN_POINT('Ctrl Pts',(-6.7425183253051,-52.,11.7072758086512));
#9915=CARTESIAN_POINT('Ctrl Pts',(-7.4243791054014,-50.,12.2962813717424));
#9916=CARTESIAN_POINT('Ctrl Pts',(-7.4243791054014,-52.,12.2962813717424));
#9917=CARTESIAN_POINT('Ctrl Pts',(-8.32356754360626,-50.,12.370195757782));
#9918=CARTESIAN_POINT('Ctrl Pts',(-8.32356754360626,-52.,12.370195757782));
#9919=CARTESIAN_POINT('Ctrl Pts',(-8.78240324556828,-50.,12.4079126119614));
#9920=CARTESIAN_POINT('Ctrl Pts',(-8.78240324556828,-52.,12.4079126119614));
#9921=CARTESIAN_POINT('',(-6.40859581530094,-50.,11.4188265800476));
#9922=CARTESIAN_POINT('Ctrl Pts',(-8.78240324556828,-50.,12.4079126119614));
#9923=CARTESIAN_POINT('Ctrl Pts',(-8.32356754360626,-50.,12.370195757782));
#9924=CARTESIAN_POINT('Ctrl Pts',(-7.4243791054014,-50.,12.2962813717424));
#9925=CARTESIAN_POINT('Ctrl Pts',(-6.7425183253051,-50.,11.7072758086512));
#9926=CARTESIAN_POINT('Ctrl Pts',(-6.40859581530094,-50.,11.4188265800476));
#9927=CARTESIAN_POINT('',(-6.40859581530094,-52.,11.4188265800476));
#9928=CARTESIAN_POINT('Ctrl Pts',(-6.40859581530094,-52.,11.4188265800476));
#9929=CARTESIAN_POINT('Ctrl Pts',(-6.7425183253051,-52.,11.7072758086512));
#9930=CARTESIAN_POINT('Ctrl Pts',(-7.4243791054014,-52.,12.2962813717424));
#9931=CARTESIAN_POINT('Ctrl Pts',(-8.32356754360626,-52.,12.370195757782));
#9932=CARTESIAN_POINT('Ctrl Pts',(-8.78240324556828,-52.,12.4079126119614));
#9933=CARTESIAN_POINT('',(-6.40859581530094,-50.,11.4188265800476));
#9934=CARTESIAN_POINT('Ctrl Pts',(-5.48772074282169,-50.,8.63574385643005));
#9935=CARTESIAN_POINT('Ctrl Pts',(-5.48772074282169,-52.,8.63574385643005));
#9936=CARTESIAN_POINT('Ctrl Pts',(-5.51258215814127,-50.,9.1847065269389));
#9937=CARTESIAN_POINT('Ctrl Pts',(-5.51258215814127,-52.,9.1847065269389));
#9938=CARTESIAN_POINT('Ctrl Pts',(-5.55870322712519,-50.,10.203101693533));
#9939=CARTESIAN_POINT('Ctrl Pts',(-5.55870322712519,-52.,10.203101693533));
#9940=CARTESIAN_POINT('Ctrl Pts',(-6.14044164054039,-50.,11.0352466921715));
#9941=CARTESIAN_POINT('Ctrl Pts',(-6.14044164054039,-52.,11.0352466921715));
#9942=CARTESIAN_POINT('Ctrl Pts',(-6.40859581530094,-50.,11.4188265800476));
#9943=CARTESIAN_POINT('Ctrl Pts',(-6.40859581530094,-52.,11.4188265800476));
#9944=CARTESIAN_POINT('',(-5.48772074282169,-50.,8.63574385643005));
#9945=CARTESIAN_POINT('Ctrl Pts',(-6.40859581530094,-50.,11.4188265800476));
#9946=CARTESIAN_POINT('Ctrl Pts',(-6.14044164054039,-50.,11.0352466921715));
#9947=CARTESIAN_POINT('Ctrl Pts',(-5.55870322712519,-50.,10.203101693533));
#9948=CARTESIAN_POINT('Ctrl Pts',(-5.51258215814127,-50.,9.1847065269389));
#9949=CARTESIAN_POINT('Ctrl Pts',(-5.48772074282169,-50.,8.63574385643005));
#9950=CARTESIAN_POINT('',(-5.48772074282169,-52.,8.63574385643005));
#9951=CARTESIAN_POINT('Ctrl Pts',(-5.48772074282169,-52.,8.63574385643005));
#9952=CARTESIAN_POINT('Ctrl Pts',(-5.51258215814127,-52.,9.1847065269389));
#9953=CARTESIAN_POINT('Ctrl Pts',(-5.55870322712519,-52.,10.203101693533));
#9954=CARTESIAN_POINT('Ctrl Pts',(-6.14044164054039,-52.,11.0352466921715));
#9955=CARTESIAN_POINT('Ctrl Pts',(-6.40859581530094,-52.,11.4188265800476));
#9956=CARTESIAN_POINT('',(-5.48772074282169,-50.,8.63574385643005));
#9957=CARTESIAN_POINT('Ctrl Pts',(-5.49454428255558,-50.,8.30832242965698));
#9958=CARTESIAN_POINT('Ctrl Pts',(-5.49454428255558,-52.,8.30832242965698));
#9959=CARTESIAN_POINT('Ctrl Pts',(-5.49257374761367,-50.,8.37198253212117));
#9960=CARTESIAN_POINT('Ctrl Pts',(-5.49257374761367,-52.,8.37198253212117));
#9961=CARTESIAN_POINT('Ctrl Pts',(-5.48919608408256,-50.,8.48110133123892));
#9962=CARTESIAN_POINT('Ctrl Pts',(-5.48919608408256,-52.,8.48110133123892));
#9963=CARTESIAN_POINT('Ctrl Pts',(-5.48815461639756,-50.,8.59026603569473));
#9964=CARTESIAN_POINT('Ctrl Pts',(-5.48815461639756,-52.,8.59026603569473));
#9965=CARTESIAN_POINT('Ctrl Pts',(-5.48772074282169,-50.,8.63574385643005));
#9966=CARTESIAN_POINT('Ctrl Pts',(-5.48772074282169,-52.,8.63574385643005));
#9967=CARTESIAN_POINT('',(-5.49454428255558,-50.,8.30832242965698));
#9968=CARTESIAN_POINT('Ctrl Pts',(-5.48772074282169,-50.,8.63574385643005));
#9969=CARTESIAN_POINT('Ctrl Pts',(-5.48815461639756,-50.,8.59026603569473));
#9970=CARTESIAN_POINT('Ctrl Pts',(-5.48919608408256,-50.,8.48110133123892));
#9971=CARTESIAN_POINT('Ctrl Pts',(-5.49257374761367,-50.,8.37198253212117));
#9972=CARTESIAN_POINT('Ctrl Pts',(-5.49454428255558,-50.,8.30832242965698));
#9973=CARTESIAN_POINT('',(-5.49454428255558,-52.,8.30832242965698));
#9974=CARTESIAN_POINT('Ctrl Pts',(-5.49454428255558,-52.,8.30832242965698));
#9975=CARTESIAN_POINT('Ctrl Pts',(-5.49257374761367,-52.,8.37198253212117));
#9976=CARTESIAN_POINT('Ctrl Pts',(-5.48919608408256,-52.,8.48110133123892));
#9977=CARTESIAN_POINT('Ctrl Pts',(-5.48815461639756,-52.,8.59026603569473));
#9978=CARTESIAN_POINT('Ctrl Pts',(-5.48772074282169,-52.,8.63574385643005));
#9979=CARTESIAN_POINT('',(-5.49454428255558,-50.,8.30832242965698));
#9980=CARTESIAN_POINT('Origin',(-10.8969996124506,-50.,8.30832242965698));
#9981=CARTESIAN_POINT('',(-10.8969996124506,-50.,8.30832242965698));
#9982=CARTESIAN_POINT('',(-30.4484998062253,-50.,8.30832242965698));
#9983=CARTESIAN_POINT('',(-10.8969996124506,-52.,8.30832242965698));
#9984=CARTESIAN_POINT('',(-5.49454428255558,-52.,8.30832242965698));
#9985=CARTESIAN_POINT('',(-10.8969996124506,-50.,8.30832242965698));
#9986=CARTESIAN_POINT('Ctrl Pts',(-10.2216932922602,-50.,6.48021817207336));
#9987=CARTESIAN_POINT('Ctrl Pts',(-10.2216932922602,-52.,6.48021817207336));
#9988=CARTESIAN_POINT('Ctrl Pts',(-10.4021193775806,-50.,6.72940708087861));
#9989=CARTESIAN_POINT('Ctrl Pts',(-10.4021193775806,-52.,6.72940708087861));
#9990=CARTESIAN_POINT('Ctrl Pts',(-10.7960560793683,-50.,7.27347839231062));
#9991=CARTESIAN_POINT('Ctrl Pts',(-10.7960560793683,-52.,7.27347839231062));
#9992=CARTESIAN_POINT('Ctrl Pts',(-10.8615191430682,-50.,7.94458687313818));
#9993=CARTESIAN_POINT('Ctrl Pts',(-10.8615191430682,-52.,7.94458687313818));
#9994=CARTESIAN_POINT('Ctrl Pts',(-10.8969996124506,-50.,8.30832242965698));
#9995=CARTESIAN_POINT('Ctrl Pts',(-10.8969996124506,-52.,8.30832242965698));
#9996=CARTESIAN_POINT('',(-10.2216932922602,-50.,6.48021817207336));
#9997=CARTESIAN_POINT('Ctrl Pts',(-10.8969996124506,-50.,8.30832242965698));
#9998=CARTESIAN_POINT('Ctrl Pts',(-10.8615191430682,-50.,7.94458687313818));
#9999=CARTESIAN_POINT('Ctrl Pts',(-10.7960560793683,-50.,7.27347839231062));
#10000=CARTESIAN_POINT('Ctrl Pts',(-10.4021193775806,-50.,6.72940708087861));
#10001=CARTESIAN_POINT('Ctrl Pts',(-10.2216932922602,-50.,6.48021817207336));
#10002=CARTESIAN_POINT('',(-10.2216932922602,-52.,6.48021817207336));
#10003=CARTESIAN_POINT('Ctrl Pts',(-10.2216932922602,-52.,6.48021817207336));
#10004=CARTESIAN_POINT('Ctrl Pts',(-10.4021193775806,-52.,6.72940708087861));
#10005=CARTESIAN_POINT('Ctrl Pts',(-10.7960560793683,-52.,7.27347839231062));
#10006=CARTESIAN_POINT('Ctrl Pts',(-10.8615191430682,-52.,7.94458687313818));
#10007=CARTESIAN_POINT('Ctrl Pts',(-10.8969996124506,-52.,8.30832242965698));
#10008=CARTESIAN_POINT('',(-10.2216932922602,-50.,6.48021817207336));
#10009=CARTESIAN_POINT('Ctrl Pts',(-8.70736815035343,-50.,5.84583878517151));
#10010=CARTESIAN_POINT('Ctrl Pts',(-8.70736815035343,-52.,5.84583878517151));
#10011=CARTESIAN_POINT('Ctrl Pts',(-8.99631802079325,-50.,5.87128117935209));
#10012=CARTESIAN_POINT('Ctrl Pts',(-8.99631802079325,-52.,5.87128117935209));
#10013=CARTESIAN_POINT('Ctrl Pts',(-9.56892962609587,-50.,5.92170034082226));
#10014=CARTESIAN_POINT('Ctrl Pts',(-9.56892962609587,-52.,5.92170034082226));
#10015=CARTESIAN_POINT('Ctrl Pts',(-10.0054491733392,-50.,6.29519531835017));
#10016=CARTESIAN_POINT('Ctrl Pts',(-10.0054491733392,-52.,6.29519531835017));
#10017=CARTESIAN_POINT('Ctrl Pts',(-10.2216932922602,-50.,6.48021817207336));
#10018=CARTESIAN_POINT('Ctrl Pts',(-10.2216932922602,-52.,6.48021817207336));
#10019=CARTESIAN_POINT('',(-8.70736815035343,-50.,5.84583878517151));
#10020=CARTESIAN_POINT('Ctrl Pts',(-10.2216932922602,-50.,6.48021817207336));
#10021=CARTESIAN_POINT('Ctrl Pts',(-10.0054491733392,-50.,6.29519531835017));
#10022=CARTESIAN_POINT('Ctrl Pts',(-9.56892962609587,-50.,5.92170034082226));
#10023=CARTESIAN_POINT('Ctrl Pts',(-8.99631802079325,-50.,5.87128117935209));
#10024=CARTESIAN_POINT('Ctrl Pts',(-8.70736815035343,-50.,5.84583878517151));
#10025=CARTESIAN_POINT('',(-8.70736815035343,-52.,5.84583878517151));
#10026=CARTESIAN_POINT('Ctrl Pts',(-8.70736815035343,-52.,5.84583878517151));
#10027=CARTESIAN_POINT('Ctrl Pts',(-8.99631802079325,-52.,5.87128117935209));
#10028=CARTESIAN_POINT('Ctrl Pts',(-9.56892962609587,-52.,5.92170034082226));
#10029=CARTESIAN_POINT('Ctrl Pts',(-10.0054491733392,-52.,6.29519531835017));
#10030=CARTESIAN_POINT('Ctrl Pts',(-10.2216932922602,-52.,6.48021817207336));
#10031=CARTESIAN_POINT('',(-8.70736815035343,-50.,5.84583878517151));
#10032=CARTESIAN_POINT('Ctrl Pts',(-7.55457140505314,-50.,6.20054602622986));
#10033=CARTESIAN_POINT('Ctrl Pts',(-7.55457140505314,-52.,6.20054602622986));
#10034=CARTESIAN_POINT('Ctrl Pts',(-7.72559073545058,-50.,6.09712348461843));
#10035=CARTESIAN_POINT('Ctrl Pts',(-7.72559073545058,-52.,6.09712348461843));
#10036=CARTESIAN_POINT('Ctrl Pts',(-8.0797443165164,-50.,5.88295200242694));
#10037=CARTESIAN_POINT('Ctrl Pts',(-8.0797443165164,-52.,5.88295200242694));
#10038=CARTESIAN_POINT('Ctrl Pts',(-8.49344292494795,-50.,5.85848880408228));
#10039=CARTESIAN_POINT('Ctrl Pts',(-8.49344292494795,-52.,5.85848880408228));
#10040=CARTESIAN_POINT('Ctrl Pts',(-8.70736815035343,-50.,5.84583878517151));
#10041=CARTESIAN_POINT('Ctrl Pts',(-8.70736815035343,-52.,5.84583878517151));
#10042=CARTESIAN_POINT('',(-7.55457140505314,-50.,6.20054602622986));
#10043=CARTESIAN_POINT('Ctrl Pts',(-8.70736815035343,-50.,5.84583878517151));
#10044=CARTESIAN_POINT('Ctrl Pts',(-8.49344292494795,-50.,5.85848880408228));
#10045=CARTESIAN_POINT('Ctrl Pts',(-8.0797443165164,-50.,5.88295200242694));
#10046=CARTESIAN_POINT('Ctrl Pts',(-7.72559073545058,-50.,6.09712348461843));
#10047=CARTESIAN_POINT('Ctrl Pts',(-7.55457140505314,-50.,6.20054602622986));
#10048=CARTESIAN_POINT('',(-7.55457140505314,-52.,6.20054602622986));
#10049=CARTESIAN_POINT('Ctrl Pts',(-7.55457140505314,-52.,6.20054602622986));
#10050=CARTESIAN_POINT('Ctrl Pts',(-7.72559073545058,-52.,6.09712348461843));
#10051=CARTESIAN_POINT('Ctrl Pts',(-8.0797443165164,-52.,5.88295200242694));
#10052=CARTESIAN_POINT('Ctrl Pts',(-8.49344292494795,-52.,5.85848880408228));
#10053=CARTESIAN_POINT('Ctrl Pts',(-8.70736815035343,-52.,5.84583878517151));
#10054=CARTESIAN_POINT('',(-7.55457140505314,-50.,6.20054602622986));
#10055=CARTESIAN_POINT('Ctrl Pts',(-6.79740883409977,-50.,7.33287930488586));
#10056=CARTESIAN_POINT('Ctrl Pts',(-6.79740883409977,-52.,7.33287930488586));
#10057=CARTESIAN_POINT('Ctrl Pts',(-6.8907902833896,-50.,7.09769002899836));
#10058=CARTESIAN_POINT('Ctrl Pts',(-6.8907902833896,-52.,7.09769002899836));
#10059=CARTESIAN_POINT('Ctrl Pts',(-7.06263616685313,-50.,6.66488127304731));
#10060=CARTESIAN_POINT('Ctrl Pts',(-7.06263616685313,-52.,6.66488127304731));
#10061=CARTESIAN_POINT('Ctrl Pts',(-7.40036513629113,-50.,6.34610056330347));
#10062=CARTESIAN_POINT('Ctrl Pts',(-7.40036513629113,-52.,6.34610056330347));
#10063=CARTESIAN_POINT('Ctrl Pts',(-7.55457140505314,-50.,6.20054602622986));
#10064=CARTESIAN_POINT('Ctrl Pts',(-7.55457140505314,-52.,6.20054602622986));
#10065=CARTESIAN_POINT('Ctrl Pts',(-7.55457140505314,-50.,6.20054602622986));
#10066=CARTESIAN_POINT('Ctrl Pts',(-7.40036513629113,-50.,6.34610056330347));
#10067=CARTESIAN_POINT('Ctrl Pts',(-7.06263616685313,-50.,6.66488127304731));
#10068=CARTESIAN_POINT('Ctrl Pts',(-6.8907902833896,-50.,7.09769002899836));
#10069=CARTESIAN_POINT('Ctrl Pts',(-6.79740883409977,-50.,7.33287930488586));
#10070=CARTESIAN_POINT('Ctrl Pts',(-6.79740883409977,-52.,7.33287930488586));
#10071=CARTESIAN_POINT('Ctrl Pts',(-6.8907902833896,-52.,7.09769002899836));
#10072=CARTESIAN_POINT('Ctrl Pts',(-7.06263616685313,-52.,6.66488127304731));
#10073=CARTESIAN_POINT('Ctrl Pts',(-7.40036513629113,-52.,6.34610056330347));
#10074=CARTESIAN_POINT('Ctrl Pts',(-7.55457140505314,-52.,6.20054602622986));
#10075=CARTESIAN_POINT('Origin',(-9.68575477600098E-7,-52.,9.99999940395355));
#10076=CARTESIAN_POINT('Origin',(-50.,-50.,0.));
#10077=CARTESIAN_POINT('Origin',(40.0102307647467,-50.,5.01364231109619));
#10078=CARTESIAN_POINT('',(39.8328759521246,-50.,6.09822630882263));
#10079=CARTESIAN_POINT('',(40.0102307647467,-50.,5.01364231109619));
#10080=CARTESIAN_POINT('',(39.2373885719179,-50.,9.73983080701315));
#10081=CARTESIAN_POINT('',(39.8328759521246,-52.,6.09822630882263));
#10082=CARTESIAN_POINT('',(39.8328759521246,-50.,6.09822630882263));
#10083=CARTESIAN_POINT('',(40.0102307647467,-52.,5.01364231109619));
#10084=CARTESIAN_POINT('',(39.8328759521246,-52.,6.09822630882263));
#10085=CARTESIAN_POINT('',(40.0102307647467,-50.,5.01364231109619));
#10086=CARTESIAN_POINT('Ctrl Pts',(39.0825345367193,-50.,4.90450263023376));
#10087=CARTESIAN_POINT('Ctrl Pts',(39.0825345367193,-52.,4.90450263023376));
#10088=CARTESIAN_POINT('Ctrl Pts',(39.2284531868529,-50.,4.91011921222323));
#10089=CARTESIAN_POINT('Ctrl Pts',(39.2284531868529,-52.,4.91011921222323));
#10090=CARTESIAN_POINT('Ctrl Pts',(39.5404701740092,-50.,4.92212911629558));
#10091=CARTESIAN_POINT('Ctrl Pts',(39.5404701740092,-52.,4.92212911629558));
#10092=CARTESIAN_POINT('Ctrl Pts',(39.8470348808785,-50.,4.98185042176882));
#10093=CARTESIAN_POINT('Ctrl Pts',(39.8470348808785,-52.,4.98185042176882));
#10094=CARTESIAN_POINT('Ctrl Pts',(40.0102307647467,-50.,5.01364231109619));
#10095=CARTESIAN_POINT('Ctrl Pts',(40.0102307647467,-52.,5.01364231109619));
#10096=CARTESIAN_POINT('',(39.0825345367193,-50.,4.90450263023376));
#10097=CARTESIAN_POINT('Ctrl Pts',(40.0102307647467,-50.,5.01364231109619));
#10098=CARTESIAN_POINT('Ctrl Pts',(39.8470348808785,-50.,4.98185042176882));
#10099=CARTESIAN_POINT('Ctrl Pts',(39.5404701740092,-50.,4.92212911629558));
#10100=CARTESIAN_POINT('Ctrl Pts',(39.2284531868529,-50.,4.91011921222323));
#10101=CARTESIAN_POINT('Ctrl Pts',(39.0825345367193,-50.,4.90450263023376));
#10102=CARTESIAN_POINT('',(39.0825345367193,-52.,4.90450263023376));
#10103=CARTESIAN_POINT('Ctrl Pts',(39.0825345367193,-52.,4.90450263023376));
#10104=CARTESIAN_POINT('Ctrl Pts',(39.2284531868529,-52.,4.91011921222323));
#10105=CARTESIAN_POINT('Ctrl Pts',(39.5404701740092,-52.,4.92212911629558));
#10106=CARTESIAN_POINT('Ctrl Pts',(39.8470348808785,-52.,4.98185042176882));
#10107=CARTESIAN_POINT('Ctrl Pts',(40.0102307647467,-52.,5.01364231109619));
#10108=CARTESIAN_POINT('',(39.0825345367193,-50.,4.90450263023376));
#10109=CARTESIAN_POINT('Ctrl Pts',(38.0456998199224,-50.,5.11596202850342));
#10110=CARTESIAN_POINT('Ctrl Pts',(38.0456998199224,-52.,5.11596202850342));
#10111=CARTESIAN_POINT('Ctrl Pts',(38.1916064571268,-50.,5.05450253564295));
#10112=CARTESIAN_POINT('Ctrl Pts',(38.1916064571268,-52.,5.05450253564295));
#10113=CARTESIAN_POINT('Ctrl Pts',(38.5221230451011,-50.,4.91528075472827));
#10114=CARTESIAN_POINT('Ctrl Pts',(38.5221230451011,-52.,4.91528075472827));
#10115=CARTESIAN_POINT('Ctrl Pts',(38.8816954610803,-50.,4.90836527151249));
#10116=CARTESIAN_POINT('Ctrl Pts',(38.8816954610803,-52.,4.90836527151249));
#10117=CARTESIAN_POINT('Ctrl Pts',(39.0825345367193,-50.,4.90450263023376));
#10118=CARTESIAN_POINT('Ctrl Pts',(39.0825345367193,-52.,4.90450263023376));
#10119=CARTESIAN_POINT('',(38.0456998199224,-50.,5.11596202850342));
#10120=CARTESIAN_POINT('Ctrl Pts',(39.0825345367193,-50.,4.90450263023376));
#10121=CARTESIAN_POINT('Ctrl Pts',(38.8816954610803,-50.,4.90836527151249));
#10122=CARTESIAN_POINT('Ctrl Pts',(38.5221230451011,-50.,4.91528075472827));
#10123=CARTESIAN_POINT('Ctrl Pts',(38.1916064571268,-50.,5.05450253564295));
#10124=CARTESIAN_POINT('Ctrl Pts',(38.0456998199224,-50.,5.11596202850342));
#10125=CARTESIAN_POINT('',(38.0456998199224,-52.,5.11596202850342));
#10126=CARTESIAN_POINT('Ctrl Pts',(38.0456998199224,-52.,5.11596202850342));
#10127=CARTESIAN_POINT('Ctrl Pts',(38.1916064571268,-52.,5.05450253564295));
#10128=CARTESIAN_POINT('Ctrl Pts',(38.5221230451011,-52.,4.91528075472827));
#10129=CARTESIAN_POINT('Ctrl Pts',(38.8816954610803,-52.,4.90836527151249));
#10130=CARTESIAN_POINT('Ctrl Pts',(39.0825345367193,-52.,4.90450263023376));
#10131=CARTESIAN_POINT('',(38.0456998199224,-50.,5.11596202850342));
#10132=CARTESIAN_POINT('Ctrl Pts',(37.527282461524,-50.,5.67189574241638));
#10133=CARTESIAN_POINT('Ctrl Pts',(37.527282461524,-52.,5.67189574241638));
#10134=CARTESIAN_POINT('Ctrl Pts',(37.5883183061181,-50.,5.56153560401976));
#10135=CARTESIAN_POINT('Ctrl Pts',(37.5883183061181,-52.,5.56153560401976));
#10136=CARTESIAN_POINT('Ctrl Pts',(37.7145604234423,-50.,5.33327469222233));
#10137=CARTESIAN_POINT('Ctrl Pts',(37.7145604234423,-52.,5.33327469222233));
#10138=CARTESIAN_POINT('Ctrl Pts',(37.9329155557537,-50.,5.18997753113647));
#10139=CARTESIAN_POINT('Ctrl Pts',(37.9329155557537,-52.,5.18997753113647));
#10140=CARTESIAN_POINT('Ctrl Pts',(38.0456998199224,-50.,5.11596202850342));
#10141=CARTESIAN_POINT('Ctrl Pts',(38.0456998199224,-52.,5.11596202850342));
#10142=CARTESIAN_POINT('',(37.527282461524,-50.,5.67189574241638));
#10143=CARTESIAN_POINT('Ctrl Pts',(38.0456998199224,-50.,5.11596202850342));
#10144=CARTESIAN_POINT('Ctrl Pts',(37.9329155557537,-50.,5.18997753113647));
#10145=CARTESIAN_POINT('Ctrl Pts',(37.7145604234423,-50.,5.33327469222233));
#10146=CARTESIAN_POINT('Ctrl Pts',(37.5883183061181,-50.,5.56153560401976));
#10147=CARTESIAN_POINT('Ctrl Pts',(37.527282461524,-50.,5.67189574241638));
#10148=CARTESIAN_POINT('',(37.527282461524,-52.,5.67189574241638));
#10149=CARTESIAN_POINT('Ctrl Pts',(37.527282461524,-52.,5.67189574241638));
#10150=CARTESIAN_POINT('Ctrl Pts',(37.5883183061181,-52.,5.56153560401976));
#10151=CARTESIAN_POINT('Ctrl Pts',(37.7145604234423,-52.,5.33327469222233));
#10152=CARTESIAN_POINT('Ctrl Pts',(37.9329155557537,-52.,5.18997753113647));
#10153=CARTESIAN_POINT('Ctrl Pts',(38.0456998199224,-52.,5.11596202850342));
#10154=CARTESIAN_POINT('',(37.527282461524,-50.,5.67189574241638));
#10155=CARTESIAN_POINT('Ctrl Pts',(37.3772218078375,-50.,7.12141871452332));
#10156=CARTESIAN_POINT('Ctrl Pts',(37.3772218078375,-52.,7.12141871452332));
#10157=CARTESIAN_POINT('Ctrl Pts',(37.3739541972444,-50.,6.81448062992947));
#10158=CARTESIAN_POINT('Ctrl Pts',(37.3739541972444,-52.,6.81448062992947));
#10159=CARTESIAN_POINT('Ctrl Pts',(37.3687369724817,-50.,6.32440847170478));
#10160=CARTESIAN_POINT('Ctrl Pts',(37.3687369724817,-52.,6.32440847170478));
#10161=CARTESIAN_POINT('Ctrl Pts',(37.4841529123752,-50.,5.84940050775582));
#10162=CARTESIAN_POINT('Ctrl Pts',(37.4841529123752,-52.,5.84940050775582));
#10163=CARTESIAN_POINT('Ctrl Pts',(37.527282461524,-50.,5.67189574241638));
#10164=CARTESIAN_POINT('Ctrl Pts',(37.527282461524,-52.,5.67189574241638));
#10165=CARTESIAN_POINT('',(37.3772218078375,-50.,7.12141871452332));
#10166=CARTESIAN_POINT('Ctrl Pts',(37.527282461524,-50.,5.67189574241638));
#10167=CARTESIAN_POINT('Ctrl Pts',(37.4841529123752,-50.,5.84940050775582));
#10168=CARTESIAN_POINT('Ctrl Pts',(37.3687369724817,-50.,6.32440847170478));
#10169=CARTESIAN_POINT('Ctrl Pts',(37.3739541972444,-50.,6.81448062992947));
#10170=CARTESIAN_POINT('Ctrl Pts',(37.3772218078375,-50.,7.12141871452332));
#10171=CARTESIAN_POINT('',(37.3772218078375,-52.,7.12141871452332));
#10172=CARTESIAN_POINT('Ctrl Pts',(37.3772218078375,-52.,7.12141871452332));
#10173=CARTESIAN_POINT('Ctrl Pts',(37.3739541972444,-52.,6.81448062992947));
#10174=CARTESIAN_POINT('Ctrl Pts',(37.3687369724817,-52.,6.32440847170478));
#10175=CARTESIAN_POINT('Ctrl Pts',(37.4841529123752,-52.,5.84940050775582));
#10176=CARTESIAN_POINT('Ctrl Pts',(37.527282461524,-52.,5.67189574241638));
#10177=CARTESIAN_POINT('',(37.3772218078375,-50.,7.12141871452332));
#10178=CARTESIAN_POINT('Origin',(37.3772218078375,-50.,11.289222240448));
#10179=CARTESIAN_POINT('',(37.3772218078375,-50.,11.289222240448));
#10180=CARTESIAN_POINT('',(37.3772218078375,-50.,5.644611120224));
#10181=CARTESIAN_POINT('',(37.3772218078375,-52.,11.289222240448));
#10182=CARTESIAN_POINT('',(37.3772218078375,-52.,7.12141871452332));
#10183=CARTESIAN_POINT('',(37.3772218078375,-50.,11.289222240448));
#10184=CARTESIAN_POINT('Origin',(36.4768006652594,-50.,11.289222240448));
#10185=CARTESIAN_POINT('',(36.4768006652594,-50.,11.289222240448));
#10186=CARTESIAN_POINT('',(-6.76159966737032,-50.,11.289222240448));
#10187=CARTESIAN_POINT('',(36.4768006652594,-52.,11.289222240448));
#10188=CARTESIAN_POINT('',(37.3772218078375,-52.,11.289222240448));
#10189=CARTESIAN_POINT('',(36.4768006652594,-50.,11.289222240448));
#10190=CARTESIAN_POINT('Origin',(36.4768006652594,-50.,12.2442018985748));
#10191=CARTESIAN_POINT('',(36.4768006652594,-50.,12.2442018985748));
#10192=CARTESIAN_POINT('',(36.4768006652594,-50.,6.12210094928741));
#10193=CARTESIAN_POINT('',(36.4768006652594,-52.,12.2442018985748));
#10194=CARTESIAN_POINT('',(36.4768006652594,-52.,11.289222240448));
#10195=CARTESIAN_POINT('',(36.4768006652594,-50.,12.2442018985748));
#10196=CARTESIAN_POINT('Origin',(37.3772218078375,-50.,12.2442018985748));
#10197=CARTESIAN_POINT('',(37.3772218078375,-50.,12.2442018985748));
#10198=CARTESIAN_POINT('',(-6.31138909608126,-50.,12.2442018985748));
#10199=CARTESIAN_POINT('',(37.3772218078375,-52.,12.2442018985748));
#10200=CARTESIAN_POINT('',(36.4768006652594,-52.,12.2442018985748));
#10201=CARTESIAN_POINT('',(37.3772218078375,-50.,12.2442018985748));
#10202=CARTESIAN_POINT('Origin',(37.3772218078375,-50.,14.0381991863251));
#10203=CARTESIAN_POINT('',(37.3772218078375,-50.,14.0381991863251));
#10204=CARTESIAN_POINT('',(37.3772218078375,-50.,7.01909959316254));
#10205=CARTESIAN_POINT('',(37.3772218078375,-52.,14.0381991863251));
#10206=CARTESIAN_POINT('',(37.3772218078375,-52.,12.2442018985748));
#10207=CARTESIAN_POINT('',(37.3772218078375,-50.,14.0381991863251));
#10208=CARTESIAN_POINT('Origin',(38.5982301086187,-50.,14.7748976945877));
#10209=CARTESIAN_POINT('',(38.5982301086187,-50.,14.7748976945877));
#10210=CARTESIAN_POINT('',(2.85400424651257,-50.,-6.79147319311843));
#10211=CARTESIAN_POINT('',(38.5982301086187,-52.,14.7748976945877));
#10212=CARTESIAN_POINT('',(37.3772218078375,-52.,14.0381991863251));
#10213=CARTESIAN_POINT('',(38.5982301086187,-50.,14.7748976945877));
#10214=CARTESIAN_POINT('Origin',(38.5982301086187,-50.,12.2442018985748));
#10215=CARTESIAN_POINT('',(38.5982301086187,-50.,12.2442018985748));
#10216=CARTESIAN_POINT('',(38.5982301086187,-50.,6.12210094928741));
#10217=CARTESIAN_POINT('',(38.5982301086187,-52.,12.2442018985748));
#10218=CARTESIAN_POINT('',(38.5982301086187,-52.,14.7748976945877));
#10219=CARTESIAN_POINT('',(38.5982301086187,-50.,12.2442018985748));
#10220=CARTESIAN_POINT('Origin',(39.8328759521246,-50.,12.2442018985748));
#10221=CARTESIAN_POINT('',(39.8328759521246,-50.,12.2442018985748));
#10222=CARTESIAN_POINT('',(-5.0835620239377,-50.,12.2442018985748));
#10223=CARTESIAN_POINT('',(39.8328759521246,-52.,12.2442018985748));
#10224=CARTESIAN_POINT('',(38.5982301086187,-52.,12.2442018985748));
#10225=CARTESIAN_POINT('',(39.8328759521246,-50.,12.2442018985748));
#10226=CARTESIAN_POINT('Origin',(39.8328759521246,-50.,11.289222240448));
#10227=CARTESIAN_POINT('',(39.8328759521246,-50.,11.289222240448));
#10228=CARTESIAN_POINT('',(39.8328759521246,-50.,5.644611120224));
#10229=CARTESIAN_POINT('',(39.8328759521246,-52.,11.289222240448));
#10230=CARTESIAN_POINT('',(39.8328759521246,-52.,12.2442018985748));
#10231=CARTESIAN_POINT('',(39.8328759521246,-50.,11.289222240448));
#10232=CARTESIAN_POINT('Origin',(38.5982301086187,-50.,11.289222240448));
#10233=CARTESIAN_POINT('',(38.5982301086187,-50.,11.289222240448));
#10234=CARTESIAN_POINT('',(-5.70088494569063,-50.,11.289222240448));
#10235=CARTESIAN_POINT('',(38.5982301086187,-52.,11.289222240448));
#10236=CARTESIAN_POINT('',(39.8328759521246,-52.,11.289222240448));
#10237=CARTESIAN_POINT('',(38.5982301086187,-50.,11.289222240448));
#10238=CARTESIAN_POINT('Origin',(38.5982301086187,-50.,7.05320596694946));
#10239=CARTESIAN_POINT('',(38.5982301086187,-50.,7.05320596694946));
#10240=CARTESIAN_POINT('',(38.5982301086187,-50.,3.52660298347473));
#10241=CARTESIAN_POINT('',(38.5982301086187,-52.,7.05320596694946));
#10242=CARTESIAN_POINT('',(38.5982301086187,-52.,11.289222240448));
#10243=CARTESIAN_POINT('',(38.5982301086187,-50.,7.05320596694946));
#10244=CARTESIAN_POINT('Ctrl Pts',(38.6630227416754,-50.,6.37789845466614));
#10245=CARTESIAN_POINT('Ctrl Pts',(38.6630227416754,-52.,6.37789845466614));
#10246=CARTESIAN_POINT('Ctrl Pts',(38.6444309168157,-50.,6.45890424591722));
#10247=CARTESIAN_POINT('Ctrl Pts',(38.6444309168157,-52.,6.45890424591722));
#10248=CARTESIAN_POINT('Ctrl Pts',(38.5935576484356,-50.,6.68056238812452));
#10249=CARTESIAN_POINT('Ctrl Pts',(38.5935576484356,-52.,6.68056238812452));
#10250=CARTESIAN_POINT('Ctrl Pts',(38.5964162155025,-50.,6.90854221467218));
#10251=CARTESIAN_POINT('Ctrl Pts',(38.5964162155025,-52.,6.90854221467218));
#10252=CARTESIAN_POINT('Ctrl Pts',(38.5982301086187,-50.,7.05320596694946));
#10253=CARTESIAN_POINT('Ctrl Pts',(38.5982301086187,-52.,7.05320596694946));
#10254=CARTESIAN_POINT('',(38.6630227416754,-50.,6.37789845466614));
#10255=CARTESIAN_POINT('Ctrl Pts',(38.5982301086187,-50.,7.05320596694946));
#10256=CARTESIAN_POINT('Ctrl Pts',(38.5964162155025,-50.,6.90854221467218));
#10257=CARTESIAN_POINT('Ctrl Pts',(38.5935576484356,-50.,6.68056238812452));
#10258=CARTESIAN_POINT('Ctrl Pts',(38.6444309168157,-50.,6.45890424591722));
#10259=CARTESIAN_POINT('Ctrl Pts',(38.6630227416754,-50.,6.37789845466614));
#10260=CARTESIAN_POINT('',(38.6630227416754,-52.,6.37789845466614));
#10261=CARTESIAN_POINT('Ctrl Pts',(38.6630227416754,-52.,6.37789845466614));
#10262=CARTESIAN_POINT('Ctrl Pts',(38.6444309168157,-52.,6.45890424591722));
#10263=CARTESIAN_POINT('Ctrl Pts',(38.5935576484356,-52.,6.68056238812452));
#10264=CARTESIAN_POINT('Ctrl Pts',(38.5964162155025,-52.,6.90854221467218));
#10265=CARTESIAN_POINT('Ctrl Pts',(38.5982301086187,-52.,7.05320596694946));
#10266=CARTESIAN_POINT('',(38.6630227416754,-50.,6.37789845466614));
#10267=CARTESIAN_POINT('Ctrl Pts',(38.8744904845953,-50.,6.1391544342041));
#10268=CARTESIAN_POINT('Ctrl Pts',(38.8744904845953,-52.,6.1391544342041));
#10269=CARTESIAN_POINT('Ctrl Pts',(38.8291593959938,-50.,6.17094668082517));
#10270=CARTESIAN_POINT('Ctrl Pts',(38.8291593959938,-52.,6.17094668082517));
#10271=CARTESIAN_POINT('Ctrl Pts',(38.7396329900597,-50.,6.23373461873627));
#10272=CARTESIAN_POINT('Ctrl Pts',(38.7396329900597,-52.,6.23373461873627));
#10273=CARTESIAN_POINT('Ctrl Pts',(38.6883425936453,-50.,6.33025199662509));
#10274=CARTESIAN_POINT('Ctrl Pts',(38.6883425936453,-52.,6.33025199662509));
#10275=CARTESIAN_POINT('Ctrl Pts',(38.6630227416754,-50.,6.37789845466614));
#10276=CARTESIAN_POINT('Ctrl Pts',(38.6630227416754,-52.,6.37789845466614));
#10277=CARTESIAN_POINT('',(38.8744904845953,-50.,6.1391544342041));
#10278=CARTESIAN_POINT('Ctrl Pts',(38.6630227416754,-50.,6.37789845466614));
#10279=CARTESIAN_POINT('Ctrl Pts',(38.6883425936453,-50.,6.33025199662509));
#10280=CARTESIAN_POINT('Ctrl Pts',(38.7396329900597,-50.,6.23373461873627));
#10281=CARTESIAN_POINT('Ctrl Pts',(38.8291593959938,-50.,6.17094668082517));
#10282=CARTESIAN_POINT('Ctrl Pts',(38.8744904845953,-50.,6.1391544342041));
#10283=CARTESIAN_POINT('',(38.8744904845953,-52.,6.1391544342041));
#10284=CARTESIAN_POINT('Ctrl Pts',(38.8744904845953,-52.,6.1391544342041));
#10285=CARTESIAN_POINT('Ctrl Pts',(38.8291593959938,-52.,6.17094668082517));
#10286=CARTESIAN_POINT('Ctrl Pts',(38.7396329900597,-52.,6.23373461873627));
#10287=CARTESIAN_POINT('Ctrl Pts',(38.6883425936453,-52.,6.33025199662509));
#10288=CARTESIAN_POINT('Ctrl Pts',(38.6630227416754,-52.,6.37789845466614));
#10289=CARTESIAN_POINT('',(38.8744904845953,-50.,6.1391544342041));
#10290=CARTESIAN_POINT('Ctrl Pts',(39.2939927428961,-50.,6.05047702789307));
#10291=CARTESIAN_POINT('Ctrl Pts',(39.2939927428961,-52.,6.05047702789307));
#10292=CARTESIAN_POINT('Ctrl Pts',(39.212226579808,-50.,6.05202567638984));
#10293=CARTESIAN_POINT('Ctrl Pts',(39.212226579808,-52.,6.05202567638984));
#10294=CARTESIAN_POINT('Ctrl Pts',(39.066276423293,-50.,6.05478996765598));
#10295=CARTESIAN_POINT('Ctrl Pts',(39.066276423293,-52.,6.05478996765598));
#10296=CARTESIAN_POINT('Ctrl Pts',(38.9330701463597,-50.,6.11338590315914));
#10297=CARTESIAN_POINT('Ctrl Pts',(38.9330701463597,-52.,6.11338590315914));
#10298=CARTESIAN_POINT('Ctrl Pts',(38.8744904845953,-50.,6.1391544342041));
#10299=CARTESIAN_POINT('Ctrl Pts',(38.8744904845953,-52.,6.1391544342041));
#10300=CARTESIAN_POINT('',(39.2939927428961,-50.,6.05047702789307));
#10301=CARTESIAN_POINT('Ctrl Pts',(38.8744904845953,-50.,6.1391544342041));
#10302=CARTESIAN_POINT('Ctrl Pts',(38.9330701463597,-50.,6.11338590315914));
#10303=CARTESIAN_POINT('Ctrl Pts',(39.066276423293,-50.,6.05478996765598));
#10304=CARTESIAN_POINT('Ctrl Pts',(39.212226579808,-50.,6.05202567638984));
#10305=CARTESIAN_POINT('Ctrl Pts',(39.2939927428961,-50.,6.05047702789307));
#10306=CARTESIAN_POINT('',(39.2939927428961,-52.,6.05047702789307));
#10307=CARTESIAN_POINT('Ctrl Pts',(39.2939927428961,-52.,6.05047702789307));
#10308=CARTESIAN_POINT('Ctrl Pts',(39.212226579808,-52.,6.05202567638984));
#10309=CARTESIAN_POINT('Ctrl Pts',(39.066276423293,-52.,6.05478996765598));
#10310=CARTESIAN_POINT('Ctrl Pts',(38.9330701463597,-52.,6.11338590315914));
#10311=CARTESIAN_POINT('Ctrl Pts',(38.8744904845953,-52.,6.1391544342041));
#10312=CARTESIAN_POINT('',(39.2939927428961,-50.,6.05047702789307));
#10313=CARTESIAN_POINT('Ctrl Pts',(39.8328759521246,-50.,6.09822630882263));
#10314=CARTESIAN_POINT('Ctrl Pts',(39.8328759521246,-52.,6.09822630882263));
#10315=CARTESIAN_POINT('Ctrl Pts',(39.7324254557381,-50.,6.08436765439535));
#10316=CARTESIAN_POINT('Ctrl Pts',(39.7324254557381,-52.,6.08436765439535));
#10317=CARTESIAN_POINT('Ctrl Pts',(39.5535374283108,-50.,6.05968736467577));
#10318=CARTESIAN_POINT('Ctrl Pts',(39.5535374283108,-52.,6.05968736467577));
#10319=CARTESIAN_POINT('Ctrl Pts',(39.3731067043692,-50.,6.05328450679874));
#10320=CARTESIAN_POINT('Ctrl Pts',(39.3731067043692,-52.,6.05328450679874));
#10321=CARTESIAN_POINT('Ctrl Pts',(39.2939927428961,-50.,6.05047702789307));
#10322=CARTESIAN_POINT('Ctrl Pts',(39.2939927428961,-52.,6.05047702789307));
#10323=CARTESIAN_POINT('Ctrl Pts',(39.2939927428961,-50.,6.05047702789307));
#10324=CARTESIAN_POINT('Ctrl Pts',(39.3731067043692,-50.,6.05328450679874));
#10325=CARTESIAN_POINT('Ctrl Pts',(39.5535374283108,-50.,6.05968736467577));
#10326=CARTESIAN_POINT('Ctrl Pts',(39.7324254557381,-50.,6.08436765439535));
#10327=CARTESIAN_POINT('Ctrl Pts',(39.8328759521246,-50.,6.09822630882263));
#10328=CARTESIAN_POINT('Ctrl Pts',(39.8328759521246,-52.,6.09822630882263));
#10329=CARTESIAN_POINT('Ctrl Pts',(39.7324254557381,-52.,6.08436765439535));
#10330=CARTESIAN_POINT('Ctrl Pts',(39.5535374283108,-52.,6.05968736467577));
#10331=CARTESIAN_POINT('Ctrl Pts',(39.3731067043692,-52.,6.05328450679874));
#10332=CARTESIAN_POINT('Ctrl Pts',(39.2939927428961,-52.,6.05047702789307));
#10333=CARTESIAN_POINT('Origin',(-9.68575477600098E-7,-52.,9.99999940395355));
#10334=CARTESIAN_POINT('Origin',(13.8165070861578,-50.,7.35334277153015));
#10335=CARTESIAN_POINT('',(12.6023175567389,-50.,7.16234683990479));
#10336=CARTESIAN_POINT('',(13.8165070861578,-50.,7.35334277153015));
#10337=CARTESIAN_POINT('',(-17.8856508557509,-50.,2.36649101244194));
#10338=CARTESIAN_POINT('',(12.6023175567389,-52.,7.16234683990479));
#10339=CARTESIAN_POINT('',(12.6023175567389,-50.,7.16234683990479));
#10340=CARTESIAN_POINT('',(13.8165070861578,-52.,7.35334277153015));
#10341=CARTESIAN_POINT('',(12.6023175567389,-52.,7.16234683990479));
#10342=CARTESIAN_POINT('',(13.8165070861578,-50.,7.35334277153015));
#10343=CARTESIAN_POINT('Ctrl Pts',(14.3860843032598,-50.,6.23465180397034));
#10344=CARTESIAN_POINT('Ctrl Pts',(14.3860843032598,-52.,6.23465180397034));
#10345=CARTESIAN_POINT('Ctrl Pts',(14.244803551127,-50.,6.38435693252299));
#10346=CARTESIAN_POINT('Ctrl Pts',(14.244803551127,-52.,6.38435693252299));
#10347=CARTESIAN_POINT('Ctrl Pts',(13.946378074498,-50.,6.7005771087869));
#10348=CARTESIAN_POINT('Ctrl Pts',(13.946378074498,-52.,6.7005771087869));
#10349=CARTESIAN_POINT('Ctrl Pts',(13.861304881607,-50.,7.12817729762731));
#10350=CARTESIAN_POINT('Ctrl Pts',(13.861304881607,-52.,7.12817729762731));
#10351=CARTESIAN_POINT('Ctrl Pts',(13.8165070861578,-50.,7.35334277153015));
#10352=CARTESIAN_POINT('Ctrl Pts',(13.8165070861578,-52.,7.35334277153015));
#10353=CARTESIAN_POINT('',(14.3860843032598,-50.,6.23465180397034));
#10354=CARTESIAN_POINT('Ctrl Pts',(13.8165070861578,-50.,7.35334277153015));
#10355=CARTESIAN_POINT('Ctrl Pts',(13.861304881607,-50.,7.12817729762731));
#10356=CARTESIAN_POINT('Ctrl Pts',(13.946378074498,-50.,6.7005771087869));
#10357=CARTESIAN_POINT('Ctrl Pts',(14.244803551127,-50.,6.38435693252299));
#10358=CARTESIAN_POINT('Ctrl Pts',(14.3860843032598,-50.,6.23465180397034));
#10359=CARTESIAN_POINT('',(14.3860843032598,-52.,6.23465180397034));
#10360=CARTESIAN_POINT('Ctrl Pts',(14.3860843032598,-52.,6.23465180397034));
#10361=CARTESIAN_POINT('Ctrl Pts',(14.244803551127,-52.,6.38435693252299));
#10362=CARTESIAN_POINT('Ctrl Pts',(13.946378074498,-52.,6.7005771087869));
#10363=CARTESIAN_POINT('Ctrl Pts',(13.861304881607,-52.,7.12817729762731));
#10364=CARTESIAN_POINT('Ctrl Pts',(13.8165070861578,-52.,7.35334277153015));
#10365=CARTESIAN_POINT('',(14.3860843032598,-50.,6.23465180397034));
#10366=CARTESIAN_POINT('Ctrl Pts',(15.692360624671,-50.,5.84583878517151));
#10367=CARTESIAN_POINT('Ctrl Pts',(15.692360624671,-52.,5.84583878517151));
#10368=CARTESIAN_POINT('Ctrl Pts',(15.4365368018044,-50.,5.85556954879918));
#10369=CARTESIAN_POINT('Ctrl Pts',(15.4365368018044,-52.,5.85556954879918));
#10370=CARTESIAN_POINT('Ctrl Pts',(14.9659741654818,-50.,5.87346832669548));
#10371=CARTESIAN_POINT('Ctrl Pts',(14.9659741654818,-52.,5.87346832669548));
#10372=CARTESIAN_POINT('Ctrl Pts',(14.567792456641,-50.,6.12147516998689));
#10373=CARTESIAN_POINT('Ctrl Pts',(14.567792456641,-52.,6.12147516998689));
#10374=CARTESIAN_POINT('Ctrl Pts',(14.3860843032598,-50.,6.23465180397034));
#10375=CARTESIAN_POINT('Ctrl Pts',(14.3860843032598,-52.,6.23465180397034));
#10376=CARTESIAN_POINT('',(15.692360624671,-50.,5.84583878517151));
#10377=CARTESIAN_POINT('Ctrl Pts',(14.3860843032598,-50.,6.23465180397034));
#10378=CARTESIAN_POINT('Ctrl Pts',(14.567792456641,-50.,6.12147516998689));
#10379=CARTESIAN_POINT('Ctrl Pts',(14.9659741654818,-50.,5.87346832669548));
#10380=CARTESIAN_POINT('Ctrl Pts',(15.4365368018044,-50.,5.85556954879918));
#10381=CARTESIAN_POINT('Ctrl Pts',(15.692360624671,-50.,5.84583878517151));
#10382=CARTESIAN_POINT('',(15.692360624671,-52.,5.84583878517151));
#10383=CARTESIAN_POINT('Ctrl Pts',(15.692360624671,-52.,5.84583878517151));
#10384=CARTESIAN_POINT('Ctrl Pts',(15.4365368018044,-52.,5.85556954879918));
#10385=CARTESIAN_POINT('Ctrl Pts',(14.9659741654818,-52.,5.87346832669548));
#10386=CARTESIAN_POINT('Ctrl Pts',(14.567792456641,-52.,6.12147516998689));
#10387=CARTESIAN_POINT('Ctrl Pts',(14.3860843032598,-52.,6.23465180397034));
#10388=CARTESIAN_POINT('',(15.692360624671,-50.,5.84583878517151));
#10389=CARTESIAN_POINT('Ctrl Pts',(16.9474723190069,-50.,6.19031429290771));
#10390=CARTESIAN_POINT('Ctrl Pts',(16.9474723190069,-52.,6.19031429290771));
#10391=CARTESIAN_POINT('Ctrl Pts',(16.7788260037792,-50.,6.09022921359186));
#10392=CARTESIAN_POINT('Ctrl Pts',(16.7788260037792,-52.,6.09022921359186));
#10393=CARTESIAN_POINT('Ctrl Pts',(16.3942221933656,-50.,5.86198169559269));
#10394=CARTESIAN_POINT('Ctrl Pts',(16.3942221933656,-52.,5.86198169559269));
#10395=CARTESIAN_POINT('Ctrl Pts',(15.9447449606735,-50.,5.85164365882398));
#10396=CARTESIAN_POINT('Ctrl Pts',(15.9447449606735,-52.,5.85164365882398));
#10397=CARTESIAN_POINT('Ctrl Pts',(15.692360624671,-50.,5.84583878517151));
#10398=CARTESIAN_POINT('Ctrl Pts',(15.692360624671,-52.,5.84583878517151));
#10399=CARTESIAN_POINT('',(16.9474723190069,-50.,6.19031429290771));
#10400=CARTESIAN_POINT('Ctrl Pts',(15.692360624671,-50.,5.84583878517151));
#10401=CARTESIAN_POINT('Ctrl Pts',(15.9447449606735,-50.,5.85164365882398));
#10402=CARTESIAN_POINT('Ctrl Pts',(16.3942221933656,-50.,5.86198169559269));
#10403=CARTESIAN_POINT('Ctrl Pts',(16.7788260037792,-50.,6.09022921359186));
#10404=CARTESIAN_POINT('Ctrl Pts',(16.9474723190069,-50.,6.19031429290771));
#10405=CARTESIAN_POINT('',(16.9474723190069,-52.,6.19031429290771));
#10406=CARTESIAN_POINT('Ctrl Pts',(16.9474723190069,-52.,6.19031429290771));
#10407=CARTESIAN_POINT('Ctrl Pts',(16.7788260037792,-52.,6.09022921359186));
#10408=CARTESIAN_POINT('Ctrl Pts',(16.3942221933656,-52.,5.86198169559269));
#10409=CARTESIAN_POINT('Ctrl Pts',(15.9447449606735,-52.,5.85164365882398));
#10410=CARTESIAN_POINT('Ctrl Pts',(15.692360624671,-52.,5.84583878517151));
#10411=CARTESIAN_POINT('',(16.9474723190069,-50.,6.19031429290771));
#10412=CARTESIAN_POINT('Ctrl Pts',(17.3567511886358,-50.,6.9986355304718));
#10413=CARTESIAN_POINT('Ctrl Pts',(17.3567511886358,-52.,6.9986355304718));
#10414=CARTESIAN_POINT('Ctrl Pts',(17.3370630027691,-50.,6.84683849521559));
#10415=CARTESIAN_POINT('Ctrl Pts',(17.3370630027691,-52.,6.84683849521559));
#10416=CARTESIAN_POINT('Ctrl Pts',(17.296000774252,-50.,6.53024637280736));
#10417=CARTESIAN_POINT('Ctrl Pts',(17.296000774252,-52.,6.53024637280736));
#10418=CARTESIAN_POINT('Ctrl Pts',(17.0667853709875,-50.,6.3066845155067));
#10419=CARTESIAN_POINT('Ctrl Pts',(17.0667853709875,-52.,6.3066845155067));
#10420=CARTESIAN_POINT('Ctrl Pts',(16.9474723190069,-50.,6.19031429290771));
#10421=CARTESIAN_POINT('Ctrl Pts',(16.9474723190069,-52.,6.19031429290771));
#10422=CARTESIAN_POINT('',(17.3567511886358,-50.,6.9986355304718));
#10423=CARTESIAN_POINT('Ctrl Pts',(16.9474723190069,-50.,6.19031429290771));
#10424=CARTESIAN_POINT('Ctrl Pts',(17.0667853709875,-50.,6.3066845155067));
#10425=CARTESIAN_POINT('Ctrl Pts',(17.296000774252,-50.,6.53024637280736));
#10426=CARTESIAN_POINT('Ctrl Pts',(17.3370630027691,-50.,6.84683849521559));
#10427=CARTESIAN_POINT('Ctrl Pts',(17.3567511886358,-50.,6.9986355304718));
#10428=CARTESIAN_POINT('',(17.3567511886358,-52.,6.9986355304718));
#10429=CARTESIAN_POINT('Ctrl Pts',(17.3567511886358,-52.,6.9986355304718));
#10430=CARTESIAN_POINT('Ctrl Pts',(17.3370630027691,-52.,6.84683849521559));
#10431=CARTESIAN_POINT('Ctrl Pts',(17.296000774252,-52.,6.53024637280736));
#10432=CARTESIAN_POINT('Ctrl Pts',(17.0667853709875,-52.,6.3066845155067));
#10433=CARTESIAN_POINT('Ctrl Pts',(16.9474723190069,-52.,6.19031429290771));
#10434=CARTESIAN_POINT('',(17.3567511886358,-50.,6.9986355304718));
#10435=CARTESIAN_POINT('Ctrl Pts',(16.9952227920294,-50.,7.65347898006439));
#10436=CARTESIAN_POINT('Ctrl Pts',(16.9952227920294,-52.,7.65347898006439));
#10437=CARTESIAN_POINT('Ctrl Pts',(17.1006628820397,-50.,7.5673675885987));
#10438=CARTESIAN_POINT('Ctrl Pts',(17.1006628820397,-52.,7.5673675885987));
#10439=CARTESIAN_POINT('Ctrl Pts',(17.3090148569962,-50.,7.3972095540563));
#10440=CARTESIAN_POINT('Ctrl Pts',(17.3090148569962,-52.,7.3972095540563));
#10441=CARTESIAN_POINT('Ctrl Pts',(17.3409683223853,-50.,7.13041441437592));
#10442=CARTESIAN_POINT('Ctrl Pts',(17.3409683223853,-52.,7.13041441437592));
#10443=CARTESIAN_POINT('Ctrl Pts',(17.3567511886358,-50.,6.9986355304718));
#10444=CARTESIAN_POINT('Ctrl Pts',(17.3567511886358,-52.,6.9986355304718));
#10445=CARTESIAN_POINT('',(16.9952227920294,-50.,7.65347898006439));
#10446=CARTESIAN_POINT('Ctrl Pts',(17.3567511886358,-50.,6.9986355304718));
#10447=CARTESIAN_POINT('Ctrl Pts',(17.3409683223853,-50.,7.13041441437592));
#10448=CARTESIAN_POINT('Ctrl Pts',(17.3090148569962,-50.,7.3972095540563));
#10449=CARTESIAN_POINT('Ctrl Pts',(17.1006628820397,-50.,7.5673675885987));
#10450=CARTESIAN_POINT('Ctrl Pts',(16.9952227920294,-50.,7.65347898006439));
#10451=CARTESIAN_POINT('',(16.9952227920294,-52.,7.65347898006439));
#10452=CARTESIAN_POINT('Ctrl Pts',(16.9952227920294,-52.,7.65347898006439));
#10453=CARTESIAN_POINT('Ctrl Pts',(17.1006628820397,-52.,7.5673675885987));
#10454=CARTESIAN_POINT('Ctrl Pts',(17.3090148569962,-52.,7.3972095540563));
#10455=CARTESIAN_POINT('Ctrl Pts',(17.3409683223853,-52.,7.13041441437592));
#10456=CARTESIAN_POINT('Ctrl Pts',(17.3567511886358,-52.,6.9986355304718));
#10457=CARTESIAN_POINT('',(16.9952227920294,-50.,7.65347898006439));
#10458=CARTESIAN_POINT('Ctrl Pts',(15.7401063293219,-50.,8.06957721710205));
#10459=CARTESIAN_POINT('Ctrl Pts',(15.7401063293219,-52.,8.06957721710205));
#10460=CARTESIAN_POINT('Ctrl Pts',(16.0155391691165,-50.,8.00343365491029));
#10461=CARTESIAN_POINT('Ctrl Pts',(16.0155391691165,-52.,8.00343365491029));
#10462=CARTESIAN_POINT('Ctrl Pts',(16.4462843205947,-50.,7.89999276261563));
#10463=CARTESIAN_POINT('Ctrl Pts',(16.4462843205947,-52.,7.89999276261563));
#10464=CARTESIAN_POINT('Ctrl Pts',(16.8497474618278,-50.,7.71880811216579));
#10465=CARTESIAN_POINT('Ctrl Pts',(16.8497474618278,-52.,7.71880811216579));
#10466=CARTESIAN_POINT('Ctrl Pts',(16.9952227920294,-50.,7.65347898006439));
#10467=CARTESIAN_POINT('Ctrl Pts',(16.9952227920294,-52.,7.65347898006439));
#10468=CARTESIAN_POINT('',(15.7401063293219,-50.,8.06957721710205));
#10469=CARTESIAN_POINT('Ctrl Pts',(16.9952227920294,-50.,7.65347898006439));
#10470=CARTESIAN_POINT('Ctrl Pts',(16.8497474618278,-50.,7.71880811216579));
#10471=CARTESIAN_POINT('Ctrl Pts',(16.4462843205947,-50.,7.89999276261563));
#10472=CARTESIAN_POINT('Ctrl Pts',(16.0155391691165,-50.,8.00343365491029));
#10473=CARTESIAN_POINT('Ctrl Pts',(15.7401063293219,-50.,8.06957721710205));
#10474=CARTESIAN_POINT('',(15.7401063293219,-52.,8.06957721710205));
#10475=CARTESIAN_POINT('Ctrl Pts',(15.7401063293219,-52.,8.06957721710205));
#10476=CARTESIAN_POINT('Ctrl Pts',(16.0155391691165,-52.,8.00343365491029));
#10477=CARTESIAN_POINT('Ctrl Pts',(16.4462843205947,-52.,7.89999276261563));
#10478=CARTESIAN_POINT('Ctrl Pts',(16.8497474618278,-52.,7.71880811216579));
#10479=CARTESIAN_POINT('Ctrl Pts',(16.9952227920294,-52.,7.65347898006439));
#10480=CARTESIAN_POINT('',(15.7401063293219,-50.,8.06957721710205));
#10481=CARTESIAN_POINT('Ctrl Pts',(13.8676669448614,-50.,8.65961790084839));
#10482=CARTESIAN_POINT('Ctrl Pts',(13.8676669448614,-52.,8.65961790084839));
#10483=CARTESIAN_POINT('Ctrl Pts',(14.109312743153,-50.,8.56476184694658));
#10484=CARTESIAN_POINT('Ctrl Pts',(14.109312743153,-52.,8.56476184694658));
#10485=CARTESIAN_POINT('Ctrl Pts',(14.7195324338169,-50.,8.32522516855705));
#10486=CARTESIAN_POINT('Ctrl Pts',(14.7195324338169,-52.,8.32522516855705));
#10487=CARTESIAN_POINT('Ctrl Pts',(15.3557996689196,-50.,8.16584384796051));
#10488=CARTESIAN_POINT('Ctrl Pts',(15.3557996689196,-52.,8.16584384796051));
#10489=CARTESIAN_POINT('Ctrl Pts',(15.7401063293219,-50.,8.06957721710205));
#10490=CARTESIAN_POINT('Ctrl Pts',(15.7401063293219,-52.,8.06957721710205));
#10491=CARTESIAN_POINT('',(13.8676669448614,-50.,8.65961790084839));
#10492=CARTESIAN_POINT('Ctrl Pts',(15.7401063293219,-50.,8.06957721710205));
#10493=CARTESIAN_POINT('Ctrl Pts',(15.3557996689196,-50.,8.16584384796051));
#10494=CARTESIAN_POINT('Ctrl Pts',(14.7195324338169,-50.,8.32522516855705));
#10495=CARTESIAN_POINT('Ctrl Pts',(14.109312743153,-50.,8.56476184694658));
#10496=CARTESIAN_POINT('Ctrl Pts',(13.8676669448614,-50.,8.65961790084839));
#10497=CARTESIAN_POINT('',(13.8676669448614,-52.,8.65961790084839));
#10498=CARTESIAN_POINT('Ctrl Pts',(13.8676669448614,-52.,8.65961790084839));
#10499=CARTESIAN_POINT('Ctrl Pts',(14.109312743153,-52.,8.56476184694658));
#10500=CARTESIAN_POINT('Ctrl Pts',(14.7195324338169,-52.,8.32522516855705));
#10501=CARTESIAN_POINT('Ctrl Pts',(15.3557996689196,-52.,8.16584384796051));
#10502=CARTESIAN_POINT('Ctrl Pts',(15.7401063293219,-52.,8.06957721710205));
#10503=CARTESIAN_POINT('',(13.8676669448614,-50.,8.65961790084839));
#10504=CARTESIAN_POINT('Ctrl Pts',(13.0763985961676,-50.,9.34856772422791));
#10505=CARTESIAN_POINT('Ctrl Pts',(13.0763985961676,-52.,9.34856772422791));
#10506=CARTESIAN_POINT('Ctrl Pts',(13.1792254922145,-50.,9.20869956172966));
#10507=CARTESIAN_POINT('Ctrl Pts',(13.1792254922145,-52.,9.20869956172966));
#10508=CARTESIAN_POINT('Ctrl Pts',(13.3913013726217,-50.,8.92022772368839));
#10509=CARTESIAN_POINT('Ctrl Pts',(13.3913013726217,-52.,8.92022772368839));
#10510=CARTESIAN_POINT('Ctrl Pts',(13.7057048290786,-50.,8.74822404864891));
#10511=CARTESIAN_POINT('Ctrl Pts',(13.7057048290786,-52.,8.74822404864891));
#10512=CARTESIAN_POINT('Ctrl Pts',(13.8676669448614,-50.,8.65961790084839));
#10513=CARTESIAN_POINT('Ctrl Pts',(13.8676669448614,-52.,8.65961790084839));
#10514=CARTESIAN_POINT('',(13.0763985961676,-50.,9.34856772422791));
#10515=CARTESIAN_POINT('Ctrl Pts',(13.8676669448614,-50.,8.65961790084839));
#10516=CARTESIAN_POINT('Ctrl Pts',(13.7057048290786,-50.,8.74822404864891));
#10517=CARTESIAN_POINT('Ctrl Pts',(13.3913013726217,-50.,8.92022772368839));
#10518=CARTESIAN_POINT('Ctrl Pts',(13.1792254922145,-50.,9.20869956172966));
#10519=CARTESIAN_POINT('Ctrl Pts',(13.0763985961676,-50.,9.34856772422791));
#10520=CARTESIAN_POINT('',(13.0763985961676,-52.,9.34856772422791));
#10521=CARTESIAN_POINT('Ctrl Pts',(13.0763985961676,-52.,9.34856772422791));
#10522=CARTESIAN_POINT('Ctrl Pts',(13.1792254922145,-52.,9.20869956172966));
#10523=CARTESIAN_POINT('Ctrl Pts',(13.3913013726217,-52.,8.92022772368839));
#10524=CARTESIAN_POINT('Ctrl Pts',(13.7057048290786,-52.,8.74822404864891));
#10525=CARTESIAN_POINT('Ctrl Pts',(13.8676669448614,-52.,8.65961790084839));
#10526=CARTESIAN_POINT('',(13.0763985961676,-50.,9.34856772422791));
#10527=CARTESIAN_POINT('Ctrl Pts',(12.8069569915533,-50.,10.320600271225));
#10528=CARTESIAN_POINT('Ctrl Pts',(12.8069569915533,-52.,10.320600271225));
#10529=CARTESIAN_POINT('Ctrl Pts',(12.8178121049464,-50.,10.1476918292955));
#10530=CARTESIAN_POINT('Ctrl Pts',(12.8178121049464,-52.,10.1476918292955));
#10531=CARTESIAN_POINT('Ctrl Pts',(12.8393468613787,-50.,9.80466996971786));
#10532=CARTESIAN_POINT('Ctrl Pts',(12.8393468613787,-52.,9.80466996971786));
#10533=CARTESIAN_POINT('Ctrl Pts',(12.997811754541,-50.,9.49977368339866));
#10534=CARTESIAN_POINT('Ctrl Pts',(12.997811754541,-52.,9.49977368339866));
#10535=CARTESIAN_POINT('Ctrl Pts',(13.0763985961676,-50.,9.34856772422791));
#10536=CARTESIAN_POINT('Ctrl Pts',(13.0763985961676,-52.,9.34856772422791));
#10537=CARTESIAN_POINT('',(12.8069569915533,-50.,10.320600271225));
#10538=CARTESIAN_POINT('Ctrl Pts',(13.0763985961676,-50.,9.34856772422791));
#10539=CARTESIAN_POINT('Ctrl Pts',(12.997811754541,-50.,9.49977368339866));
#10540=CARTESIAN_POINT('Ctrl Pts',(12.8393468613787,-50.,9.80466996971786));
#10541=CARTESIAN_POINT('Ctrl Pts',(12.8178121049464,-50.,10.1476918292955));
#10542=CARTESIAN_POINT('Ctrl Pts',(12.8069569915533,-50.,10.320600271225));
#10543=CARTESIAN_POINT('',(12.8069569915533,-52.,10.320600271225));
#10544=CARTESIAN_POINT('Ctrl Pts',(12.8069569915533,-52.,10.320600271225));
#10545=CARTESIAN_POINT('Ctrl Pts',(12.8178121049464,-52.,10.1476918292955));
#10546=CARTESIAN_POINT('Ctrl Pts',(12.8393468613787,-52.,9.80466996971786));
#10547=CARTESIAN_POINT('Ctrl Pts',(12.997811754541,-52.,9.49977368339866));
#10548=CARTESIAN_POINT('Ctrl Pts',(13.0763985961676,-52.,9.34856772422791));
#10549=CARTESIAN_POINT('',(12.8069569915533,-50.,10.320600271225));
#10550=CARTESIAN_POINT('Ctrl Pts',(13.0286481231451,-50.,11.2175989151001));
#10551=CARTESIAN_POINT('Ctrl Pts',(13.0286481231451,-52.,11.2175989151001));
#10552=CARTESIAN_POINT('Ctrl Pts',(12.9639872263766,-50.,11.0763612679404));
#10553=CARTESIAN_POINT('Ctrl Pts',(12.9639872263766,-52.,11.0763612679404));
#10554=CARTESIAN_POINT('Ctrl Pts',(12.833530115271,-50.,10.7914061196414));
#10555=CARTESIAN_POINT('Ctrl Pts',(12.833530115271,-52.,10.7914061196414));
#10556=CARTESIAN_POINT('Ctrl Pts',(12.815865940942,-50.,10.478443418309));
#10557=CARTESIAN_POINT('Ctrl Pts',(12.815865940942,-52.,10.478443418309));
#10558=CARTESIAN_POINT('Ctrl Pts',(12.8069569915533,-50.,10.320600271225));
#10559=CARTESIAN_POINT('Ctrl Pts',(12.8069569915533,-52.,10.320600271225));
#10560=CARTESIAN_POINT('',(13.0286481231451,-50.,11.2175989151001));
#10561=CARTESIAN_POINT('Ctrl Pts',(12.8069569915533,-50.,10.320600271225));
#10562=CARTESIAN_POINT('Ctrl Pts',(12.815865940942,-50.,10.478443418309));
#10563=CARTESIAN_POINT('Ctrl Pts',(12.833530115271,-50.,10.7914061196414));
#10564=CARTESIAN_POINT('Ctrl Pts',(12.9639872263766,-50.,11.0763612679404));
#10565=CARTESIAN_POINT('Ctrl Pts',(13.0286481231451,-50.,11.2175989151001));
#10566=CARTESIAN_POINT('',(13.0286481231451,-52.,11.2175989151001));
#10567=CARTESIAN_POINT('Ctrl Pts',(13.0286481231451,-52.,11.2175989151001));
#10568=CARTESIAN_POINT('Ctrl Pts',(12.9639872263766,-52.,11.0763612679404));
#10569=CARTESIAN_POINT('Ctrl Pts',(12.833530115271,-52.,10.7914061196414));
#10570=CARTESIAN_POINT('Ctrl Pts',(12.815865940942,-52.,10.478443418309));
#10571=CARTESIAN_POINT('Ctrl Pts',(12.8069569915533,-52.,10.320600271225));
#10572=CARTESIAN_POINT('',(13.0286481231451,-50.,11.2175989151001));
#10573=CARTESIAN_POINT('Ctrl Pts',(13.6323335021734,-50.,11.9031381607056));
#10574=CARTESIAN_POINT('Ctrl Pts',(13.6323335021734,-52.,11.9031381607056));
#10575=CARTESIAN_POINT('Ctrl Pts',(13.511702325007,-50.,11.8063980323398));
#10576=CARTESIAN_POINT('Ctrl Pts',(13.511702325007,-52.,11.8063980323398));
#10577=CARTESIAN_POINT('Ctrl Pts',(13.2705686984655,-50.,11.6130210088134));
#10578=CARTESIAN_POINT('Ctrl Pts',(13.2705686984655,-52.,11.6130210088134));
#10579=CARTESIAN_POINT('Ctrl Pts',(13.1092596102775,-50.,11.3493593615896));
#10580=CARTESIAN_POINT('Ctrl Pts',(13.1092596102775,-52.,11.3493593615896));
#10581=CARTESIAN_POINT('Ctrl Pts',(13.0286481231451,-50.,11.2175989151001));
#10582=CARTESIAN_POINT('Ctrl Pts',(13.0286481231451,-52.,11.2175989151001));
#10583=CARTESIAN_POINT('',(13.6323335021734,-50.,11.9031381607056));
#10584=CARTESIAN_POINT('Ctrl Pts',(13.0286481231451,-50.,11.2175989151001));
#10585=CARTESIAN_POINT('Ctrl Pts',(13.1092596102775,-50.,11.3493593615896));
#10586=CARTESIAN_POINT('Ctrl Pts',(13.2705686984655,-50.,11.6130210088134));
#10587=CARTESIAN_POINT('Ctrl Pts',(13.511702325007,-50.,11.8063980323398));
#10588=CARTESIAN_POINT('Ctrl Pts',(13.6323335021734,-50.,11.9031381607056));
#10589=CARTESIAN_POINT('',(13.6323335021734,-52.,11.9031381607056));
#10590=CARTESIAN_POINT('Ctrl Pts',(13.6323335021734,-52.,11.9031381607056));
#10591=CARTESIAN_POINT('Ctrl Pts',(13.511702325007,-52.,11.8063980323398));
#10592=CARTESIAN_POINT('Ctrl Pts',(13.2705686984655,-52.,11.6130210088134));
#10593=CARTESIAN_POINT('Ctrl Pts',(13.1092596102775,-52.,11.3493593615896));
#10594=CARTESIAN_POINT('Ctrl Pts',(13.0286481231451,-52.,11.2175989151001));
#10595=CARTESIAN_POINT('',(13.6323335021734,-50.,11.9031381607056));
#10596=CARTESIAN_POINT('Ctrl Pts',(14.4133689254522,-50.,12.2612553834915));
#10597=CARTESIAN_POINT('Ctrl Pts',(14.4133689254522,-52.,12.2612553834915));
#10598=CARTESIAN_POINT('Ctrl Pts',(14.2627546590124,-50.,12.2135997951466));
#10599=CARTESIAN_POINT('Ctrl Pts',(14.2627546590124,-52.,12.2135997951466));
#10600=CARTESIAN_POINT('Ctrl Pts',(13.9873213467704,-50.,12.1264504376857));
#10601=CARTESIAN_POINT('Ctrl Pts',(13.9873213467704,-52.,12.1264504376857));
#10602=CARTESIAN_POINT('Ctrl Pts',(13.7430367701079,-50.,11.9727782884109));
#10603=CARTESIAN_POINT('Ctrl Pts',(13.7430367701079,-52.,11.9727782884109));
#10604=CARTESIAN_POINT('Ctrl Pts',(13.6323335021734,-50.,11.9031381607056));
#10605=CARTESIAN_POINT('Ctrl Pts',(13.6323335021734,-52.,11.9031381607056));
#10606=CARTESIAN_POINT('',(14.4133689254522,-50.,12.2612553834915));
#10607=CARTESIAN_POINT('Ctrl Pts',(13.6323335021734,-50.,11.9031381607056));
#10608=CARTESIAN_POINT('Ctrl Pts',(13.7430367701079,-50.,11.9727782884109));
#10609=CARTESIAN_POINT('Ctrl Pts',(13.9873213467704,-50.,12.1264504376857));
#10610=CARTESIAN_POINT('Ctrl Pts',(14.2627546590124,-50.,12.2135997951466));
#10611=CARTESIAN_POINT('Ctrl Pts',(14.4133689254522,-50.,12.2612553834915));
#10612=CARTESIAN_POINT('',(14.4133689254522,-52.,12.2612553834915));
#10613=CARTESIAN_POINT('Ctrl Pts',(14.4133689254522,-52.,12.2612553834915));
#10614=CARTESIAN_POINT('Ctrl Pts',(14.2627546590124,-52.,12.2135997951466));
#10615=CARTESIAN_POINT('Ctrl Pts',(13.9873213467704,-52.,12.1264504376857));
#10616=CARTESIAN_POINT('Ctrl Pts',(13.7430367701079,-52.,11.9727782884109));
#10617=CARTESIAN_POINT('Ctrl Pts',(13.6323335021734,-52.,11.9031381607056));
#10618=CARTESIAN_POINT('',(14.4133689254522,-50.,12.2612553834915));
#10619=CARTESIAN_POINT('Ctrl Pts',(15.4740788787603,-50.,12.4079126119614));
#10620=CARTESIAN_POINT('Ctrl Pts',(15.4740788787603,-52.,12.4079126119614));
#10621=CARTESIAN_POINT('Ctrl Pts',(15.2903869624694,-50.,12.4024000392978));
#10622=CARTESIAN_POINT('Ctrl Pts',(15.2903869624694,-52.,12.4024000392978));
#10623=CARTESIAN_POINT('Ctrl Pts',(14.931480580213,-50.,12.3916293012514));
#10624=CARTESIAN_POINT('Ctrl Pts',(14.931480580213,-52.,12.3916293012514));
#10625=CARTESIAN_POINT('Ctrl Pts',(14.5833316917468,-50.,12.3040236005573));
#10626=CARTESIAN_POINT('Ctrl Pts',(14.5833316917468,-52.,12.3040236005573));
#10627=CARTESIAN_POINT('Ctrl Pts',(14.4133689254522,-50.,12.2612553834915));
#10628=CARTESIAN_POINT('Ctrl Pts',(14.4133689254522,-52.,12.2612553834915));
#10629=CARTESIAN_POINT('',(15.4740788787603,-50.,12.4079126119614));
#10630=CARTESIAN_POINT('Ctrl Pts',(14.4133689254522,-50.,12.2612553834915));
#10631=CARTESIAN_POINT('Ctrl Pts',(14.5833316917468,-50.,12.3040236005573));
#10632=CARTESIAN_POINT('Ctrl Pts',(14.931480580213,-50.,12.3916293012514));
#10633=CARTESIAN_POINT('Ctrl Pts',(15.2903869624694,-50.,12.4024000392978));
#10634=CARTESIAN_POINT('Ctrl Pts',(15.4740788787603,-50.,12.4079126119614));
#10635=CARTESIAN_POINT('',(15.4740788787603,-52.,12.4079126119614));
#10636=CARTESIAN_POINT('Ctrl Pts',(15.4740788787603,-52.,12.4079126119614));
#10637=CARTESIAN_POINT('Ctrl Pts',(15.2903869624694,-52.,12.4024000392978));
#10638=CARTESIAN_POINT('Ctrl Pts',(14.931480580213,-52.,12.3916293012514));
#10639=CARTESIAN_POINT('Ctrl Pts',(14.5833316917468,-52.,12.3040236005573));
#10640=CARTESIAN_POINT('Ctrl Pts',(14.4133689254522,-52.,12.2612553834915));
#10641=CARTESIAN_POINT('',(15.4740788787603,-50.,12.4079126119614));
#10642=CARTESIAN_POINT('Ctrl Pts',(16.9713475555182,-50.,12.1623468399048));
#10643=CARTESIAN_POINT('Ctrl Pts',(16.9713475555182,-52.,12.1623468399048));
#10644=CARTESIAN_POINT('Ctrl Pts',(16.7408610091524,-50.,12.233913562631));
#10645=CARTESIAN_POINT('Ctrl Pts',(16.7408610091524,-52.,12.233913562631));
#10646=CARTESIAN_POINT('Ctrl Pts',(16.2535169915025,-50.,12.3852352546491));
#10647=CARTESIAN_POINT('Ctrl Pts',(16.2535169915025,-52.,12.3852352546491));
#10648=CARTESIAN_POINT('Ctrl Pts',(15.7430980968598,-50.,12.4000856339974));
#10649=CARTESIAN_POINT('Ctrl Pts',(15.7430980968598,-52.,12.4000856339974));
#10650=CARTESIAN_POINT('Ctrl Pts',(15.4740788787603,-50.,12.4079126119614));
#10651=CARTESIAN_POINT('Ctrl Pts',(15.4740788787603,-52.,12.4079126119614));
#10652=CARTESIAN_POINT('',(16.9713475555182,-50.,12.1623468399048));
#10653=CARTESIAN_POINT('Ctrl Pts',(15.4740788787603,-50.,12.4079126119614));
#10654=CARTESIAN_POINT('Ctrl Pts',(15.7430980968598,-50.,12.4000856339974));
#10655=CARTESIAN_POINT('Ctrl Pts',(16.2535169915025,-50.,12.3852352546491));
#10656=CARTESIAN_POINT('Ctrl Pts',(16.7408610091524,-50.,12.233913562631));
#10657=CARTESIAN_POINT('Ctrl Pts',(16.9713475555182,-50.,12.1623468399048));
#10658=CARTESIAN_POINT('',(16.9713475555182,-52.,12.1623468399048));
#10659=CARTESIAN_POINT('Ctrl Pts',(16.9713475555182,-52.,12.1623468399048));
#10660=CARTESIAN_POINT('Ctrl Pts',(16.7408610091524,-52.,12.233913562631));
#10661=CARTESIAN_POINT('Ctrl Pts',(16.2535169915025,-52.,12.3852352546491));
#10662=CARTESIAN_POINT('Ctrl Pts',(15.7430980968598,-52.,12.4000856339974));
#10663=CARTESIAN_POINT('Ctrl Pts',(15.4740788787603,-52.,12.4079126119614));
#10664=CARTESIAN_POINT('',(16.9713475555182,-50.,12.1623468399048));
#10665=CARTESIAN_POINT('Ctrl Pts',(17.9229190200567,-50.,11.4972716569901));
#10666=CARTESIAN_POINT('Ctrl Pts',(17.9229190200567,-52.,11.4972716569901));
#10667=CARTESIAN_POINT('Ctrl Pts',(17.7994737490441,-50.,11.6324173639697));
#10668=CARTESIAN_POINT('Ctrl Pts',(17.7994737490441,-52.,11.6324173639697));
#10669=CARTESIAN_POINT('Ctrl Pts',(17.5326507482038,-50.,11.92453048253));
#10670=CARTESIAN_POINT('Ctrl Pts',(17.5326507482038,-52.,11.92453048253));
#10671=CARTESIAN_POINT('Ctrl Pts',(17.1675402277771,-50.,12.0792227328834));
#10672=CARTESIAN_POINT('Ctrl Pts',(17.1675402277771,-52.,12.0792227328834));
#10673=CARTESIAN_POINT('Ctrl Pts',(16.9713475555182,-50.,12.1623468399048));
#10674=CARTESIAN_POINT('Ctrl Pts',(16.9713475555182,-52.,12.1623468399048));
#10675=CARTESIAN_POINT('',(17.9229190200567,-50.,11.4972716569901));
#10676=CARTESIAN_POINT('Ctrl Pts',(16.9713475555182,-50.,12.1623468399048));
#10677=CARTESIAN_POINT('Ctrl Pts',(17.1675402277771,-50.,12.0792227328834));
#10678=CARTESIAN_POINT('Ctrl Pts',(17.5326507482038,-50.,11.92453048253));
#10679=CARTESIAN_POINT('Ctrl Pts',(17.7994737490441,-50.,11.6324173639697));
#10680=CARTESIAN_POINT('Ctrl Pts',(17.9229190200567,-50.,11.4972716569901));
#10681=CARTESIAN_POINT('',(17.9229190200567,-52.,11.4972716569901));
#10682=CARTESIAN_POINT('Ctrl Pts',(17.9229190200567,-52.,11.4972716569901));
#10683=CARTESIAN_POINT('Ctrl Pts',(17.7994737490441,-52.,11.6324173639697));
#10684=CARTESIAN_POINT('Ctrl Pts',(17.5326507482038,-52.,11.92453048253));
#10685=CARTESIAN_POINT('Ctrl Pts',(17.1675402277771,-52.,12.0792227328834));
#10686=CARTESIAN_POINT('Ctrl Pts',(16.9713475555182,-52.,12.1623468399048));
#10687=CARTESIAN_POINT('',(17.9229190200567,-50.,11.4972716569901));
#10688=CARTESIAN_POINT('Ctrl Pts',(18.3458354324102,-50.,10.3751707077026));
#10689=CARTESIAN_POINT('Ctrl Pts',(18.3458354324102,-52.,10.3751707077026));
#10690=CARTESIAN_POINT('Ctrl Pts',(18.3040004428258,-50.,10.5907165583381));
#10691=CARTESIAN_POINT('Ctrl Pts',(18.3040004428258,-52.,10.5907165583381));
#10692=CARTESIAN_POINT('Ctrl Pts',(18.2266186473699,-50.,10.9894097357694));
#10693=CARTESIAN_POINT('Ctrl Pts',(18.2266186473699,-52.,10.9894097357694));
#10694=CARTESIAN_POINT('Ctrl Pts',(18.0185152779439,-50.,11.3374107456626));
#10695=CARTESIAN_POINT('Ctrl Pts',(18.0185152779439,-52.,11.3374107456626));
#10696=CARTESIAN_POINT('Ctrl Pts',(17.9229190200567,-50.,11.4972716569901));
#10697=CARTESIAN_POINT('Ctrl Pts',(17.9229190200567,-52.,11.4972716569901));
#10698=CARTESIAN_POINT('',(18.3458354324102,-50.,10.3751707077026));
#10699=CARTESIAN_POINT('Ctrl Pts',(17.9229190200567,-50.,11.4972716569901));
#10700=CARTESIAN_POINT('Ctrl Pts',(18.0185152779439,-50.,11.3374107456626));
#10701=CARTESIAN_POINT('Ctrl Pts',(18.2266186473699,-50.,10.9894097357694));
#10702=CARTESIAN_POINT('Ctrl Pts',(18.3040004428258,-50.,10.5907165583381));
#10703=CARTESIAN_POINT('Ctrl Pts',(18.3458354324102,-50.,10.3751707077026));
#10704=CARTESIAN_POINT('',(18.3458354324102,-52.,10.3751707077026));
#10705=CARTESIAN_POINT('Ctrl Pts',(18.3458354324102,-52.,10.3751707077026));
#10706=CARTESIAN_POINT('Ctrl Pts',(18.3040004428258,-52.,10.5907165583381));
#10707=CARTESIAN_POINT('Ctrl Pts',(18.2266186473699,-52.,10.9894097357694));
#10708=CARTESIAN_POINT('Ctrl Pts',(18.0185152779439,-52.,11.3374107456626));
#10709=CARTESIAN_POINT('Ctrl Pts',(17.9229190200567,-52.,11.4972716569901));
#10710=CARTESIAN_POINT('',(18.3458354324102,-50.,10.3751707077026));
#10711=CARTESIAN_POINT('Origin',(17.1452929824591,-50.,10.2114599943161));
#10712=CARTESIAN_POINT('',(17.1452929824591,-50.,10.2114599943161));
#10713=CARTESIAN_POINT('',(-16.4979898963269,-50.,5.62372897241423));
#10714=CARTESIAN_POINT('',(17.1452929824591,-52.,10.2114599943161));
#10715=CARTESIAN_POINT('',(18.3458354324102,-52.,10.3751707077026));
#10716=CARTESIAN_POINT('',(17.1452929824591,-50.,10.2114599943161));
#10717=CARTESIAN_POINT('Ctrl Pts',(16.6712119430304,-50.,11.0845839977264));
#10718=CARTESIAN_POINT('Ctrl Pts',(16.6712119430304,-52.,11.0845839977264));
#10719=CARTESIAN_POINT('Ctrl Pts',(16.7894131571847,-50.,10.9668732672296));
#10720=CARTESIAN_POINT('Ctrl Pts',(16.7894131571847,-52.,10.9668732672296));
#10721=CARTESIAN_POINT('Ctrl Pts',(17.0338351687235,-50.,10.7234655007901));
#10722=CARTESIAN_POINT('Ctrl Pts',(17.0338351687235,-52.,10.7234655007901));
#10723=CARTESIAN_POINT('Ctrl Pts',(17.1073365085016,-50.,10.385821243844));
#10724=CARTESIAN_POINT('Ctrl Pts',(17.1073365085016,-52.,10.385821243844));
#10725=CARTESIAN_POINT('Ctrl Pts',(17.1452929824591,-50.,10.2114599943161));
#10726=CARTESIAN_POINT('Ctrl Pts',(17.1452929824591,-52.,10.2114599943161));
#10727=CARTESIAN_POINT('',(16.6712119430304,-50.,11.0845839977264));
#10728=CARTESIAN_POINT('Ctrl Pts',(17.1452929824591,-50.,10.2114599943161));
#10729=CARTESIAN_POINT('Ctrl Pts',(17.1073365085016,-50.,10.385821243844));
#10730=CARTESIAN_POINT('Ctrl Pts',(17.0338351687235,-50.,10.7234655007901));
#10731=CARTESIAN_POINT('Ctrl Pts',(16.7894131571847,-50.,10.9668732672296));
#10732=CARTESIAN_POINT('Ctrl Pts',(16.6712119430304,-50.,11.0845839977264));
#10733=CARTESIAN_POINT('',(16.6712119430304,-52.,11.0845839977264));
#10734=CARTESIAN_POINT('Ctrl Pts',(16.6712119430304,-52.,11.0845839977264));
#10735=CARTESIAN_POINT('Ctrl Pts',(16.7894131571847,-52.,10.9668732672296));
#10736=CARTESIAN_POINT('Ctrl Pts',(17.0338351687235,-52.,10.7234655007901));
#10737=CARTESIAN_POINT('Ctrl Pts',(17.1073365085016,-52.,10.385821243844));
#10738=CARTESIAN_POINT('Ctrl Pts',(17.1452929824591,-52.,10.2114599943161));
#10739=CARTESIAN_POINT('',(16.6712119430304,-50.,11.0845839977264));
#10740=CARTESIAN_POINT('Ctrl Pts',(15.5627562850714,-50.,11.3983631134033));
#10741=CARTESIAN_POINT('Ctrl Pts',(15.5627562850714,-52.,11.3983631134033));
#10742=CARTESIAN_POINT('Ctrl Pts',(15.7801723612212,-50.,11.3910714851128));
#10743=CARTESIAN_POINT('Ctrl Pts',(15.7801723612212,-52.,11.3910714851128));
#10744=CARTESIAN_POINT('Ctrl Pts',(16.1771134315217,-50.,11.3777590070794));
#10745=CARTESIAN_POINT('Ctrl Pts',(16.1771134315217,-52.,11.3777590070794));
#10746=CARTESIAN_POINT('Ctrl Pts',(16.5173381283195,-50.,11.1758855418847));
#10747=CARTESIAN_POINT('Ctrl Pts',(16.5173381283195,-52.,11.1758855418847));
#10748=CARTESIAN_POINT('Ctrl Pts',(16.6712119430304,-50.,11.0845839977264));
#10749=CARTESIAN_POINT('Ctrl Pts',(16.6712119430304,-52.,11.0845839977264));
#10750=CARTESIAN_POINT('',(15.5627562850714,-50.,11.3983631134033));
#10751=CARTESIAN_POINT('Ctrl Pts',(16.6712119430304,-50.,11.0845839977264));
#10752=CARTESIAN_POINT('Ctrl Pts',(16.5173381283195,-50.,11.1758855418847));
#10753=CARTESIAN_POINT('Ctrl Pts',(16.1771134315217,-50.,11.3777590070794));
#10754=CARTESIAN_POINT('Ctrl Pts',(15.7801723612212,-50.,11.3910714851128));
#10755=CARTESIAN_POINT('Ctrl Pts',(15.5627562850714,-50.,11.3983631134033));
#10756=CARTESIAN_POINT('',(15.5627562850714,-52.,11.3983631134033));
#10757=CARTESIAN_POINT('Ctrl Pts',(15.5627562850714,-52.,11.3983631134033));
#10758=CARTESIAN_POINT('Ctrl Pts',(15.7801723612212,-52.,11.3910714851128));
#10759=CARTESIAN_POINT('Ctrl Pts',(16.1771134315217,-52.,11.3777590070794));
#10760=CARTESIAN_POINT('Ctrl Pts',(16.5173381283195,-52.,11.1758855418847));
#10761=CARTESIAN_POINT('Ctrl Pts',(16.6712119430304,-52.,11.0845839977264));
#10762=CARTESIAN_POINT('',(15.5627562850714,-50.,11.3983631134033));
#10763=CARTESIAN_POINT('Ctrl Pts',(14.3553855270147,-50.,11.1186903715134));
#10764=CARTESIAN_POINT('Ctrl Pts',(14.3553855270147,-52.,11.1186903715134));
#10765=CARTESIAN_POINT('Ctrl Pts',(14.5133751787847,-50.,11.1997415078336));
#10766=CARTESIAN_POINT('Ctrl Pts',(14.5133751787847,-52.,11.1997415078336));
#10767=CARTESIAN_POINT('Ctrl Pts',(14.8899749069486,-50.,11.392942996435));
#10768=CARTESIAN_POINT('Ctrl Pts',(14.8899749069486,-52.,11.392942996435));
#10769=CARTESIAN_POINT('Ctrl Pts',(15.3156555361563,-50.,11.396372399918));
#10770=CARTESIAN_POINT('Ctrl Pts',(15.3156555361563,-52.,11.396372399918));
#10771=CARTESIAN_POINT('Ctrl Pts',(15.5627562850714,-50.,11.3983631134033));
#10772=CARTESIAN_POINT('Ctrl Pts',(15.5627562850714,-52.,11.3983631134033));
#10773=CARTESIAN_POINT('',(14.3553855270147,-50.,11.1186903715134));
#10774=CARTESIAN_POINT('Ctrl Pts',(15.5627562850714,-50.,11.3983631134033));
#10775=CARTESIAN_POINT('Ctrl Pts',(15.3156555361563,-50.,11.396372399918));
#10776=CARTESIAN_POINT('Ctrl Pts',(14.8899749069486,-50.,11.392942996435));
#10777=CARTESIAN_POINT('Ctrl Pts',(14.5133751787847,-50.,11.1997415078336));
#10778=CARTESIAN_POINT('Ctrl Pts',(14.3553855270147,-50.,11.1186903715134));
#10779=CARTESIAN_POINT('',(14.3553855270147,-52.,11.1186903715134));
#10780=CARTESIAN_POINT('Ctrl Pts',(14.3553855270147,-52.,11.1186903715134));
#10781=CARTESIAN_POINT('Ctrl Pts',(14.5133751787847,-52.,11.1997415078336));
#10782=CARTESIAN_POINT('Ctrl Pts',(14.8899749069486,-52.,11.392942996435));
#10783=CARTESIAN_POINT('Ctrl Pts',(15.3156555361563,-52.,11.396372399918));
#10784=CARTESIAN_POINT('Ctrl Pts',(15.5627562850714,-52.,11.3983631134033));
#10785=CARTESIAN_POINT('',(14.3553855270147,-50.,11.1186903715134));
#10786=CARTESIAN_POINT('Ctrl Pts',(13.9938571304083,-50.,10.4638475179672));
#10787=CARTESIAN_POINT('Ctrl Pts',(13.9938571304083,-52.,10.4638475179672));
#10788=CARTESIAN_POINT('Ctrl Pts',(14.0121030869576,-50.,10.5872898320409));
#10789=CARTESIAN_POINT('Ctrl Pts',(14.0121030869576,-52.,10.5872898320409));
#10790=CARTESIAN_POINT('Ctrl Pts',(14.0508223933978,-50.,10.8492438037823));
#10791=CARTESIAN_POINT('Ctrl Pts',(14.0508223933978,-52.,10.8492438037823));
#10792=CARTESIAN_POINT('Ctrl Pts',(14.2500442907044,-50.,11.0254951307523));
#10793=CARTESIAN_POINT('Ctrl Pts',(14.2500442907044,-52.,11.0254951307523));
#10794=CARTESIAN_POINT('Ctrl Pts',(14.3553855270147,-50.,11.1186903715134));
#10795=CARTESIAN_POINT('Ctrl Pts',(14.3553855270147,-52.,11.1186903715134));
#10796=CARTESIAN_POINT('',(13.9938571304083,-50.,10.4638475179672));
#10797=CARTESIAN_POINT('Ctrl Pts',(14.3553855270147,-50.,11.1186903715134));
#10798=CARTESIAN_POINT('Ctrl Pts',(14.2500442907044,-50.,11.0254951307523));
#10799=CARTESIAN_POINT('Ctrl Pts',(14.0508223933978,-50.,10.8492438037823));
#10800=CARTESIAN_POINT('Ctrl Pts',(14.0121030869576,-50.,10.5872898320409));
#10801=CARTESIAN_POINT('Ctrl Pts',(13.9938571304083,-50.,10.4638475179672));
#10802=CARTESIAN_POINT('',(13.9938571304083,-52.,10.4638475179672));
#10803=CARTESIAN_POINT('Ctrl Pts',(13.9938571304083,-52.,10.4638475179672));
#10804=CARTESIAN_POINT('Ctrl Pts',(14.0121030869576,-52.,10.5872898320409));
#10805=CARTESIAN_POINT('Ctrl Pts',(14.0508223933978,-52.,10.8492438037823));
#10806=CARTESIAN_POINT('Ctrl Pts',(14.2500442907044,-52.,11.0254951307523));
#10807=CARTESIAN_POINT('Ctrl Pts',(14.3553855270147,-52.,11.1186903715134));
#10808=CARTESIAN_POINT('',(13.9938571304083,-50.,10.4638475179672));
#10809=CARTESIAN_POINT('Ctrl Pts',(14.143927320838,-50.,10.0341063737869));
#10810=CARTESIAN_POINT('Ctrl Pts',(14.143927320838,-52.,10.0341063737869));
#10811=CARTESIAN_POINT('Ctrl Pts',(14.1001571250352,-50.,10.0995730870047));
#10812=CARTESIAN_POINT('Ctrl Pts',(14.1001571250352,-52.,10.0995730870047));
#10813=CARTESIAN_POINT('Ctrl Pts',(14.0130254031517,-50.,10.2298952695789));
#10814=CARTESIAN_POINT('Ctrl Pts',(14.0130254031517,-52.,10.2298952695789));
#10815=CARTESIAN_POINT('Ctrl Pts',(14.0002265446995,-50.,10.386107660324));
#10816=CARTESIAN_POINT('Ctrl Pts',(14.0002265446995,-52.,10.386107660324));
#10817=CARTESIAN_POINT('Ctrl Pts',(13.9938571304083,-50.,10.4638475179672));
#10818=CARTESIAN_POINT('Ctrl Pts',(13.9938571304083,-52.,10.4638475179672));
#10819=CARTESIAN_POINT('',(14.143927320838,-50.,10.0341063737869));
#10820=CARTESIAN_POINT('Ctrl Pts',(13.9938571304083,-50.,10.4638475179672));
#10821=CARTESIAN_POINT('Ctrl Pts',(14.0002265446995,-50.,10.386107660324));
#10822=CARTESIAN_POINT('Ctrl Pts',(14.0130254031517,-50.,10.2298952695789));
#10823=CARTESIAN_POINT('Ctrl Pts',(14.1001571250352,-50.,10.0995730870047));
#10824=CARTESIAN_POINT('Ctrl Pts',(14.143927320838,-50.,10.0341063737869));
#10825=CARTESIAN_POINT('',(14.143927320838,-52.,10.0341063737869));
#10826=CARTESIAN_POINT('Ctrl Pts',(14.143927320838,-52.,10.0341063737869));
#10827=CARTESIAN_POINT('Ctrl Pts',(14.1001571250352,-52.,10.0995730870047));
#10828=CARTESIAN_POINT('Ctrl Pts',(14.0130254031517,-52.,10.2298952695789));
#10829=CARTESIAN_POINT('Ctrl Pts',(14.0002265446995,-52.,10.386107660324));
#10830=CARTESIAN_POINT('Ctrl Pts',(13.9938571304083,-52.,10.4638475179672));
#10831=CARTESIAN_POINT('',(14.143927320838,-50.,10.0341063737869));
#10832=CARTESIAN_POINT('Ctrl Pts',(14.614594206214,-50.,9.70668494701385));
#10833=CARTESIAN_POINT('Ctrl Pts',(14.614594206214,-52.,9.70668494701385));
#10834=CARTESIAN_POINT('Ctrl Pts',(14.5175262893918,-50.,9.7493812857841));
#10835=CARTESIAN_POINT('Ctrl Pts',(14.5175262893918,-52.,9.7493812857841));
#10836=CARTESIAN_POINT('Ctrl Pts',(14.3388526957656,-50.,9.82797273528161));
#10837=CARTESIAN_POINT('Ctrl Pts',(14.3388526957656,-52.,9.82797273528161));
#10838=CARTESIAN_POINT('Ctrl Pts',(14.2050425111524,-50.,9.9694770429359));
#10839=CARTESIAN_POINT('Ctrl Pts',(14.2050425111524,-52.,9.9694770429359));
#10840=CARTESIAN_POINT('Ctrl Pts',(14.143927320838,-50.,10.0341063737869));
#10841=CARTESIAN_POINT('Ctrl Pts',(14.143927320838,-52.,10.0341063737869));
#10842=CARTESIAN_POINT('',(14.614594206214,-50.,9.70668494701385));
#10843=CARTESIAN_POINT('Ctrl Pts',(14.143927320838,-50.,10.0341063737869));
#10844=CARTESIAN_POINT('Ctrl Pts',(14.2050425111524,-50.,9.9694770429359));
#10845=CARTESIAN_POINT('Ctrl Pts',(14.3388526957656,-50.,9.82797273528161));
#10846=CARTESIAN_POINT('Ctrl Pts',(14.5175262893918,-50.,9.7493812857841));
#10847=CARTESIAN_POINT('Ctrl Pts',(14.614594206214,-50.,9.70668494701385));
#10848=CARTESIAN_POINT('',(14.614594206214,-52.,9.70668494701385));
#10849=CARTESIAN_POINT('Ctrl Pts',(14.614594206214,-52.,9.70668494701385));
#10850=CARTESIAN_POINT('Ctrl Pts',(14.5175262893918,-52.,9.7493812857841));
#10851=CARTESIAN_POINT('Ctrl Pts',(14.3388526957656,-52.,9.82797273528161));
#10852=CARTESIAN_POINT('Ctrl Pts',(14.2050425111524,-52.,9.9694770429359));
#10853=CARTESIAN_POINT('Ctrl Pts',(14.143927320838,-52.,10.0341063737869));
#10854=CARTESIAN_POINT('',(14.614594206214,-50.,9.70668494701385));
#10855=CARTESIAN_POINT('Ctrl Pts',(15.6991793960333,-50.,9.39290583133698));
#10856=CARTESIAN_POINT('Ctrl Pts',(15.6991793960333,-52.,9.39290583133698));
#10857=CARTESIAN_POINT('Ctrl Pts',(15.4580649780445,-50.,9.45772431268752));
#10858=CARTESIAN_POINT('Ctrl Pts',(15.4580649780445,-52.,9.45772431268752));
#10859=CARTESIAN_POINT('Ctrl Pts',(15.0945171085114,-50.,9.55545642260416));
#10860=CARTESIAN_POINT('Ctrl Pts',(15.0945171085114,-52.,9.55545642260416));
#10861=CARTESIAN_POINT('Ctrl Pts',(14.7355013581045,-50.,9.66858588967891));
#10862=CARTESIAN_POINT('Ctrl Pts',(14.7355013581045,-52.,9.66858588967891));
#10863=CARTESIAN_POINT('Ctrl Pts',(14.614594206214,-50.,9.70668494701385));
#10864=CARTESIAN_POINT('Ctrl Pts',(14.614594206214,-52.,9.70668494701385));
#10865=CARTESIAN_POINT('',(15.6991793960333,-50.,9.39290583133698));
#10866=CARTESIAN_POINT('Ctrl Pts',(14.614594206214,-50.,9.70668494701385));
#10867=CARTESIAN_POINT('Ctrl Pts',(14.7355013581045,-50.,9.66858588967891));
#10868=CARTESIAN_POINT('Ctrl Pts',(15.0945171085114,-50.,9.55545642260416));
#10869=CARTESIAN_POINT('Ctrl Pts',(15.4580649780445,-50.,9.45772431268752));
#10870=CARTESIAN_POINT('Ctrl Pts',(15.6991793960333,-50.,9.39290583133698));
#10871=CARTESIAN_POINT('',(15.6991793960333,-52.,9.39290583133698));
#10872=CARTESIAN_POINT('Ctrl Pts',(15.6991793960333,-52.,9.39290583133698));
#10873=CARTESIAN_POINT('Ctrl Pts',(15.4580649780445,-52.,9.45772431268752));
#10874=CARTESIAN_POINT('Ctrl Pts',(15.0945171085114,-52.,9.55545642260416));
#10875=CARTESIAN_POINT('Ctrl Pts',(14.7355013581045,-52.,9.66858588967891));
#10876=CARTESIAN_POINT('Ctrl Pts',(14.614594206214,-52.,9.70668494701385));
#10877=CARTESIAN_POINT('',(15.6991793960333,-50.,9.39290583133698));
#10878=CARTESIAN_POINT('Ctrl Pts',(17.517049536109,-50.,8.82332921028137));
#10879=CARTESIAN_POINT('Ctrl Pts',(17.517049536109,-52.,8.82332921028137));
#10880=CARTESIAN_POINT('Ctrl Pts',(17.2806880866689,-50.,8.9107439063733));
#10881=CARTESIAN_POINT('Ctrl Pts',(17.2806880866689,-52.,8.9107439063733));
#10882=CARTESIAN_POINT('Ctrl Pts',(16.6845442066616,-50.,9.13121867593213));
#10883=CARTESIAN_POINT('Ctrl Pts',(16.6845442066616,-52.,9.13121867593213));
#10884=CARTESIAN_POINT('Ctrl Pts',(16.0700416085716,-50.,9.29441451482202));
#10885=CARTESIAN_POINT('Ctrl Pts',(16.0700416085716,-52.,9.29441451482202));
#10886=CARTESIAN_POINT('Ctrl Pts',(15.6991793960333,-50.,9.39290583133698));
#10887=CARTESIAN_POINT('Ctrl Pts',(15.6991793960333,-52.,9.39290583133698));
#10888=CARTESIAN_POINT('',(17.517049536109,-50.,8.82332921028137));
#10889=CARTESIAN_POINT('Ctrl Pts',(15.6991793960333,-50.,9.39290583133698));
#10890=CARTESIAN_POINT('Ctrl Pts',(16.0700416085716,-50.,9.29441451482202));
#10891=CARTESIAN_POINT('Ctrl Pts',(16.6845442066616,-50.,9.13121867593213));
#10892=CARTESIAN_POINT('Ctrl Pts',(17.2806880866689,-50.,8.9107439063733));
#10893=CARTESIAN_POINT('Ctrl Pts',(17.517049536109,-50.,8.82332921028137));
#10894=CARTESIAN_POINT('',(17.517049536109,-52.,8.82332921028137));
#10895=CARTESIAN_POINT('Ctrl Pts',(17.517049536109,-52.,8.82332921028137));
#10896=CARTESIAN_POINT('Ctrl Pts',(17.2806880866689,-52.,8.9107439063733));
#10897=CARTESIAN_POINT('Ctrl Pts',(16.6845442066616,-52.,9.13121867593213));
#10898=CARTESIAN_POINT('Ctrl Pts',(16.0700416085716,-52.,9.29441451482202));
#10899=CARTESIAN_POINT('Ctrl Pts',(15.6991793960333,-52.,9.39290583133698));
#10900=CARTESIAN_POINT('',(17.517049536109,-50.,8.82332921028137));
#10901=CARTESIAN_POINT('Ctrl Pts',(18.3253743499517,-50.,8.17871809005737));
#10902=CARTESIAN_POINT('Ctrl Pts',(18.3253743499517,-52.,8.17871809005737));
#10903=CARTESIAN_POINT('Ctrl Pts',(18.2164949747522,-50.,8.31209924658663));
#10904=CARTESIAN_POINT('Ctrl Pts',(18.2164949747522,-52.,8.31209924658663));
#10905=CARTESIAN_POINT('Ctrl Pts',(17.9936820168273,-50.,8.58505314592016));
#10906=CARTESIAN_POINT('Ctrl Pts',(17.9936820168273,-52.,8.58505314592016));
#10907=CARTESIAN_POINT('Ctrl Pts',(17.678311611932,-50.,8.74271176536883));
#10908=CARTESIAN_POINT('Ctrl Pts',(17.678311611932,-52.,8.74271176536883));
#10909=CARTESIAN_POINT('Ctrl Pts',(17.517049536109,-50.,8.82332921028137));
#10910=CARTESIAN_POINT('Ctrl Pts',(17.517049536109,-52.,8.82332921028137));
#10911=CARTESIAN_POINT('',(18.3253743499517,-50.,8.17871809005737));
#10912=CARTESIAN_POINT('Ctrl Pts',(17.517049536109,-50.,8.82332921028137));
#10913=CARTESIAN_POINT('Ctrl Pts',(17.678311611932,-50.,8.74271176536883));
#10914=CARTESIAN_POINT('Ctrl Pts',(17.9936820168273,-50.,8.58505314592016));
#10915=CARTESIAN_POINT('Ctrl Pts',(18.2164949747522,-50.,8.31209924658663));
#10916=CARTESIAN_POINT('Ctrl Pts',(18.3253743499517,-50.,8.17871809005737));
#10917=CARTESIAN_POINT('',(18.3253743499517,-52.,8.17871809005737));
#10918=CARTESIAN_POINT('Ctrl Pts',(18.3253743499517,-52.,8.17871809005737));
#10919=CARTESIAN_POINT('Ctrl Pts',(18.2164949747522,-52.,8.31209924658663));
#10920=CARTESIAN_POINT('Ctrl Pts',(17.9936820168273,-52.,8.58505314592016));
#10921=CARTESIAN_POINT('Ctrl Pts',(17.678311611932,-52.,8.74271176536883));
#10922=CARTESIAN_POINT('Ctrl Pts',(17.517049536109,-52.,8.82332921028137));
#10923=CARTESIAN_POINT('',(18.3253743499517,-50.,8.17871809005737));
#10924=CARTESIAN_POINT('Ctrl Pts',(18.6186864227057,-50.,7.12823987007141));
#10925=CARTESIAN_POINT('Ctrl Pts',(18.6186864227057,-52.,7.12823987007141));
#10926=CARTESIAN_POINT('Ctrl Pts',(18.6092691873966,-50.,7.32470136149023));
#10927=CARTESIAN_POINT('Ctrl Pts',(18.6092691873966,-52.,7.32470136149023));
#10928=CARTESIAN_POINT('Ctrl Pts',(18.5913814177001,-50.,7.69787435732024));
#10929=CARTESIAN_POINT('Ctrl Pts',(18.5913814177001,-52.,7.69787435732024));
#10930=CARTESIAN_POINT('Ctrl Pts',(18.4108586818527,-50.,8.0241936047129));
#10931=CARTESIAN_POINT('Ctrl Pts',(18.4108586818527,-52.,8.0241936047129));
#10932=CARTESIAN_POINT('Ctrl Pts',(18.3253743499517,-50.,8.17871809005737));
#10933=CARTESIAN_POINT('Ctrl Pts',(18.3253743499517,-52.,8.17871809005737));
#10934=CARTESIAN_POINT('',(18.6186864227057,-50.,7.12823987007141));
#10935=CARTESIAN_POINT('Ctrl Pts',(18.3253743499517,-50.,8.17871809005737));
#10936=CARTESIAN_POINT('Ctrl Pts',(18.4108586818527,-50.,8.0241936047129));
#10937=CARTESIAN_POINT('Ctrl Pts',(18.5913814177001,-50.,7.69787435732024));
#10938=CARTESIAN_POINT('Ctrl Pts',(18.6092691873966,-50.,7.32470136149023));
#10939=CARTESIAN_POINT('Ctrl Pts',(18.6186864227057,-50.,7.12823987007141));
#10940=CARTESIAN_POINT('',(18.6186864227057,-52.,7.12823987007141));
#10941=CARTESIAN_POINT('Ctrl Pts',(18.6186864227057,-52.,7.12823987007141));
#10942=CARTESIAN_POINT('Ctrl Pts',(18.6092691873966,-52.,7.32470136149023));
#10943=CARTESIAN_POINT('Ctrl Pts',(18.5913814177001,-52.,7.69787435732024));
#10944=CARTESIAN_POINT('Ctrl Pts',(18.4108586818527,-52.,8.0241936047129));
#10945=CARTESIAN_POINT('Ctrl Pts',(18.3253743499517,-52.,8.17871809005737));
#10946=CARTESIAN_POINT('',(18.6186864227057,-50.,7.12823987007141));
#10947=CARTESIAN_POINT('Ctrl Pts',(18.2605721801519,-50.,5.97203254699707));
#10948=CARTESIAN_POINT('Ctrl Pts',(18.2605721801519,-52.,5.97203254699707));
#10949=CARTESIAN_POINT('Ctrl Pts',(18.3650139959656,-50.,6.15418297410517));
#10950=CARTESIAN_POINT('Ctrl Pts',(18.3650139959656,-52.,6.15418297410517));
#10951=CARTESIAN_POINT('Ctrl Pts',(18.5707775763181,-50.,6.51304234238132));
#10952=CARTESIAN_POINT('Ctrl Pts',(18.5707775763181,-52.,6.51304234238132));
#10953=CARTESIAN_POINT('Ctrl Pts',(18.6028790618733,-50.,6.92525753932049));
#10954=CARTESIAN_POINT('Ctrl Pts',(18.6028790618733,-52.,6.92525753932049));
#10955=CARTESIAN_POINT('Ctrl Pts',(18.6186864227057,-50.,7.12823987007141));
#10956=CARTESIAN_POINT('Ctrl Pts',(18.6186864227057,-52.,7.12823987007141));
#10957=CARTESIAN_POINT('',(18.2605721801519,-50.,5.97203254699707));
#10958=CARTESIAN_POINT('Ctrl Pts',(18.6186864227057,-50.,7.12823987007141));
#10959=CARTESIAN_POINT('Ctrl Pts',(18.6028790618733,-50.,6.92525753932049));
#10960=CARTESIAN_POINT('Ctrl Pts',(18.5707775763181,-50.,6.51304234238132));
#10961=CARTESIAN_POINT('Ctrl Pts',(18.3650139959656,-50.,6.15418297410517));
#10962=CARTESIAN_POINT('Ctrl Pts',(18.2605721801519,-50.,5.97203254699707));
#10963=CARTESIAN_POINT('',(18.2605721801519,-52.,5.97203254699707));
#10964=CARTESIAN_POINT('Ctrl Pts',(18.2605721801519,-52.,5.97203254699707));
#10965=CARTESIAN_POINT('Ctrl Pts',(18.3650139959656,-52.,6.15418297410517));
#10966=CARTESIAN_POINT('Ctrl Pts',(18.5707775763181,-52.,6.51304234238132));
#10967=CARTESIAN_POINT('Ctrl Pts',(18.6028790618733,-52.,6.92525753932049));
#10968=CARTESIAN_POINT('Ctrl Pts',(18.6186864227057,-52.,7.12823987007141));
#10969=CARTESIAN_POINT('',(18.2605721801519,-50.,5.97203254699707));
#10970=CARTESIAN_POINT('Ctrl Pts',(17.2271468490362,-50.,5.13301491737366));
#10971=CARTESIAN_POINT('Ctrl Pts',(17.2271468490362,-52.,5.13301491737366));
#10972=CARTESIAN_POINT('Ctrl Pts',(17.436854217352,-50.,5.23892841188341));
#10973=CARTESIAN_POINT('Ctrl Pts',(17.436854217352,-52.,5.23892841188341));
#10974=CARTESIAN_POINT('Ctrl Pts',(17.842622432597,-50.,5.44386317398897));
#10975=CARTESIAN_POINT('Ctrl Pts',(17.842622432597,-52.,5.44386317398897));
#10976=CARTESIAN_POINT('Ctrl Pts',(18.1244146121152,-50.,5.79996818337207));
#10977=CARTESIAN_POINT('Ctrl Pts',(18.1244146121152,-52.,5.79996818337207));
#10978=CARTESIAN_POINT('Ctrl Pts',(18.2605721801519,-50.,5.97203254699707));
#10979=CARTESIAN_POINT('Ctrl Pts',(18.2605721801519,-52.,5.97203254699707));
#10980=CARTESIAN_POINT('',(17.2271468490362,-50.,5.13301491737366));
#10981=CARTESIAN_POINT('Ctrl Pts',(18.2605721801519,-50.,5.97203254699707));
#10982=CARTESIAN_POINT('Ctrl Pts',(18.1244146121152,-50.,5.79996818337207));
#10983=CARTESIAN_POINT('Ctrl Pts',(17.842622432597,-50.,5.44386317398897));
#10984=CARTESIAN_POINT('Ctrl Pts',(17.436854217352,-50.,5.23892841188341));
#10985=CARTESIAN_POINT('Ctrl Pts',(17.2271468490362,-50.,5.13301491737366));
#10986=CARTESIAN_POINT('',(17.2271468490362,-52.,5.13301491737366));
#10987=CARTESIAN_POINT('Ctrl Pts',(17.2271468490362,-52.,5.13301491737366));
#10988=CARTESIAN_POINT('Ctrl Pts',(17.436854217352,-52.,5.23892841188341));
#10989=CARTESIAN_POINT('Ctrl Pts',(17.842622432597,-52.,5.44386317398897));
#10990=CARTESIAN_POINT('Ctrl Pts',(18.1244146121152,-52.,5.79996818337207));
#10991=CARTESIAN_POINT('Ctrl Pts',(18.2605721801519,-52.,5.97203254699707));
#10992=CARTESIAN_POINT('',(17.2271468490362,-50.,5.13301491737366));
#10993=CARTESIAN_POINT('Ctrl Pts',(15.6991793960333,-50.,4.83628869056702));
#10994=CARTESIAN_POINT('Ctrl Pts',(15.6991793960333,-52.,4.83628869056702));
#10995=CARTESIAN_POINT('Ctrl Pts',(15.9714579814271,-50.,4.84669792351817));
#10996=CARTESIAN_POINT('Ctrl Pts',(15.9714579814271,-52.,4.84669792351817));
#10997=CARTESIAN_POINT('Ctrl Pts',(16.4964106467804,-50.,4.86676690754824));
#10998=CARTESIAN_POINT('Ctrl Pts',(16.4964106467804,-52.,4.86676690754824));
#10999=CARTESIAN_POINT('Ctrl Pts',(16.9897089024751,-50.,5.04650301262092));
#11000=CARTESIAN_POINT('Ctrl Pts',(16.9897089024751,-52.,5.04650301262092));
#11001=CARTESIAN_POINT('Ctrl Pts',(17.2271468490362,-50.,5.13301491737366));
#11002=CARTESIAN_POINT('Ctrl Pts',(17.2271468490362,-52.,5.13301491737366));
#11003=CARTESIAN_POINT('',(15.6991793960333,-50.,4.83628869056702));
#11004=CARTESIAN_POINT('Ctrl Pts',(17.2271468490362,-50.,5.13301491737366));
#11005=CARTESIAN_POINT('Ctrl Pts',(16.9897089024751,-50.,5.04650301262092));
#11006=CARTESIAN_POINT('Ctrl Pts',(16.4964106467804,-50.,4.86676690754824));
#11007=CARTESIAN_POINT('Ctrl Pts',(15.9714579814271,-50.,4.84669792351817));
#11008=CARTESIAN_POINT('Ctrl Pts',(15.6991793960333,-50.,4.83628869056702));
#11009=CARTESIAN_POINT('',(15.6991793960333,-52.,4.83628869056702));
#11010=CARTESIAN_POINT('Ctrl Pts',(15.6991793960333,-52.,4.83628869056702));
#11011=CARTESIAN_POINT('Ctrl Pts',(15.9714579814271,-52.,4.84669792351817));
#11012=CARTESIAN_POINT('Ctrl Pts',(16.4964106467804,-52.,4.86676690754824));
#11013=CARTESIAN_POINT('Ctrl Pts',(16.9897089024751,-52.,5.04650301262092));
#11014=CARTESIAN_POINT('Ctrl Pts',(17.2271468490362,-52.,5.13301491737366));
#11015=CARTESIAN_POINT('',(15.6991793960333,-50.,4.83628869056702));
#11016=CARTESIAN_POINT('Ctrl Pts',(13.5470654815435,-50.,5.4229199886322));
#11017=CARTESIAN_POINT('Ctrl Pts',(13.5470654815435,-52.,5.4229199886322));
#11018=CARTESIAN_POINT('Ctrl Pts',(13.8427664970769,-50.,5.25233143574494));
#11019=CARTESIAN_POINT('Ctrl Pts',(13.8427664970769,-52.,5.25233143574494));
#11020=CARTESIAN_POINT('Ctrl Pts',(14.5055547940341,-50.,4.86997192221878));
#11021=CARTESIAN_POINT('Ctrl Pts',(14.5055547940341,-52.,4.86997192221878));
#11022=CARTESIAN_POINT('Ctrl Pts',(15.273725662217,-50.,4.84829469031706));
#11023=CARTESIAN_POINT('Ctrl Pts',(15.273725662217,-52.,4.84829469031706));
#11024=CARTESIAN_POINT('Ctrl Pts',(15.6991793960333,-50.,4.83628869056702));
#11025=CARTESIAN_POINT('Ctrl Pts',(15.6991793960333,-52.,4.83628869056702));
#11026=CARTESIAN_POINT('',(13.5470654815435,-50.,5.4229199886322));
#11027=CARTESIAN_POINT('Ctrl Pts',(15.6991793960333,-50.,4.83628869056702));
#11028=CARTESIAN_POINT('Ctrl Pts',(15.273725662217,-50.,4.84829469031706));
#11029=CARTESIAN_POINT('Ctrl Pts',(14.5055547940341,-50.,4.86997192221878));
#11030=CARTESIAN_POINT('Ctrl Pts',(13.8427664970769,-50.,5.25233143574494));
#11031=CARTESIAN_POINT('Ctrl Pts',(13.5470654815435,-50.,5.4229199886322));
#11032=CARTESIAN_POINT('',(13.5470654815435,-52.,5.4229199886322));
#11033=CARTESIAN_POINT('Ctrl Pts',(13.5470654815435,-52.,5.4229199886322));
#11034=CARTESIAN_POINT('Ctrl Pts',(13.8427664970769,-52.,5.25233143574494));
#11035=CARTESIAN_POINT('Ctrl Pts',(14.5055547940341,-52.,4.86997192221878));
#11036=CARTESIAN_POINT('Ctrl Pts',(15.273725662217,-52.,4.84829469031706));
#11037=CARTESIAN_POINT('Ctrl Pts',(15.6991793960333,-52.,4.83628869056702));
#11038=CARTESIAN_POINT('',(13.5470654815435,-50.,5.4229199886322));
#11039=CARTESIAN_POINT('Ctrl Pts',(12.6023175567389,-50.,7.16234683990479));
#11040=CARTESIAN_POINT('Ctrl Pts',(12.6023175567389,-52.,7.16234683990479));
#11041=CARTESIAN_POINT('Ctrl Pts',(12.6848105188334,-50.,6.80834339922731));
#11042=CARTESIAN_POINT('Ctrl Pts',(12.6848105188334,-52.,6.80834339922731));
#11043=CARTESIAN_POINT('Ctrl Pts',(12.840598577493,-50.,6.13980747347479));
#11044=CARTESIAN_POINT('Ctrl Pts',(12.840598577493,-52.,6.13980747347479));
#11045=CARTESIAN_POINT('Ctrl Pts',(13.321031577385,-50.,5.65228795493367));
#11046=CARTESIAN_POINT('Ctrl Pts',(13.321031577385,-52.,5.65228795493367));
#11047=CARTESIAN_POINT('Ctrl Pts',(13.5470654815435,-50.,5.4229199886322));
#11048=CARTESIAN_POINT('Ctrl Pts',(13.5470654815435,-52.,5.4229199886322));
#11049=CARTESIAN_POINT('Ctrl Pts',(13.5470654815435,-50.,5.4229199886322));
#11050=CARTESIAN_POINT('Ctrl Pts',(13.321031577385,-50.,5.65228795493367));
#11051=CARTESIAN_POINT('Ctrl Pts',(12.840598577493,-50.,6.13980747347479));
#11052=CARTESIAN_POINT('Ctrl Pts',(12.6848105188334,-50.,6.80834339922731));
#11053=CARTESIAN_POINT('Ctrl Pts',(12.6023175567389,-50.,7.16234683990479));
#11054=CARTESIAN_POINT('Ctrl Pts',(12.6023175567389,-52.,7.16234683990479));
#11055=CARTESIAN_POINT('Ctrl Pts',(12.6848105188334,-52.,6.80834339922731));
#11056=CARTESIAN_POINT('Ctrl Pts',(12.840598577493,-52.,6.13980747347479));
#11057=CARTESIAN_POINT('Ctrl Pts',(13.321031577385,-52.,5.65228795493367));
#11058=CARTESIAN_POINT('Ctrl Pts',(13.5470654815435,-52.,5.4229199886322));
#11059=CARTESIAN_POINT('Origin',(-9.68575477600098E-7,-52.,9.99999940395355));
#11060=CARTESIAN_POINT('Origin',(27.0702626556158,-50.,15.));
#11061=CARTESIAN_POINT('',(27.0702626556158,-50.,13.5879945755005));
#11062=CARTESIAN_POINT('',(27.0702626556158,-50.,15.));
#11063=CARTESIAN_POINT('',(27.0702626556158,-50.,7.5));
#11064=CARTESIAN_POINT('',(27.0702626556158,-52.,13.5879945755005));
#11065=CARTESIAN_POINT('',(27.0702626556158,-50.,13.5879945755005));
#11066=CARTESIAN_POINT('',(27.0702626556158,-52.,15.));
#11067=CARTESIAN_POINT('',(27.0702626556158,-52.,13.5879945755005));
#11068=CARTESIAN_POINT('',(27.0702626556158,-50.,15.));
#11069=CARTESIAN_POINT('Origin',(28.2980944961309,-50.,15.));
#11070=CARTESIAN_POINT('',(28.2980944961309,-50.,15.));
#11071=CARTESIAN_POINT('',(-10.8509527519345,-50.,15.));
#11072=CARTESIAN_POINT('',(28.2980944961309,-52.,15.));
#11073=CARTESIAN_POINT('',(27.0702626556158,-52.,15.));
#11074=CARTESIAN_POINT('',(28.2980944961309,-50.,15.));
#11075=CARTESIAN_POINT('Origin',(28.2980944961309,-50.,13.5879945755005));
#11076=CARTESIAN_POINT('',(28.2980944961309,-50.,13.5879945755005));
#11077=CARTESIAN_POINT('',(28.2980944961309,-50.,6.79399728775024));
#11078=CARTESIAN_POINT('',(28.2980944961309,-52.,13.5879945755005));
#11079=CARTESIAN_POINT('',(28.2980944961309,-52.,15.));
#11080=CARTESIAN_POINT('',(28.2980944961309,-50.,13.5879945755005));
#11081=CARTESIAN_POINT('Origin',(27.0702626556158,-50.,13.5879945755005));
#11082=CARTESIAN_POINT('',(-11.4648686721921,-50.,13.5879945755005));
#11083=CARTESIAN_POINT('',(28.2980944961309,-52.,13.5879945755005));
#11084=CARTESIAN_POINT('Origin',(-9.68575477600098E-7,-52.,9.99999940395355));
#11085=CARTESIAN_POINT('Origin',(30.8901765197515,-50.,7.35334277153015));
#11086=CARTESIAN_POINT('',(29.6759869903326,-50.,7.16234683990479));
#11087=CARTESIAN_POINT('',(30.8901765197515,-50.,7.35334277153015));
#11088=CARTESIAN_POINT('',(-9.14267881884751,-50.,1.05604542563859));
#11089=CARTESIAN_POINT('',(29.6759869903326,-52.,7.16234683990479));
#11090=CARTESIAN_POINT('',(29.6759869903326,-50.,7.16234683990479));
#11091=CARTESIAN_POINT('',(30.8901765197515,-52.,7.35334277153015));
#11092=CARTESIAN_POINT('',(29.6759869903326,-52.,7.16234683990479));
#11093=CARTESIAN_POINT('',(30.8901765197515,-50.,7.35334277153015));
#11094=CARTESIAN_POINT('Ctrl Pts',(31.4597537368536,-50.,6.23465180397034));
#11095=CARTESIAN_POINT('Ctrl Pts',(31.4597537368536,-52.,6.23465180397034));
#11096=CARTESIAN_POINT('Ctrl Pts',(31.3184729847208,-50.,6.38435693252299));
#11097=CARTESIAN_POINT('Ctrl Pts',(31.3184729847208,-52.,6.38435693252299));
#11098=CARTESIAN_POINT('Ctrl Pts',(31.0200475080918,-50.,6.7005771087869));
#11099=CARTESIAN_POINT('Ctrl Pts',(31.0200475080918,-52.,6.7005771087869));
#11100=CARTESIAN_POINT('Ctrl Pts',(30.9349743152008,-50.,7.12817729762731));
#11101=CARTESIAN_POINT('Ctrl Pts',(30.9349743152008,-52.,7.12817729762731));
#11102=CARTESIAN_POINT('Ctrl Pts',(30.8901765197515,-50.,7.35334277153015));
#11103=CARTESIAN_POINT('Ctrl Pts',(30.8901765197515,-52.,7.35334277153015));
#11104=CARTESIAN_POINT('',(31.4597537368536,-50.,6.23465180397034));
#11105=CARTESIAN_POINT('Ctrl Pts',(30.8901765197515,-50.,7.35334277153015));
#11106=CARTESIAN_POINT('Ctrl Pts',(30.9349743152008,-50.,7.12817729762731));
#11107=CARTESIAN_POINT('Ctrl Pts',(31.0200475080918,-50.,6.7005771087869));
#11108=CARTESIAN_POINT('Ctrl Pts',(31.3184729847208,-50.,6.38435693252299));
#11109=CARTESIAN_POINT('Ctrl Pts',(31.4597537368536,-50.,6.23465180397034));
#11110=CARTESIAN_POINT('',(31.4597537368536,-52.,6.23465180397034));
#11111=CARTESIAN_POINT('Ctrl Pts',(31.4597537368536,-52.,6.23465180397034));
#11112=CARTESIAN_POINT('Ctrl Pts',(31.3184729847208,-52.,6.38435693252299));
#11113=CARTESIAN_POINT('Ctrl Pts',(31.0200475080918,-52.,6.7005771087869));
#11114=CARTESIAN_POINT('Ctrl Pts',(30.9349743152008,-52.,7.12817729762731));
#11115=CARTESIAN_POINT('Ctrl Pts',(30.8901765197515,-52.,7.35334277153015));
#11116=CARTESIAN_POINT('',(31.4597537368536,-50.,6.23465180397034));
#11117=CARTESIAN_POINT('Ctrl Pts',(32.7660300582647,-50.,5.84583878517151));
#11118=CARTESIAN_POINT('Ctrl Pts',(32.7660300582647,-52.,5.84583878517151));
#11119=CARTESIAN_POINT('Ctrl Pts',(32.5102062353981,-50.,5.85556954879918));
#11120=CARTESIAN_POINT('Ctrl Pts',(32.5102062353981,-52.,5.85556954879918));
#11121=CARTESIAN_POINT('Ctrl Pts',(32.0396435990755,-50.,5.87346832669548));
#11122=CARTESIAN_POINT('Ctrl Pts',(32.0396435990755,-52.,5.87346832669548));
#11123=CARTESIAN_POINT('Ctrl Pts',(31.6414618902348,-50.,6.12147516998689));
#11124=CARTESIAN_POINT('Ctrl Pts',(31.6414618902348,-52.,6.12147516998689));
#11125=CARTESIAN_POINT('Ctrl Pts',(31.4597537368536,-50.,6.23465180397034));
#11126=CARTESIAN_POINT('Ctrl Pts',(31.4597537368536,-52.,6.23465180397034));
#11127=CARTESIAN_POINT('',(32.7660300582647,-50.,5.84583878517151));
#11128=CARTESIAN_POINT('Ctrl Pts',(31.4597537368536,-50.,6.23465180397034));
#11129=CARTESIAN_POINT('Ctrl Pts',(31.6414618902348,-50.,6.12147516998689));
#11130=CARTESIAN_POINT('Ctrl Pts',(32.0396435990755,-50.,5.87346832669548));
#11131=CARTESIAN_POINT('Ctrl Pts',(32.5102062353981,-50.,5.85556954879918));
#11132=CARTESIAN_POINT('Ctrl Pts',(32.7660300582647,-50.,5.84583878517151));
#11133=CARTESIAN_POINT('',(32.7660300582647,-52.,5.84583878517151));
#11134=CARTESIAN_POINT('Ctrl Pts',(32.7660300582647,-52.,5.84583878517151));
#11135=CARTESIAN_POINT('Ctrl Pts',(32.5102062353981,-52.,5.85556954879918));
#11136=CARTESIAN_POINT('Ctrl Pts',(32.0396435990755,-52.,5.87346832669548));
#11137=CARTESIAN_POINT('Ctrl Pts',(31.6414618902348,-52.,6.12147516998689));
#11138=CARTESIAN_POINT('Ctrl Pts',(31.4597537368536,-52.,6.23465180397034));
#11139=CARTESIAN_POINT('',(32.7660300582647,-50.,5.84583878517151));
#11140=CARTESIAN_POINT('Ctrl Pts',(34.0211417526007,-50.,6.19031429290771));
#11141=CARTESIAN_POINT('Ctrl Pts',(34.0211417526007,-52.,6.19031429290771));
#11142=CARTESIAN_POINT('Ctrl Pts',(33.852495437373,-50.,6.09022921359186));
#11143=CARTESIAN_POINT('Ctrl Pts',(33.852495437373,-52.,6.09022921359186));
#11144=CARTESIAN_POINT('Ctrl Pts',(33.4678916269593,-50.,5.86198169559269));
#11145=CARTESIAN_POINT('Ctrl Pts',(33.4678916269593,-52.,5.86198169559269));
#11146=CARTESIAN_POINT('Ctrl Pts',(33.0184143942673,-50.,5.85164365882398));
#11147=CARTESIAN_POINT('Ctrl Pts',(33.0184143942673,-52.,5.85164365882398));
#11148=CARTESIAN_POINT('Ctrl Pts',(32.7660300582647,-50.,5.84583878517151));
#11149=CARTESIAN_POINT('Ctrl Pts',(32.7660300582647,-52.,5.84583878517151));
#11150=CARTESIAN_POINT('',(34.0211417526007,-50.,6.19031429290771));
#11151=CARTESIAN_POINT('Ctrl Pts',(32.7660300582647,-50.,5.84583878517151));
#11152=CARTESIAN_POINT('Ctrl Pts',(33.0184143942673,-50.,5.85164365882398));
#11153=CARTESIAN_POINT('Ctrl Pts',(33.4678916269593,-50.,5.86198169559269));
#11154=CARTESIAN_POINT('Ctrl Pts',(33.852495437373,-50.,6.09022921359186));
#11155=CARTESIAN_POINT('Ctrl Pts',(34.0211417526007,-50.,6.19031429290771));
#11156=CARTESIAN_POINT('',(34.0211417526007,-52.,6.19031429290771));
#11157=CARTESIAN_POINT('Ctrl Pts',(34.0211417526007,-52.,6.19031429290771));
#11158=CARTESIAN_POINT('Ctrl Pts',(33.852495437373,-52.,6.09022921359186));
#11159=CARTESIAN_POINT('Ctrl Pts',(33.4678916269593,-52.,5.86198169559269));
#11160=CARTESIAN_POINT('Ctrl Pts',(33.0184143942673,-52.,5.85164365882398));
#11161=CARTESIAN_POINT('Ctrl Pts',(32.7660300582647,-52.,5.84583878517151));
#11162=CARTESIAN_POINT('',(34.0211417526007,-50.,6.19031429290771));
#11163=CARTESIAN_POINT('Ctrl Pts',(34.4304253906012,-50.,6.9986355304718));
#11164=CARTESIAN_POINT('Ctrl Pts',(34.4304253906012,-52.,6.9986355304718));
#11165=CARTESIAN_POINT('Ctrl Pts',(34.4107373677182,-50.,6.84683834629516));
#11166=CARTESIAN_POINT('Ctrl Pts',(34.4107373677182,-52.,6.84683834629516));
#11167=CARTESIAN_POINT('Ctrl Pts',(34.3696753456206,-50.,6.53024488396102));
#11168=CARTESIAN_POINT('Ctrl Pts',(34.3696753456206,-52.,6.53024488396102));
#11169=CARTESIAN_POINT('Ctrl Pts',(34.1404567984175,-50.,6.30668423502624));
#11170=CARTESIAN_POINT('Ctrl Pts',(34.1404567984175,-52.,6.30668423502624));
#11171=CARTESIAN_POINT('Ctrl Pts',(34.0211417526007,-50.,6.19031429290771));
#11172=CARTESIAN_POINT('Ctrl Pts',(34.0211417526007,-52.,6.19031429290771));
#11173=CARTESIAN_POINT('',(34.4304253906012,-50.,6.9986355304718));
#11174=CARTESIAN_POINT('Ctrl Pts',(34.0211417526007,-50.,6.19031429290771));
#11175=CARTESIAN_POINT('Ctrl Pts',(34.1404567984175,-50.,6.30668423502624));
#11176=CARTESIAN_POINT('Ctrl Pts',(34.3696753456206,-50.,6.53024488396102));
#11177=CARTESIAN_POINT('Ctrl Pts',(34.4107373677182,-50.,6.84683834629516));
#11178=CARTESIAN_POINT('Ctrl Pts',(34.4304253906012,-50.,6.9986355304718));
#11179=CARTESIAN_POINT('',(34.4304253906012,-52.,6.9986355304718));
#11180=CARTESIAN_POINT('Ctrl Pts',(34.4304253906012,-52.,6.9986355304718));
#11181=CARTESIAN_POINT('Ctrl Pts',(34.4107373677182,-52.,6.84683834629516));
#11182=CARTESIAN_POINT('Ctrl Pts',(34.3696753456206,-52.,6.53024488396102));
#11183=CARTESIAN_POINT('Ctrl Pts',(34.1404567984175,-52.,6.30668423502624));
#11184=CARTESIAN_POINT('Ctrl Pts',(34.0211417526007,-52.,6.19031429290771));
#11185=CARTESIAN_POINT('',(34.4304253906012,-50.,6.9986355304718));
#11186=CARTESIAN_POINT('Ctrl Pts',(34.0688922256231,-50.,7.65347898006439));
#11187=CARTESIAN_POINT('Ctrl Pts',(34.0688922256231,-52.,7.65347898006439));
#11188=CARTESIAN_POINT('Ctrl Pts',(34.1743343041418,-50.,7.56736789321087));
#11189=CARTESIAN_POINT('Ctrl Pts',(34.1743343041418,-52.,7.56736789321087));
#11190=CARTESIAN_POINT('Ctrl Pts',(34.3826893424814,-50.,7.39721116778511));
#11191=CARTESIAN_POINT('Ctrl Pts',(34.3826893424814,-52.,7.39721116778511));
#11192=CARTESIAN_POINT('Ctrl Pts',(34.4146426630764,-50.,7.13041457229692));
#11193=CARTESIAN_POINT('Ctrl Pts',(34.4146426630764,-52.,7.13041457229692));
#11194=CARTESIAN_POINT('Ctrl Pts',(34.4304253906012,-50.,6.9986355304718));
#11195=CARTESIAN_POINT('Ctrl Pts',(34.4304253906012,-52.,6.9986355304718));
#11196=CARTESIAN_POINT('',(34.0688922256231,-50.,7.65347898006439));
#11197=CARTESIAN_POINT('Ctrl Pts',(34.4304253906012,-50.,6.9986355304718));
#11198=CARTESIAN_POINT('Ctrl Pts',(34.4146426630764,-50.,7.13041457229692));
#11199=CARTESIAN_POINT('Ctrl Pts',(34.3826893424814,-50.,7.39721116778511));
#11200=CARTESIAN_POINT('Ctrl Pts',(34.1743343041418,-50.,7.56736789321087));
#11201=CARTESIAN_POINT('Ctrl Pts',(34.0688922256231,-50.,7.65347898006439));
#11202=CARTESIAN_POINT('',(34.0688922256231,-52.,7.65347898006439));
#11203=CARTESIAN_POINT('Ctrl Pts',(34.0688922256231,-52.,7.65347898006439));
#11204=CARTESIAN_POINT('Ctrl Pts',(34.1743343041418,-52.,7.56736789321087));
#11205=CARTESIAN_POINT('Ctrl Pts',(34.3826893424814,-52.,7.39721116778511));
#11206=CARTESIAN_POINT('Ctrl Pts',(34.4146426630764,-52.,7.13041457229692));
#11207=CARTESIAN_POINT('Ctrl Pts',(34.4304253906012,-52.,6.9986355304718));
#11208=CARTESIAN_POINT('',(34.0688922256231,-50.,7.65347898006439));
#11209=CARTESIAN_POINT('Ctrl Pts',(32.8137757629156,-50.,8.06957721710205));
#11210=CARTESIAN_POINT('Ctrl Pts',(32.8137757629156,-52.,8.06957721710205));
#11211=CARTESIAN_POINT('Ctrl Pts',(33.0892086027102,-50.,8.00343365491029));
#11212=CARTESIAN_POINT('Ctrl Pts',(33.0892086027102,-52.,8.00343365491029));
#11213=CARTESIAN_POINT('Ctrl Pts',(33.5199537541885,-50.,7.89999276261563));
#11214=CARTESIAN_POINT('Ctrl Pts',(33.5199537541885,-52.,7.89999276261563));
#11215=CARTESIAN_POINT('Ctrl Pts',(33.9234168954215,-50.,7.71880811216579));
#11216=CARTESIAN_POINT('Ctrl Pts',(33.9234168954215,-52.,7.71880811216579));
#11217=CARTESIAN_POINT('Ctrl Pts',(34.0688922256231,-50.,7.65347898006439));
#11218=CARTESIAN_POINT('Ctrl Pts',(34.0688922256231,-52.,7.65347898006439));
#11219=CARTESIAN_POINT('',(32.8137757629156,-50.,8.06957721710205));
#11220=CARTESIAN_POINT('Ctrl Pts',(34.0688922256231,-50.,7.65347898006439));
#11221=CARTESIAN_POINT('Ctrl Pts',(33.9234168954215,-50.,7.71880811216579));
#11222=CARTESIAN_POINT('Ctrl Pts',(33.5199537541885,-50.,7.89999276261563));
#11223=CARTESIAN_POINT('Ctrl Pts',(33.0892086027102,-50.,8.00343365491029));
#11224=CARTESIAN_POINT('Ctrl Pts',(32.8137757629156,-50.,8.06957721710205));
#11225=CARTESIAN_POINT('',(32.8137757629156,-52.,8.06957721710205));
#11226=CARTESIAN_POINT('Ctrl Pts',(32.8137757629156,-52.,8.06957721710205));
#11227=CARTESIAN_POINT('Ctrl Pts',(33.0892086027102,-52.,8.00343365491029));
#11228=CARTESIAN_POINT('Ctrl Pts',(33.5199537541885,-52.,7.89999276261563));
#11229=CARTESIAN_POINT('Ctrl Pts',(33.9234168954215,-52.,7.71880811216579));
#11230=CARTESIAN_POINT('Ctrl Pts',(34.0688922256231,-52.,7.65347898006439));
#11231=CARTESIAN_POINT('',(32.8137757629156,-50.,8.06957721710205));
#11232=CARTESIAN_POINT('Ctrl Pts',(30.9413363784552,-50.,8.65961790084839));
#11233=CARTESIAN_POINT('Ctrl Pts',(30.9413363784552,-52.,8.65961790084839));
#11234=CARTESIAN_POINT('Ctrl Pts',(31.1829821767468,-50.,8.56476184694658));
#11235=CARTESIAN_POINT('Ctrl Pts',(31.1829821767468,-52.,8.56476184694658));
#11236=CARTESIAN_POINT('Ctrl Pts',(31.7932018674106,-50.,8.32522516855705));
#11237=CARTESIAN_POINT('Ctrl Pts',(31.7932018674106,-52.,8.32522516855705));
#11238=CARTESIAN_POINT('Ctrl Pts',(32.4294691025133,-50.,8.16584384796051));
#11239=CARTESIAN_POINT('Ctrl Pts',(32.4294691025133,-52.,8.16584384796051));
#11240=CARTESIAN_POINT('Ctrl Pts',(32.8137757629156,-50.,8.06957721710205));
#11241=CARTESIAN_POINT('Ctrl Pts',(32.8137757629156,-52.,8.06957721710205));
#11242=CARTESIAN_POINT('',(30.9413363784552,-50.,8.65961790084839));
#11243=CARTESIAN_POINT('Ctrl Pts',(32.8137757629156,-50.,8.06957721710205));
#11244=CARTESIAN_POINT('Ctrl Pts',(32.4294691025133,-50.,8.16584384796051));
#11245=CARTESIAN_POINT('Ctrl Pts',(31.7932018674106,-50.,8.32522516855705));
#11246=CARTESIAN_POINT('Ctrl Pts',(31.1829821767468,-50.,8.56476184694658));
#11247=CARTESIAN_POINT('Ctrl Pts',(30.9413363784552,-50.,8.65961790084839));
#11248=CARTESIAN_POINT('',(30.9413363784552,-52.,8.65961790084839));
#11249=CARTESIAN_POINT('Ctrl Pts',(30.9413363784552,-52.,8.65961790084839));
#11250=CARTESIAN_POINT('Ctrl Pts',(31.1829821767468,-52.,8.56476184694658));
#11251=CARTESIAN_POINT('Ctrl Pts',(31.7932018674106,-52.,8.32522516855705));
#11252=CARTESIAN_POINT('Ctrl Pts',(32.4294691025133,-52.,8.16584384796051));
#11253=CARTESIAN_POINT('Ctrl Pts',(32.8137757629156,-52.,8.06957721710205));
#11254=CARTESIAN_POINT('',(30.9413363784552,-50.,8.65961790084839));
#11255=CARTESIAN_POINT('Ctrl Pts',(30.1500680297613,-50.,9.34856772422791));
#11256=CARTESIAN_POINT('Ctrl Pts',(30.1500680297613,-52.,9.34856772422791));
#11257=CARTESIAN_POINT('Ctrl Pts',(30.2528949258083,-50.,9.20869956172966));
#11258=CARTESIAN_POINT('Ctrl Pts',(30.2528949258083,-52.,9.20869956172966));
#11259=CARTESIAN_POINT('Ctrl Pts',(30.4649708062154,-50.,8.92022772368839));
#11260=CARTESIAN_POINT('Ctrl Pts',(30.4649708062154,-52.,8.92022772368839));
#11261=CARTESIAN_POINT('Ctrl Pts',(30.7793742626723,-50.,8.74822404864891));
#11262=CARTESIAN_POINT('Ctrl Pts',(30.7793742626723,-52.,8.74822404864891));
#11263=CARTESIAN_POINT('Ctrl Pts',(30.9413363784552,-50.,8.65961790084839));
#11264=CARTESIAN_POINT('Ctrl Pts',(30.9413363784552,-52.,8.65961790084839));
#11265=CARTESIAN_POINT('',(30.1500680297613,-50.,9.34856772422791));
#11266=CARTESIAN_POINT('Ctrl Pts',(30.9413363784552,-50.,8.65961790084839));
#11267=CARTESIAN_POINT('Ctrl Pts',(30.7793742626723,-50.,8.74822404864891));
#11268=CARTESIAN_POINT('Ctrl Pts',(30.4649708062154,-50.,8.92022772368839));
#11269=CARTESIAN_POINT('Ctrl Pts',(30.2528949258083,-50.,9.20869956172966));
#11270=CARTESIAN_POINT('Ctrl Pts',(30.1500680297613,-50.,9.34856772422791));
#11271=CARTESIAN_POINT('',(30.1500680297613,-52.,9.34856772422791));
#11272=CARTESIAN_POINT('Ctrl Pts',(30.1500680297613,-52.,9.34856772422791));
#11273=CARTESIAN_POINT('Ctrl Pts',(30.2528949258083,-52.,9.20869956172966));
#11274=CARTESIAN_POINT('Ctrl Pts',(30.4649708062154,-52.,8.92022772368839));
#11275=CARTESIAN_POINT('Ctrl Pts',(30.7793742626723,-52.,8.74822404864891));
#11276=CARTESIAN_POINT('Ctrl Pts',(30.9413363784552,-52.,8.65961790084839));
#11277=CARTESIAN_POINT('',(30.1500680297613,-50.,9.34856772422791));
#11278=CARTESIAN_POINT('Ctrl Pts',(29.8806264251471,-50.,10.320600271225));
#11279=CARTESIAN_POINT('Ctrl Pts',(29.8806264251471,-52.,10.320600271225));
#11280=CARTESIAN_POINT('Ctrl Pts',(29.8914815385402,-50.,10.1476918292955));
#11281=CARTESIAN_POINT('Ctrl Pts',(29.8914815385402,-52.,10.1476918292955));
#11282=CARTESIAN_POINT('Ctrl Pts',(29.9130162949725,-50.,9.80466996971786));
#11283=CARTESIAN_POINT('Ctrl Pts',(29.9130162949725,-52.,9.80466996971786));
#11284=CARTESIAN_POINT('Ctrl Pts',(30.0714811881348,-50.,9.49977368339866));
#11285=CARTESIAN_POINT('Ctrl Pts',(30.0714811881348,-52.,9.49977368339866));
#11286=CARTESIAN_POINT('Ctrl Pts',(30.1500680297613,-50.,9.34856772422791));
#11287=CARTESIAN_POINT('Ctrl Pts',(30.1500680297613,-52.,9.34856772422791));
#11288=CARTESIAN_POINT('',(29.8806264251471,-50.,10.320600271225));
#11289=CARTESIAN_POINT('Ctrl Pts',(30.1500680297613,-50.,9.34856772422791));
#11290=CARTESIAN_POINT('Ctrl Pts',(30.0714811881348,-50.,9.49977368339866));
#11291=CARTESIAN_POINT('Ctrl Pts',(29.9130162949725,-50.,9.80466996971786));
#11292=CARTESIAN_POINT('Ctrl Pts',(29.8914815385402,-50.,10.1476918292955));
#11293=CARTESIAN_POINT('Ctrl Pts',(29.8806264251471,-50.,10.320600271225));
#11294=CARTESIAN_POINT('',(29.8806264251471,-52.,10.320600271225));
#11295=CARTESIAN_POINT('Ctrl Pts',(29.8806264251471,-52.,10.320600271225));
#11296=CARTESIAN_POINT('Ctrl Pts',(29.8914815385402,-52.,10.1476918292955));
#11297=CARTESIAN_POINT('Ctrl Pts',(29.9130162949725,-52.,9.80466996971786));
#11298=CARTESIAN_POINT('Ctrl Pts',(30.0714811881348,-52.,9.49977368339866));
#11299=CARTESIAN_POINT('Ctrl Pts',(30.1500680297613,-52.,9.34856772422791));
#11300=CARTESIAN_POINT('',(29.8806264251471,-50.,10.320600271225));
#11301=CARTESIAN_POINT('Ctrl Pts',(30.1023175567389,-50.,11.2175989151001));
#11302=CARTESIAN_POINT('Ctrl Pts',(30.1023175567389,-52.,11.2175989151001));
#11303=CARTESIAN_POINT('Ctrl Pts',(30.0376566599704,-50.,11.0763612679404));
#11304=CARTESIAN_POINT('Ctrl Pts',(30.0376566599704,-52.,11.0763612679404));
#11305=CARTESIAN_POINT('Ctrl Pts',(29.9071995488648,-50.,10.7914061196414));
#11306=CARTESIAN_POINT('Ctrl Pts',(29.9071995488648,-52.,10.7914061196414));
#11307=CARTESIAN_POINT('Ctrl Pts',(29.8895353745358,-50.,10.478443418309));
#11308=CARTESIAN_POINT('Ctrl Pts',(29.8895353745358,-52.,10.478443418309));
#11309=CARTESIAN_POINT('Ctrl Pts',(29.8806264251471,-50.,10.320600271225));
#11310=CARTESIAN_POINT('Ctrl Pts',(29.8806264251471,-52.,10.320600271225));
#11311=CARTESIAN_POINT('',(30.1023175567389,-50.,11.2175989151001));
#11312=CARTESIAN_POINT('Ctrl Pts',(29.8806264251471,-50.,10.320600271225));
#11313=CARTESIAN_POINT('Ctrl Pts',(29.8895353745358,-50.,10.478443418309));
#11314=CARTESIAN_POINT('Ctrl Pts',(29.9071995488648,-50.,10.7914061196414));
#11315=CARTESIAN_POINT('Ctrl Pts',(30.0376566599704,-50.,11.0763612679404));
#11316=CARTESIAN_POINT('Ctrl Pts',(30.1023175567389,-50.,11.2175989151001));
#11317=CARTESIAN_POINT('',(30.1023175567389,-52.,11.2175989151001));
#11318=CARTESIAN_POINT('Ctrl Pts',(30.1023175567389,-52.,11.2175989151001));
#11319=CARTESIAN_POINT('Ctrl Pts',(30.0376566599704,-52.,11.0763612679404));
#11320=CARTESIAN_POINT('Ctrl Pts',(29.9071995488648,-52.,10.7914061196414));
#11321=CARTESIAN_POINT('Ctrl Pts',(29.8895353745358,-52.,10.478443418309));
#11322=CARTESIAN_POINT('Ctrl Pts',(29.8806264251471,-52.,10.320600271225));
#11323=CARTESIAN_POINT('',(30.1023175567389,-50.,11.2175989151001));
#11324=CARTESIAN_POINT('Ctrl Pts',(30.7060029357672,-50.,11.9031381607056));
#11325=CARTESIAN_POINT('Ctrl Pts',(30.7060029357672,-52.,11.9031381607056));
#11326=CARTESIAN_POINT('Ctrl Pts',(30.5853717586008,-50.,11.8063980323398));
#11327=CARTESIAN_POINT('Ctrl Pts',(30.5853717586008,-52.,11.8063980323398));
#11328=CARTESIAN_POINT('Ctrl Pts',(30.3442381320593,-50.,11.6130210088134));
#11329=CARTESIAN_POINT('Ctrl Pts',(30.3442381320593,-52.,11.6130210088134));
#11330=CARTESIAN_POINT('Ctrl Pts',(30.1829290438712,-50.,11.3493593615896));
#11331=CARTESIAN_POINT('Ctrl Pts',(30.1829290438712,-52.,11.3493593615896));
#11332=CARTESIAN_POINT('Ctrl Pts',(30.1023175567389,-50.,11.2175989151001));
#11333=CARTESIAN_POINT('Ctrl Pts',(30.1023175567389,-52.,11.2175989151001));
#11334=CARTESIAN_POINT('',(30.7060029357672,-50.,11.9031381607056));
#11335=CARTESIAN_POINT('Ctrl Pts',(30.1023175567389,-50.,11.2175989151001));
#11336=CARTESIAN_POINT('Ctrl Pts',(30.1829290438712,-50.,11.3493593615896));
#11337=CARTESIAN_POINT('Ctrl Pts',(30.3442381320593,-50.,11.6130210088134));
#11338=CARTESIAN_POINT('Ctrl Pts',(30.5853717586008,-50.,11.8063980323398));
#11339=CARTESIAN_POINT('Ctrl Pts',(30.7060029357672,-50.,11.9031381607056));
#11340=CARTESIAN_POINT('',(30.7060029357672,-52.,11.9031381607056));
#11341=CARTESIAN_POINT('Ctrl Pts',(30.7060029357672,-52.,11.9031381607056));
#11342=CARTESIAN_POINT('Ctrl Pts',(30.5853717586008,-52.,11.8063980323398));
#11343=CARTESIAN_POINT('Ctrl Pts',(30.3442381320593,-52.,11.6130210088134));
#11344=CARTESIAN_POINT('Ctrl Pts',(30.1829290438712,-52.,11.3493593615896));
#11345=CARTESIAN_POINT('Ctrl Pts',(30.1023175567389,-52.,11.2175989151001));
#11346=CARTESIAN_POINT('',(30.7060029357672,-50.,11.9031381607056));
#11347=CARTESIAN_POINT('Ctrl Pts',(31.487038359046,-50.,12.2612553834915));
#11348=CARTESIAN_POINT('Ctrl Pts',(31.487038359046,-52.,12.2612553834915));
#11349=CARTESIAN_POINT('Ctrl Pts',(31.3364240926062,-50.,12.2135997951466));
#11350=CARTESIAN_POINT('Ctrl Pts',(31.3364240926062,-52.,12.2135997951466));
#11351=CARTESIAN_POINT('Ctrl Pts',(31.0609907803642,-50.,12.1264504376857));
#11352=CARTESIAN_POINT('Ctrl Pts',(31.0609907803642,-52.,12.1264504376857));
#11353=CARTESIAN_POINT('Ctrl Pts',(30.8167062037016,-50.,11.9727782884109));
#11354=CARTESIAN_POINT('Ctrl Pts',(30.8167062037016,-52.,11.9727782884109));
#11355=CARTESIAN_POINT('Ctrl Pts',(30.7060029357672,-50.,11.9031381607056));
#11356=CARTESIAN_POINT('Ctrl Pts',(30.7060029357672,-52.,11.9031381607056));
#11357=CARTESIAN_POINT('',(31.487038359046,-50.,12.2612553834915));
#11358=CARTESIAN_POINT('Ctrl Pts',(30.7060029357672,-50.,11.9031381607056));
#11359=CARTESIAN_POINT('Ctrl Pts',(30.8167062037016,-50.,11.9727782884109));
#11360=CARTESIAN_POINT('Ctrl Pts',(31.0609907803642,-50.,12.1264504376857));
#11361=CARTESIAN_POINT('Ctrl Pts',(31.3364240926062,-50.,12.2135997951466));
#11362=CARTESIAN_POINT('Ctrl Pts',(31.487038359046,-50.,12.2612553834915));
#11363=CARTESIAN_POINT('',(31.487038359046,-52.,12.2612553834915));
#11364=CARTESIAN_POINT('Ctrl Pts',(31.487038359046,-52.,12.2612553834915));
#11365=CARTESIAN_POINT('Ctrl Pts',(31.3364240926062,-52.,12.2135997951466));
#11366=CARTESIAN_POINT('Ctrl Pts',(31.0609907803642,-52.,12.1264504376857));
#11367=CARTESIAN_POINT('Ctrl Pts',(30.8167062037016,-52.,11.9727782884109));
#11368=CARTESIAN_POINT('Ctrl Pts',(30.7060029357672,-52.,11.9031381607056));
#11369=CARTESIAN_POINT('',(31.487038359046,-50.,12.2612553834915));
#11370=CARTESIAN_POINT('Ctrl Pts',(32.5477483123541,-50.,12.4079126119614));
#11371=CARTESIAN_POINT('Ctrl Pts',(32.5477483123541,-52.,12.4079126119614));
#11372=CARTESIAN_POINT('Ctrl Pts',(32.3640563960632,-50.,12.4024000392978));
#11373=CARTESIAN_POINT('Ctrl Pts',(32.3640563960632,-52.,12.4024000392978));
#11374=CARTESIAN_POINT('Ctrl Pts',(32.0051500138067,-50.,12.3916293012514));
#11375=CARTESIAN_POINT('Ctrl Pts',(32.0051500138067,-52.,12.3916293012514));
#11376=CARTESIAN_POINT('Ctrl Pts',(31.6570011253406,-50.,12.3040236005573));
#11377=CARTESIAN_POINT('Ctrl Pts',(31.6570011253406,-52.,12.3040236005573));
#11378=CARTESIAN_POINT('Ctrl Pts',(31.487038359046,-50.,12.2612553834915));
#11379=CARTESIAN_POINT('Ctrl Pts',(31.487038359046,-52.,12.2612553834915));
#11380=CARTESIAN_POINT('',(32.5477483123541,-50.,12.4079126119614));
#11381=CARTESIAN_POINT('Ctrl Pts',(31.487038359046,-50.,12.2612553834915));
#11382=CARTESIAN_POINT('Ctrl Pts',(31.6570011253406,-50.,12.3040236005573));
#11383=CARTESIAN_POINT('Ctrl Pts',(32.0051500138067,-50.,12.3916293012514));
#11384=CARTESIAN_POINT('Ctrl Pts',(32.3640563960632,-50.,12.4024000392978));
#11385=CARTESIAN_POINT('Ctrl Pts',(32.5477483123541,-50.,12.4079126119614));
#11386=CARTESIAN_POINT('',(32.5477483123541,-52.,12.4079126119614));
#11387=CARTESIAN_POINT('Ctrl Pts',(32.5477483123541,-52.,12.4079126119614));
#11388=CARTESIAN_POINT('Ctrl Pts',(32.3640563960632,-52.,12.4024000392978));
#11389=CARTESIAN_POINT('Ctrl Pts',(32.0051500138067,-52.,12.3916293012514));
#11390=CARTESIAN_POINT('Ctrl Pts',(31.6570011253406,-52.,12.3040236005573));
#11391=CARTESIAN_POINT('Ctrl Pts',(31.487038359046,-52.,12.2612553834915));
#11392=CARTESIAN_POINT('',(32.5477483123541,-50.,12.4079126119614));
#11393=CARTESIAN_POINT('Ctrl Pts',(34.0450169891119,-50.,12.1623468399048));
#11394=CARTESIAN_POINT('Ctrl Pts',(34.0450169891119,-52.,12.1623468399048));
#11395=CARTESIAN_POINT('Ctrl Pts',(33.8145304427462,-50.,12.233913562631));
#11396=CARTESIAN_POINT('Ctrl Pts',(33.8145304427462,-52.,12.233913562631));
#11397=CARTESIAN_POINT('Ctrl Pts',(33.3271864250962,-50.,12.3852352546491));
#11398=CARTESIAN_POINT('Ctrl Pts',(33.3271864250962,-52.,12.3852352546491));
#11399=CARTESIAN_POINT('Ctrl Pts',(32.8167675304535,-50.,12.4000856339974));
#11400=CARTESIAN_POINT('Ctrl Pts',(32.8167675304535,-52.,12.4000856339974));
#11401=CARTESIAN_POINT('Ctrl Pts',(32.5477483123541,-50.,12.4079126119614));
#11402=CARTESIAN_POINT('Ctrl Pts',(32.5477483123541,-52.,12.4079126119614));
#11403=CARTESIAN_POINT('',(34.0450169891119,-50.,12.1623468399048));
#11404=CARTESIAN_POINT('Ctrl Pts',(32.5477483123541,-50.,12.4079126119614));
#11405=CARTESIAN_POINT('Ctrl Pts',(32.8167675304535,-50.,12.4000856339974));
#11406=CARTESIAN_POINT('Ctrl Pts',(33.3271864250962,-50.,12.3852352546491));
#11407=CARTESIAN_POINT('Ctrl Pts',(33.8145304427462,-50.,12.233913562631));
#11408=CARTESIAN_POINT('Ctrl Pts',(34.0450169891119,-50.,12.1623468399048));
#11409=CARTESIAN_POINT('',(34.0450169891119,-52.,12.1623468399048));
#11410=CARTESIAN_POINT('Ctrl Pts',(34.0450169891119,-52.,12.1623468399048));
#11411=CARTESIAN_POINT('Ctrl Pts',(33.8145304427462,-52.,12.233913562631));
#11412=CARTESIAN_POINT('Ctrl Pts',(33.3271864250962,-52.,12.3852352546491));
#11413=CARTESIAN_POINT('Ctrl Pts',(32.8167675304535,-52.,12.4000856339974));
#11414=CARTESIAN_POINT('Ctrl Pts',(32.5477483123541,-52.,12.4079126119614));
#11415=CARTESIAN_POINT('',(34.0450169891119,-50.,12.1623468399048));
#11416=CARTESIAN_POINT('Ctrl Pts',(34.9965836852789,-50.,11.4972716569901));
#11417=CARTESIAN_POINT('Ctrl Pts',(34.9965836852789,-52.,11.4972716569901));
#11418=CARTESIAN_POINT('Ctrl Pts',(34.8731401119102,-50.,11.632417452166));
#11419=CARTESIAN_POINT('Ctrl Pts',(34.8731401119102,-52.,11.632417452166));
#11420=CARTESIAN_POINT('Ctrl Pts',(34.6063198721187,-50.,11.9245317558241));
#11421=CARTESIAN_POINT('Ctrl Pts',(34.6063198721187,-52.,11.9245317558241));
#11422=CARTESIAN_POINT('Ctrl Pts',(34.2412099271859,-50.,12.0792230194566));
#11423=CARTESIAN_POINT('Ctrl Pts',(34.2412099271859,-52.,12.0792230194566));
#11424=CARTESIAN_POINT('Ctrl Pts',(34.0450169891119,-50.,12.1623468399048));
#11425=CARTESIAN_POINT('Ctrl Pts',(34.0450169891119,-52.,12.1623468399048));
#11426=CARTESIAN_POINT('',(34.9965836852789,-50.,11.4972716569901));
#11427=CARTESIAN_POINT('Ctrl Pts',(34.0450169891119,-50.,12.1623468399048));
#11428=CARTESIAN_POINT('Ctrl Pts',(34.2412099271859,-50.,12.0792230194566));
#11429=CARTESIAN_POINT('Ctrl Pts',(34.6063198721187,-50.,11.9245317558241));
#11430=CARTESIAN_POINT('Ctrl Pts',(34.8731401119102,-50.,11.632417452166));
#11431=CARTESIAN_POINT('Ctrl Pts',(34.9965836852789,-50.,11.4972716569901));
#11432=CARTESIAN_POINT('',(34.9965836852789,-52.,11.4972716569901));
#11433=CARTESIAN_POINT('Ctrl Pts',(34.9965836852789,-52.,11.4972716569901));
#11434=CARTESIAN_POINT('Ctrl Pts',(34.8731401119102,-52.,11.632417452166));
#11435=CARTESIAN_POINT('Ctrl Pts',(34.6063198721187,-52.,11.9245317558241));
#11436=CARTESIAN_POINT('Ctrl Pts',(34.2412099271859,-52.,12.0792230194566));
#11437=CARTESIAN_POINT('Ctrl Pts',(34.0450169891119,-52.,12.1623468399048));
#11438=CARTESIAN_POINT('',(34.9965836852789,-50.,11.4972716569901));
#11439=CARTESIAN_POINT('Ctrl Pts',(35.4195000976324,-50.,10.3751707077026));
#11440=CARTESIAN_POINT('Ctrl Pts',(35.4195000976324,-52.,10.3751707077026));
#11441=CARTESIAN_POINT('Ctrl Pts',(35.3776674377523,-50.,10.5907168492717));
#11442=CARTESIAN_POINT('Ctrl Pts',(35.3776674377523,-52.,10.5907168492717));
#11443=CARTESIAN_POINT('Ctrl Pts',(35.3002897435506,-50.,10.9894116364662));
#11444=CARTESIAN_POINT('Ctrl Pts',(35.3002897435506,-52.,10.9894116364662));
#11445=CARTESIAN_POINT('Ctrl Pts',(35.0921821746717,-50.,11.3374109974386));
#11446=CARTESIAN_POINT('Ctrl Pts',(35.0921821746717,-52.,11.3374109974386));
#11447=CARTESIAN_POINT('Ctrl Pts',(34.9965836852789,-50.,11.4972716569901));
#11448=CARTESIAN_POINT('Ctrl Pts',(34.9965836852789,-52.,11.4972716569901));
#11449=CARTESIAN_POINT('',(35.4195000976324,-50.,10.3751707077026));
#11450=CARTESIAN_POINT('Ctrl Pts',(34.9965836852789,-50.,11.4972716569901));
#11451=CARTESIAN_POINT('Ctrl Pts',(35.0921821746717,-50.,11.3374109974386));
#11452=CARTESIAN_POINT('Ctrl Pts',(35.3002897435506,-50.,10.9894116364662));
#11453=CARTESIAN_POINT('Ctrl Pts',(35.3776674377523,-50.,10.5907168492717));
#11454=CARTESIAN_POINT('Ctrl Pts',(35.4195000976324,-50.,10.3751707077026));
#11455=CARTESIAN_POINT('',(35.4195000976324,-52.,10.3751707077026));
#11456=CARTESIAN_POINT('Ctrl Pts',(35.4195000976324,-52.,10.3751707077026));
#11457=CARTESIAN_POINT('Ctrl Pts',(35.3776674377523,-52.,10.5907168492717));
#11458=CARTESIAN_POINT('Ctrl Pts',(35.3002897435506,-52.,10.9894116364662));
#11459=CARTESIAN_POINT('Ctrl Pts',(35.0921821746717,-52.,11.3374109974386));
#11460=CARTESIAN_POINT('Ctrl Pts',(34.9965836852789,-52.,11.4972716569901));
#11461=CARTESIAN_POINT('',(35.4195000976324,-50.,10.3751707077026));
#11462=CARTESIAN_POINT('Origin',(34.2189624160528,-50.,10.2114599943161));
#11463=CARTESIAN_POINT('',(34.2189624160528,-50.,10.2114599943161));
#11464=CARTESIAN_POINT('',(-7.80530623830325,-50.,4.48084186669512));
#11465=CARTESIAN_POINT('',(34.2189624160528,-52.,10.2114599943161));
#11466=CARTESIAN_POINT('',(35.4195000976324,-52.,10.3751707077026));
#11467=CARTESIAN_POINT('',(34.2189624160528,-50.,10.2114599943161));
#11468=CARTESIAN_POINT('Ctrl Pts',(33.7448813766241,-50.,11.0845839977264));
#11469=CARTESIAN_POINT('Ctrl Pts',(33.7448813766241,-52.,11.0845839977264));
#11470=CARTESIAN_POINT('Ctrl Pts',(33.8630825907784,-50.,10.9668732672296));
#11471=CARTESIAN_POINT('Ctrl Pts',(33.8630825907784,-52.,10.9668732672296));
#11472=CARTESIAN_POINT('Ctrl Pts',(34.1075046023173,-50.,10.7234655007901));
#11473=CARTESIAN_POINT('Ctrl Pts',(34.1075046023173,-52.,10.7234655007901));
#11474=CARTESIAN_POINT('Ctrl Pts',(34.1810059420953,-50.,10.385821243844));
#11475=CARTESIAN_POINT('Ctrl Pts',(34.1810059420953,-52.,10.385821243844));
#11476=CARTESIAN_POINT('Ctrl Pts',(34.2189624160528,-50.,10.2114599943161));
#11477=CARTESIAN_POINT('Ctrl Pts',(34.2189624160528,-52.,10.2114599943161));
#11478=CARTESIAN_POINT('',(33.7448813766241,-50.,11.0845839977264));
#11479=CARTESIAN_POINT('Ctrl Pts',(34.2189624160528,-50.,10.2114599943161));
#11480=CARTESIAN_POINT('Ctrl Pts',(34.1810059420953,-50.,10.385821243844));
#11481=CARTESIAN_POINT('Ctrl Pts',(34.1075046023173,-50.,10.7234655007901));
#11482=CARTESIAN_POINT('Ctrl Pts',(33.8630825907784,-50.,10.9668732672296));
#11483=CARTESIAN_POINT('Ctrl Pts',(33.7448813766241,-50.,11.0845839977264));
#11484=CARTESIAN_POINT('',(33.7448813766241,-52.,11.0845839977264));
#11485=CARTESIAN_POINT('Ctrl Pts',(33.7448813766241,-52.,11.0845839977264));
#11486=CARTESIAN_POINT('Ctrl Pts',(33.8630825907784,-52.,10.9668732672296));
#11487=CARTESIAN_POINT('Ctrl Pts',(34.1075046023173,-52.,10.7234655007901));
#11488=CARTESIAN_POINT('Ctrl Pts',(34.1810059420953,-52.,10.385821243844));
#11489=CARTESIAN_POINT('Ctrl Pts',(34.2189624160528,-52.,10.2114599943161));
#11490=CARTESIAN_POINT('',(33.7448813766241,-50.,11.0845839977264));
#11491=CARTESIAN_POINT('Ctrl Pts',(32.6364257186651,-50.,11.3983631134033));
#11492=CARTESIAN_POINT('Ctrl Pts',(32.6364257186651,-52.,11.3983631134033));
#11493=CARTESIAN_POINT('Ctrl Pts',(32.8538417948149,-50.,11.3910714851128));
#11494=CARTESIAN_POINT('Ctrl Pts',(32.8538417948149,-52.,11.3910714851128));
#11495=CARTESIAN_POINT('Ctrl Pts',(33.2507828651154,-50.,11.3777590070794));
#11496=CARTESIAN_POINT('Ctrl Pts',(33.2507828651154,-52.,11.3777590070794));
#11497=CARTESIAN_POINT('Ctrl Pts',(33.5910075619133,-50.,11.1758855418847));
#11498=CARTESIAN_POINT('Ctrl Pts',(33.5910075619133,-52.,11.1758855418847));
#11499=CARTESIAN_POINT('Ctrl Pts',(33.7448813766241,-50.,11.0845839977264));
#11500=CARTESIAN_POINT('Ctrl Pts',(33.7448813766241,-52.,11.0845839977264));
#11501=CARTESIAN_POINT('',(32.6364257186651,-50.,11.3983631134033));
#11502=CARTESIAN_POINT('Ctrl Pts',(33.7448813766241,-50.,11.0845839977264));
#11503=CARTESIAN_POINT('Ctrl Pts',(33.5910075619133,-50.,11.1758855418847));
#11504=CARTESIAN_POINT('Ctrl Pts',(33.2507828651154,-50.,11.3777590070794));
#11505=CARTESIAN_POINT('Ctrl Pts',(32.8538417948149,-50.,11.3910714851128));
#11506=CARTESIAN_POINT('Ctrl Pts',(32.6364257186651,-50.,11.3983631134033));
#11507=CARTESIAN_POINT('',(32.6364257186651,-52.,11.3983631134033));
#11508=CARTESIAN_POINT('Ctrl Pts',(32.6364257186651,-52.,11.3983631134033));
#11509=CARTESIAN_POINT('Ctrl Pts',(32.8538417948149,-52.,11.3910714851128));
#11510=CARTESIAN_POINT('Ctrl Pts',(33.2507828651154,-52.,11.3777590070794));
#11511=CARTESIAN_POINT('Ctrl Pts',(33.5910075619133,-52.,11.1758855418847));
#11512=CARTESIAN_POINT('Ctrl Pts',(33.7448813766241,-52.,11.0845839977264));
#11513=CARTESIAN_POINT('',(32.6364257186651,-50.,11.3983631134033));
#11514=CARTESIAN_POINT('Ctrl Pts',(31.4290549606085,-50.,11.1186903715134));
#11515=CARTESIAN_POINT('Ctrl Pts',(31.4290549606085,-52.,11.1186903715134));
#11516=CARTESIAN_POINT('Ctrl Pts',(31.5870446123785,-50.,11.1997415078336));
#11517=CARTESIAN_POINT('Ctrl Pts',(31.5870446123785,-52.,11.1997415078336));
#11518=CARTESIAN_POINT('Ctrl Pts',(31.9636443405423,-50.,11.392942996435));
#11519=CARTESIAN_POINT('Ctrl Pts',(31.9636443405423,-52.,11.392942996435));
#11520=CARTESIAN_POINT('Ctrl Pts',(32.3893249697501,-50.,11.396372399918));
#11521=CARTESIAN_POINT('Ctrl Pts',(32.3893249697501,-52.,11.396372399918));
#11522=CARTESIAN_POINT('Ctrl Pts',(32.6364257186651,-50.,11.3983631134033));
#11523=CARTESIAN_POINT('Ctrl Pts',(32.6364257186651,-52.,11.3983631134033));
#11524=CARTESIAN_POINT('',(31.4290549606085,-50.,11.1186903715134));
#11525=CARTESIAN_POINT('Ctrl Pts',(32.6364257186651,-50.,11.3983631134033));
#11526=CARTESIAN_POINT('Ctrl Pts',(32.3893249697501,-50.,11.396372399918));
#11527=CARTESIAN_POINT('Ctrl Pts',(31.9636443405423,-50.,11.392942996435));
#11528=CARTESIAN_POINT('Ctrl Pts',(31.5870446123785,-50.,11.1997415078336));
#11529=CARTESIAN_POINT('Ctrl Pts',(31.4290549606085,-50.,11.1186903715134));
#11530=CARTESIAN_POINT('',(31.4290549606085,-52.,11.1186903715134));
#11531=CARTESIAN_POINT('Ctrl Pts',(31.4290549606085,-52.,11.1186903715134));
#11532=CARTESIAN_POINT('Ctrl Pts',(31.5870446123785,-52.,11.1997415078336));
#11533=CARTESIAN_POINT('Ctrl Pts',(31.9636443405423,-52.,11.392942996435));
#11534=CARTESIAN_POINT('Ctrl Pts',(32.3893249697501,-52.,11.396372399918));
#11535=CARTESIAN_POINT('Ctrl Pts',(32.6364257186651,-52.,11.3983631134033));
#11536=CARTESIAN_POINT('',(31.4290549606085,-50.,11.1186903715134));
#11537=CARTESIAN_POINT('Ctrl Pts',(31.067526564002,-50.,10.4638475179672));
#11538=CARTESIAN_POINT('Ctrl Pts',(31.067526564002,-52.,10.4638475179672));
#11539=CARTESIAN_POINT('Ctrl Pts',(31.0857725205513,-50.,10.5872898320409));
#11540=CARTESIAN_POINT('Ctrl Pts',(31.0857725205513,-52.,10.5872898320409));
#11541=CARTESIAN_POINT('Ctrl Pts',(31.1244918269916,-50.,10.8492438037823));
#11542=CARTESIAN_POINT('Ctrl Pts',(31.1244918269916,-52.,10.8492438037823));
#11543=CARTESIAN_POINT('Ctrl Pts',(31.3237137242982,-50.,11.0254951307523));
#11544=CARTESIAN_POINT('Ctrl Pts',(31.3237137242982,-52.,11.0254951307523));
#11545=CARTESIAN_POINT('Ctrl Pts',(31.4290549606085,-50.,11.1186903715134));
#11546=CARTESIAN_POINT('Ctrl Pts',(31.4290549606085,-52.,11.1186903715134));
#11547=CARTESIAN_POINT('',(31.067526564002,-50.,10.4638475179672));
#11548=CARTESIAN_POINT('Ctrl Pts',(31.4290549606085,-50.,11.1186903715134));
#11549=CARTESIAN_POINT('Ctrl Pts',(31.3237137242982,-50.,11.0254951307523));
#11550=CARTESIAN_POINT('Ctrl Pts',(31.1244918269916,-50.,10.8492438037823));
#11551=CARTESIAN_POINT('Ctrl Pts',(31.0857725205513,-50.,10.5872898320409));
#11552=CARTESIAN_POINT('Ctrl Pts',(31.067526564002,-50.,10.4638475179672));
#11553=CARTESIAN_POINT('',(31.067526564002,-52.,10.4638475179672));
#11554=CARTESIAN_POINT('Ctrl Pts',(31.067526564002,-52.,10.4638475179672));
#11555=CARTESIAN_POINT('Ctrl Pts',(31.0857725205513,-52.,10.5872898320409));
#11556=CARTESIAN_POINT('Ctrl Pts',(31.1244918269916,-52.,10.8492438037823));
#11557=CARTESIAN_POINT('Ctrl Pts',(31.3237137242982,-52.,11.0254951307523));
#11558=CARTESIAN_POINT('Ctrl Pts',(31.4290549606085,-52.,11.1186903715134));
#11559=CARTESIAN_POINT('',(31.067526564002,-50.,10.4638475179672));
#11560=CARTESIAN_POINT('Ctrl Pts',(31.2175967544317,-50.,10.0341063737869));
#11561=CARTESIAN_POINT('Ctrl Pts',(31.2175967544317,-52.,10.0341063737869));
#11562=CARTESIAN_POINT('Ctrl Pts',(31.1738265586289,-50.,10.0995730870047));
#11563=CARTESIAN_POINT('Ctrl Pts',(31.1738265586289,-52.,10.0995730870047));
#11564=CARTESIAN_POINT('Ctrl Pts',(31.0866948367454,-50.,10.2298952695789));
#11565=CARTESIAN_POINT('Ctrl Pts',(31.0866948367454,-52.,10.2298952695789));
#11566=CARTESIAN_POINT('Ctrl Pts',(31.0738959782932,-50.,10.386107660324));
#11567=CARTESIAN_POINT('Ctrl Pts',(31.0738959782932,-52.,10.386107660324));
#11568=CARTESIAN_POINT('Ctrl Pts',(31.067526564002,-50.,10.4638475179672));
#11569=CARTESIAN_POINT('Ctrl Pts',(31.067526564002,-52.,10.4638475179672));
#11570=CARTESIAN_POINT('',(31.2175967544317,-50.,10.0341063737869));
#11571=CARTESIAN_POINT('Ctrl Pts',(31.067526564002,-50.,10.4638475179672));
#11572=CARTESIAN_POINT('Ctrl Pts',(31.0738959782932,-50.,10.386107660324));
#11573=CARTESIAN_POINT('Ctrl Pts',(31.0866948367454,-50.,10.2298952695789));
#11574=CARTESIAN_POINT('Ctrl Pts',(31.1738265586289,-50.,10.0995730870047));
#11575=CARTESIAN_POINT('Ctrl Pts',(31.2175967544317,-50.,10.0341063737869));
#11576=CARTESIAN_POINT('',(31.2175967544317,-52.,10.0341063737869));
#11577=CARTESIAN_POINT('Ctrl Pts',(31.2175967544317,-52.,10.0341063737869));
#11578=CARTESIAN_POINT('Ctrl Pts',(31.1738265586289,-52.,10.0995730870047));
#11579=CARTESIAN_POINT('Ctrl Pts',(31.0866948367454,-52.,10.2298952695789));
#11580=CARTESIAN_POINT('Ctrl Pts',(31.0738959782932,-52.,10.386107660324));
#11581=CARTESIAN_POINT('Ctrl Pts',(31.067526564002,-52.,10.4638475179672));
#11582=CARTESIAN_POINT('',(31.2175967544317,-50.,10.0341063737869));
#11583=CARTESIAN_POINT('Ctrl Pts',(31.6882636398077,-50.,9.70668494701385));
#11584=CARTESIAN_POINT('Ctrl Pts',(31.6882636398077,-52.,9.70668494701385));
#11585=CARTESIAN_POINT('Ctrl Pts',(31.5911957229855,-50.,9.7493812857841));
#11586=CARTESIAN_POINT('Ctrl Pts',(31.5911957229855,-52.,9.7493812857841));
#11587=CARTESIAN_POINT('Ctrl Pts',(31.4125221293593,-50.,9.82797273528161));
#11588=CARTESIAN_POINT('Ctrl Pts',(31.4125221293593,-52.,9.82797273528161));
#11589=CARTESIAN_POINT('Ctrl Pts',(31.2787119447461,-50.,9.9694770429359));
#11590=CARTESIAN_POINT('Ctrl Pts',(31.2787119447461,-52.,9.9694770429359));
#11591=CARTESIAN_POINT('Ctrl Pts',(31.2175967544317,-50.,10.0341063737869));
#11592=CARTESIAN_POINT('Ctrl Pts',(31.2175967544317,-52.,10.0341063737869));
#11593=CARTESIAN_POINT('',(31.6882636398077,-50.,9.70668494701385));
#11594=CARTESIAN_POINT('Ctrl Pts',(31.2175967544317,-50.,10.0341063737869));
#11595=CARTESIAN_POINT('Ctrl Pts',(31.2787119447461,-50.,9.9694770429359));
#11596=CARTESIAN_POINT('Ctrl Pts',(31.4125221293593,-50.,9.82797273528161));
#11597=CARTESIAN_POINT('Ctrl Pts',(31.5911957229855,-50.,9.7493812857841));
#11598=CARTESIAN_POINT('Ctrl Pts',(31.6882636398077,-50.,9.70668494701385));
#11599=CARTESIAN_POINT('',(31.6882636398077,-52.,9.70668494701385));
#11600=CARTESIAN_POINT('Ctrl Pts',(31.6882636398077,-52.,9.70668494701385));
#11601=CARTESIAN_POINT('Ctrl Pts',(31.5911957229855,-52.,9.7493812857841));
#11602=CARTESIAN_POINT('Ctrl Pts',(31.4125221293593,-52.,9.82797273528161));
#11603=CARTESIAN_POINT('Ctrl Pts',(31.2787119447461,-52.,9.9694770429359));
#11604=CARTESIAN_POINT('Ctrl Pts',(31.2175967544317,-52.,10.0341063737869));
#11605=CARTESIAN_POINT('',(31.6882636398077,-50.,9.70668494701385));
#11606=CARTESIAN_POINT('Ctrl Pts',(32.772848829627,-50.,9.39290583133698));
#11607=CARTESIAN_POINT('Ctrl Pts',(32.772848829627,-52.,9.39290583133698));
#11608=CARTESIAN_POINT('Ctrl Pts',(32.5317344116383,-50.,9.45772431268752));
#11609=CARTESIAN_POINT('Ctrl Pts',(32.5317344116383,-52.,9.45772431268752));
#11610=CARTESIAN_POINT('Ctrl Pts',(32.1681865421051,-50.,9.55545642260416));
#11611=CARTESIAN_POINT('Ctrl Pts',(32.1681865421051,-52.,9.55545642260416));
#11612=CARTESIAN_POINT('Ctrl Pts',(31.8091707916982,-50.,9.66858588967891));
#11613=CARTESIAN_POINT('Ctrl Pts',(31.8091707916982,-52.,9.66858588967891));
#11614=CARTESIAN_POINT('Ctrl Pts',(31.6882636398077,-50.,9.70668494701385));
#11615=CARTESIAN_POINT('Ctrl Pts',(31.6882636398077,-52.,9.70668494701385));
#11616=CARTESIAN_POINT('',(32.772848829627,-50.,9.39290583133698));
#11617=CARTESIAN_POINT('Ctrl Pts',(31.6882636398077,-50.,9.70668494701385));
#11618=CARTESIAN_POINT('Ctrl Pts',(31.8091707916982,-50.,9.66858588967891));
#11619=CARTESIAN_POINT('Ctrl Pts',(32.1681865421051,-50.,9.55545642260416));
#11620=CARTESIAN_POINT('Ctrl Pts',(32.5317344116383,-50.,9.45772431268752));
#11621=CARTESIAN_POINT('Ctrl Pts',(32.772848829627,-50.,9.39290583133698));
#11622=CARTESIAN_POINT('',(32.772848829627,-52.,9.39290583133698));
#11623=CARTESIAN_POINT('Ctrl Pts',(32.772848829627,-52.,9.39290583133698));
#11624=CARTESIAN_POINT('Ctrl Pts',(32.5317344116383,-52.,9.45772431268752));
#11625=CARTESIAN_POINT('Ctrl Pts',(32.1681865421051,-52.,9.55545642260416));
#11626=CARTESIAN_POINT('Ctrl Pts',(31.8091707916982,-52.,9.66858588967891));
#11627=CARTESIAN_POINT('Ctrl Pts',(31.6882636398077,-52.,9.70668494701385));
#11628=CARTESIAN_POINT('',(32.772848829627,-50.,9.39290583133698));
#11629=CARTESIAN_POINT('Ctrl Pts',(34.5907189697027,-50.,8.82332921028137));
#11630=CARTESIAN_POINT('Ctrl Pts',(34.5907189697027,-52.,8.82332921028137));
#11631=CARTESIAN_POINT('Ctrl Pts',(34.3543575202626,-50.,8.9107439063733));
#11632=CARTESIAN_POINT('Ctrl Pts',(34.3543575202626,-52.,8.9107439063733));
#11633=CARTESIAN_POINT('Ctrl Pts',(33.7582136402553,-50.,9.13121867593213));
#11634=CARTESIAN_POINT('Ctrl Pts',(33.7582136402553,-52.,9.13121867593213));
#11635=CARTESIAN_POINT('Ctrl Pts',(33.1437110421653,-50.,9.29441451482202));
#11636=CARTESIAN_POINT('Ctrl Pts',(33.1437110421653,-52.,9.29441451482202));
#11637=CARTESIAN_POINT('Ctrl Pts',(32.772848829627,-50.,9.39290583133698));
#11638=CARTESIAN_POINT('Ctrl Pts',(32.772848829627,-52.,9.39290583133698));
#11639=CARTESIAN_POINT('',(34.5907189697027,-50.,8.82332921028137));
#11640=CARTESIAN_POINT('Ctrl Pts',(32.772848829627,-50.,9.39290583133698));
#11641=CARTESIAN_POINT('Ctrl Pts',(33.1437110421653,-50.,9.29441451482202));
#11642=CARTESIAN_POINT('Ctrl Pts',(33.7582136402553,-50.,9.13121867593213));
#11643=CARTESIAN_POINT('Ctrl Pts',(34.3543575202626,-50.,8.9107439063733));
#11644=CARTESIAN_POINT('Ctrl Pts',(34.5907189697027,-50.,8.82332921028137));
#11645=CARTESIAN_POINT('',(34.5907189697027,-52.,8.82332921028137));
#11646=CARTESIAN_POINT('Ctrl Pts',(34.5907189697027,-52.,8.82332921028137));
#11647=CARTESIAN_POINT('Ctrl Pts',(34.3543575202626,-52.,8.9107439063733));
#11648=CARTESIAN_POINT('Ctrl Pts',(33.7582136402553,-52.,9.13121867593213));
#11649=CARTESIAN_POINT('Ctrl Pts',(33.1437110421653,-52.,9.29441451482202));
#11650=CARTESIAN_POINT('Ctrl Pts',(32.772848829627,-52.,9.39290583133698));
#11651=CARTESIAN_POINT('',(34.5907189697027,-50.,8.82332921028137));
#11652=CARTESIAN_POINT('Ctrl Pts',(35.3990437835455,-50.,8.17871809005737));
#11653=CARTESIAN_POINT('Ctrl Pts',(35.3990437835455,-52.,8.17871809005737));
#11654=CARTESIAN_POINT('Ctrl Pts',(35.2901644083459,-50.,8.31209924658663));
#11655=CARTESIAN_POINT('Ctrl Pts',(35.2901644083459,-52.,8.31209924658663));
#11656=CARTESIAN_POINT('Ctrl Pts',(35.0673514504211,-50.,8.58505314592016));
#11657=CARTESIAN_POINT('Ctrl Pts',(35.0673514504211,-52.,8.58505314592016));
#11658=CARTESIAN_POINT('Ctrl Pts',(34.7519810455258,-50.,8.74271176536883));
#11659=CARTESIAN_POINT('Ctrl Pts',(34.7519810455258,-52.,8.74271176536883));
#11660=CARTESIAN_POINT('Ctrl Pts',(34.5907189697027,-50.,8.82332921028137));
#11661=CARTESIAN_POINT('Ctrl Pts',(34.5907189697027,-52.,8.82332921028137));
#11662=CARTESIAN_POINT('',(35.3990437835455,-50.,8.17871809005737));
#11663=CARTESIAN_POINT('Ctrl Pts',(34.5907189697027,-50.,8.82332921028137));
#11664=CARTESIAN_POINT('Ctrl Pts',(34.7519810455258,-50.,8.74271176536883));
#11665=CARTESIAN_POINT('Ctrl Pts',(35.0673514504211,-50.,8.58505314592016));
#11666=CARTESIAN_POINT('Ctrl Pts',(35.2901644083459,-50.,8.31209924658663));
#11667=CARTESIAN_POINT('Ctrl Pts',(35.3990437835455,-50.,8.17871809005737));
#11668=CARTESIAN_POINT('',(35.3990437835455,-52.,8.17871809005737));
#11669=CARTESIAN_POINT('Ctrl Pts',(35.3990437835455,-52.,8.17871809005737));
#11670=CARTESIAN_POINT('Ctrl Pts',(35.2901644083459,-52.,8.31209924658663));
#11671=CARTESIAN_POINT('Ctrl Pts',(35.0673514504211,-52.,8.58505314592016));
#11672=CARTESIAN_POINT('Ctrl Pts',(34.7519810455258,-52.,8.74271176536883));
#11673=CARTESIAN_POINT('Ctrl Pts',(34.5907189697027,-52.,8.82332921028137));
#11674=CARTESIAN_POINT('',(35.3990437835455,-50.,8.17871809005737));
#11675=CARTESIAN_POINT('Ctrl Pts',(35.6923558562994,-50.,7.12823987007141));
#11676=CARTESIAN_POINT('Ctrl Pts',(35.6923558562994,-52.,7.12823987007141));
#11677=CARTESIAN_POINT('Ctrl Pts',(35.6829386209903,-50.,7.32470136149023));
#11678=CARTESIAN_POINT('Ctrl Pts',(35.6829386209903,-52.,7.32470136149023));
#11679=CARTESIAN_POINT('Ctrl Pts',(35.6650508512939,-50.,7.69787435732024));
#11680=CARTESIAN_POINT('Ctrl Pts',(35.6650508512939,-52.,7.69787435732024));
#11681=CARTESIAN_POINT('Ctrl Pts',(35.4845281154465,-50.,8.0241936047129));
#11682=CARTESIAN_POINT('Ctrl Pts',(35.4845281154465,-52.,8.0241936047129));
#11683=CARTESIAN_POINT('Ctrl Pts',(35.3990437835455,-50.,8.17871809005737));
#11684=CARTESIAN_POINT('Ctrl Pts',(35.3990437835455,-52.,8.17871809005737));
#11685=CARTESIAN_POINT('',(35.6923558562994,-50.,7.12823987007141));
#11686=CARTESIAN_POINT('Ctrl Pts',(35.3990437835455,-50.,8.17871809005737));
#11687=CARTESIAN_POINT('Ctrl Pts',(35.4845281154465,-50.,8.0241936047129));
#11688=CARTESIAN_POINT('Ctrl Pts',(35.6650508512939,-50.,7.69787435732024));
#11689=CARTESIAN_POINT('Ctrl Pts',(35.6829386209903,-50.,7.32470136149023));
#11690=CARTESIAN_POINT('Ctrl Pts',(35.6923558562994,-50.,7.12823987007141));
#11691=CARTESIAN_POINT('',(35.6923558562994,-52.,7.12823987007141));
#11692=CARTESIAN_POINT('Ctrl Pts',(35.6923558562994,-52.,7.12823987007141));
#11693=CARTESIAN_POINT('Ctrl Pts',(35.6829386209903,-52.,7.32470136149023));
#11694=CARTESIAN_POINT('Ctrl Pts',(35.6650508512939,-52.,7.69787435732024));
#11695=CARTESIAN_POINT('Ctrl Pts',(35.4845281154465,-52.,8.0241936047129));
#11696=CARTESIAN_POINT('Ctrl Pts',(35.3990437835455,-52.,8.17871809005737));
#11697=CARTESIAN_POINT('',(35.6923558562994,-50.,7.12823987007141));
#11698=CARTESIAN_POINT('Ctrl Pts',(35.3342416137457,-50.,5.97203254699707));
#11699=CARTESIAN_POINT('Ctrl Pts',(35.3342416137457,-52.,5.97203254699707));
#11700=CARTESIAN_POINT('Ctrl Pts',(35.4386834295593,-50.,6.15418297410517));
#11701=CARTESIAN_POINT('Ctrl Pts',(35.4386834295593,-52.,6.15418297410517));
#11702=CARTESIAN_POINT('Ctrl Pts',(35.6444470099118,-50.,6.51304234238132));
#11703=CARTESIAN_POINT('Ctrl Pts',(35.6444470099118,-52.,6.51304234238132));
#11704=CARTESIAN_POINT('Ctrl Pts',(35.6765484954671,-50.,6.92525753932049));
#11705=CARTESIAN_POINT('Ctrl Pts',(35.6765484954671,-52.,6.92525753932049));
#11706=CARTESIAN_POINT('Ctrl Pts',(35.6923558562994,-50.,7.12823987007141));
#11707=CARTESIAN_POINT('Ctrl Pts',(35.6923558562994,-52.,7.12823987007141));
#11708=CARTESIAN_POINT('',(35.3342416137457,-50.,5.97203254699707));
#11709=CARTESIAN_POINT('Ctrl Pts',(35.6923558562994,-50.,7.12823987007141));
#11710=CARTESIAN_POINT('Ctrl Pts',(35.6765484954671,-50.,6.92525753932049));
#11711=CARTESIAN_POINT('Ctrl Pts',(35.6444470099118,-50.,6.51304234238132));
#11712=CARTESIAN_POINT('Ctrl Pts',(35.4386834295593,-50.,6.15418297410517));
#11713=CARTESIAN_POINT('Ctrl Pts',(35.3342416137457,-50.,5.97203254699707));
#11714=CARTESIAN_POINT('',(35.3342416137457,-52.,5.97203254699707));
#11715=CARTESIAN_POINT('Ctrl Pts',(35.3342416137457,-52.,5.97203254699707));
#11716=CARTESIAN_POINT('Ctrl Pts',(35.4386834295593,-52.,6.15418297410517));
#11717=CARTESIAN_POINT('Ctrl Pts',(35.6444470099118,-52.,6.51304234238132));
#11718=CARTESIAN_POINT('Ctrl Pts',(35.6765484954671,-52.,6.92525753932049));
#11719=CARTESIAN_POINT('Ctrl Pts',(35.6923558562994,-52.,7.12823987007141));
#11720=CARTESIAN_POINT('',(35.3342416137457,-50.,5.97203254699707));
#11721=CARTESIAN_POINT('Ctrl Pts',(34.30081628263,-50.,5.13301491737366));
#11722=CARTESIAN_POINT('Ctrl Pts',(34.30081628263,-52.,5.13301491737366));
#11723=CARTESIAN_POINT('Ctrl Pts',(34.5105215895707,-50.,5.23892896132123));
#11724=CARTESIAN_POINT('Ctrl Pts',(34.5105215895707,-52.,5.23892896132123));
#11725=CARTESIAN_POINT('Ctrl Pts',(34.9162879363719,-50.,5.44386585736124));
#11726=CARTESIAN_POINT('Ctrl Pts',(34.9162879363719,-52.,5.44386585736124));
#11727=CARTESIAN_POINT('Ctrl Pts',(35.1980822524146,-50.,5.79996840919823));
#11728=CARTESIAN_POINT('Ctrl Pts',(35.1980822524146,-52.,5.79996840919823));
#11729=CARTESIAN_POINT('Ctrl Pts',(35.3342416137457,-50.,5.97203254699707));
#11730=CARTESIAN_POINT('Ctrl Pts',(35.3342416137457,-52.,5.97203254699707));
#11731=CARTESIAN_POINT('',(34.30081628263,-50.,5.13301491737366));
#11732=CARTESIAN_POINT('Ctrl Pts',(35.3342416137457,-50.,5.97203254699707));
#11733=CARTESIAN_POINT('Ctrl Pts',(35.1980822524146,-50.,5.79996840919823));
#11734=CARTESIAN_POINT('Ctrl Pts',(34.9162879363719,-50.,5.44386585736124));
#11735=CARTESIAN_POINT('Ctrl Pts',(34.5105215895707,-50.,5.23892896132123));
#11736=CARTESIAN_POINT('Ctrl Pts',(34.30081628263,-50.,5.13301491737366));
#11737=CARTESIAN_POINT('',(34.30081628263,-52.,5.13301491737366));
#11738=CARTESIAN_POINT('Ctrl Pts',(34.30081628263,-52.,5.13301491737366));
#11739=CARTESIAN_POINT('Ctrl Pts',(34.5105215895707,-52.,5.23892896132123));
#11740=CARTESIAN_POINT('Ctrl Pts',(34.9162879363719,-52.,5.44386585736124));
#11741=CARTESIAN_POINT('Ctrl Pts',(35.1980822524146,-52.,5.79996840919823));
#11742=CARTESIAN_POINT('Ctrl Pts',(35.3342416137457,-52.,5.97203254699707));
#11743=CARTESIAN_POINT('',(34.30081628263,-50.,5.13301491737366));
#11744=CARTESIAN_POINT('Ctrl Pts',(32.772848829627,-50.,4.83628869056702));
#11745=CARTESIAN_POINT('Ctrl Pts',(32.772848829627,-52.,4.83628869056702));
#11746=CARTESIAN_POINT('Ctrl Pts',(33.0451274150209,-50.,4.84669792351817));
#11747=CARTESIAN_POINT('Ctrl Pts',(33.0451274150209,-52.,4.84669792351817));
#11748=CARTESIAN_POINT('Ctrl Pts',(33.5700800803742,-50.,4.86676690754824));
#11749=CARTESIAN_POINT('Ctrl Pts',(33.5700800803742,-52.,4.86676690754824));
#11750=CARTESIAN_POINT('Ctrl Pts',(34.0633783360689,-50.,5.04650301262092));
#11751=CARTESIAN_POINT('Ctrl Pts',(34.0633783360689,-52.,5.04650301262092));
#11752=CARTESIAN_POINT('Ctrl Pts',(34.30081628263,-50.,5.13301491737366));
#11753=CARTESIAN_POINT('Ctrl Pts',(34.30081628263,-52.,5.13301491737366));
#11754=CARTESIAN_POINT('',(32.772848829627,-50.,4.83628869056702));
#11755=CARTESIAN_POINT('Ctrl Pts',(34.30081628263,-50.,5.13301491737366));
#11756=CARTESIAN_POINT('Ctrl Pts',(34.0633783360689,-50.,5.04650301262092));
#11757=CARTESIAN_POINT('Ctrl Pts',(33.5700800803742,-50.,4.86676690754824));
#11758=CARTESIAN_POINT('Ctrl Pts',(33.0451274150209,-50.,4.84669792351817));
#11759=CARTESIAN_POINT('Ctrl Pts',(32.772848829627,-50.,4.83628869056702));
#11760=CARTESIAN_POINT('',(32.772848829627,-52.,4.83628869056702));
#11761=CARTESIAN_POINT('Ctrl Pts',(32.772848829627,-52.,4.83628869056702));
#11762=CARTESIAN_POINT('Ctrl Pts',(33.0451274150209,-52.,4.84669792351817));
#11763=CARTESIAN_POINT('Ctrl Pts',(33.5700800803742,-52.,4.86676690754824));
#11764=CARTESIAN_POINT('Ctrl Pts',(34.0633783360689,-52.,5.04650301262092));
#11765=CARTESIAN_POINT('Ctrl Pts',(34.30081628263,-52.,5.13301491737366));
#11766=CARTESIAN_POINT('',(32.772848829627,-50.,4.83628869056702));
#11767=CARTESIAN_POINT('Ctrl Pts',(30.6207349151373,-50.,5.4229199886322));
#11768=CARTESIAN_POINT('Ctrl Pts',(30.6207349151373,-52.,5.4229199886322));
#11769=CARTESIAN_POINT('Ctrl Pts',(30.9164359306707,-50.,5.25233143574494));
#11770=CARTESIAN_POINT('Ctrl Pts',(30.9164359306707,-52.,5.25233143574494));
#11771=CARTESIAN_POINT('Ctrl Pts',(31.5792242276279,-50.,4.86997192221878));
#11772=CARTESIAN_POINT('Ctrl Pts',(31.5792242276279,-52.,4.86997192221878));
#11773=CARTESIAN_POINT('Ctrl Pts',(32.3473950958107,-50.,4.84829469031706));
#11774=CARTESIAN_POINT('Ctrl Pts',(32.3473950958107,-52.,4.84829469031706));
#11775=CARTESIAN_POINT('Ctrl Pts',(32.772848829627,-50.,4.83628869056702));
#11776=CARTESIAN_POINT('Ctrl Pts',(32.772848829627,-52.,4.83628869056702));
#11777=CARTESIAN_POINT('',(30.6207349151373,-50.,5.4229199886322));
#11778=CARTESIAN_POINT('Ctrl Pts',(32.772848829627,-50.,4.83628869056702));
#11779=CARTESIAN_POINT('Ctrl Pts',(32.3473950958107,-50.,4.84829469031706));
#11780=CARTESIAN_POINT('Ctrl Pts',(31.5792242276279,-50.,4.86997192221878));
#11781=CARTESIAN_POINT('Ctrl Pts',(30.9164359306707,-50.,5.25233143574494));
#11782=CARTESIAN_POINT('Ctrl Pts',(30.6207349151373,-50.,5.4229199886322));
#11783=CARTESIAN_POINT('',(30.6207349151373,-52.,5.4229199886322));
#11784=CARTESIAN_POINT('Ctrl Pts',(30.6207349151373,-52.,5.4229199886322));
#11785=CARTESIAN_POINT('Ctrl Pts',(30.9164359306707,-52.,5.25233143574494));
#11786=CARTESIAN_POINT('Ctrl Pts',(31.5792242276279,-52.,4.86997192221878));
#11787=CARTESIAN_POINT('Ctrl Pts',(32.3473950958107,-52.,4.84829469031706));
#11788=CARTESIAN_POINT('Ctrl Pts',(32.772848829627,-52.,4.83628869056702));
#11789=CARTESIAN_POINT('',(30.6207349151373,-50.,5.4229199886322));
#11790=CARTESIAN_POINT('Ctrl Pts',(29.6759869903326,-50.,7.16234683990479));
#11791=CARTESIAN_POINT('Ctrl Pts',(29.6759869903326,-52.,7.16234683990479));
#11792=CARTESIAN_POINT('Ctrl Pts',(29.7584799524272,-50.,6.80834339922731));
#11793=CARTESIAN_POINT('Ctrl Pts',(29.7584799524272,-52.,6.80834339922731));
#11794=CARTESIAN_POINT('Ctrl Pts',(29.9142680110867,-50.,6.13980747347479));
#11795=CARTESIAN_POINT('Ctrl Pts',(29.9142680110867,-52.,6.13980747347479));
#11796=CARTESIAN_POINT('Ctrl Pts',(30.3947010109787,-50.,5.65228795493367));
#11797=CARTESIAN_POINT('Ctrl Pts',(30.3947010109787,-52.,5.65228795493367));
#11798=CARTESIAN_POINT('Ctrl Pts',(30.6207349151373,-50.,5.4229199886322));
#11799=CARTESIAN_POINT('Ctrl Pts',(30.6207349151373,-52.,5.4229199886322));
#11800=CARTESIAN_POINT('Ctrl Pts',(30.6207349151373,-50.,5.4229199886322));
#11801=CARTESIAN_POINT('Ctrl Pts',(30.3947010109787,-50.,5.65228795493367));
#11802=CARTESIAN_POINT('Ctrl Pts',(29.9142680110867,-50.,6.13980747347479));
#11803=CARTESIAN_POINT('Ctrl Pts',(29.7584799524272,-50.,6.80834339922731));
#11804=CARTESIAN_POINT('Ctrl Pts',(29.6759869903326,-50.,7.16234683990479));
#11805=CARTESIAN_POINT('Ctrl Pts',(29.6759869903326,-52.,7.16234683990479));
#11806=CARTESIAN_POINT('Ctrl Pts',(29.7584799524272,-52.,6.80834339922731));
#11807=CARTESIAN_POINT('Ctrl Pts',(29.9142680110867,-52.,6.13980747347479));
#11808=CARTESIAN_POINT('Ctrl Pts',(30.3947010109787,-52.,5.65228795493367));
#11809=CARTESIAN_POINT('Ctrl Pts',(30.6207349151373,-52.,5.4229199886322));
#11810=CARTESIAN_POINT('Origin',(-9.68575477600098E-7,-52.,9.99999940395355));
#11811=CARTESIAN_POINT('Origin',(27.0702626556158,-50.,12.2442018985748));
#11812=CARTESIAN_POINT('',(27.0702626556158,-50.,5.));
#11813=CARTESIAN_POINT('',(27.0702626556158,-50.,12.2442018985748));
#11814=CARTESIAN_POINT('',(27.0702626556158,-50.,6.12210094928741));
#11815=CARTESIAN_POINT('',(27.0702626556158,-52.,5.));
#11816=CARTESIAN_POINT('',(27.0702626556158,-50.,5.));
#11817=CARTESIAN_POINT('',(27.0702626556158,-52.,12.2442018985748));
#11818=CARTESIAN_POINT('',(27.0702626556158,-52.,5.));
#11819=CARTESIAN_POINT('',(27.0702626556158,-50.,12.2442018985748));
#11820=CARTESIAN_POINT('Origin',(28.2980944961309,-50.,12.2442018985748));
#11821=CARTESIAN_POINT('',(28.2980944961309,-50.,12.2442018985748));
#11822=CARTESIAN_POINT('',(-10.8509527519345,-50.,12.2442018985748));
#11823=CARTESIAN_POINT('',(28.2980944961309,-52.,12.2442018985748));
#11824=CARTESIAN_POINT('',(27.0702626556158,-52.,12.2442018985748));
#11825=CARTESIAN_POINT('',(28.2980944961309,-50.,12.2442018985748));
#11826=CARTESIAN_POINT('Origin',(28.2980944961309,-50.,5.));
#11827=CARTESIAN_POINT('',(28.2980944961309,-50.,5.));
#11828=CARTESIAN_POINT('',(28.2980944961309,-50.,2.5));
#11829=CARTESIAN_POINT('',(28.2980944961309,-52.,5.));
#11830=CARTESIAN_POINT('',(28.2980944961309,-52.,12.2442018985748));
#11831=CARTESIAN_POINT('',(28.2980944961309,-50.,5.));
#11832=CARTESIAN_POINT('Origin',(27.0702626556158,-50.,5.));
#11833=CARTESIAN_POINT('',(-11.4648686721921,-50.,5.));
#11834=CARTESIAN_POINT('',(28.2980944961309,-52.,5.));
#11835=CARTESIAN_POINT('Origin',(-9.68575477600098E-7,-52.,9.99999940395355));
#11836=CARTESIAN_POINT('Origin',(20.8014991134405,-50.,7.35334277153015));
#11837=CARTESIAN_POINT('',(19.5873095840216,-50.,7.16234683990479));
#11838=CARTESIAN_POINT('',(20.8014991134405,-50.,7.35334277153015));
#11839=CARTESIAN_POINT('',(-14.3088222068158,-50.,1.83037591359862));
#11840=CARTESIAN_POINT('',(19.5873095840216,-52.,7.16234683990479));
#11841=CARTESIAN_POINT('',(19.5873095840216,-50.,7.16234683990479));
#11842=CARTESIAN_POINT('',(20.8014991134405,-52.,7.35334277153015));
#11843=CARTESIAN_POINT('',(19.5873095840216,-52.,7.16234683990479));
#11844=CARTESIAN_POINT('',(20.8014991134405,-50.,7.35334277153015));
#11845=CARTESIAN_POINT('Ctrl Pts',(21.3710763305426,-50.,6.23465180397034));
#11846=CARTESIAN_POINT('Ctrl Pts',(21.3710763305426,-52.,6.23465180397034));
#11847=CARTESIAN_POINT('Ctrl Pts',(21.2297955784098,-50.,6.38435693252299));
#11848=CARTESIAN_POINT('Ctrl Pts',(21.2297955784098,-52.,6.38435693252299));
#11849=CARTESIAN_POINT('Ctrl Pts',(20.9313701017807,-50.,6.7005771087869));
#11850=CARTESIAN_POINT('Ctrl Pts',(20.9313701017807,-52.,6.7005771087869));
#11851=CARTESIAN_POINT('Ctrl Pts',(20.8462969088897,-50.,7.12817729762731));
#11852=CARTESIAN_POINT('Ctrl Pts',(20.8462969088897,-52.,7.12817729762731));
#11853=CARTESIAN_POINT('Ctrl Pts',(20.8014991134405,-50.,7.35334277153015));
#11854=CARTESIAN_POINT('Ctrl Pts',(20.8014991134405,-52.,7.35334277153015));
#11855=CARTESIAN_POINT('',(21.3710763305426,-50.,6.23465180397034));
#11856=CARTESIAN_POINT('Ctrl Pts',(20.8014991134405,-50.,7.35334277153015));
#11857=CARTESIAN_POINT('Ctrl Pts',(20.8462969088897,-50.,7.12817729762731));
#11858=CARTESIAN_POINT('Ctrl Pts',(20.9313701017807,-50.,6.7005771087869));
#11859=CARTESIAN_POINT('Ctrl Pts',(21.2297955784098,-50.,6.38435693252299));
#11860=CARTESIAN_POINT('Ctrl Pts',(21.3710763305426,-50.,6.23465180397034));
#11861=CARTESIAN_POINT('',(21.3710763305426,-52.,6.23465180397034));
#11862=CARTESIAN_POINT('Ctrl Pts',(21.3710763305426,-52.,6.23465180397034));
#11863=CARTESIAN_POINT('Ctrl Pts',(21.2297955784098,-52.,6.38435693252299));
#11864=CARTESIAN_POINT('Ctrl Pts',(20.9313701017807,-52.,6.7005771087869));
#11865=CARTESIAN_POINT('Ctrl Pts',(20.8462969088897,-52.,7.12817729762731));
#11866=CARTESIAN_POINT('Ctrl Pts',(20.8014991134405,-52.,7.35334277153015));
#11867=CARTESIAN_POINT('',(21.3710763305426,-50.,6.23465180397034));
#11868=CARTESIAN_POINT('Ctrl Pts',(22.6773526519537,-50.,5.84583878517151));
#11869=CARTESIAN_POINT('Ctrl Pts',(22.6773526519537,-52.,5.84583878517151));
#11870=CARTESIAN_POINT('Ctrl Pts',(22.4215288290871,-50.,5.85556954879918));
#11871=CARTESIAN_POINT('Ctrl Pts',(22.4215288290871,-52.,5.85556954879918));
#11872=CARTESIAN_POINT('Ctrl Pts',(21.9509661927645,-50.,5.87346832669548));
#11873=CARTESIAN_POINT('Ctrl Pts',(21.9509661927645,-52.,5.87346832669548));
#11874=CARTESIAN_POINT('Ctrl Pts',(21.5527844839237,-50.,6.12147516998689));
#11875=CARTESIAN_POINT('Ctrl Pts',(21.5527844839237,-52.,6.12147516998689));
#11876=CARTESIAN_POINT('Ctrl Pts',(21.3710763305426,-50.,6.23465180397034));
#11877=CARTESIAN_POINT('Ctrl Pts',(21.3710763305426,-52.,6.23465180397034));
#11878=CARTESIAN_POINT('',(22.6773526519537,-50.,5.84583878517151));
#11879=CARTESIAN_POINT('Ctrl Pts',(21.3710763305426,-50.,6.23465180397034));
#11880=CARTESIAN_POINT('Ctrl Pts',(21.5527844839237,-50.,6.12147516998689));
#11881=CARTESIAN_POINT('Ctrl Pts',(21.9509661927645,-50.,5.87346832669548));
#11882=CARTESIAN_POINT('Ctrl Pts',(22.4215288290871,-50.,5.85556954879918));
#11883=CARTESIAN_POINT('Ctrl Pts',(22.6773526519537,-50.,5.84583878517151));
#11884=CARTESIAN_POINT('',(22.6773526519537,-52.,5.84583878517151));
#11885=CARTESIAN_POINT('Ctrl Pts',(22.6773526519537,-52.,5.84583878517151));
#11886=CARTESIAN_POINT('Ctrl Pts',(22.4215288290871,-52.,5.85556954879918));
#11887=CARTESIAN_POINT('Ctrl Pts',(21.9509661927645,-52.,5.87346832669548));
#11888=CARTESIAN_POINT('Ctrl Pts',(21.5527844839237,-52.,6.12147516998689));
#11889=CARTESIAN_POINT('Ctrl Pts',(21.3710763305426,-52.,6.23465180397034));
#11890=CARTESIAN_POINT('',(22.6773526519537,-50.,5.84583878517151));
#11891=CARTESIAN_POINT('Ctrl Pts',(23.9324643462896,-50.,6.19031429290771));
#11892=CARTESIAN_POINT('Ctrl Pts',(23.9324643462896,-52.,6.19031429290771));
#11893=CARTESIAN_POINT('Ctrl Pts',(23.7638164313502,-50.,6.0902291733337));
#11894=CARTESIAN_POINT('Ctrl Pts',(23.7638164313502,-52.,6.0902291733337));
#11895=CARTESIAN_POINT('Ctrl Pts',(23.3792119429014,-50.,5.86198332618573));
#11896=CARTESIAN_POINT('Ctrl Pts',(23.3792119429014,-52.,5.86198332618573));
#11897=CARTESIAN_POINT('Ctrl Pts',(22.9297351941461,-50.,5.85164422275174));
#11898=CARTESIAN_POINT('Ctrl Pts',(22.9297351941461,-52.,5.85164422275174));
#11899=CARTESIAN_POINT('Ctrl Pts',(22.6773526519537,-50.,5.84583878517151));
#11900=CARTESIAN_POINT('Ctrl Pts',(22.6773526519537,-52.,5.84583878517151));
#11901=CARTESIAN_POINT('',(23.9324643462896,-50.,6.19031429290771));
#11902=CARTESIAN_POINT('Ctrl Pts',(22.6773526519537,-50.,5.84583878517151));
#11903=CARTESIAN_POINT('Ctrl Pts',(22.9297351941461,-50.,5.85164422275174));
#11904=CARTESIAN_POINT('Ctrl Pts',(23.3792119429014,-50.,5.86198332618573));
#11905=CARTESIAN_POINT('Ctrl Pts',(23.7638164313502,-50.,6.0902291733337));
#11906=CARTESIAN_POINT('Ctrl Pts',(23.9324643462896,-50.,6.19031429290771));
#11907=CARTESIAN_POINT('',(23.9324643462896,-52.,6.19031429290771));
#11908=CARTESIAN_POINT('Ctrl Pts',(23.9324643462896,-52.,6.19031429290771));
#11909=CARTESIAN_POINT('Ctrl Pts',(23.7638164313502,-52.,6.0902291733337));
#11910=CARTESIAN_POINT('Ctrl Pts',(23.3792119429014,-52.,5.86198332618573));
#11911=CARTESIAN_POINT('Ctrl Pts',(22.9297351941461,-52.,5.85164422275174));
#11912=CARTESIAN_POINT('Ctrl Pts',(22.6773526519537,-52.,5.84583878517151));
#11913=CARTESIAN_POINT('',(23.9324643462896,-50.,6.19031429290771));
#11914=CARTESIAN_POINT('Ctrl Pts',(24.3417432159185,-50.,6.9986355304718));
#11915=CARTESIAN_POINT('Ctrl Pts',(24.3417432159185,-52.,6.9986355304718));
#11916=CARTESIAN_POINT('Ctrl Pts',(24.3220550300518,-50.,6.84683849521559));
#11917=CARTESIAN_POINT('Ctrl Pts',(24.3220550300518,-52.,6.84683849521559));
#11918=CARTESIAN_POINT('Ctrl Pts',(24.2809928015347,-50.,6.53024637280736));
#11919=CARTESIAN_POINT('Ctrl Pts',(24.2809928015347,-52.,6.53024637280736));
#11920=CARTESIAN_POINT('Ctrl Pts',(24.0517773982703,-50.,6.3066845155067));
#11921=CARTESIAN_POINT('Ctrl Pts',(24.0517773982703,-52.,6.3066845155067));
#11922=CARTESIAN_POINT('Ctrl Pts',(23.9324643462896,-50.,6.19031429290771));
#11923=CARTESIAN_POINT('Ctrl Pts',(23.9324643462896,-52.,6.19031429290771));
#11924=CARTESIAN_POINT('',(24.3417432159185,-50.,6.9986355304718));
#11925=CARTESIAN_POINT('Ctrl Pts',(23.9324643462896,-50.,6.19031429290771));
#11926=CARTESIAN_POINT('Ctrl Pts',(24.0517773982703,-50.,6.3066845155067));
#11927=CARTESIAN_POINT('Ctrl Pts',(24.2809928015347,-50.,6.53024637280736));
#11928=CARTESIAN_POINT('Ctrl Pts',(24.3220550300518,-50.,6.84683849521559));
#11929=CARTESIAN_POINT('Ctrl Pts',(24.3417432159185,-50.,6.9986355304718));
#11930=CARTESIAN_POINT('',(24.3417432159185,-52.,6.9986355304718));
#11931=CARTESIAN_POINT('Ctrl Pts',(24.3417432159185,-52.,6.9986355304718));
#11932=CARTESIAN_POINT('Ctrl Pts',(24.3220550300518,-52.,6.84683849521559));
#11933=CARTESIAN_POINT('Ctrl Pts',(24.2809928015347,-52.,6.53024637280736));
#11934=CARTESIAN_POINT('Ctrl Pts',(24.0517773982703,-52.,6.3066845155067));
#11935=CARTESIAN_POINT('Ctrl Pts',(23.9324643462896,-52.,6.19031429290771));
#11936=CARTESIAN_POINT('',(24.3417432159185,-50.,6.9986355304718));
#11937=CARTESIAN_POINT('Ctrl Pts',(23.9802148193121,-50.,7.65347898006439));
#11938=CARTESIAN_POINT('Ctrl Pts',(23.9802148193121,-52.,7.65347898006439));
#11939=CARTESIAN_POINT('Ctrl Pts',(24.085657308807,-50.,7.5673679998007));
#11940=CARTESIAN_POINT('Ctrl Pts',(24.085657308807,-52.,7.5673679998007));
#11941=CARTESIAN_POINT('Ctrl Pts',(24.2940128562306,-50.,7.39721173245568));
#11942=CARTESIAN_POINT('Ctrl Pts',(24.2940128562306,-52.,7.39721173245568));
#11943=CARTESIAN_POINT('Ctrl Pts',(24.3259623848708,-50.,7.13041462755528));
#11944=CARTESIAN_POINT('Ctrl Pts',(24.3259623848708,-52.,7.13041462755528));
#11945=CARTESIAN_POINT('Ctrl Pts',(24.3417432159185,-50.,6.9986355304718));
#11946=CARTESIAN_POINT('Ctrl Pts',(24.3417432159185,-52.,6.9986355304718));
#11947=CARTESIAN_POINT('',(23.9802148193121,-50.,7.65347898006439));
#11948=CARTESIAN_POINT('Ctrl Pts',(24.3417432159185,-50.,6.9986355304718));
#11949=CARTESIAN_POINT('Ctrl Pts',(24.3259623848708,-50.,7.13041462755528));
#11950=CARTESIAN_POINT('Ctrl Pts',(24.2940128562306,-50.,7.39721173245568));
#11951=CARTESIAN_POINT('Ctrl Pts',(24.085657308807,-50.,7.5673679998007));
#11952=CARTESIAN_POINT('Ctrl Pts',(23.9802148193121,-50.,7.65347898006439));
#11953=CARTESIAN_POINT('',(23.9802148193121,-52.,7.65347898006439));
#11954=CARTESIAN_POINT('Ctrl Pts',(23.9802148193121,-52.,7.65347898006439));
#11955=CARTESIAN_POINT('Ctrl Pts',(24.085657308807,-52.,7.5673679998007));
#11956=CARTESIAN_POINT('Ctrl Pts',(24.2940128562306,-52.,7.39721173245568));
#11957=CARTESIAN_POINT('Ctrl Pts',(24.3259623848708,-52.,7.13041462755528));
#11958=CARTESIAN_POINT('Ctrl Pts',(24.3417432159185,-52.,6.9986355304718));
#11959=CARTESIAN_POINT('',(23.9802148193121,-50.,7.65347898006439));
#11960=CARTESIAN_POINT('Ctrl Pts',(22.7250983566046,-50.,8.06957721710205));
#11961=CARTESIAN_POINT('Ctrl Pts',(22.7250983566046,-52.,8.06957721710205));
#11962=CARTESIAN_POINT('Ctrl Pts',(23.0005329996309,-50.,8.00343422415054));
#11963=CARTESIAN_POINT('Ctrl Pts',(23.0005329996309,-52.,8.00343422415054));
#11964=CARTESIAN_POINT('Ctrl Pts',(23.4312787014183,-50.,7.8999947671375));
#11965=CARTESIAN_POINT('Ctrl Pts',(23.4312787014183,-52.,7.8999947671375));
#11966=CARTESIAN_POINT('Ctrl Pts',(23.8347411119829,-50.,7.71880819468828));
#11967=CARTESIAN_POINT('Ctrl Pts',(23.8347411119829,-52.,7.71880819468828));
#11968=CARTESIAN_POINT('Ctrl Pts',(23.9802148193121,-50.,7.65347898006439));
#11969=CARTESIAN_POINT('Ctrl Pts',(23.9802148193121,-52.,7.65347898006439));
#11970=CARTESIAN_POINT('',(22.7250983566046,-50.,8.06957721710205));
#11971=CARTESIAN_POINT('Ctrl Pts',(23.9802148193121,-50.,7.65347898006439));
#11972=CARTESIAN_POINT('Ctrl Pts',(23.8347411119829,-50.,7.71880819468828));
#11973=CARTESIAN_POINT('Ctrl Pts',(23.4312787014183,-50.,7.8999947671375));
#11974=CARTESIAN_POINT('Ctrl Pts',(23.0005329996309,-50.,8.00343422415054));
#11975=CARTESIAN_POINT('Ctrl Pts',(22.7250983566046,-50.,8.06957721710205));
#11976=CARTESIAN_POINT('',(22.7250983566046,-52.,8.06957721710205));
#11977=CARTESIAN_POINT('Ctrl Pts',(22.7250983566046,-52.,8.06957721710205));
#11978=CARTESIAN_POINT('Ctrl Pts',(23.0005329996309,-52.,8.00343422415054));
#11979=CARTESIAN_POINT('Ctrl Pts',(23.4312787014183,-52.,7.8999947671375));
#11980=CARTESIAN_POINT('Ctrl Pts',(23.8347411119829,-52.,7.71880819468828));
#11981=CARTESIAN_POINT('Ctrl Pts',(23.9802148193121,-52.,7.65347898006439));
#11982=CARTESIAN_POINT('',(22.7250983566046,-50.,8.06957721710205));
#11983=CARTESIAN_POINT('Ctrl Pts',(20.8526589721441,-50.,8.65961790084839));
#11984=CARTESIAN_POINT('Ctrl Pts',(20.8526589721441,-52.,8.65961790084839));
#11985=CARTESIAN_POINT('Ctrl Pts',(21.0943047704357,-50.,8.56476184694658));
#11986=CARTESIAN_POINT('Ctrl Pts',(21.0943047704357,-52.,8.56476184694658));
#11987=CARTESIAN_POINT('Ctrl Pts',(21.7045244610996,-50.,8.32522516855705));
#11988=CARTESIAN_POINT('Ctrl Pts',(21.7045244610996,-52.,8.32522516855705));
#11989=CARTESIAN_POINT('Ctrl Pts',(22.3407916962023,-50.,8.16584384796051));
#11990=CARTESIAN_POINT('Ctrl Pts',(22.3407916962023,-52.,8.16584384796051));
#11991=CARTESIAN_POINT('Ctrl Pts',(22.7250983566046,-50.,8.06957721710205));
#11992=CARTESIAN_POINT('Ctrl Pts',(22.7250983566046,-52.,8.06957721710205));
#11993=CARTESIAN_POINT('',(20.8526589721441,-50.,8.65961790084839));
#11994=CARTESIAN_POINT('Ctrl Pts',(22.7250983566046,-50.,8.06957721710205));
#11995=CARTESIAN_POINT('Ctrl Pts',(22.3407916962023,-50.,8.16584384796051));
#11996=CARTESIAN_POINT('Ctrl Pts',(21.7045244610996,-50.,8.32522516855705));
#11997=CARTESIAN_POINT('Ctrl Pts',(21.0943047704357,-50.,8.56476184694658));
#11998=CARTESIAN_POINT('Ctrl Pts',(20.8526589721441,-50.,8.65961790084839));
#11999=CARTESIAN_POINT('',(20.8526589721441,-52.,8.65961790084839));
#12000=CARTESIAN_POINT('Ctrl Pts',(20.8526589721441,-52.,8.65961790084839));
#12001=CARTESIAN_POINT('Ctrl Pts',(21.0943047704357,-52.,8.56476184694658));
#12002=CARTESIAN_POINT('Ctrl Pts',(21.7045244610996,-52.,8.32522516855705));
#12003=CARTESIAN_POINT('Ctrl Pts',(22.3407916962023,-52.,8.16584384796051));
#12004=CARTESIAN_POINT('Ctrl Pts',(22.7250983566046,-52.,8.06957721710205));
#12005=CARTESIAN_POINT('',(20.8526589721441,-50.,8.65961790084839));
#12006=CARTESIAN_POINT('Ctrl Pts',(20.0613906234503,-50.,9.34856772422791));
#12007=CARTESIAN_POINT('Ctrl Pts',(20.0613906234503,-52.,9.34856772422791));
#12008=CARTESIAN_POINT('Ctrl Pts',(20.1642175194972,-50.,9.20869956172966));
#12009=CARTESIAN_POINT('Ctrl Pts',(20.1642175194972,-52.,9.20869956172966));
#12010=CARTESIAN_POINT('Ctrl Pts',(20.3762933999044,-50.,8.92022772368839));
#12011=CARTESIAN_POINT('Ctrl Pts',(20.3762933999044,-52.,8.92022772368839));
#12012=CARTESIAN_POINT('Ctrl Pts',(20.6906968563613,-50.,8.74822404864891));
#12013=CARTESIAN_POINT('Ctrl Pts',(20.6906968563613,-52.,8.74822404864891));
#12014=CARTESIAN_POINT('Ctrl Pts',(20.8526589721441,-50.,8.65961790084839));
#12015=CARTESIAN_POINT('Ctrl Pts',(20.8526589721441,-52.,8.65961790084839));
#12016=CARTESIAN_POINT('',(20.0613906234503,-50.,9.34856772422791));
#12017=CARTESIAN_POINT('Ctrl Pts',(20.8526589721441,-50.,8.65961790084839));
#12018=CARTESIAN_POINT('Ctrl Pts',(20.6906968563613,-50.,8.74822404864891));
#12019=CARTESIAN_POINT('Ctrl Pts',(20.3762933999044,-50.,8.92022772368839));
#12020=CARTESIAN_POINT('Ctrl Pts',(20.1642175194972,-50.,9.20869956172966));
#12021=CARTESIAN_POINT('Ctrl Pts',(20.0613906234503,-50.,9.34856772422791));
#12022=CARTESIAN_POINT('',(20.0613906234503,-52.,9.34856772422791));
#12023=CARTESIAN_POINT('Ctrl Pts',(20.0613906234503,-52.,9.34856772422791));
#12024=CARTESIAN_POINT('Ctrl Pts',(20.1642175194972,-52.,9.20869956172966));
#12025=CARTESIAN_POINT('Ctrl Pts',(20.3762933999044,-52.,8.92022772368839));
#12026=CARTESIAN_POINT('Ctrl Pts',(20.6906968563613,-52.,8.74822404864891));
#12027=CARTESIAN_POINT('Ctrl Pts',(20.8526589721441,-52.,8.65961790084839));
#12028=CARTESIAN_POINT('',(20.0613906234503,-50.,9.34856772422791));
#12029=CARTESIAN_POINT('Ctrl Pts',(19.791949018836,-50.,10.320600271225));
#12030=CARTESIAN_POINT('Ctrl Pts',(19.791949018836,-52.,10.320600271225));
#12031=CARTESIAN_POINT('Ctrl Pts',(19.8028041322291,-50.,10.1476918292955));
#12032=CARTESIAN_POINT('Ctrl Pts',(19.8028041322291,-52.,10.1476918292955));
#12033=CARTESIAN_POINT('Ctrl Pts',(19.8243388886614,-50.,9.80466996971786));
#12034=CARTESIAN_POINT('Ctrl Pts',(19.8243388886614,-52.,9.80466996971786));
#12035=CARTESIAN_POINT('Ctrl Pts',(19.9828037818237,-50.,9.49977368339866));
#12036=CARTESIAN_POINT('Ctrl Pts',(19.9828037818237,-52.,9.49977368339866));
#12037=CARTESIAN_POINT('Ctrl Pts',(20.0613906234503,-50.,9.34856772422791));
#12038=CARTESIAN_POINT('Ctrl Pts',(20.0613906234503,-52.,9.34856772422791));
#12039=CARTESIAN_POINT('',(19.791949018836,-50.,10.320600271225));
#12040=CARTESIAN_POINT('Ctrl Pts',(20.0613906234503,-50.,9.34856772422791));
#12041=CARTESIAN_POINT('Ctrl Pts',(19.9828037818237,-50.,9.49977368339866));
#12042=CARTESIAN_POINT('Ctrl Pts',(19.8243388886614,-50.,9.80466996971786));
#12043=CARTESIAN_POINT('Ctrl Pts',(19.8028041322291,-50.,10.1476918292955));
#12044=CARTESIAN_POINT('Ctrl Pts',(19.791949018836,-50.,10.320600271225));
#12045=CARTESIAN_POINT('',(19.791949018836,-52.,10.320600271225));
#12046=CARTESIAN_POINT('Ctrl Pts',(19.791949018836,-52.,10.320600271225));
#12047=CARTESIAN_POINT('Ctrl Pts',(19.8028041322291,-52.,10.1476918292955));
#12048=CARTESIAN_POINT('Ctrl Pts',(19.8243388886614,-52.,9.80466996971786));
#12049=CARTESIAN_POINT('Ctrl Pts',(19.9828037818237,-52.,9.49977368339866));
#12050=CARTESIAN_POINT('Ctrl Pts',(20.0613906234503,-52.,9.34856772422791));
#12051=CARTESIAN_POINT('',(19.791949018836,-50.,10.320600271225));
#12052=CARTESIAN_POINT('Ctrl Pts',(20.0136401504278,-50.,11.2175989151001));
#12053=CARTESIAN_POINT('Ctrl Pts',(20.0136401504278,-52.,11.2175989151001));
#12054=CARTESIAN_POINT('Ctrl Pts',(19.9489816249128,-50.,11.0763610759913));
#12055=CARTESIAN_POINT('Ctrl Pts',(19.9489816249128,-52.,11.0763610759913));
#12056=CARTESIAN_POINT('Ctrl Pts',(19.8185289742965,-50.,10.7914048334496));
#12057=CARTESIAN_POINT('Ctrl Pts',(19.8185289742965,-52.,10.7914048334496));
#12058=CARTESIAN_POINT('Ctrl Pts',(19.800860273089,-50.,10.4784432429221));
#12059=CARTESIAN_POINT('Ctrl Pts',(19.800860273089,-52.,10.4784432429221));
#12060=CARTESIAN_POINT('Ctrl Pts',(19.791949018836,-50.,10.320600271225));
#12061=CARTESIAN_POINT('Ctrl Pts',(19.791949018836,-52.,10.320600271225));
#12062=CARTESIAN_POINT('',(20.0136401504278,-50.,11.2175989151001));
#12063=CARTESIAN_POINT('Ctrl Pts',(19.791949018836,-50.,10.320600271225));
#12064=CARTESIAN_POINT('Ctrl Pts',(19.800860273089,-50.,10.4784432429221));
#12065=CARTESIAN_POINT('Ctrl Pts',(19.8185289742965,-50.,10.7914048334496));
#12066=CARTESIAN_POINT('Ctrl Pts',(19.9489816249128,-50.,11.0763610759913));
#12067=CARTESIAN_POINT('Ctrl Pts',(20.0136401504278,-50.,11.2175989151001));
#12068=CARTESIAN_POINT('',(20.0136401504278,-52.,11.2175989151001));
#12069=CARTESIAN_POINT('Ctrl Pts',(20.0136401504278,-52.,11.2175989151001));
#12070=CARTESIAN_POINT('Ctrl Pts',(19.9489816249128,-52.,11.0763610759913));
#12071=CARTESIAN_POINT('Ctrl Pts',(19.8185289742965,-52.,10.7914048334496));
#12072=CARTESIAN_POINT('Ctrl Pts',(19.800860273089,-52.,10.4784432429221));
#12073=CARTESIAN_POINT('Ctrl Pts',(19.791949018836,-52.,10.320600271225));
#12074=CARTESIAN_POINT('',(20.0136401504278,-50.,11.2175989151001));
#12075=CARTESIAN_POINT('Ctrl Pts',(20.6173255294561,-50.,11.9031381607056));
#12076=CARTESIAN_POINT('Ctrl Pts',(20.6173255294561,-52.,11.9031381607056));
#12077=CARTESIAN_POINT('Ctrl Pts',(20.4966943522897,-50.,11.8063980323398));
#12078=CARTESIAN_POINT('Ctrl Pts',(20.4966943522897,-52.,11.8063980323398));
#12079=CARTESIAN_POINT('Ctrl Pts',(20.2555607257483,-50.,11.6130210088134));
#12080=CARTESIAN_POINT('Ctrl Pts',(20.2555607257483,-52.,11.6130210088134));
#12081=CARTESIAN_POINT('Ctrl Pts',(20.0942516375602,-50.,11.3493593615896));
#12082=CARTESIAN_POINT('Ctrl Pts',(20.0942516375602,-52.,11.3493593615896));
#12083=CARTESIAN_POINT('Ctrl Pts',(20.0136401504278,-50.,11.2175989151001));
#12084=CARTESIAN_POINT('Ctrl Pts',(20.0136401504278,-52.,11.2175989151001));
#12085=CARTESIAN_POINT('',(20.6173255294561,-50.,11.9031381607056));
#12086=CARTESIAN_POINT('Ctrl Pts',(20.0136401504278,-50.,11.2175989151001));
#12087=CARTESIAN_POINT('Ctrl Pts',(20.0942516375602,-50.,11.3493593615896));
#12088=CARTESIAN_POINT('Ctrl Pts',(20.2555607257483,-50.,11.6130210088134));
#12089=CARTESIAN_POINT('Ctrl Pts',(20.4966943522897,-50.,11.8063980323398));
#12090=CARTESIAN_POINT('Ctrl Pts',(20.6173255294561,-50.,11.9031381607056));
#12091=CARTESIAN_POINT('',(20.6173255294561,-52.,11.9031381607056));
#12092=CARTESIAN_POINT('Ctrl Pts',(20.6173255294561,-52.,11.9031381607056));
#12093=CARTESIAN_POINT('Ctrl Pts',(20.4966943522897,-52.,11.8063980323398));
#12094=CARTESIAN_POINT('Ctrl Pts',(20.2555607257483,-52.,11.6130210088134));
#12095=CARTESIAN_POINT('Ctrl Pts',(20.0942516375602,-52.,11.3493593615896));
#12096=CARTESIAN_POINT('Ctrl Pts',(20.0136401504278,-52.,11.2175989151001));
#12097=CARTESIAN_POINT('',(20.6173255294561,-50.,11.9031381607056));
#12098=CARTESIAN_POINT('Ctrl Pts',(21.3983609527349,-50.,12.2612553834915));
#12099=CARTESIAN_POINT('Ctrl Pts',(21.3983609527349,-52.,12.2612553834915));
#12100=CARTESIAN_POINT('Ctrl Pts',(21.2477448563908,-50.,12.2136002861726));
#12101=CARTESIAN_POINT('Ctrl Pts',(21.2477448563908,-52.,12.2136002861726));
#12102=CARTESIAN_POINT('Ctrl Pts',(20.9723107015757,-50.,12.1264526188829));
#12103=CARTESIAN_POINT('Ctrl Pts',(20.9723107015757,-52.,12.1264526188829));
#12104=CARTESIAN_POINT('Ctrl Pts',(20.7280271283459,-50.,11.97277844294));
#12105=CARTESIAN_POINT('Ctrl Pts',(20.7280271283459,-52.,11.97277844294));
#12106=CARTESIAN_POINT('Ctrl Pts',(20.6173255294561,-50.,11.9031381607056));
#12107=CARTESIAN_POINT('Ctrl Pts',(20.6173255294561,-52.,11.9031381607056));
#12108=CARTESIAN_POINT('',(21.3983609527349,-50.,12.2612553834915));
#12109=CARTESIAN_POINT('Ctrl Pts',(20.6173255294561,-50.,11.9031381607056));
#12110=CARTESIAN_POINT('Ctrl Pts',(20.7280271283459,-50.,11.97277844294));
#12111=CARTESIAN_POINT('Ctrl Pts',(20.9723107015757,-50.,12.1264526188829));
#12112=CARTESIAN_POINT('Ctrl Pts',(21.2477448563908,-50.,12.2136002861726));
#12113=CARTESIAN_POINT('Ctrl Pts',(21.3983609527349,-50.,12.2612553834915));
#12114=CARTESIAN_POINT('',(21.3983609527349,-52.,12.2612553834915));
#12115=CARTESIAN_POINT('Ctrl Pts',(21.3983609527349,-52.,12.2612553834915));
#12116=CARTESIAN_POINT('Ctrl Pts',(21.2477448563908,-52.,12.2136002861726));
#12117=CARTESIAN_POINT('Ctrl Pts',(20.9723107015757,-52.,12.1264526188829));
#12118=CARTESIAN_POINT('Ctrl Pts',(20.7280271283459,-52.,11.97277844294));
#12119=CARTESIAN_POINT('Ctrl Pts',(20.6173255294561,-52.,11.9031381607056));
#12120=CARTESIAN_POINT('',(21.3983609527349,-50.,12.2612553834915));
#12121=CARTESIAN_POINT('Ctrl Pts',(22.4590709060431,-50.,12.4079126119614));
#12122=CARTESIAN_POINT('Ctrl Pts',(22.4590709060431,-52.,12.4079126119614));
#12123=CARTESIAN_POINT('Ctrl Pts',(22.2753773635203,-50.,12.402400269462));
#12124=CARTESIAN_POINT('Ctrl Pts',(22.2753773635203,-52.,12.402400269462));
#12125=CARTESIAN_POINT('Ctrl Pts',(21.9164708795308,-50.,12.391630073418));
#12126=CARTESIAN_POINT('Ctrl Pts',(21.9164708795308,-52.,12.391630073418));
#12127=CARTESIAN_POINT('Ctrl Pts',(21.5683221261176,-50.,12.3040235956667));
#12128=CARTESIAN_POINT('Ctrl Pts',(21.5683221261176,-52.,12.3040235956667));
#12129=CARTESIAN_POINT('Ctrl Pts',(21.3983609527349,-50.,12.2612553834915));
#12130=CARTESIAN_POINT('Ctrl Pts',(21.3983609527349,-52.,12.2612553834915));
#12131=CARTESIAN_POINT('',(22.4590709060431,-50.,12.4079126119614));
#12132=CARTESIAN_POINT('Ctrl Pts',(21.3983609527349,-50.,12.2612553834915));
#12133=CARTESIAN_POINT('Ctrl Pts',(21.5683221261176,-50.,12.3040235956667));
#12134=CARTESIAN_POINT('Ctrl Pts',(21.9164708795308,-50.,12.391630073418));
#12135=CARTESIAN_POINT('Ctrl Pts',(22.2753773635203,-50.,12.402400269462));
#12136=CARTESIAN_POINT('Ctrl Pts',(22.4590709060431,-50.,12.4079126119614));
#12137=CARTESIAN_POINT('',(22.4590709060431,-52.,12.4079126119614));
#12138=CARTESIAN_POINT('Ctrl Pts',(22.4590709060431,-52.,12.4079126119614));
#12139=CARTESIAN_POINT('Ctrl Pts',(22.2753773635203,-52.,12.402400269462));
#12140=CARTESIAN_POINT('Ctrl Pts',(21.9164708795308,-52.,12.391630073418));
#12141=CARTESIAN_POINT('Ctrl Pts',(21.5683221261176,-52.,12.3040235956667));
#12142=CARTESIAN_POINT('Ctrl Pts',(21.3983609527349,-52.,12.2612553834915));
#12143=CARTESIAN_POINT('',(22.4590709060431,-50.,12.4079126119614));
#12144=CARTESIAN_POINT('Ctrl Pts',(23.9563395828009,-50.,12.1623468399048));
#12145=CARTESIAN_POINT('Ctrl Pts',(23.9563395828009,-52.,12.1623468399048));
#12146=CARTESIAN_POINT('Ctrl Pts',(23.7258514426279,-50.,12.2339135752027));
#12147=CARTESIAN_POINT('Ctrl Pts',(23.7258514426279,-52.,12.2339135752027));
#12148=CARTESIAN_POINT('Ctrl Pts',(23.2385072191454,-50.,12.3852343113358));
#12149=CARTESIAN_POINT('Ctrl Pts',(23.2385072191454,-52.,12.3852343113358));
#12150=CARTESIAN_POINT('Ctrl Pts',(22.7280884766427,-50.,12.4000853382803));
#12151=CARTESIAN_POINT('Ctrl Pts',(22.7280884766427,-52.,12.4000853382803));
#12152=CARTESIAN_POINT('Ctrl Pts',(22.4590709060431,-50.,12.4079126119614));
#12153=CARTESIAN_POINT('Ctrl Pts',(22.4590709060431,-52.,12.4079126119614));
#12154=CARTESIAN_POINT('',(23.9563395828009,-50.,12.1623468399048));
#12155=CARTESIAN_POINT('Ctrl Pts',(22.4590709060431,-50.,12.4079126119614));
#12156=CARTESIAN_POINT('Ctrl Pts',(22.7280884766427,-50.,12.4000853382803));
#12157=CARTESIAN_POINT('Ctrl Pts',(23.2385072191454,-50.,12.3852343113358));
#12158=CARTESIAN_POINT('Ctrl Pts',(23.7258514426279,-50.,12.2339135752027));
#12159=CARTESIAN_POINT('Ctrl Pts',(23.9563395828009,-50.,12.1623468399048));
#12160=CARTESIAN_POINT('',(23.9563395828009,-52.,12.1623468399048));
#12161=CARTESIAN_POINT('Ctrl Pts',(23.9563395828009,-52.,12.1623468399048));
#12162=CARTESIAN_POINT('Ctrl Pts',(23.7258514426279,-52.,12.2339135752027));
#12163=CARTESIAN_POINT('Ctrl Pts',(23.2385072191454,-52.,12.3852343113358));
#12164=CARTESIAN_POINT('Ctrl Pts',(22.7280884766427,-52.,12.4000853382803));
#12165=CARTESIAN_POINT('Ctrl Pts',(22.4590709060431,-52.,12.4079126119614));
#12166=CARTESIAN_POINT('',(23.9563395828009,-50.,12.1623468399048));
#12167=CARTESIAN_POINT('Ctrl Pts',(24.9079110473394,-50.,11.4972716569901));
#12168=CARTESIAN_POINT('Ctrl Pts',(24.9079110473394,-52.,11.4972716569901));
#12169=CARTESIAN_POINT('Ctrl Pts',(24.7844657763269,-50.,11.6324173639697));
#12170=CARTESIAN_POINT('Ctrl Pts',(24.7844657763269,-52.,11.6324173639697));
#12171=CARTESIAN_POINT('Ctrl Pts',(24.5176427754865,-50.,11.92453048253));
#12172=CARTESIAN_POINT('Ctrl Pts',(24.5176427754865,-52.,11.92453048253));
#12173=CARTESIAN_POINT('Ctrl Pts',(24.1525322550598,-50.,12.0792227328834));
#12174=CARTESIAN_POINT('Ctrl Pts',(24.1525322550598,-52.,12.0792227328834));
#12175=CARTESIAN_POINT('Ctrl Pts',(23.9563395828009,-50.,12.1623468399048));
#12176=CARTESIAN_POINT('Ctrl Pts',(23.9563395828009,-52.,12.1623468399048));
#12177=CARTESIAN_POINT('',(24.9079110473394,-50.,11.4972716569901));
#12178=CARTESIAN_POINT('Ctrl Pts',(23.9563395828009,-50.,12.1623468399048));
#12179=CARTESIAN_POINT('Ctrl Pts',(24.1525322550598,-50.,12.0792227328834));
#12180=CARTESIAN_POINT('Ctrl Pts',(24.5176427754865,-50.,11.92453048253));
#12181=CARTESIAN_POINT('Ctrl Pts',(24.7844657763269,-50.,11.6324173639697));
#12182=CARTESIAN_POINT('Ctrl Pts',(24.9079110473394,-50.,11.4972716569901));
#12183=CARTESIAN_POINT('',(24.9079110473394,-52.,11.4972716569901));
#12184=CARTESIAN_POINT('Ctrl Pts',(24.9079110473394,-52.,11.4972716569901));
#12185=CARTESIAN_POINT('Ctrl Pts',(24.7844657763269,-52.,11.6324173639697));
#12186=CARTESIAN_POINT('Ctrl Pts',(24.5176427754865,-52.,11.92453048253));
#12187=CARTESIAN_POINT('Ctrl Pts',(24.1525322550598,-52.,12.0792227328834));
#12188=CARTESIAN_POINT('Ctrl Pts',(23.9563395828009,-52.,12.1623468399048));
#12189=CARTESIAN_POINT('',(24.9079110473394,-50.,11.4972716569901));
#12190=CARTESIAN_POINT('Ctrl Pts',(25.330827459693,-50.,10.3751707077026));
#12191=CARTESIAN_POINT('Ctrl Pts',(25.330827459693,-52.,10.3751707077026));
#12192=CARTESIAN_POINT('Ctrl Pts',(25.2889947998128,-50.,10.5907168492717));
#12193=CARTESIAN_POINT('Ctrl Pts',(25.2889947998128,-52.,10.5907168492717));
#12194=CARTESIAN_POINT('Ctrl Pts',(25.2116171056111,-50.,10.9894116364662));
#12195=CARTESIAN_POINT('Ctrl Pts',(25.2116171056111,-52.,10.9894116364662));
#12196=CARTESIAN_POINT('Ctrl Pts',(25.0035095367322,-50.,11.3374109974386));
#12197=CARTESIAN_POINT('Ctrl Pts',(25.0035095367322,-52.,11.3374109974386));
#12198=CARTESIAN_POINT('Ctrl Pts',(24.9079110473394,-50.,11.4972716569901));
#12199=CARTESIAN_POINT('Ctrl Pts',(24.9079110473394,-52.,11.4972716569901));
#12200=CARTESIAN_POINT('',(25.330827459693,-50.,10.3751707077026));
#12201=CARTESIAN_POINT('Ctrl Pts',(24.9079110473394,-50.,11.4972716569901));
#12202=CARTESIAN_POINT('Ctrl Pts',(25.0035095367322,-50.,11.3374109974386));
#12203=CARTESIAN_POINT('Ctrl Pts',(25.2116171056111,-50.,10.9894116364662));
#12204=CARTESIAN_POINT('Ctrl Pts',(25.2889947998128,-50.,10.5907168492717));
#12205=CARTESIAN_POINT('Ctrl Pts',(25.330827459693,-50.,10.3751707077026));
#12206=CARTESIAN_POINT('',(25.330827459693,-52.,10.3751707077026));
#12207=CARTESIAN_POINT('Ctrl Pts',(25.330827459693,-52.,10.3751707077026));
#12208=CARTESIAN_POINT('Ctrl Pts',(25.2889947998128,-52.,10.5907168492717));
#12209=CARTESIAN_POINT('Ctrl Pts',(25.2116171056111,-52.,10.9894116364662));
#12210=CARTESIAN_POINT('Ctrl Pts',(25.0035095367322,-52.,11.3374109974386));
#12211=CARTESIAN_POINT('Ctrl Pts',(24.9079110473394,-52.,11.4972716569901));
#12212=CARTESIAN_POINT('',(25.330827459693,-50.,10.3751707077026));
#12213=CARTESIAN_POINT('Origin',(24.1302850097418,-50.,10.2114599943161));
#12214=CARTESIAN_POINT('',(24.1302850097418,-50.,10.2114599943161));
#12215=CARTESIAN_POINT('',(-12.94173605892,-50.,5.15617268142005));
#12216=CARTESIAN_POINT('',(24.1302850097418,-52.,10.2114599943161));
#12217=CARTESIAN_POINT('',(25.330827459693,-52.,10.3751707077026));
#12218=CARTESIAN_POINT('',(24.1302850097418,-50.,10.2114599943161));
#12219=CARTESIAN_POINT('Ctrl Pts',(23.6562039703131,-50.,11.0845839977264));
#12220=CARTESIAN_POINT('Ctrl Pts',(23.6562039703131,-52.,11.0845839977264));
#12221=CARTESIAN_POINT('Ctrl Pts',(23.7744028973713,-50.,10.9668728932167));
#12222=CARTESIAN_POINT('Ctrl Pts',(23.7744028973713,-52.,10.9668728932167));
#12223=CARTESIAN_POINT('Ctrl Pts',(24.0188213204337,-50.,10.7234632171964));
#12224=CARTESIAN_POINT('Ctrl Pts',(24.0188213204337,-52.,10.7234632171964));
#12225=CARTESIAN_POINT('Ctrl Pts',(24.0923264254645,-50.,10.3858209687873));
#12226=CARTESIAN_POINT('Ctrl Pts',(24.0923264254645,-52.,10.3858209687873));
#12227=CARTESIAN_POINT('Ctrl Pts',(24.1302850097418,-50.,10.2114599943161));
#12228=CARTESIAN_POINT('Ctrl Pts',(24.1302850097418,-52.,10.2114599943161));
#12229=CARTESIAN_POINT('',(23.6562039703131,-50.,11.0845839977264));
#12230=CARTESIAN_POINT('Ctrl Pts',(24.1302850097418,-50.,10.2114599943161));
#12231=CARTESIAN_POINT('Ctrl Pts',(24.0923264254645,-50.,10.3858209687873));
#12232=CARTESIAN_POINT('Ctrl Pts',(24.0188213204337,-50.,10.7234632171964));
#12233=CARTESIAN_POINT('Ctrl Pts',(23.7744028973713,-50.,10.9668728932167));
#12234=CARTESIAN_POINT('Ctrl Pts',(23.6562039703131,-50.,11.0845839977264));
#12235=CARTESIAN_POINT('',(23.6562039703131,-52.,11.0845839977264));
#12236=CARTESIAN_POINT('Ctrl Pts',(23.6562039703131,-52.,11.0845839977264));
#12237=CARTESIAN_POINT('Ctrl Pts',(23.7744028973713,-52.,10.9668728932167));
#12238=CARTESIAN_POINT('Ctrl Pts',(24.0188213204337,-52.,10.7234632171964));
#12239=CARTESIAN_POINT('Ctrl Pts',(24.0923264254645,-52.,10.3858209687873));
#12240=CARTESIAN_POINT('Ctrl Pts',(24.1302850097418,-52.,10.2114599943161));
#12241=CARTESIAN_POINT('',(23.6562039703131,-50.,11.0845839977264));
#12242=CARTESIAN_POINT('Ctrl Pts',(22.5477483123541,-50.,11.3983631134033));
#12243=CARTESIAN_POINT('Ctrl Pts',(22.5477483123541,-52.,11.3983631134033));
#12244=CARTESIAN_POINT('Ctrl Pts',(22.7651643885039,-50.,11.3910714851128));
#12245=CARTESIAN_POINT('Ctrl Pts',(22.7651643885039,-52.,11.3910714851128));
#12246=CARTESIAN_POINT('Ctrl Pts',(23.1621054588044,-50.,11.3777590070794));
#12247=CARTESIAN_POINT('Ctrl Pts',(23.1621054588044,-52.,11.3777590070794));
#12248=CARTESIAN_POINT('Ctrl Pts',(23.5023301556022,-50.,11.1758855418847));
#12249=CARTESIAN_POINT('Ctrl Pts',(23.5023301556022,-52.,11.1758855418847));
#12250=CARTESIAN_POINT('Ctrl Pts',(23.6562039703131,-50.,11.0845839977264));
#12251=CARTESIAN_POINT('Ctrl Pts',(23.6562039703131,-52.,11.0845839977264));
#12252=CARTESIAN_POINT('',(22.5477483123541,-50.,11.3983631134033));
#12253=CARTESIAN_POINT('Ctrl Pts',(23.6562039703131,-50.,11.0845839977264));
#12254=CARTESIAN_POINT('Ctrl Pts',(23.5023301556022,-50.,11.1758855418847));
#12255=CARTESIAN_POINT('Ctrl Pts',(23.1621054588044,-50.,11.3777590070794));
#12256=CARTESIAN_POINT('Ctrl Pts',(22.7651643885039,-50.,11.3910714851128));
#12257=CARTESIAN_POINT('Ctrl Pts',(22.5477483123541,-50.,11.3983631134033));
#12258=CARTESIAN_POINT('',(22.5477483123541,-52.,11.3983631134033));
#12259=CARTESIAN_POINT('Ctrl Pts',(22.5477483123541,-52.,11.3983631134033));
#12260=CARTESIAN_POINT('Ctrl Pts',(22.7651643885039,-52.,11.3910714851128));
#12261=CARTESIAN_POINT('Ctrl Pts',(23.1621054588044,-52.,11.3777590070794));
#12262=CARTESIAN_POINT('Ctrl Pts',(23.5023301556022,-52.,11.1758855418847));
#12263=CARTESIAN_POINT('Ctrl Pts',(23.6562039703131,-52.,11.0845839977264));
#12264=CARTESIAN_POINT('',(22.5477483123541,-50.,11.3983631134033));
#12265=CARTESIAN_POINT('Ctrl Pts',(21.3403775542974,-50.,11.1186903715134));
#12266=CARTESIAN_POINT('Ctrl Pts',(21.3403775542974,-52.,11.1186903715134));
#12267=CARTESIAN_POINT('Ctrl Pts',(21.4983672060675,-50.,11.1997415078336));
#12268=CARTESIAN_POINT('Ctrl Pts',(21.4983672060675,-52.,11.1997415078336));
#12269=CARTESIAN_POINT('Ctrl Pts',(21.8749669342313,-50.,11.392942996435));
#12270=CARTESIAN_POINT('Ctrl Pts',(21.8749669342313,-52.,11.392942996435));
#12271=CARTESIAN_POINT('Ctrl Pts',(22.3006475634391,-50.,11.396372399918));
#12272=CARTESIAN_POINT('Ctrl Pts',(22.3006475634391,-52.,11.396372399918));
#12273=CARTESIAN_POINT('Ctrl Pts',(22.5477483123541,-50.,11.3983631134033));
#12274=CARTESIAN_POINT('Ctrl Pts',(22.5477483123541,-52.,11.3983631134033));
#12275=CARTESIAN_POINT('',(21.3403775542974,-50.,11.1186903715134));
#12276=CARTESIAN_POINT('Ctrl Pts',(22.5477483123541,-50.,11.3983631134033));
#12277=CARTESIAN_POINT('Ctrl Pts',(22.3006475634391,-50.,11.396372399918));
#12278=CARTESIAN_POINT('Ctrl Pts',(21.8749669342313,-50.,11.392942996435));
#12279=CARTESIAN_POINT('Ctrl Pts',(21.4983672060675,-50.,11.1997415078336));
#12280=CARTESIAN_POINT('Ctrl Pts',(21.3403775542974,-50.,11.1186903715134));
#12281=CARTESIAN_POINT('',(21.3403775542974,-52.,11.1186903715134));
#12282=CARTESIAN_POINT('Ctrl Pts',(21.3403775542974,-52.,11.1186903715134));
#12283=CARTESIAN_POINT('Ctrl Pts',(21.4983672060675,-52.,11.1997415078336));
#12284=CARTESIAN_POINT('Ctrl Pts',(21.8749669342313,-52.,11.392942996435));
#12285=CARTESIAN_POINT('Ctrl Pts',(22.3006475634391,-52.,11.396372399918));
#12286=CARTESIAN_POINT('Ctrl Pts',(22.5477483123541,-52.,11.3983631134033));
#12287=CARTESIAN_POINT('',(21.3403775542974,-50.,11.1186903715134));
#12288=CARTESIAN_POINT('Ctrl Pts',(20.978849157691,-50.,10.4638475179672));
#12289=CARTESIAN_POINT('Ctrl Pts',(20.978849157691,-52.,10.4638475179672));
#12290=CARTESIAN_POINT('Ctrl Pts',(20.9970951142403,-50.,10.5872898320409));
#12291=CARTESIAN_POINT('Ctrl Pts',(20.9970951142403,-52.,10.5872898320409));
#12292=CARTESIAN_POINT('Ctrl Pts',(21.0358144206805,-50.,10.8492438037823));
#12293=CARTESIAN_POINT('Ctrl Pts',(21.0358144206805,-52.,10.8492438037823));
#12294=CARTESIAN_POINT('Ctrl Pts',(21.2350363179871,-50.,11.0254951307523));
#12295=CARTESIAN_POINT('Ctrl Pts',(21.2350363179871,-52.,11.0254951307523));
#12296=CARTESIAN_POINT('Ctrl Pts',(21.3403775542974,-50.,11.1186903715134));
#12297=CARTESIAN_POINT('Ctrl Pts',(21.3403775542974,-52.,11.1186903715134));
#12298=CARTESIAN_POINT('',(20.978849157691,-50.,10.4638475179672));
#12299=CARTESIAN_POINT('Ctrl Pts',(21.3403775542974,-50.,11.1186903715134));
#12300=CARTESIAN_POINT('Ctrl Pts',(21.2350363179871,-50.,11.0254951307523));
#12301=CARTESIAN_POINT('Ctrl Pts',(21.0358144206805,-50.,10.8492438037823));
#12302=CARTESIAN_POINT('Ctrl Pts',(20.9970951142403,-50.,10.5872898320409));
#12303=CARTESIAN_POINT('Ctrl Pts',(20.978849157691,-50.,10.4638475179672));
#12304=CARTESIAN_POINT('',(20.978849157691,-52.,10.4638475179672));
#12305=CARTESIAN_POINT('Ctrl Pts',(20.978849157691,-52.,10.4638475179672));
#12306=CARTESIAN_POINT('Ctrl Pts',(20.9970951142403,-52.,10.5872898320409));
#12307=CARTESIAN_POINT('Ctrl Pts',(21.0358144206805,-52.,10.8492438037823));
#12308=CARTESIAN_POINT('Ctrl Pts',(21.2350363179871,-52.,11.0254951307523));
#12309=CARTESIAN_POINT('Ctrl Pts',(21.3403775542974,-52.,11.1186903715134));
#12310=CARTESIAN_POINT('',(20.978849157691,-50.,10.4638475179672));
#12311=CARTESIAN_POINT('Ctrl Pts',(21.1289193481207,-50.,10.0341063737869));
#12312=CARTESIAN_POINT('Ctrl Pts',(21.1289193481207,-52.,10.0341063737869));
#12313=CARTESIAN_POINT('Ctrl Pts',(21.0851491523179,-50.,10.0995730870047));
#12314=CARTESIAN_POINT('Ctrl Pts',(21.0851491523179,-52.,10.0995730870047));
#12315=CARTESIAN_POINT('Ctrl Pts',(20.9980174304344,-50.,10.2298952695789));
#12316=CARTESIAN_POINT('Ctrl Pts',(20.9980174304344,-52.,10.2298952695789));
#12317=CARTESIAN_POINT('Ctrl Pts',(20.9852185719822,-50.,10.386107660324));
#12318=CARTESIAN_POINT('Ctrl Pts',(20.9852185719822,-52.,10.386107660324));
#12319=CARTESIAN_POINT('Ctrl Pts',(20.978849157691,-50.,10.4638475179672));
#12320=CARTESIAN_POINT('Ctrl Pts',(20.978849157691,-52.,10.4638475179672));
#12321=CARTESIAN_POINT('',(21.1289193481207,-50.,10.0341063737869));
#12322=CARTESIAN_POINT('Ctrl Pts',(20.978849157691,-50.,10.4638475179672));
#12323=CARTESIAN_POINT('Ctrl Pts',(20.9852185719822,-50.,10.386107660324));
#12324=CARTESIAN_POINT('Ctrl Pts',(20.9980174304344,-50.,10.2298952695789));
#12325=CARTESIAN_POINT('Ctrl Pts',(21.0851491523179,-50.,10.0995730870047));
#12326=CARTESIAN_POINT('Ctrl Pts',(21.1289193481207,-50.,10.0341063737869));
#12327=CARTESIAN_POINT('',(21.1289193481207,-52.,10.0341063737869));
#12328=CARTESIAN_POINT('Ctrl Pts',(21.1289193481207,-52.,10.0341063737869));
#12329=CARTESIAN_POINT('Ctrl Pts',(21.0851491523179,-52.,10.0995730870047));
#12330=CARTESIAN_POINT('Ctrl Pts',(20.9980174304344,-52.,10.2298952695789));
#12331=CARTESIAN_POINT('Ctrl Pts',(20.9852185719822,-52.,10.386107660324));
#12332=CARTESIAN_POINT('Ctrl Pts',(20.978849157691,-52.,10.4638475179672));
#12333=CARTESIAN_POINT('',(21.1289193481207,-50.,10.0341063737869));
#12334=CARTESIAN_POINT('Ctrl Pts',(21.5995862334967,-50.,9.70668494701385));
#12335=CARTESIAN_POINT('Ctrl Pts',(21.5995862334967,-52.,9.70668494701385));
#12336=CARTESIAN_POINT('Ctrl Pts',(21.5025162799976,-50.,9.7493806931241));
#12337=CARTESIAN_POINT('Ctrl Pts',(21.5025162799976,-52.,9.7493806931241));
#12338=CARTESIAN_POINT('Ctrl Pts',(21.3238411066744,-50.,9.82797009758375));
#12339=CARTESIAN_POINT('Ctrl Pts',(21.3238411066744,-52.,9.82797009758375));
#12340=CARTESIAN_POINT('Ctrl Pts',(21.1900327987458,-50.,9.96947685663472));
#12341=CARTESIAN_POINT('Ctrl Pts',(21.1900327987458,-52.,9.96947685663472));
#12342=CARTESIAN_POINT('Ctrl Pts',(21.1289193481207,-50.,10.0341063737869));
#12343=CARTESIAN_POINT('Ctrl Pts',(21.1289193481207,-52.,10.0341063737869));
#12344=CARTESIAN_POINT('',(21.5995862334967,-50.,9.70668494701385));
#12345=CARTESIAN_POINT('Ctrl Pts',(21.1289193481207,-50.,10.0341063737869));
#12346=CARTESIAN_POINT('Ctrl Pts',(21.1900327987458,-50.,9.96947685663472));
#12347=CARTESIAN_POINT('Ctrl Pts',(21.3238411066744,-50.,9.82797009758375));
#12348=CARTESIAN_POINT('Ctrl Pts',(21.5025162799976,-50.,9.7493806931241));
#12349=CARTESIAN_POINT('Ctrl Pts',(21.5995862334967,-50.,9.70668494701385));
#12350=CARTESIAN_POINT('',(21.5995862334967,-52.,9.70668494701385));
#12351=CARTESIAN_POINT('Ctrl Pts',(21.5995862334967,-52.,9.70668494701385));
#12352=CARTESIAN_POINT('Ctrl Pts',(21.5025162799976,-52.,9.7493806931241));
#12353=CARTESIAN_POINT('Ctrl Pts',(21.3238411066744,-52.,9.82797009758375));
#12354=CARTESIAN_POINT('Ctrl Pts',(21.1900327987458,-52.,9.96947685663472));
#12355=CARTESIAN_POINT('Ctrl Pts',(21.1289193481207,-52.,10.0341063737869));
#12356=CARTESIAN_POINT('',(21.5995862334967,-50.,9.70668494701385));
#12357=CARTESIAN_POINT('Ctrl Pts',(22.684171423316,-50.,9.39290583133698));
#12358=CARTESIAN_POINT('Ctrl Pts',(22.684171423316,-52.,9.39290583133698));
#12359=CARTESIAN_POINT('Ctrl Pts',(22.4430570053272,-50.,9.45772431268752));
#12360=CARTESIAN_POINT('Ctrl Pts',(22.4430570053272,-52.,9.45772431268752));
#12361=CARTESIAN_POINT('Ctrl Pts',(22.0795091357941,-50.,9.55545642260416));
#12362=CARTESIAN_POINT('Ctrl Pts',(22.0795091357941,-52.,9.55545642260416));
#12363=CARTESIAN_POINT('Ctrl Pts',(21.7204933853872,-50.,9.66858588967891));
#12364=CARTESIAN_POINT('Ctrl Pts',(21.7204933853872,-52.,9.66858588967891));
#12365=CARTESIAN_POINT('Ctrl Pts',(21.5995862334967,-50.,9.70668494701385));
#12366=CARTESIAN_POINT('Ctrl Pts',(21.5995862334967,-52.,9.70668494701385));
#12367=CARTESIAN_POINT('',(22.684171423316,-50.,9.39290583133698));
#12368=CARTESIAN_POINT('Ctrl Pts',(21.5995862334967,-50.,9.70668494701385));
#12369=CARTESIAN_POINT('Ctrl Pts',(21.7204933853872,-50.,9.66858588967891));
#12370=CARTESIAN_POINT('Ctrl Pts',(22.0795091357941,-50.,9.55545642260416));
#12371=CARTESIAN_POINT('Ctrl Pts',(22.4430570053272,-50.,9.45772431268752));
#12372=CARTESIAN_POINT('Ctrl Pts',(22.684171423316,-50.,9.39290583133698));
#12373=CARTESIAN_POINT('',(22.684171423316,-52.,9.39290583133698));
#12374=CARTESIAN_POINT('Ctrl Pts',(22.684171423316,-52.,9.39290583133698));
#12375=CARTESIAN_POINT('Ctrl Pts',(22.4430570053272,-52.,9.45772431268752));
#12376=CARTESIAN_POINT('Ctrl Pts',(22.0795091357941,-52.,9.55545642260416));
#12377=CARTESIAN_POINT('Ctrl Pts',(21.7204933853872,-52.,9.66858588967891));
#12378=CARTESIAN_POINT('Ctrl Pts',(21.5995862334967,-52.,9.70668494701385));
#12379=CARTESIAN_POINT('',(22.684171423316,-50.,9.39290583133698));
#12380=CARTESIAN_POINT('Ctrl Pts',(24.5020415633917,-50.,8.82332921028137));
#12381=CARTESIAN_POINT('Ctrl Pts',(24.5020415633917,-52.,8.82332921028137));
#12382=CARTESIAN_POINT('Ctrl Pts',(24.2656817429672,-50.,8.91074402476283));
#12383=CARTESIAN_POINT('Ctrl Pts',(24.2656817429672,-52.,8.91074402476283));
#12384=CARTESIAN_POINT('Ctrl Pts',(23.6695383986511,-50.,9.1312204143377));
#12385=CARTESIAN_POINT('Ctrl Pts',(23.6695383986511,-52.,9.1312204143377));
#12386=CARTESIAN_POINT('Ctrl Pts',(23.0550353612417,-50.,9.2944149272623));
#12387=CARTESIAN_POINT('Ctrl Pts',(23.0550353612417,-52.,9.2944149272623));
#12388=CARTESIAN_POINT('Ctrl Pts',(22.684171423316,-50.,9.39290583133698));
#12389=CARTESIAN_POINT('Ctrl Pts',(22.684171423316,-52.,9.39290583133698));
#12390=CARTESIAN_POINT('',(24.5020415633917,-50.,8.82332921028137));
#12391=CARTESIAN_POINT('Ctrl Pts',(22.684171423316,-50.,9.39290583133698));
#12392=CARTESIAN_POINT('Ctrl Pts',(23.0550353612417,-50.,9.2944149272623));
#12393=CARTESIAN_POINT('Ctrl Pts',(23.6695383986511,-50.,9.1312204143377));
#12394=CARTESIAN_POINT('Ctrl Pts',(24.2656817429672,-50.,8.91074402476283));
#12395=CARTESIAN_POINT('Ctrl Pts',(24.5020415633917,-50.,8.82332921028137));
#12396=CARTESIAN_POINT('',(24.5020415633917,-52.,8.82332921028137));
#12397=CARTESIAN_POINT('Ctrl Pts',(24.5020415633917,-52.,8.82332921028137));
#12398=CARTESIAN_POINT('Ctrl Pts',(24.2656817429672,-52.,8.91074402476283));
#12399=CARTESIAN_POINT('Ctrl Pts',(23.6695383986511,-52.,9.1312204143377));
#12400=CARTESIAN_POINT('Ctrl Pts',(23.0550353612417,-52.,9.2944149272623));
#12401=CARTESIAN_POINT('Ctrl Pts',(22.684171423316,-52.,9.39290583133698));
#12402=CARTESIAN_POINT('',(24.5020415633917,-50.,8.82332921028137));
#12403=CARTESIAN_POINT('Ctrl Pts',(25.3103663772345,-50.,8.17871809005737));
#12404=CARTESIAN_POINT('Ctrl Pts',(25.3103663772345,-52.,8.17871809005737));
#12405=CARTESIAN_POINT('Ctrl Pts',(25.2014870020349,-50.,8.31209924658663));
#12406=CARTESIAN_POINT('Ctrl Pts',(25.2014870020349,-52.,8.31209924658663));
#12407=CARTESIAN_POINT('Ctrl Pts',(24.97867404411,-50.,8.58505314592016));
#12408=CARTESIAN_POINT('Ctrl Pts',(24.97867404411,-52.,8.58505314592016));
#12409=CARTESIAN_POINT('Ctrl Pts',(24.6633036392148,-50.,8.74271176536883));
#12410=CARTESIAN_POINT('Ctrl Pts',(24.6633036392148,-52.,8.74271176536883));
#12411=CARTESIAN_POINT('Ctrl Pts',(24.5020415633917,-50.,8.82332921028137));
#12412=CARTESIAN_POINT('Ctrl Pts',(24.5020415633917,-52.,8.82332921028137));
#12413=CARTESIAN_POINT('',(25.3103663772345,-50.,8.17871809005737));
#12414=CARTESIAN_POINT('Ctrl Pts',(24.5020415633917,-50.,8.82332921028137));
#12415=CARTESIAN_POINT('Ctrl Pts',(24.6633036392148,-50.,8.74271176536883));
#12416=CARTESIAN_POINT('Ctrl Pts',(24.97867404411,-50.,8.58505314592016));
#12417=CARTESIAN_POINT('Ctrl Pts',(25.2014870020349,-50.,8.31209924658663));
#12418=CARTESIAN_POINT('Ctrl Pts',(25.3103663772345,-50.,8.17871809005737));
#12419=CARTESIAN_POINT('',(25.3103663772345,-52.,8.17871809005737));
#12420=CARTESIAN_POINT('Ctrl Pts',(25.3103663772345,-52.,8.17871809005737));
#12421=CARTESIAN_POINT('Ctrl Pts',(25.2014870020349,-52.,8.31209924658663));
#12422=CARTESIAN_POINT('Ctrl Pts',(24.97867404411,-52.,8.58505314592016));
#12423=CARTESIAN_POINT('Ctrl Pts',(24.6633036392148,-52.,8.74271176536883));
#12424=CARTESIAN_POINT('Ctrl Pts',(24.5020415633917,-52.,8.82332921028137));
#12425=CARTESIAN_POINT('',(25.3103663772345,-50.,8.17871809005737));
#12426=CARTESIAN_POINT('Ctrl Pts',(25.6036832183599,-50.,7.12823987007141));
#12427=CARTESIAN_POINT('Ctrl Pts',(25.6036832183599,-52.,7.12823987007141));
#12428=CARTESIAN_POINT('Ctrl Pts',(25.5942663384679,-50.,7.32470153122114));
#12429=CARTESIAN_POINT('Ctrl Pts',(25.5942663384679,-52.,7.32470153122114));
#12430=CARTESIAN_POINT('Ctrl Pts',(25.5763792113472,-50.,7.69787552808731));
#12431=CARTESIAN_POINT('Ctrl Pts',(25.5763792113472,-52.,7.69787552808731));
#12432=CARTESIAN_POINT('Ctrl Pts',(25.3958526795141,-50.,8.02419376893353));
#12433=CARTESIAN_POINT('Ctrl Pts',(25.3958526795141,-52.,8.02419376893353));
#12434=CARTESIAN_POINT('Ctrl Pts',(25.3103663772345,-50.,8.17871809005737));
#12435=CARTESIAN_POINT('Ctrl Pts',(25.3103663772345,-52.,8.17871809005737));
#12436=CARTESIAN_POINT('',(25.6036832183599,-50.,7.12823987007141));
#12437=CARTESIAN_POINT('Ctrl Pts',(25.3103663772345,-50.,8.17871809005737));
#12438=CARTESIAN_POINT('Ctrl Pts',(25.3958526795141,-50.,8.02419376893353));
#12439=CARTESIAN_POINT('Ctrl Pts',(25.5763792113472,-50.,7.69787552808731));
#12440=CARTESIAN_POINT('Ctrl Pts',(25.5942663384679,-50.,7.32470153122114));
#12441=CARTESIAN_POINT('Ctrl Pts',(25.6036832183599,-50.,7.12823987007141));
#12442=CARTESIAN_POINT('',(25.6036832183599,-52.,7.12823987007141));
#12443=CARTESIAN_POINT('Ctrl Pts',(25.6036832183599,-52.,7.12823987007141));
#12444=CARTESIAN_POINT('Ctrl Pts',(25.5942663384679,-52.,7.32470153122114));
#12445=CARTESIAN_POINT('Ctrl Pts',(25.5763792113472,-52.,7.69787552808731));
#12446=CARTESIAN_POINT('Ctrl Pts',(25.3958526795141,-52.,8.02419376893353));
#12447=CARTESIAN_POINT('Ctrl Pts',(25.3103663772345,-52.,8.17871809005737));
#12448=CARTESIAN_POINT('',(25.6036832183599,-50.,7.12823987007141));
#12449=CARTESIAN_POINT('Ctrl Pts',(25.2455642074347,-50.,5.97203254699707));
#12450=CARTESIAN_POINT('Ctrl Pts',(25.2455642074347,-52.,5.97203254699707));
#12451=CARTESIAN_POINT('Ctrl Pts',(25.3500104211415,-50.,6.15418255047022));
#12452=CARTESIAN_POINT('Ctrl Pts',(25.3500104211415,-52.,6.15418255047022));
#12453=CARTESIAN_POINT('Ctrl Pts',(25.5557818743613,-50.,6.51303970372124));
#12454=CARTESIAN_POINT('Ctrl Pts',(25.5557818743613,-52.,6.51303970372124));
#12455=CARTESIAN_POINT('Ctrl Pts',(25.5878783749067,-50.,6.92525720800115));
#12456=CARTESIAN_POINT('Ctrl Pts',(25.5878783749067,-52.,6.92525720800115));
#12457=CARTESIAN_POINT('Ctrl Pts',(25.6036832183599,-50.,7.12823987007141));
#12458=CARTESIAN_POINT('Ctrl Pts',(25.6036832183599,-52.,7.12823987007141));
#12459=CARTESIAN_POINT('',(25.2455642074347,-50.,5.97203254699707));
#12460=CARTESIAN_POINT('Ctrl Pts',(25.6036832183599,-50.,7.12823987007141));
#12461=CARTESIAN_POINT('Ctrl Pts',(25.5878783749067,-50.,6.92525720800115));
#12462=CARTESIAN_POINT('Ctrl Pts',(25.5557818743613,-50.,6.51303970372124));
#12463=CARTESIAN_POINT('Ctrl Pts',(25.3500104211415,-50.,6.15418255047022));
#12464=CARTESIAN_POINT('Ctrl Pts',(25.2455642074347,-50.,5.97203254699707));
#12465=CARTESIAN_POINT('',(25.2455642074347,-52.,5.97203254699707));
#12466=CARTESIAN_POINT('Ctrl Pts',(25.2455642074347,-52.,5.97203254699707));
#12467=CARTESIAN_POINT('Ctrl Pts',(25.3500104211415,-52.,6.15418255047022));
#12468=CARTESIAN_POINT('Ctrl Pts',(25.5557818743613,-52.,6.51303970372124));
#12469=CARTESIAN_POINT('Ctrl Pts',(25.5878783749067,-52.,6.92525720800115));
#12470=CARTESIAN_POINT('Ctrl Pts',(25.6036832183599,-52.,7.12823987007141));
#12471=CARTESIAN_POINT('',(25.2455642074347,-50.,5.97203254699707));
#12472=CARTESIAN_POINT('Ctrl Pts',(24.2121388763189,-50.,5.13301491737366));
#12473=CARTESIAN_POINT('Ctrl Pts',(24.2121388763189,-52.,5.13301491737366));
#12474=CARTESIAN_POINT('Ctrl Pts',(24.4218462446347,-50.,5.23892841188341));
#12475=CARTESIAN_POINT('Ctrl Pts',(24.4218462446347,-52.,5.23892841188341));
#12476=CARTESIAN_POINT('Ctrl Pts',(24.8276144598797,-50.,5.44386317398897));
#12477=CARTESIAN_POINT('Ctrl Pts',(24.8276144598797,-52.,5.44386317398897));
#12478=CARTESIAN_POINT('Ctrl Pts',(25.1094066393979,-50.,5.79996818337207));
#12479=CARTESIAN_POINT('Ctrl Pts',(25.1094066393979,-52.,5.79996818337207));
#12480=CARTESIAN_POINT('Ctrl Pts',(25.2455642074347,-50.,5.97203254699707));
#12481=CARTESIAN_POINT('Ctrl Pts',(25.2455642074347,-52.,5.97203254699707));
#12482=CARTESIAN_POINT('',(24.2121388763189,-50.,5.13301491737366));
#12483=CARTESIAN_POINT('Ctrl Pts',(25.2455642074347,-50.,5.97203254699707));
#12484=CARTESIAN_POINT('Ctrl Pts',(25.1094066393979,-50.,5.79996818337207));
#12485=CARTESIAN_POINT('Ctrl Pts',(24.8276144598797,-50.,5.44386317398897));
#12486=CARTESIAN_POINT('Ctrl Pts',(24.4218462446347,-50.,5.23892841188341));
#12487=CARTESIAN_POINT('Ctrl Pts',(24.2121388763189,-50.,5.13301491737366));
#12488=CARTESIAN_POINT('',(24.2121388763189,-52.,5.13301491737366));
#12489=CARTESIAN_POINT('Ctrl Pts',(24.2121388763189,-52.,5.13301491737366));
#12490=CARTESIAN_POINT('Ctrl Pts',(24.4218462446347,-52.,5.23892841188341));
#12491=CARTESIAN_POINT('Ctrl Pts',(24.8276144598797,-52.,5.44386317398897));
#12492=CARTESIAN_POINT('Ctrl Pts',(25.1094066393979,-52.,5.79996818337207));
#12493=CARTESIAN_POINT('Ctrl Pts',(25.2455642074347,-52.,5.97203254699707));
#12494=CARTESIAN_POINT('',(24.2121388763189,-50.,5.13301491737366));
#12495=CARTESIAN_POINT('Ctrl Pts',(22.684171423316,-50.,4.83628869056702));
#12496=CARTESIAN_POINT('Ctrl Pts',(22.684171423316,-52.,4.83628869056702));
#12497=CARTESIAN_POINT('Ctrl Pts',(22.9564516732411,-50.,4.84669759488008));
#12498=CARTESIAN_POINT('Ctrl Pts',(22.9564516732411,-52.,4.84669759488008));
#12499=CARTESIAN_POINT('Ctrl Pts',(23.4814045416201,-50.,4.86676583037394));
#12500=CARTESIAN_POINT('Ctrl Pts',(23.4814045416201,-52.,4.86676583037394));
#12501=CARTESIAN_POINT('Ctrl Pts',(23.9747025256992,-50.,5.04650302300768));
#12502=CARTESIAN_POINT('Ctrl Pts',(23.9747025256992,-52.,5.04650302300768));
#12503=CARTESIAN_POINT('Ctrl Pts',(24.2121388763189,-50.,5.13301491737366));
#12504=CARTESIAN_POINT('Ctrl Pts',(24.2121388763189,-52.,5.13301491737366));
#12505=CARTESIAN_POINT('',(22.684171423316,-50.,4.83628869056702));
#12506=CARTESIAN_POINT('Ctrl Pts',(24.2121388763189,-50.,5.13301491737366));
#12507=CARTESIAN_POINT('Ctrl Pts',(23.9747025256992,-50.,5.04650302300768));
#12508=CARTESIAN_POINT('Ctrl Pts',(23.4814045416201,-50.,4.86676583037394));
#12509=CARTESIAN_POINT('Ctrl Pts',(22.9564516732411,-50.,4.84669759488008));
#12510=CARTESIAN_POINT('Ctrl Pts',(22.684171423316,-50.,4.83628869056702));
#12511=CARTESIAN_POINT('',(22.684171423316,-52.,4.83628869056702));
#12512=CARTESIAN_POINT('Ctrl Pts',(22.684171423316,-52.,4.83628869056702));
#12513=CARTESIAN_POINT('Ctrl Pts',(22.9564516732411,-52.,4.84669759488008));
#12514=CARTESIAN_POINT('Ctrl Pts',(23.4814045416201,-52.,4.86676583037394));
#12515=CARTESIAN_POINT('Ctrl Pts',(23.9747025256992,-52.,5.04650302300768));
#12516=CARTESIAN_POINT('Ctrl Pts',(24.2121388763189,-52.,5.13301491737366));
#12517=CARTESIAN_POINT('',(22.684171423316,-50.,4.83628869056702));
#12518=CARTESIAN_POINT('Ctrl Pts',(20.5320575088263,-50.,5.4229199886322));
#12519=CARTESIAN_POINT('Ctrl Pts',(20.5320575088263,-52.,5.4229199886322));
#12520=CARTESIAN_POINT('Ctrl Pts',(20.8277585243597,-50.,5.25233143574494));
#12521=CARTESIAN_POINT('Ctrl Pts',(20.8277585243597,-52.,5.25233143574494));
#12522=CARTESIAN_POINT('Ctrl Pts',(21.4905468213168,-50.,4.86997192221878));
#12523=CARTESIAN_POINT('Ctrl Pts',(21.4905468213168,-52.,4.86997192221878));
#12524=CARTESIAN_POINT('Ctrl Pts',(22.2587176894997,-50.,4.84829469031706));
#12525=CARTESIAN_POINT('Ctrl Pts',(22.2587176894997,-52.,4.84829469031706));
#12526=CARTESIAN_POINT('Ctrl Pts',(22.684171423316,-50.,4.83628869056702));
#12527=CARTESIAN_POINT('Ctrl Pts',(22.684171423316,-52.,4.83628869056702));
#12528=CARTESIAN_POINT('',(20.5320575088263,-50.,5.4229199886322));
#12529=CARTESIAN_POINT('Ctrl Pts',(22.684171423316,-50.,4.83628869056702));
#12530=CARTESIAN_POINT('Ctrl Pts',(22.2587176894997,-50.,4.84829469031706));
#12531=CARTESIAN_POINT('Ctrl Pts',(21.4905468213168,-50.,4.86997192221878));
#12532=CARTESIAN_POINT('Ctrl Pts',(20.8277585243597,-50.,5.25233143574494));
#12533=CARTESIAN_POINT('Ctrl Pts',(20.5320575088263,-50.,5.4229199886322));
#12534=CARTESIAN_POINT('',(20.5320575088263,-52.,5.4229199886322));
#12535=CARTESIAN_POINT('Ctrl Pts',(20.5320575088263,-52.,5.4229199886322));
#12536=CARTESIAN_POINT('Ctrl Pts',(20.8277585243597,-52.,5.25233143574494));
#12537=CARTESIAN_POINT('Ctrl Pts',(21.4905468213168,-52.,4.86997192221878));
#12538=CARTESIAN_POINT('Ctrl Pts',(22.2587176894997,-52.,4.84829469031706));
#12539=CARTESIAN_POINT('Ctrl Pts',(22.684171423316,-52.,4.83628869056702));
#12540=CARTESIAN_POINT('',(20.5320575088263,-50.,5.4229199886322));
#12541=CARTESIAN_POINT('Ctrl Pts',(19.5873095840216,-50.,7.16234683990479));
#12542=CARTESIAN_POINT('Ctrl Pts',(19.5873095840216,-52.,7.16234683990479));
#12543=CARTESIAN_POINT('Ctrl Pts',(19.6698025461161,-50.,6.80834339922731));
#12544=CARTESIAN_POINT('Ctrl Pts',(19.6698025461161,-52.,6.80834339922731));
#12545=CARTESIAN_POINT('Ctrl Pts',(19.8255906047757,-50.,6.13980747347479));
#12546=CARTESIAN_POINT('Ctrl Pts',(19.8255906047757,-52.,6.13980747347479));
#12547=CARTESIAN_POINT('Ctrl Pts',(20.3060236046677,-50.,5.65228795493367));
#12548=CARTESIAN_POINT('Ctrl Pts',(20.3060236046677,-52.,5.65228795493367));
#12549=CARTESIAN_POINT('Ctrl Pts',(20.5320575088263,-50.,5.4229199886322));
#12550=CARTESIAN_POINT('Ctrl Pts',(20.5320575088263,-52.,5.4229199886322));
#12551=CARTESIAN_POINT('Ctrl Pts',(20.5320575088263,-50.,5.4229199886322));
#12552=CARTESIAN_POINT('Ctrl Pts',(20.3060236046677,-50.,5.65228795493367));
#12553=CARTESIAN_POINT('Ctrl Pts',(19.8255906047757,-50.,6.13980747347479));
#12554=CARTESIAN_POINT('Ctrl Pts',(19.6698025461161,-50.,6.80834339922731));
#12555=CARTESIAN_POINT('Ctrl Pts',(19.5873095840216,-50.,7.16234683990479));
#12556=CARTESIAN_POINT('Ctrl Pts',(19.5873095840216,-52.,7.16234683990479));
#12557=CARTESIAN_POINT('Ctrl Pts',(19.6698025461161,-52.,6.80834339922731));
#12558=CARTESIAN_POINT('Ctrl Pts',(19.8255906047757,-52.,6.13980747347479));
#12559=CARTESIAN_POINT('Ctrl Pts',(20.3060236046677,-52.,5.65228795493367));
#12560=CARTESIAN_POINT('Ctrl Pts',(20.5320575088263,-52.,5.4229199886322));
#12561=CARTESIAN_POINT('Origin',(-9.68575477600098E-7,-52.,9.99999940395355));
#12562=CARTESIAN_POINT('Origin',(9.10981915891171,-50.,9.10641193389893));
#12563=CARTESIAN_POINT('',(5.71964524686337,-50.,9.10641193389893));
#12564=CARTESIAN_POINT('',(9.10981915891171,-50.,9.10641193389893));
#12565=CARTESIAN_POINT('',(-20.4450904205441,-50.,9.10641193389893));
#12566=CARTESIAN_POINT('',(5.71964524686337,-52.,9.10641193389893));
#12567=CARTESIAN_POINT('',(5.71964524686337,-50.,9.10641193389893));
#12568=CARTESIAN_POINT('',(9.10981915891171,-52.,9.10641193389893));
#12569=CARTESIAN_POINT('',(5.71964524686337,-52.,9.10641193389893));
#12570=CARTESIAN_POINT('',(9.10981915891171,-50.,9.10641193389893));
#12571=CARTESIAN_POINT('Origin',(8.06616567075253,-50.,11.8758529424667));
#12572=CARTESIAN_POINT('',(8.06616567075253,-50.,11.8758529424667));
#12573=CARTESIAN_POINT('',(6.41522767071947,-50.,16.2567853609067));
#12574=CARTESIAN_POINT('',(8.06616567075253,-52.,11.8758529424667));
#12575=CARTESIAN_POINT('',(9.10981915891171,-52.,9.10641193389893));
#12576=CARTESIAN_POINT('',(8.06616567075253,-50.,11.8758529424667));
#12577=CARTESIAN_POINT('Ctrl Pts',(7.35675118863583,-50.,13.9495223760605));
#12578=CARTESIAN_POINT('Ctrl Pts',(7.35675118863583,-52.,13.9495223760605));
#12579=CARTESIAN_POINT('Ctrl Pts',(7.45181246992725,-50.,13.6405072916281));
#12580=CARTESIAN_POINT('Ctrl Pts',(7.45181246992725,-52.,13.6405072916281));
#12581=CARTESIAN_POINT('Ctrl Pts',(7.66670502673133,-50.,12.9419574647946));
#12582=CARTESIAN_POINT('Ctrl Pts',(7.66670502673133,-52.,12.9419574647946));
#12583=CARTESIAN_POINT('Ctrl Pts',(7.92315858888789,-50.,12.2575188186493));
#12584=CARTESIAN_POINT('Ctrl Pts',(7.92315858888789,-52.,12.2575188186493));
#12585=CARTESIAN_POINT('Ctrl Pts',(8.06616567075253,-50.,11.8758529424667));
#12586=CARTESIAN_POINT('Ctrl Pts',(8.06616567075253,-52.,11.8758529424667));
#12587=CARTESIAN_POINT('',(7.35675118863583,-50.,13.9495223760605));
#12588=CARTESIAN_POINT('Ctrl Pts',(8.06616567075253,-50.,11.8758529424667));
#12589=CARTESIAN_POINT('Ctrl Pts',(7.92315858888789,-50.,12.2575188186493));
#12590=CARTESIAN_POINT('Ctrl Pts',(7.66670502673133,-50.,12.9419574647946));
#12591=CARTESIAN_POINT('Ctrl Pts',(7.45181246992725,-50.,13.6405072916281));
#12592=CARTESIAN_POINT('Ctrl Pts',(7.35675118863583,-50.,13.9495223760605));
#12593=CARTESIAN_POINT('',(7.35675118863583,-52.,13.9495223760605));
#12594=CARTESIAN_POINT('Ctrl Pts',(7.35675118863583,-52.,13.9495223760605));
#12595=CARTESIAN_POINT('Ctrl Pts',(7.45181246992725,-52.,13.6405072916281));
#12596=CARTESIAN_POINT('Ctrl Pts',(7.66670502673133,-52.,12.9419574647946));
#12597=CARTESIAN_POINT('Ctrl Pts',(7.92315858888789,-52.,12.2575188186493));
#12598=CARTESIAN_POINT('Ctrl Pts',(8.06616567075253,-52.,11.8758529424667));
#12599=CARTESIAN_POINT('',(7.35675118863583,-50.,13.9495223760605));
#12600=CARTESIAN_POINT('Ctrl Pts',(6.81787274777889,-50.,12.0395636558533));
#12601=CARTESIAN_POINT('Ctrl Pts',(6.81787274777889,-52.,12.0395636558533));
#12602=CARTESIAN_POINT('Ctrl Pts',(6.92705667965207,-50.,12.3549786325127));
#12603=CARTESIAN_POINT('Ctrl Pts',(6.92705667965207,-52.,12.3549786325127));
#12604=CARTESIAN_POINT('Ctrl Pts',(7.14381743744639,-50.,12.9811659128883));
#12605=CARTESIAN_POINT('Ctrl Pts',(7.14381743744639,-52.,12.9811659128883));
#12606=CARTESIAN_POINT('Ctrl Pts',(7.28612497004582,-50.,13.6283363035896));
#12607=CARTESIAN_POINT('Ctrl Pts',(7.28612497004582,-52.,13.6283363035896));
#12608=CARTESIAN_POINT('Ctrl Pts',(7.35675118863583,-50.,13.9495223760605));
#12609=CARTESIAN_POINT('Ctrl Pts',(7.35675118863583,-52.,13.9495223760605));
#12610=CARTESIAN_POINT('',(6.81787274777889,-50.,12.0395636558533));
#12611=CARTESIAN_POINT('Ctrl Pts',(7.35675118863583,-50.,13.9495223760605));
#12612=CARTESIAN_POINT('Ctrl Pts',(7.28612497004582,-50.,13.6283363035896));
#12613=CARTESIAN_POINT('Ctrl Pts',(7.14381743744639,-50.,12.9811659128883));
#12614=CARTESIAN_POINT('Ctrl Pts',(6.92705667965207,-50.,12.3549786325127));
#12615=CARTESIAN_POINT('Ctrl Pts',(6.81787274777889,-50.,12.0395636558533));
#12616=CARTESIAN_POINT('',(6.81787274777889,-52.,12.0395636558533));
#12617=CARTESIAN_POINT('Ctrl Pts',(6.81787274777889,-52.,12.0395636558533));
#12618=CARTESIAN_POINT('Ctrl Pts',(6.92705667965207,-52.,12.3549786325127));
#12619=CARTESIAN_POINT('Ctrl Pts',(7.14381743744639,-52.,12.9811659128883));
#12620=CARTESIAN_POINT('Ctrl Pts',(7.28612497004582,-52.,13.6283363035896));
#12621=CARTESIAN_POINT('Ctrl Pts',(7.35675118863583,-52.,13.9495223760605));
#12622=CARTESIAN_POINT('',(6.81787274777889,-50.,12.0395636558533));
#12623=CARTESIAN_POINT('Origin',(5.71964524686337,-50.,9.10641193389893));
#12624=CARTESIAN_POINT('',(0.799005558452683,-50.,-4.03565814096877));
#12625=CARTESIAN_POINT('',(6.81787274777889,-52.,12.0395636558533));
#12626=CARTESIAN_POINT('Origin',(6.67462132871151,-50.,15.));
#12627=CARTESIAN_POINT('',(2.83424161374569,-50.,5.));
#12628=CARTESIAN_POINT('',(6.67462132871151,-50.,15.));
#12629=CARTESIAN_POINT('',(0.522369510212721,-50.,-1.01990499669521));
#12630=CARTESIAN_POINT('',(2.83424161374569,-52.,5.));
#12631=CARTESIAN_POINT('',(2.83424161374569,-50.,5.));
#12632=CARTESIAN_POINT('',(6.67462132871151,-52.,15.));
#12633=CARTESIAN_POINT('',(2.83424161374569,-52.,5.));
#12634=CARTESIAN_POINT('',(6.67462132871151,-50.,15.));
#12635=CARTESIAN_POINT('Origin',(8.10026906430721,-50.,15.));
#12636=CARTESIAN_POINT('',(8.10026906430721,-50.,15.));
#12637=CARTESIAN_POINT('',(-20.9498654678464,-50.,15.));
#12638=CARTESIAN_POINT('',(8.10026906430721,-52.,15.));
#12639=CARTESIAN_POINT('',(6.67462132871151,-52.,15.));
#12640=CARTESIAN_POINT('',(8.10026906430721,-50.,15.));
#12641=CARTESIAN_POINT('Origin',(12.1930386871099,-50.,5.));
#12642=CARTESIAN_POINT('',(12.1930386871099,-50.,5.));
#12643=CARTESIAN_POINT('',(8.60786991028917,-50.,13.7597619881806));
#12644=CARTESIAN_POINT('',(12.1930386871099,-52.,5.));
#12645=CARTESIAN_POINT('',(8.10026906430721,-52.,15.));
#12646=CARTESIAN_POINT('',(12.1930386871099,-50.,5.));
#12647=CARTESIAN_POINT('Origin',(10.6855370849371,-50.,5.));
#12648=CARTESIAN_POINT('',(10.6855370849371,-50.,5.));
#12649=CARTESIAN_POINT('',(-19.6572314575315,-50.,5.));
#12650=CARTESIAN_POINT('',(10.6855370849371,-52.,5.));
#12651=CARTESIAN_POINT('',(12.1930386871099,-52.,5.));
#12652=CARTESIAN_POINT('',(10.6855370849371,-50.,5.));
#12653=CARTESIAN_POINT('Origin',(9.51909802854061,-50.,8.02864909172058));
#12654=CARTESIAN_POINT('',(9.51909802854061,-50.,8.02864909172058));
#12655=CARTESIAN_POINT('',(7.02142705342054,-50.,14.5138305409629));
#12656=CARTESIAN_POINT('',(9.51909802854061,-52.,8.02864909172058));
#12657=CARTESIAN_POINT('',(10.6855370849371,-52.,5.));
#12658=CARTESIAN_POINT('',(9.51909802854061,-50.,8.02864909172058));
#12659=CARTESIAN_POINT('Origin',(5.33765099942684,-50.,8.02864909172058));
#12660=CARTESIAN_POINT('',(5.33765099942684,-50.,8.02864909172058));
#12661=CARTESIAN_POINT('',(-22.3311745002866,-50.,8.02864909172058));
#12662=CARTESIAN_POINT('',(5.33765099942684,-52.,8.02864909172058));
#12663=CARTESIAN_POINT('',(9.51909802854061,-52.,8.02864909172058));
#12664=CARTESIAN_POINT('',(5.33765099942684,-50.,8.02864909172058));
#12665=CARTESIAN_POINT('Origin',(4.23942349851131,-50.,5.));
#12666=CARTESIAN_POINT('',(4.23942349851131,-50.,5.));
#12667=CARTESIAN_POINT('',(0.286705216527228,-50.,-5.90065275598963));
#12668=CARTESIAN_POINT('',(4.23942349851131,-52.,5.));
#12669=CARTESIAN_POINT('',(5.33765099942684,-52.,8.02864909172058));
#12670=CARTESIAN_POINT('',(4.23942349851131,-50.,5.));
#12671=CARTESIAN_POINT('Origin',(2.83424161374569,-50.,5.));
#12672=CARTESIAN_POINT('',(-23.5828791931272,-50.,5.));
#12673=CARTESIAN_POINT('',(4.23942349851131,-52.,5.));
#12674=CARTESIAN_POINT('Origin',(-9.68575477600098E-7,-52.,9.99999940395355));
#12675=CARTESIAN_POINT('Origin',(-50.,-50.,0.));
#12676=CARTESIAN_POINT('',(-48.,-50.,18.));
#12677=CARTESIAN_POINT('',(50.,-50.,18.));
#12678=CARTESIAN_POINT('',(-25.,-50.,18.));
#12679=CARTESIAN_POINT('',(-48.,-50.,2.));
#12680=CARTESIAN_POINT('',(-48.,-50.,0.));
#12681=CARTESIAN_POINT('',(50.,-50.,2.));
#12682=CARTESIAN_POINT('',(-25.,-50.,2.));
#12683=CARTESIAN_POINT('',(50.,-50.,0.));
#12684=CARTESIAN_POINT('',(-14.8260567337275,-50.,5.));
#12685=CARTESIAN_POINT('',(-14.8260567337275,-50.,5.91405153274536));
#12686=CARTESIAN_POINT('',(-14.8260567337275,-50.,2.95702576637268));
#12687=CARTESIAN_POINT('',(-16.8519780784845,-50.,4.83628869056702));
#12688=CARTESIAN_POINT('Ctrl Pts',(-14.8260567337275,-50.,5.91405153274536));
#12689=CARTESIAN_POINT('Ctrl Pts',(-15.0856156216953,-50.,5.59971971580453));
#12690=CARTESIAN_POINT('Ctrl Pts',(-15.6117642994198,-50.,4.96254149723149));
#12691=CARTESIAN_POINT('Ctrl Pts',(-16.4349069457253,-50.,4.87874621037404));
#12692=CARTESIAN_POINT('Ctrl Pts',(-16.8519780784845,-50.,4.83628869056702));
#12693=CARTESIAN_POINT('',(-18.4447477012873,-50.,5.31377911567688));
#12694=CARTESIAN_POINT('Ctrl Pts',(-16.8519780784845,-50.,4.83628869056702));
#12695=CARTESIAN_POINT('Ctrl Pts',(-17.1350319519259,-50.,4.85625818321522));
#12696=CARTESIAN_POINT('Ctrl Pts',(-17.7016677439798,-50.,4.89623442217657));
#12697=CARTESIAN_POINT('Ctrl Pts',(-18.1969005471617,-50.,5.1745111096076));
#12698=CARTESIAN_POINT('Ctrl Pts',(-18.4447477012873,-50.,5.31377911567688));
#12699=CARTESIAN_POINT('',(-19.5702574402094,-50.,6.6473400592804));
#12700=CARTESIAN_POINT('Ctrl Pts',(-18.4447477012873,-50.,5.31377911567688));
#12701=CARTESIAN_POINT('Ctrl Pts',(-18.6746442473049,-50.,5.49172844178715));
#12702=CARTESIAN_POINT('Ctrl Pts',(-19.1447546525735,-50.,5.85561311628135));
#12703=CARTESIAN_POINT('Ctrl Pts',(-19.4263630642948,-50.,6.37959785483889));
#12704=CARTESIAN_POINT('Ctrl Pts',(-19.5702574402094,-50.,6.6473400592804));
#12705=CARTESIAN_POINT('',(-19.9693033844233,-50.,8.61528038978577));
#12706=CARTESIAN_POINT('Ctrl Pts',(-19.5702574402094,-50.,6.6473400592804));
#12707=CARTESIAN_POINT('Ctrl Pts',(-19.6865891063535,-50.,6.95057324687289));
#12708=CARTESIAN_POINT('Ctrl Pts',(-19.9294949982459,-50.,7.58373814792663));
#12709=CARTESIAN_POINT('Ctrl Pts',(-19.9556660723782,-50.,8.26190099437004));
#12710=CARTESIAN_POINT('Ctrl Pts',(-19.9693033844233,-50.,8.61528038978577));
#12711=CARTESIAN_POINT('',(-19.6077749878168,-50.,10.5832201242447));
#12712=CARTESIAN_POINT('Ctrl Pts',(-19.9693033844233,-50.,8.61528038978577));
#12713=CARTESIAN_POINT('Ctrl Pts',(-19.9563178453405,-50.,8.96324558106059));
#12714=CARTESIAN_POINT('Ctrl Pts',(-19.9311720245955,-50.,9.63706206796622));
#12715=CARTESIAN_POINT('Ctrl Pts',(-19.7131893517469,-50.,10.2748108367836));
#12716=CARTESIAN_POINT('Ctrl Pts',(-19.6077749878168,-50.,10.5832201242447));
#12717=CARTESIAN_POINT('',(-18.5231921821833,-50.,11.9372451305389));
#12718=CARTESIAN_POINT('Ctrl Pts',(-19.6077749878168,-50.,10.5832201242447));
#12719=CARTESIAN_POINT('Ctrl Pts',(-19.4756181165412,-50.,10.8582123300283));
#12720=CARTESIAN_POINT('Ctrl Pts',(-19.2182621816457,-50.,11.393718925526));
#12721=CARTESIAN_POINT('Ctrl Pts',(-18.7506682664605,-50.,11.7593648984558));
#12722=CARTESIAN_POINT('Ctrl Pts',(-18.5231921821833,-50.,11.9372451305389));
#12723=CARTESIAN_POINT('',(-16.9065473228693,-50.,12.4079132080078));
#12724=CARTESIAN_POINT('Ctrl Pts',(-18.5231921821833,-50.,11.9372451305389));
#12725=CARTESIAN_POINT('Ctrl Pts',(-18.273700816774,-50.,12.0745200726694));
#12726=CARTESIAN_POINT('Ctrl Pts',(-17.7700099193428,-50.,12.3516604806472));
#12727=CARTESIAN_POINT('Ctrl Pts',(-17.1961561890221,-50.,12.3890458144977));
#12728=CARTESIAN_POINT('Ctrl Pts',(-16.9065473228693,-50.,12.4079132080078));
#12729=CARTESIAN_POINT('',(-15.7401082664728,-50.,12.1316516399384));
#12730=CARTESIAN_POINT('Ctrl Pts',(-16.9065473228693,-50.,12.4079132080078));
#12731=CARTESIAN_POINT('Ctrl Pts',(-16.6970684783074,-50.,12.3979028226362));
#12732=CARTESIAN_POINT('Ctrl Pts',(-16.2907431686002,-50.,12.3784857166039));
#12733=CARTESIAN_POINT('Ctrl Pts',(-15.9198092050585,-50.,12.2122064959425));
#12734=CARTESIAN_POINT('Ctrl Pts',(-15.7401082664728,-50.,12.1316516399384));
#12735=CARTESIAN_POINT('',(-14.9079106003046,-50.,11.412006020546));
#12736=CARTESIAN_POINT('Ctrl Pts',(-15.7401082664728,-50.,12.1316516399384));
#12737=CARTESIAN_POINT('Ctrl Pts',(-15.5784087989057,-50.,12.0337998519234));
#12738=CARTESIAN_POINT('Ctrl Pts',(-15.2600301960068,-50.,11.8411343099268));
#12739=CARTESIAN_POINT('Ctrl Pts',(-15.0240434181669,-50.,11.5535371312211));
#12740=CARTESIAN_POINT('Ctrl Pts',(-14.9079106003046,-50.,11.412006020546));
#12741=CARTESIAN_POINT('',(-14.9079106003046,-50.,15.));
#12742=CARTESIAN_POINT('',(-14.9079106003046,-50.,7.5));
#12743=CARTESIAN_POINT('',(-13.6869022995234,-50.,15.));
#12744=CARTESIAN_POINT('',(-31.8434511497617,-50.,15.));
#12745=CARTESIAN_POINT('',(-13.6869022995234,-50.,5.));
#12746=CARTESIAN_POINT('',(-13.6869022995234,-50.,2.5));
#12747=CARTESIAN_POINT('',(-32.4130283668637,-50.,5.));
#12748=CARTESIAN_POINT('',(-30.8560714870691,-50.,8.62210094928741));
#12749=CARTESIAN_POINT('',(-29.7373817116022,-50.,11.6030013561249));
#12750=CARTESIAN_POINT('Ctrl Pts',(-30.8560714870691,-50.,8.62210094928741));
#12751=CARTESIAN_POINT('Ctrl Pts',(-30.8280897670789,-50.,9.23184041602926));
#12752=CARTESIAN_POINT('Ctrl Pts',(-30.7766232877764,-50.,10.3533277175926));
#12753=CARTESIAN_POINT('Ctrl Pts',(-30.0630112640259,-50.,11.211436317812));
#12754=CARTESIAN_POINT('Ctrl Pts',(-29.7373817116022,-50.,11.6030013561249));
#12755=CARTESIAN_POINT('',(-27.459072843194,-50.,12.4079126119614));
#12756=CARTESIAN_POINT('Ctrl Pts',(-29.7373817116022,-50.,11.6030013561249));
#12757=CARTESIAN_POINT('Ctrl Pts',(-29.4037708688201,-50.,11.8377308322638));
#12758=CARTESIAN_POINT('Ctrl Pts',(-28.7204489800016,-50.,12.318517930366));
#12759=CARTESIAN_POINT('Ctrl Pts',(-27.8860845611798,-50.,12.3776499682876));
#12760=CARTESIAN_POINT('Ctrl Pts',(-27.459072843194,-50.,12.4079126119614));
#12761=CARTESIAN_POINT('',(-25.0170538574457,-50.,11.4290589094162));
#12762=CARTESIAN_POINT('Ctrl Pts',(-27.459072843194,-50.,12.4079126119614));
#12763=CARTESIAN_POINT('Ctrl Pts',(-26.9881976412582,-50.,12.3715198155753));
#12764=CARTESIAN_POINT('Ctrl Pts',(-26.0702170441113,-50.,12.3005713332152));
#12765=CARTESIAN_POINT('Ctrl Pts',(-25.3619954548484,-50.,11.7145045947836));
#12766=CARTESIAN_POINT('Ctrl Pts',(-25.0170538574457,-50.,11.4290589094162));
#12767=CARTESIAN_POINT('',(-24.0688965469599,-50.,8.72442007064819));
#12768=CARTESIAN_POINT('Ctrl Pts',(-25.0170538574457,-50.,11.4290589094162));
#12769=CARTESIAN_POINT('Ctrl Pts',(-24.7408279280904,-50.,11.0548480437511));
#12770=CARTESIAN_POINT('Ctrl Pts',(-24.1495713489056,-50.,10.2538564900494));
#12771=CARTESIAN_POINT('Ctrl Pts',(-24.0969395718069,-50.,9.25606096070129));
#12772=CARTESIAN_POINT('Ctrl Pts',(-24.0688965469599,-50.,8.72442007064819));
#12773=CARTESIAN_POINT('',(-24.4884035736322,-50.,6.52455687522888));
#12774=CARTESIAN_POINT('Ctrl Pts',(-24.0688965469599,-50.,8.72442007064819));
#12775=CARTESIAN_POINT('Ctrl Pts',(-24.0770821595091,-50.,8.30256356946395));
#12776=CARTESIAN_POINT('Ctrl Pts',(-24.0918070646196,-50.,7.54369587167848));
#12777=CARTESIAN_POINT('Ctrl Pts',(-24.366439855967,-50.,6.83796856191774));
#12778=CARTESIAN_POINT('Ctrl Pts',(-24.4884035736322,-50.,6.52455687522888));
#12779=CARTESIAN_POINT('',(-25.7094142585993,-50.,5.27967214584351));
#12780=CARTESIAN_POINT('Ctrl Pts',(-24.4884035736322,-50.,6.52455687522888));
#12781=CARTESIAN_POINT('Ctrl Pts',(-24.6445966214777,-50.,6.27206864947874));
#12782=CARTESIAN_POINT('Ctrl Pts',(-24.9580210085178,-50.,5.76541378562775));
#12783=CARTESIAN_POINT('Ctrl Pts',(-25.4583973041955,-50.,5.44194321632828));
#12784=CARTESIAN_POINT('Ctrl Pts',(-25.7094142585993,-50.,5.27967214584351));
#12785=CARTESIAN_POINT('',(-27.459072843194,-50.,4.83628869056702));
#12786=CARTESIAN_POINT('Ctrl Pts',(-25.7094142585993,-50.,5.27967214584351));
#12787=CARTESIAN_POINT('Ctrl Pts',(-25.9840988467727,-50.,5.15035482816275));
#12788=CARTESIAN_POINT('Ctrl Pts',(-26.5384901790098,-50.,4.88935583835004));
#12789=CARTESIAN_POINT('Ctrl Pts',(-27.1503643268257,-50.,4.85408424668311));
#12790=CARTESIAN_POINT('Ctrl Pts',(-27.459072843194,-50.,4.83628869056702));
#12791=CARTESIAN_POINT('',(-29.9181447178125,-50.,5.81173300743103));
#12792=CARTESIAN_POINT('Ctrl Pts',(-27.459072843194,-50.,4.83628869056702));
#12793=CARTESIAN_POINT('Ctrl Pts',(-27.9362549452292,-50.,4.87129300345659));
#12794=CARTESIAN_POINT('Ctrl Pts',(-28.8601315609151,-50.,4.93906517259057));
#12795=CARTESIAN_POINT('Ctrl Pts',(-29.5733186358673,-50.,5.5273143984885));
#12796=CARTESIAN_POINT('Ctrl Pts',(-29.9181447178125,-50.,5.81173300743103));
#12797=CARTESIAN_POINT('Ctrl Pts',(-29.9181447178125,-50.,5.81173300743103));
#12798=CARTESIAN_POINT('Ctrl Pts',(-30.1911956762657,-50.,6.19491505412892));
#12799=CARTESIAN_POINT('Ctrl Pts',(-30.7875183077041,-50.,7.03175564865105));
#12800=CARTESIAN_POINT('Ctrl Pts',(-30.8319724894186,-50.,8.06303530100343));
#12801=CARTESIAN_POINT('Ctrl Pts',(-30.8560714870691,-50.,8.62210094928741));
#12802=CARTESIAN_POINT('',(-4.00068499147892,-50.,5.));
#12803=CARTESIAN_POINT('',(-4.00068499147892,-50.,12.2442018985748));
#12804=CARTESIAN_POINT('',(-4.00068499147892,-50.,6.12210094928741));
#12805=CARTESIAN_POINT('',(-2.89563395082951,-50.,12.2442018985748));
#12806=CARTESIAN_POINT('',(-26.4478169754148,-50.,12.2442018985748));
#12807=CARTESIAN_POINT('',(-2.89563395082951,-50.,11.1459755897522));
#12808=CARTESIAN_POINT('',(-2.89563395082951,-50.,5.5729877948761));
#12809=CARTESIAN_POINT('',(-2.1145985275507,-50.,12.1623468399048));
#12810=CARTESIAN_POINT('Ctrl Pts',(-2.89563395082951,-50.,11.1459755897522));
#12811=CARTESIAN_POINT('Ctrl Pts',(-2.7725401994568,-50.,11.3691134358009));
#12812=CARTESIAN_POINT('Ctrl Pts',(-2.56317287160968,-50.,11.7486434610687));
#12813=CARTESIAN_POINT('Ctrl Pts',(-2.24550095820536,-50.,12.0416204127764));
#12814=CARTESIAN_POINT('Ctrl Pts',(-2.1145985275507,-50.,12.1623468399048));
#12815=CARTESIAN_POINT('',(-1.326739564538,-50.,12.4079126119614));
#12816=CARTESIAN_POINT('Ctrl Pts',(-2.1145985275507,-50.,12.1623468399048));
#12817=CARTESIAN_POINT('Ctrl Pts',(-1.99244137987324,-50.,12.2339699570316));
#12818=CARTESIAN_POINT('Ctrl Pts',(-1.74880400970457,-50.,12.376819296852));
#12819=CARTESIAN_POINT('Ctrl Pts',(-1.4671668781904,-50.,12.39756738918));
#12820=CARTESIAN_POINT('Ctrl Pts',(-1.326739564538,-50.,12.4079126119614));
#12821=CARTESIAN_POINT('',(-0.0648043304681778,-50.,12.0122784376144));
#12822=CARTESIAN_POINT('Ctrl Pts',(-1.326739564538,-50.,12.4079126119614));
#12823=CARTESIAN_POINT('Ctrl Pts',(-1.11403851636786,-50.,12.3883031533893));
#12824=CARTESIAN_POINT('Ctrl Pts',(-0.66571995440083,-50.,12.3469715081358));
#12825=CARTESIAN_POINT('Ctrl Pts',(-0.271821112196751,-50.,12.1275809519221));
#12826=CARTESIAN_POINT('Ctrl Pts',(-0.0648043304681778,-50.,12.0122784376144));
#12827=CARTESIAN_POINT('',(-0.487720742821693,-50.,10.8731240034103));
#12828=CARTESIAN_POINT('',(-5.26039197931486,-50.,-1.9823941161015));
#12829=CARTESIAN_POINT('',(-1.38813234865665,-50.,11.1391544342041));
#12830=CARTESIAN_POINT('Ctrl Pts',(-0.487720742821693,-50.,10.8731240034103));
#12831=CARTESIAN_POINT('Ctrl Pts',(-0.63458929724078,-50.,10.9506801316339));
#12832=CARTESIAN_POINT('Ctrl Pts',(-0.917188204025488,-50.,11.0999106945487));
#12833=CARTESIAN_POINT('Ctrl Pts',(-1.23533066601761,-50.,11.1264214816433));
#12834=CARTESIAN_POINT('Ctrl Pts',(-1.38813234865665,-50.,11.1391544342041));
#12835=CARTESIAN_POINT('',(-2.11118914186954,-50.,10.8969986438751));
#12836=CARTESIAN_POINT('Ctrl Pts',(-1.38813234865665,-50.,11.1391544342041));
#12837=CARTESIAN_POINT('Ctrl Pts',(-1.51885001156523,-50.,11.1290831329246));
#12838=CARTESIAN_POINT('Ctrl Pts',(-1.7801645231034,-50.,11.1089498386487));
#12839=CARTESIAN_POINT('Ctrl Pts',(-2.00088161720078,-50.,10.9676272627773));
#12840=CARTESIAN_POINT('Ctrl Pts',(-2.11118914186954,-50.,10.8969986438751));
#12841=CARTESIAN_POINT('',(-2.56821371614933,-50.,10.2251023054123));
#12842=CARTESIAN_POINT('Ctrl Pts',(-2.11118914186954,-50.,10.8969986438751));
#12843=CARTESIAN_POINT('Ctrl Pts',(-2.21102717846348,-50.,10.8063673446858));
#12844=CARTESIAN_POINT('Ctrl Pts',(-2.41707538074318,-50.,10.6193202341322));
#12845=CARTESIAN_POINT('Ctrl Pts',(-2.5168061982354,-50.,10.3591898297866));
#12846=CARTESIAN_POINT('Ctrl Pts',(-2.56821371614933,-50.,10.2251023054123));
#12847=CARTESIAN_POINT('',(-2.7728483825922,-50.,8.79263281822205));
#12848=CARTESIAN_POINT('Ctrl Pts',(-2.56821371614933,-50.,10.2251023054123));
#12849=CARTESIAN_POINT('Ctrl Pts',(-2.62788151343112,-50.,9.99782587175335));
#12850=CARTESIAN_POINT('Ctrl Pts',(-2.75113869665821,-50.,9.5283355553201));
#12851=CARTESIAN_POINT('Ctrl Pts',(-2.76545993760378,-50.,9.04301410966113));
#12852=CARTESIAN_POINT('Ctrl Pts',(-2.7728483825922,-50.,8.79263281822205));
#12853=CARTESIAN_POINT('',(-2.7728483825922,-50.,5.));
#12854=CARTESIAN_POINT('',(-2.7728483825922,-50.,2.5));
#12855=CARTESIAN_POINT('',(-27.0003424957395,-50.,5.));
#12856=CARTESIAN_POINT('Origin',(-4.00068499147892,-50.,12.2442018985748));
#12857=CARTESIAN_POINT('',(-4.00068499147892,-52.,5.));
#12858=CARTESIAN_POINT('',(-4.00068499147892,-50.,5.));
#12859=CARTESIAN_POINT('',(-4.00068499147892,-52.,12.2442018985748));
#12860=CARTESIAN_POINT('',(-4.00068499147892,-52.,5.));
#12861=CARTESIAN_POINT('',(-4.00068499147892,-50.,12.2442018985748));
#12862=CARTESIAN_POINT('Origin',(-2.89563395082951,-50.,12.2442018985748));
#12863=CARTESIAN_POINT('',(-2.89563395082951,-52.,12.2442018985748));
#12864=CARTESIAN_POINT('',(-4.00068499147892,-52.,12.2442018985748));
#12865=CARTESIAN_POINT('',(-2.89563395082951,-50.,12.2442018985748));
#12866=CARTESIAN_POINT('Origin',(-2.89563395082951,-50.,11.1459755897522));
#12867=CARTESIAN_POINT('',(-2.89563395082951,-52.,11.1459755897522));
#12868=CARTESIAN_POINT('',(-2.89563395082951,-52.,12.2442018985748));
#12869=CARTESIAN_POINT('',(-2.89563395082951,-50.,11.1459755897522));
#12870=CARTESIAN_POINT('Ctrl Pts',(-2.1145985275507,-50.,12.1623468399048));
#12871=CARTESIAN_POINT('Ctrl Pts',(-2.1145985275507,-52.,12.1623468399048));
#12872=CARTESIAN_POINT('Ctrl Pts',(-2.24550095820536,-50.,12.0416204127764));
#12873=CARTESIAN_POINT('Ctrl Pts',(-2.24550095820536,-52.,12.0416204127764));
#12874=CARTESIAN_POINT('Ctrl Pts',(-2.56317287160968,-50.,11.7486434610687));
#12875=CARTESIAN_POINT('Ctrl Pts',(-2.56317287160968,-52.,11.7486434610687));
#12876=CARTESIAN_POINT('Ctrl Pts',(-2.7725401994568,-50.,11.3691134358009));
#12877=CARTESIAN_POINT('Ctrl Pts',(-2.7725401994568,-52.,11.3691134358009));
#12878=CARTESIAN_POINT('Ctrl Pts',(-2.89563395082951,-50.,11.1459755897522));
#12879=CARTESIAN_POINT('Ctrl Pts',(-2.89563395082951,-52.,11.1459755897522));
#12880=CARTESIAN_POINT('',(-2.1145985275507,-52.,12.1623468399048));
#12881=CARTESIAN_POINT('Ctrl Pts',(-2.1145985275507,-52.,12.1623468399048));
#12882=CARTESIAN_POINT('Ctrl Pts',(-2.24550095820536,-52.,12.0416204127764));
#12883=CARTESIAN_POINT('Ctrl Pts',(-2.56317287160968,-52.,11.7486434610687));
#12884=CARTESIAN_POINT('Ctrl Pts',(-2.7725401994568,-52.,11.3691134358009));
#12885=CARTESIAN_POINT('Ctrl Pts',(-2.89563395082951,-52.,11.1459755897522));
#12886=CARTESIAN_POINT('',(-2.1145985275507,-50.,12.1623468399048));
#12887=CARTESIAN_POINT('Ctrl Pts',(-1.326739564538,-50.,12.4079126119614));
#12888=CARTESIAN_POINT('Ctrl Pts',(-1.326739564538,-52.,12.4079126119614));
#12889=CARTESIAN_POINT('Ctrl Pts',(-1.4671668781904,-50.,12.39756738918));
#12890=CARTESIAN_POINT('Ctrl Pts',(-1.4671668781904,-52.,12.39756738918));
#12891=CARTESIAN_POINT('Ctrl Pts',(-1.74880400970457,-50.,12.376819296852));
#12892=CARTESIAN_POINT('Ctrl Pts',(-1.74880400970457,-52.,12.376819296852));
#12893=CARTESIAN_POINT('Ctrl Pts',(-1.99244137987324,-50.,12.2339699570316));
#12894=CARTESIAN_POINT('Ctrl Pts',(-1.99244137987324,-52.,12.2339699570316));
#12895=CARTESIAN_POINT('Ctrl Pts',(-2.1145985275507,-50.,12.1623468399048));
#12896=CARTESIAN_POINT('Ctrl Pts',(-2.1145985275507,-52.,12.1623468399048));
#12897=CARTESIAN_POINT('',(-1.326739564538,-52.,12.4079126119614));
#12898=CARTESIAN_POINT('Ctrl Pts',(-1.326739564538,-52.,12.4079126119614));
#12899=CARTESIAN_POINT('Ctrl Pts',(-1.4671668781904,-52.,12.39756738918));
#12900=CARTESIAN_POINT('Ctrl Pts',(-1.74880400970457,-52.,12.376819296852));
#12901=CARTESIAN_POINT('Ctrl Pts',(-1.99244137987324,-52.,12.2339699570316));
#12902=CARTESIAN_POINT('Ctrl Pts',(-2.1145985275507,-52.,12.1623468399048));
#12903=CARTESIAN_POINT('',(-1.326739564538,-50.,12.4079126119614));
#12904=CARTESIAN_POINT('Ctrl Pts',(-0.0648043304681778,-50.,12.0122784376144));
#12905=CARTESIAN_POINT('Ctrl Pts',(-0.0648043304681778,-52.,12.0122784376144));
#12906=CARTESIAN_POINT('Ctrl Pts',(-0.271821112196751,-50.,12.1275809519221));
#12907=CARTESIAN_POINT('Ctrl Pts',(-0.271821112196751,-52.,12.1275809519221));
#12908=CARTESIAN_POINT('Ctrl Pts',(-0.66571995440083,-50.,12.3469715081358));
#12909=CARTESIAN_POINT('Ctrl Pts',(-0.66571995440083,-52.,12.3469715081358));
#12910=CARTESIAN_POINT('Ctrl Pts',(-1.11403851636786,-50.,12.3883031533893));
#12911=CARTESIAN_POINT('Ctrl Pts',(-1.11403851636786,-52.,12.3883031533893));
#12912=CARTESIAN_POINT('Ctrl Pts',(-1.326739564538,-50.,12.4079126119614));
#12913=CARTESIAN_POINT('Ctrl Pts',(-1.326739564538,-52.,12.4079126119614));
#12914=CARTESIAN_POINT('',(-0.0648043304681778,-52.,12.0122784376144));
#12915=CARTESIAN_POINT('Ctrl Pts',(-0.0648043304681778,-52.,12.0122784376144));
#12916=CARTESIAN_POINT('Ctrl Pts',(-0.271821112196751,-52.,12.1275809519221));
#12917=CARTESIAN_POINT('Ctrl Pts',(-0.66571995440083,-52.,12.3469715081358));
#12918=CARTESIAN_POINT('Ctrl Pts',(-1.11403851636786,-52.,12.3883031533893));
#12919=CARTESIAN_POINT('Ctrl Pts',(-1.326739564538,-52.,12.4079126119614));
#12920=CARTESIAN_POINT('',(-0.0648043304681778,-50.,12.0122784376144));
#12921=CARTESIAN_POINT('Origin',(-0.487720742821693,-50.,10.8731240034103));
#12922=CARTESIAN_POINT('',(-0.487720742821693,-52.,10.8731240034103));
#12923=CARTESIAN_POINT('',(-0.0648043304681778,-52.,12.0122784376144));
#12924=CARTESIAN_POINT('',(-0.487720742821693,-50.,10.8731240034103));
#12925=CARTESIAN_POINT('Ctrl Pts',(-1.38813234865665,-50.,11.1391544342041));
#12926=CARTESIAN_POINT('Ctrl Pts',(-1.38813234865665,-52.,11.1391544342041));
#12927=CARTESIAN_POINT('Ctrl Pts',(-1.23533066601761,-50.,11.1264214816433));
#12928=CARTESIAN_POINT('Ctrl Pts',(-1.23533066601761,-52.,11.1264214816433));
#12929=CARTESIAN_POINT('Ctrl Pts',(-0.917188204025488,-50.,11.0999106945487));
#12930=CARTESIAN_POINT('Ctrl Pts',(-0.917188204025488,-52.,11.0999106945487));
#12931=CARTESIAN_POINT('Ctrl Pts',(-0.63458929724078,-50.,10.9506801316339));
#12932=CARTESIAN_POINT('Ctrl Pts',(-0.63458929724078,-52.,10.9506801316339));
#12933=CARTESIAN_POINT('Ctrl Pts',(-0.487720742821693,-50.,10.8731240034103));
#12934=CARTESIAN_POINT('Ctrl Pts',(-0.487720742821693,-52.,10.8731240034103));
#12935=CARTESIAN_POINT('',(-1.38813234865665,-52.,11.1391544342041));
#12936=CARTESIAN_POINT('Ctrl Pts',(-1.38813234865665,-52.,11.1391544342041));
#12937=CARTESIAN_POINT('Ctrl Pts',(-1.23533066601761,-52.,11.1264214816433));
#12938=CARTESIAN_POINT('Ctrl Pts',(-0.917188204025488,-52.,11.0999106945487));
#12939=CARTESIAN_POINT('Ctrl Pts',(-0.63458929724078,-52.,10.9506801316339));
#12940=CARTESIAN_POINT('Ctrl Pts',(-0.487720742821693,-52.,10.8731240034103));
#12941=CARTESIAN_POINT('',(-1.38813234865665,-50.,11.1391544342041));
#12942=CARTESIAN_POINT('Ctrl Pts',(-2.11118914186954,-50.,10.8969986438751));
#12943=CARTESIAN_POINT('Ctrl Pts',(-2.11118914186954,-52.,10.8969986438751));
#12944=CARTESIAN_POINT('Ctrl Pts',(-2.00088161720078,-50.,10.9676272627773));
#12945=CARTESIAN_POINT('Ctrl Pts',(-2.00088161720078,-52.,10.9676272627773));
#12946=CARTESIAN_POINT('Ctrl Pts',(-1.7801645231034,-50.,11.1089498386487));
#12947=CARTESIAN_POINT('Ctrl Pts',(-1.7801645231034,-52.,11.1089498386487));
#12948=CARTESIAN_POINT('Ctrl Pts',(-1.51885001156523,-50.,11.1290831329246));
#12949=CARTESIAN_POINT('Ctrl Pts',(-1.51885001156523,-52.,11.1290831329246));
#12950=CARTESIAN_POINT('Ctrl Pts',(-1.38813234865665,-50.,11.1391544342041));
#12951=CARTESIAN_POINT('Ctrl Pts',(-1.38813234865665,-52.,11.1391544342041));
#12952=CARTESIAN_POINT('',(-2.11118914186954,-52.,10.8969986438751));
#12953=CARTESIAN_POINT('Ctrl Pts',(-2.11118914186954,-52.,10.8969986438751));
#12954=CARTESIAN_POINT('Ctrl Pts',(-2.00088161720078,-52.,10.9676272627773));
#12955=CARTESIAN_POINT('Ctrl Pts',(-1.7801645231034,-52.,11.1089498386487));
#12956=CARTESIAN_POINT('Ctrl Pts',(-1.51885001156523,-52.,11.1290831329246));
#12957=CARTESIAN_POINT('Ctrl Pts',(-1.38813234865665,-52.,11.1391544342041));
#12958=CARTESIAN_POINT('',(-2.11118914186954,-50.,10.8969986438751));
#12959=CARTESIAN_POINT('Ctrl Pts',(-2.56821371614933,-50.,10.2251023054123));
#12960=CARTESIAN_POINT('Ctrl Pts',(-2.56821371614933,-52.,10.2251023054123));
#12961=CARTESIAN_POINT('Ctrl Pts',(-2.5168061982354,-50.,10.3591898297866));
#12962=CARTESIAN_POINT('Ctrl Pts',(-2.5168061982354,-52.,10.3591898297866));
#12963=CARTESIAN_POINT('Ctrl Pts',(-2.41707538074318,-50.,10.6193202341322));
#12964=CARTESIAN_POINT('Ctrl Pts',(-2.41707538074318,-52.,10.6193202341322));
#12965=CARTESIAN_POINT('Ctrl Pts',(-2.21102717846348,-50.,10.8063673446858));
#12966=CARTESIAN_POINT('Ctrl Pts',(-2.21102717846348,-52.,10.8063673446858));
#12967=CARTESIAN_POINT('Ctrl Pts',(-2.11118914186954,-50.,10.8969986438751));
#12968=CARTESIAN_POINT('Ctrl Pts',(-2.11118914186954,-52.,10.8969986438751));
#12969=CARTESIAN_POINT('',(-2.56821371614933,-52.,10.2251023054123));
#12970=CARTESIAN_POINT('Ctrl Pts',(-2.56821371614933,-52.,10.2251023054123));
#12971=CARTESIAN_POINT('Ctrl Pts',(-2.5168061982354,-52.,10.3591898297866));
#12972=CARTESIAN_POINT('Ctrl Pts',(-2.41707538074318,-52.,10.6193202341322));
#12973=CARTESIAN_POINT('Ctrl Pts',(-2.21102717846348,-52.,10.8063673446858));
#12974=CARTESIAN_POINT('Ctrl Pts',(-2.11118914186954,-52.,10.8969986438751));
#12975=CARTESIAN_POINT('',(-2.56821371614933,-50.,10.2251023054123));
#12976=CARTESIAN_POINT('Ctrl Pts',(-2.7728483825922,-50.,8.79263281822205));
#12977=CARTESIAN_POINT('Ctrl Pts',(-2.7728483825922,-52.,8.79263281822205));
#12978=CARTESIAN_POINT('Ctrl Pts',(-2.76545993760378,-50.,9.04301410966113));
#12979=CARTESIAN_POINT('Ctrl Pts',(-2.76545993760378,-52.,9.04301410966113));
#12980=CARTESIAN_POINT('Ctrl Pts',(-2.75113869665821,-50.,9.5283355553201));
#12981=CARTESIAN_POINT('Ctrl Pts',(-2.75113869665821,-52.,9.5283355553201));
#12982=CARTESIAN_POINT('Ctrl Pts',(-2.62788151343112,-50.,9.99782587175335));
#12983=CARTESIAN_POINT('Ctrl Pts',(-2.62788151343112,-52.,9.99782587175335));
#12984=CARTESIAN_POINT('Ctrl Pts',(-2.56821371614933,-50.,10.2251023054123));
#12985=CARTESIAN_POINT('Ctrl Pts',(-2.56821371614933,-52.,10.2251023054123));
#12986=CARTESIAN_POINT('',(-2.7728483825922,-52.,8.79263281822205));
#12987=CARTESIAN_POINT('Ctrl Pts',(-2.7728483825922,-52.,8.79263281822205));
#12988=CARTESIAN_POINT('Ctrl Pts',(-2.76545993760378,-52.,9.04301410966113));
#12989=CARTESIAN_POINT('Ctrl Pts',(-2.75113869665821,-52.,9.5283355553201));
#12990=CARTESIAN_POINT('Ctrl Pts',(-2.62788151343112,-52.,9.99782587175335));
#12991=CARTESIAN_POINT('Ctrl Pts',(-2.56821371614933,-52.,10.2251023054123));
#12992=CARTESIAN_POINT('',(-2.7728483825922,-50.,8.79263281822205));
#12993=CARTESIAN_POINT('Origin',(-2.7728483825922,-50.,5.));
#12994=CARTESIAN_POINT('',(-2.7728483825922,-52.,5.));
#12995=CARTESIAN_POINT('',(-2.7728483825922,-52.,8.79263281822205));
#12996=CARTESIAN_POINT('',(-2.7728483825922,-50.,5.));
#12997=CARTESIAN_POINT('Origin',(-4.00068499147892,-50.,5.));
#12998=CARTESIAN_POINT('',(-2.7728483825922,-52.,5.));
#12999=CARTESIAN_POINT('Origin',(-9.68575477600098E-7,-52.,9.99999940395355));
#13000=CARTESIAN_POINT('Ctrl Pts',(-18.1207368522882,-50.,6.53478860855103));
#13001=CARTESIAN_POINT('Ctrl Pts',(-18.1207368522882,-52.,6.53478860855103));
#13002=CARTESIAN_POINT('Ctrl Pts',(-18.291248062001,-50.,6.81572960668315));
#13003=CARTESIAN_POINT('Ctrl Pts',(-18.291248062001,-52.,6.81572960668315));
#13004=CARTESIAN_POINT('Ctrl Pts',(-18.6770205965127,-50.,7.45134365857019));
#13005=CARTESIAN_POINT('Ctrl Pts',(-18.6770205965127,-52.,7.45134365857019));
#13006=CARTESIAN_POINT('Ctrl Pts',(-18.6964975907396,-50.,8.19841441982028));
#13007=CARTESIAN_POINT('Ctrl Pts',(-18.6964975907396,-52.,8.19841441982028));
#13008=CARTESIAN_POINT('Ctrl Pts',(-18.7073657661676,-50.,8.61528038978577));
#13009=CARTESIAN_POINT('Ctrl Pts',(-18.7073657661676,-52.,8.61528038978577));
#13010=CARTESIAN_POINT('',(-18.7073657661676,-50.,8.61528038978577));
#13011=CARTESIAN_POINT('',(-18.1207368522882,-50.,6.53478860855103));
#13012=CARTESIAN_POINT('Ctrl Pts',(-18.7073657661676,-50.,8.61528038978577));
#13013=CARTESIAN_POINT('Ctrl Pts',(-18.6964975907396,-50.,8.19841441982028));
#13014=CARTESIAN_POINT('Ctrl Pts',(-18.6770205965127,-50.,7.45134365857019));
#13015=CARTESIAN_POINT('Ctrl Pts',(-18.291248062001,-50.,6.81572960668315));
#13016=CARTESIAN_POINT('Ctrl Pts',(-18.1207368522882,-50.,6.53478860855103));
#13017=CARTESIAN_POINT('',(-18.7073657661676,-52.,8.61528038978577));
#13018=CARTESIAN_POINT('',(-18.7073657661676,-50.,8.61528038978577));
#13019=CARTESIAN_POINT('',(-18.1207368522882,-52.,6.53478860855103));
#13020=CARTESIAN_POINT('Ctrl Pts',(-18.1207368522882,-52.,6.53478860855103));
#13021=CARTESIAN_POINT('Ctrl Pts',(-18.291248062001,-52.,6.81572960668315));
#13022=CARTESIAN_POINT('Ctrl Pts',(-18.6770205965127,-52.,7.45134365857019));
#13023=CARTESIAN_POINT('Ctrl Pts',(-18.6964975907396,-52.,8.19841441982028));
#13024=CARTESIAN_POINT('Ctrl Pts',(-18.7073657661676,-52.,8.61528038978577));
#13025=CARTESIAN_POINT('',(-18.1207368522882,-50.,6.53478860855103));
#13026=CARTESIAN_POINT('Ctrl Pts',(-16.7360160499811,-50.,5.84583878517151));
#13027=CARTESIAN_POINT('Ctrl Pts',(-16.7360160499811,-52.,5.84583878517151));
#13028=CARTESIAN_POINT('Ctrl Pts',(-16.9964964820217,-50.,5.87847331249443));
#13029=CARTESIAN_POINT('Ctrl Pts',(-16.9964964820217,-52.,5.87847331249443));
#13030=CARTESIAN_POINT('Ctrl Pts',(-17.5369677810641,-50.,5.94618674969075));
#13031=CARTESIAN_POINT('Ctrl Pts',(-17.5369677810641,-52.,5.94618674969075));
#13032=CARTESIAN_POINT('Ctrl Pts',(-17.9215198558861,-50.,6.33392237534523));
#13033=CARTESIAN_POINT('Ctrl Pts',(-17.9215198558861,-52.,6.33392237534523));
#13034=CARTESIAN_POINT('Ctrl Pts',(-18.1207368522882,-50.,6.53478860855103));
#13035=CARTESIAN_POINT('Ctrl Pts',(-18.1207368522882,-52.,6.53478860855103));
#13036=CARTESIAN_POINT('',(-16.7360160499811,-50.,5.84583878517151));
#13037=CARTESIAN_POINT('Ctrl Pts',(-18.1207368522882,-50.,6.53478860855103));
#13038=CARTESIAN_POINT('Ctrl Pts',(-17.9215198558861,-50.,6.33392237534523));
#13039=CARTESIAN_POINT('Ctrl Pts',(-17.5369677810641,-50.,5.94618674969075));
#13040=CARTESIAN_POINT('Ctrl Pts',(-16.9964964820217,-50.,5.87847331249443));
#13041=CARTESIAN_POINT('Ctrl Pts',(-16.7360160499811,-50.,5.84583878517151));
#13042=CARTESIAN_POINT('',(-16.7360160499811,-52.,5.84583878517151));
#13043=CARTESIAN_POINT('Ctrl Pts',(-16.7360160499811,-52.,5.84583878517151));
#13044=CARTESIAN_POINT('Ctrl Pts',(-16.9964964820217,-52.,5.87847331249443));
#13045=CARTESIAN_POINT('Ctrl Pts',(-17.5369677810641,-52.,5.94618674969075));
#13046=CARTESIAN_POINT('Ctrl Pts',(-17.9215198558861,-52.,6.33392237534523));
#13047=CARTESIAN_POINT('Ctrl Pts',(-18.1207368522882,-52.,6.53478860855103));
#13048=CARTESIAN_POINT('',(-16.7360160499811,-50.,5.84583878517151));
#13049=CARTESIAN_POINT('Ctrl Pts',(-15.3683493286371,-50.,6.50409340858459));
#13050=CARTESIAN_POINT('Ctrl Pts',(-15.3683493286371,-52.,6.50409340858459));
#13051=CARTESIAN_POINT('Ctrl Pts',(-15.5630879545245,-50.,6.31212729560116));
#13052=CARTESIAN_POINT('Ctrl Pts',(-15.5630879545245,-52.,6.31212729560116));
#13053=CARTESIAN_POINT('Ctrl Pts',(-15.9445372961119,-50.,5.93610868567731));
#13054=CARTESIAN_POINT('Ctrl Pts',(-15.9445372961119,-52.,5.93610868567731));
#13055=CARTESIAN_POINT('Ctrl Pts',(-16.4759175747348,-50.,5.87550359091319));
#13056=CARTESIAN_POINT('Ctrl Pts',(-16.4759175747348,-52.,5.87550359091319));
#13057=CARTESIAN_POINT('Ctrl Pts',(-16.7360160499811,-50.,5.84583878517151));
#13058=CARTESIAN_POINT('Ctrl Pts',(-16.7360160499811,-52.,5.84583878517151));
#13059=CARTESIAN_POINT('',(-15.3683493286371,-50.,6.50409340858459));
#13060=CARTESIAN_POINT('Ctrl Pts',(-16.7360160499811,-50.,5.84583878517151));
#13061=CARTESIAN_POINT('Ctrl Pts',(-16.4759175747348,-50.,5.87550359091319));
#13062=CARTESIAN_POINT('Ctrl Pts',(-15.9445372961119,-50.,5.93610868567731));
#13063=CARTESIAN_POINT('Ctrl Pts',(-15.5630879545245,-50.,6.31212729560116));
#13064=CARTESIAN_POINT('Ctrl Pts',(-15.3683493286371,-50.,6.50409340858459));
#13065=CARTESIAN_POINT('',(-15.3683493286371,-52.,6.50409340858459));
#13066=CARTESIAN_POINT('Ctrl Pts',(-15.3683493286371,-52.,6.50409340858459));
#13067=CARTESIAN_POINT('Ctrl Pts',(-15.5630879545245,-52.,6.31212729560116));
#13068=CARTESIAN_POINT('Ctrl Pts',(-15.9445372961119,-52.,5.93610868567731));
#13069=CARTESIAN_POINT('Ctrl Pts',(-16.4759175747348,-52.,5.87550359091319));
#13070=CARTESIAN_POINT('Ctrl Pts',(-16.7360160499811,-52.,5.84583878517151));
#13071=CARTESIAN_POINT('',(-15.3683493286371,-50.,6.50409340858459));
#13072=CARTESIAN_POINT('Ctrl Pts',(-14.8055932670832,-50.,8.51296067237854));
#13073=CARTESIAN_POINT('Ctrl Pts',(-14.8055932670832,-52.,8.51296067237854));
#13074=CARTESIAN_POINT('Ctrl Pts',(-14.8155257401076,-50.,8.1092470023073));
#13075=CARTESIAN_POINT('Ctrl Pts',(-14.8155257401076,-52.,8.1092470023073));
#13076=CARTESIAN_POINT('Ctrl Pts',(-14.8332670769643,-50.,7.38813553321731));
#13077=CARTESIAN_POINT('Ctrl Pts',(-14.8332670769643,-52.,7.38813553321731));
#13078=CARTESIAN_POINT('Ctrl Pts',(-15.2048130616145,-50.,6.77428168057689));
#13079=CARTESIAN_POINT('Ctrl Pts',(-15.2048130616145,-52.,6.77428168057689));
#13080=CARTESIAN_POINT('Ctrl Pts',(-15.3683493286371,-50.,6.50409340858459));
#13081=CARTESIAN_POINT('Ctrl Pts',(-15.3683493286371,-52.,6.50409340858459));
#13082=CARTESIAN_POINT('',(-14.8055932670832,-50.,8.51296067237854));
#13083=CARTESIAN_POINT('Ctrl Pts',(-15.3683493286371,-50.,6.50409340858459));
#13084=CARTESIAN_POINT('Ctrl Pts',(-15.2048130616145,-50.,6.77428168057689));
#13085=CARTESIAN_POINT('Ctrl Pts',(-14.8332670769643,-50.,7.38813553321731));
#13086=CARTESIAN_POINT('Ctrl Pts',(-14.8155257401076,-50.,8.1092470023073));
#13087=CARTESIAN_POINT('Ctrl Pts',(-14.8055932670832,-50.,8.51296067237854));
#13088=CARTESIAN_POINT('',(-14.8055932670832,-52.,8.51296067237854));
#13089=CARTESIAN_POINT('Ctrl Pts',(-14.8055932670832,-52.,8.51296067237854));
#13090=CARTESIAN_POINT('Ctrl Pts',(-14.8155257401076,-52.,8.1092470023073));
#13091=CARTESIAN_POINT('Ctrl Pts',(-14.8332670769643,-52.,7.38813553321731));
#13092=CARTESIAN_POINT('Ctrl Pts',(-15.2048130616145,-52.,6.77428168057689));
#13093=CARTESIAN_POINT('Ctrl Pts',(-15.3683493286371,-52.,6.50409340858459));
#13094=CARTESIAN_POINT('',(-14.8055932670832,-50.,8.51296067237854));
#13095=CARTESIAN_POINT('Ctrl Pts',(-15.3785798698664,-50.,10.6957715749741));
#13096=CARTESIAN_POINT('Ctrl Pts',(-15.3785798698664,-52.,10.6957715749741));
#13097=CARTESIAN_POINT('Ctrl Pts',(-15.212209827521,-50.,10.4045446053101));
#13098=CARTESIAN_POINT('Ctrl Pts',(-15.212209827521,-52.,10.4045446053101));
#13099=CARTESIAN_POINT('Ctrl Pts',(-14.8281931916519,-50.,9.7323322310864));
#13100=CARTESIAN_POINT('Ctrl Pts',(-14.8281931916519,-52.,9.7323322310864));
#13101=CARTESIAN_POINT('Ctrl Pts',(-14.8137685989898,-50.,8.95405803885756));
#13102=CARTESIAN_POINT('Ctrl Pts',(-14.8137685989898,-52.,8.95405803885756));
#13103=CARTESIAN_POINT('Ctrl Pts',(-14.8055932670832,-50.,8.51296067237854));
#13104=CARTESIAN_POINT('Ctrl Pts',(-14.8055932670832,-52.,8.51296067237854));
#13105=CARTESIAN_POINT('',(-15.3785798698664,-50.,10.6957715749741));
#13106=CARTESIAN_POINT('Ctrl Pts',(-14.8055932670832,-50.,8.51296067237854));
#13107=CARTESIAN_POINT('Ctrl Pts',(-14.8137685989898,-50.,8.95405803885756));
#13108=CARTESIAN_POINT('Ctrl Pts',(-14.8281931916519,-50.,9.7323322310864));
#13109=CARTESIAN_POINT('Ctrl Pts',(-15.212209827521,-50.,10.4045446053101));
#13110=CARTESIAN_POINT('Ctrl Pts',(-15.3785798698664,-50.,10.6957715749741));
#13111=CARTESIAN_POINT('',(-15.3785798698664,-52.,10.6957715749741));
#13112=CARTESIAN_POINT('Ctrl Pts',(-15.3785798698664,-52.,10.6957715749741));
#13113=CARTESIAN_POINT('Ctrl Pts',(-15.212209827521,-52.,10.4045446053101));
#13114=CARTESIAN_POINT('Ctrl Pts',(-14.8281931916519,-52.,9.7323322310864));
#13115=CARTESIAN_POINT('Ctrl Pts',(-14.8137685989898,-52.,8.95405803885756));
#13116=CARTESIAN_POINT('Ctrl Pts',(-14.8055932670832,-52.,8.51296067237854));
#13117=CARTESIAN_POINT('',(-15.3785798698664,-50.,10.6957715749741));
#13118=CARTESIAN_POINT('Ctrl Pts',(-16.7905852943659,-50.,11.3915425539017));
#13119=CARTESIAN_POINT('Ctrl Pts',(-16.7905852943659,-52.,11.3915425539017));
#13120=CARTESIAN_POINT('Ctrl Pts',(-16.5201072047051,-50.,11.3602209741659));
#13121=CARTESIAN_POINT('Ctrl Pts',(-16.5201072047051,-52.,11.3602209741659));
#13122=CARTESIAN_POINT('Ctrl Pts',(-15.9676964510343,-50.,11.2962513657968));
#13123=CARTESIAN_POINT('Ctrl Pts',(-15.9676964510343,-52.,11.2962513657968));
#13124=CARTESIAN_POINT('Ctrl Pts',(-15.5776480276794,-50.,10.8986794705998));
#13125=CARTESIAN_POINT('Ctrl Pts',(-15.5776480276794,-52.,10.8986794705998));
#13126=CARTESIAN_POINT('Ctrl Pts',(-15.3785798698664,-50.,10.6957715749741));
#13127=CARTESIAN_POINT('Ctrl Pts',(-15.3785798698664,-52.,10.6957715749741));
#13128=CARTESIAN_POINT('',(-16.7905852943659,-50.,11.3915425539017));
#13129=CARTESIAN_POINT('Ctrl Pts',(-15.3785798698664,-50.,10.6957715749741));
#13130=CARTESIAN_POINT('Ctrl Pts',(-15.5776480276794,-50.,10.8986794705998));
#13131=CARTESIAN_POINT('Ctrl Pts',(-15.9676964510343,-50.,11.2962513657968));
#13132=CARTESIAN_POINT('Ctrl Pts',(-16.5201072047051,-50.,11.3602209741659));
#13133=CARTESIAN_POINT('Ctrl Pts',(-16.7905852943659,-50.,11.3915425539017));
#13134=CARTESIAN_POINT('',(-16.7905852943659,-52.,11.3915425539017));
#13135=CARTESIAN_POINT('Ctrl Pts',(-16.7905852943659,-52.,11.3915425539017));
#13136=CARTESIAN_POINT('Ctrl Pts',(-16.5201072047051,-52.,11.3602209741659));
#13137=CARTESIAN_POINT('Ctrl Pts',(-15.9676964510343,-52.,11.2962513657968));
#13138=CARTESIAN_POINT('Ctrl Pts',(-15.5776480276794,-52.,10.8986794705998));
#13139=CARTESIAN_POINT('Ctrl Pts',(-15.3785798698664,-52.,10.6957715749741));
#13140=CARTESIAN_POINT('',(-16.7905852943659,-50.,11.3915425539017));
#13141=CARTESIAN_POINT('Ctrl Pts',(-18.1582520157099,-50.,10.7230567932129));
#13142=CARTESIAN_POINT('Ctrl Pts',(-18.1582520157099,-52.,10.7230567932129));
#13143=CARTESIAN_POINT('Ctrl Pts',(-17.9662375335315,-50.,10.9180173585966));
#13144=CARTESIAN_POINT('Ctrl Pts',(-17.9662375335315,-52.,10.9180173585966));
#13145=CARTESIAN_POINT('Ctrl Pts',(-17.5882624887754,-50.,11.301791684317));
#13146=CARTESIAN_POINT('Ctrl Pts',(-17.5882624887754,-52.,11.301791684317));
#13147=CARTESIAN_POINT('Ctrl Pts',(-17.0536233042002,-50.,11.3619467596607));
#13148=CARTESIAN_POINT('Ctrl Pts',(-17.0536233042002,-52.,11.3619467596607));
#13149=CARTESIAN_POINT('Ctrl Pts',(-16.7905852943659,-50.,11.3915425539017));
#13150=CARTESIAN_POINT('Ctrl Pts',(-16.7905852943659,-52.,11.3915425539017));
#13151=CARTESIAN_POINT('',(-18.1582520157099,-50.,10.7230567932129));
#13152=CARTESIAN_POINT('Ctrl Pts',(-16.7905852943659,-50.,11.3915425539017));
#13153=CARTESIAN_POINT('Ctrl Pts',(-17.0536233042002,-50.,11.3619467596607));
#13154=CARTESIAN_POINT('Ctrl Pts',(-17.5882624887754,-50.,11.301791684317));
#13155=CARTESIAN_POINT('Ctrl Pts',(-17.9662375335315,-50.,10.9180173585966));
#13156=CARTESIAN_POINT('Ctrl Pts',(-18.1582520157099,-50.,10.7230567932129));
#13157=CARTESIAN_POINT('',(-18.1582520157099,-52.,10.7230567932129));
#13158=CARTESIAN_POINT('Ctrl Pts',(-18.1582520157099,-52.,10.7230567932129));
#13159=CARTESIAN_POINT('Ctrl Pts',(-17.9662375335315,-52.,10.9180173585966));
#13160=CARTESIAN_POINT('Ctrl Pts',(-17.5882624887754,-52.,11.301791684317));
#13161=CARTESIAN_POINT('Ctrl Pts',(-17.0536233042002,-52.,11.3619467596607));
#13162=CARTESIAN_POINT('Ctrl Pts',(-16.7905852943659,-52.,11.3915425539017));
#13163=CARTESIAN_POINT('',(-18.1582520157099,-50.,10.7230567932129));
#13164=CARTESIAN_POINT('Ctrl Pts',(-18.7073657661676,-50.,8.61528038978577));
#13165=CARTESIAN_POINT('Ctrl Pts',(-18.7073657661676,-52.,8.61528038978577));
#13166=CARTESIAN_POINT('Ctrl Pts',(-18.6998176065293,-50.,9.04171026626721));
#13167=CARTESIAN_POINT('Ctrl Pts',(-18.6998176065293,-52.,9.04171026626721));
#13168=CARTESIAN_POINT('Ctrl Pts',(-18.686524062921,-50.,9.79272302042837));
#13169=CARTESIAN_POINT('Ctrl Pts',(-18.686524062921,-52.,9.79272302042837));
#13170=CARTESIAN_POINT('Ctrl Pts',(-18.3176688599268,-50.,10.4423096385817));
#13171=CARTESIAN_POINT('Ctrl Pts',(-18.3176688599268,-52.,10.4423096385817));
#13172=CARTESIAN_POINT('Ctrl Pts',(-18.1582520157099,-50.,10.7230567932129));
#13173=CARTESIAN_POINT('Ctrl Pts',(-18.1582520157099,-52.,10.7230567932129));
#13174=CARTESIAN_POINT('Ctrl Pts',(-18.1582520157099,-50.,10.7230567932129));
#13175=CARTESIAN_POINT('Ctrl Pts',(-18.3176688599268,-50.,10.4423096385817));
#13176=CARTESIAN_POINT('Ctrl Pts',(-18.686524062921,-50.,9.79272302042837));
#13177=CARTESIAN_POINT('Ctrl Pts',(-18.6998176065293,-50.,9.04171026626721));
#13178=CARTESIAN_POINT('Ctrl Pts',(-18.7073657661676,-50.,8.61528038978577));
#13179=CARTESIAN_POINT('Ctrl Pts',(-18.7073657661676,-52.,8.61528038978577));
#13180=CARTESIAN_POINT('Ctrl Pts',(-18.6998176065293,-52.,9.04171026626721));
#13181=CARTESIAN_POINT('Ctrl Pts',(-18.686524062921,-52.,9.79272302042837));
#13182=CARTESIAN_POINT('Ctrl Pts',(-18.3176688599268,-52.,10.4423096385817));
#13183=CARTESIAN_POINT('Ctrl Pts',(-18.1582520157099,-52.,10.7230567932129));
#13184=CARTESIAN_POINT('Origin',(-14.8260567337275,-50.,5.91405153274536));
#13185=CARTESIAN_POINT('',(-14.8260567337275,-52.,5.));
#13186=CARTESIAN_POINT('',(-14.8260567337275,-50.,5.));
#13187=CARTESIAN_POINT('',(-14.8260567337275,-52.,5.91405153274536));
#13188=CARTESIAN_POINT('',(-14.8260567337275,-52.,5.));
#13189=CARTESIAN_POINT('',(-14.8260567337275,-50.,5.91405153274536));
#13190=CARTESIAN_POINT('Ctrl Pts',(-16.8519780784845,-50.,4.83628869056702));
#13191=CARTESIAN_POINT('Ctrl Pts',(-16.8519780784845,-52.,4.83628869056702));
#13192=CARTESIAN_POINT('Ctrl Pts',(-16.4349069457253,-50.,4.87874621037404));
#13193=CARTESIAN_POINT('Ctrl Pts',(-16.4349069457253,-52.,4.87874621037404));
#13194=CARTESIAN_POINT('Ctrl Pts',(-15.6117642994198,-50.,4.96254149723149));
#13195=CARTESIAN_POINT('Ctrl Pts',(-15.6117642994198,-52.,4.96254149723149));
#13196=CARTESIAN_POINT('Ctrl Pts',(-15.0856156216953,-50.,5.59971971580453));
#13197=CARTESIAN_POINT('Ctrl Pts',(-15.0856156216953,-52.,5.59971971580453));
#13198=CARTESIAN_POINT('Ctrl Pts',(-14.8260567337275,-50.,5.91405153274536));
#13199=CARTESIAN_POINT('Ctrl Pts',(-14.8260567337275,-52.,5.91405153274536));
#13200=CARTESIAN_POINT('',(-16.8519780784845,-52.,4.83628869056702));
#13201=CARTESIAN_POINT('Ctrl Pts',(-16.8519780784845,-52.,4.83628869056702));
#13202=CARTESIAN_POINT('Ctrl Pts',(-16.4349069457253,-52.,4.87874621037404));
#13203=CARTESIAN_POINT('Ctrl Pts',(-15.6117642994198,-52.,4.96254149723149));
#13204=CARTESIAN_POINT('Ctrl Pts',(-15.0856156216953,-52.,5.59971971580453));
#13205=CARTESIAN_POINT('Ctrl Pts',(-14.8260567337275,-52.,5.91405153274536));
#13206=CARTESIAN_POINT('',(-16.8519780784845,-50.,4.83628869056702));
#13207=CARTESIAN_POINT('Ctrl Pts',(-18.4447477012873,-50.,5.31377911567688));
#13208=CARTESIAN_POINT('Ctrl Pts',(-18.4447477012873,-52.,5.31377911567688));
#13209=CARTESIAN_POINT('Ctrl Pts',(-18.1969005471617,-50.,5.1745111096076));
#13210=CARTESIAN_POINT('Ctrl Pts',(-18.1969005471617,-52.,5.1745111096076));
#13211=CARTESIAN_POINT('Ctrl Pts',(-17.7016677439798,-50.,4.89623442217657));
#13212=CARTESIAN_POINT('Ctrl Pts',(-17.7016677439798,-52.,4.89623442217657));
#13213=CARTESIAN_POINT('Ctrl Pts',(-17.1350319519259,-50.,4.85625818321522));
#13214=CARTESIAN_POINT('Ctrl Pts',(-17.1350319519259,-52.,4.85625818321522));
#13215=CARTESIAN_POINT('Ctrl Pts',(-16.8519780784845,-50.,4.83628869056702));
#13216=CARTESIAN_POINT('Ctrl Pts',(-16.8519780784845,-52.,4.83628869056702));
#13217=CARTESIAN_POINT('',(-18.4447477012873,-52.,5.31377911567688));
#13218=CARTESIAN_POINT('Ctrl Pts',(-18.4447477012873,-52.,5.31377911567688));
#13219=CARTESIAN_POINT('Ctrl Pts',(-18.1969005471617,-52.,5.1745111096076));
#13220=CARTESIAN_POINT('Ctrl Pts',(-17.7016677439798,-52.,4.89623442217657));
#13221=CARTESIAN_POINT('Ctrl Pts',(-17.1350319519259,-52.,4.85625818321522));
#13222=CARTESIAN_POINT('Ctrl Pts',(-16.8519780784845,-52.,4.83628869056702));
#13223=CARTESIAN_POINT('',(-18.4447477012873,-50.,5.31377911567688));
#13224=CARTESIAN_POINT('Ctrl Pts',(-19.5702574402094,-50.,6.6473400592804));
#13225=CARTESIAN_POINT('Ctrl Pts',(-19.5702574402094,-52.,6.6473400592804));
#13226=CARTESIAN_POINT('Ctrl Pts',(-19.4263630642948,-50.,6.37959785483889));
#13227=CARTESIAN_POINT('Ctrl Pts',(-19.4263630642948,-52.,6.37959785483889));
#13228=CARTESIAN_POINT('Ctrl Pts',(-19.1447546525735,-50.,5.85561311628135));
#13229=CARTESIAN_POINT('Ctrl Pts',(-19.1447546525735,-52.,5.85561311628135));
#13230=CARTESIAN_POINT('Ctrl Pts',(-18.6746442473049,-50.,5.49172844178715));
#13231=CARTESIAN_POINT('Ctrl Pts',(-18.6746442473049,-52.,5.49172844178715));
#13232=CARTESIAN_POINT('Ctrl Pts',(-18.4447477012873,-50.,5.31377911567688));
#13233=CARTESIAN_POINT('Ctrl Pts',(-18.4447477012873,-52.,5.31377911567688));
#13234=CARTESIAN_POINT('',(-19.5702574402094,-52.,6.6473400592804));
#13235=CARTESIAN_POINT('Ctrl Pts',(-19.5702574402094,-52.,6.6473400592804));
#13236=CARTESIAN_POINT('Ctrl Pts',(-19.4263630642948,-52.,6.37959785483889));
#13237=CARTESIAN_POINT('Ctrl Pts',(-19.1447546525735,-52.,5.85561311628135));
#13238=CARTESIAN_POINT('Ctrl Pts',(-18.6746442473049,-52.,5.49172844178715));
#13239=CARTESIAN_POINT('Ctrl Pts',(-18.4447477012873,-52.,5.31377911567688));
#13240=CARTESIAN_POINT('',(-19.5702574402094,-50.,6.6473400592804));
#13241=CARTESIAN_POINT('Ctrl Pts',(-19.9693033844233,-50.,8.61528038978577));
#13242=CARTESIAN_POINT('Ctrl Pts',(-19.9693033844233,-52.,8.61528038978577));
#13243=CARTESIAN_POINT('Ctrl Pts',(-19.9556660723782,-50.,8.26190099437004));
#13244=CARTESIAN_POINT('Ctrl Pts',(-19.9556660723782,-52.,8.26190099437004));
#13245=CARTESIAN_POINT('Ctrl Pts',(-19.9294949982459,-50.,7.58373814792663));
#13246=CARTESIAN_POINT('Ctrl Pts',(-19.9294949982459,-52.,7.58373814792663));
#13247=CARTESIAN_POINT('Ctrl Pts',(-19.6865891063535,-50.,6.95057324687289));
#13248=CARTESIAN_POINT('Ctrl Pts',(-19.6865891063535,-52.,6.95057324687289));
#13249=CARTESIAN_POINT('Ctrl Pts',(-19.5702574402094,-50.,6.6473400592804));
#13250=CARTESIAN_POINT('Ctrl Pts',(-19.5702574402094,-52.,6.6473400592804));
#13251=CARTESIAN_POINT('',(-19.9693033844233,-52.,8.61528038978577));
#13252=CARTESIAN_POINT('Ctrl Pts',(-19.9693033844233,-52.,8.61528038978577));
#13253=CARTESIAN_POINT('Ctrl Pts',(-19.9556660723782,-52.,8.26190099437004));
#13254=CARTESIAN_POINT('Ctrl Pts',(-19.9294949982459,-52.,7.58373814792663));
#13255=CARTESIAN_POINT('Ctrl Pts',(-19.6865891063535,-52.,6.95057324687289));
#13256=CARTESIAN_POINT('Ctrl Pts',(-19.5702574402094,-52.,6.6473400592804));
#13257=CARTESIAN_POINT('',(-19.9693033844233,-50.,8.61528038978577));
#13258=CARTESIAN_POINT('Ctrl Pts',(-19.6077749878168,-50.,10.5832201242447));
#13259=CARTESIAN_POINT('Ctrl Pts',(-19.6077749878168,-52.,10.5832201242447));
#13260=CARTESIAN_POINT('Ctrl Pts',(-19.7131893517469,-50.,10.2748108367836));
#13261=CARTESIAN_POINT('Ctrl Pts',(-19.7131893517469,-52.,10.2748108367836));
#13262=CARTESIAN_POINT('Ctrl Pts',(-19.9311720245955,-50.,9.63706206796622));
#13263=CARTESIAN_POINT('Ctrl Pts',(-19.9311720245955,-52.,9.63706206796622));
#13264=CARTESIAN_POINT('Ctrl Pts',(-19.9563178453405,-50.,8.96324558106059));
#13265=CARTESIAN_POINT('Ctrl Pts',(-19.9563178453405,-52.,8.96324558106059));
#13266=CARTESIAN_POINT('Ctrl Pts',(-19.9693033844233,-50.,8.61528038978577));
#13267=CARTESIAN_POINT('Ctrl Pts',(-19.9693033844233,-52.,8.61528038978577));
#13268=CARTESIAN_POINT('',(-19.6077749878168,-52.,10.5832201242447));
#13269=CARTESIAN_POINT('Ctrl Pts',(-19.6077749878168,-52.,10.5832201242447));
#13270=CARTESIAN_POINT('Ctrl Pts',(-19.7131893517469,-52.,10.2748108367836));
#13271=CARTESIAN_POINT('Ctrl Pts',(-19.9311720245955,-52.,9.63706206796622));
#13272=CARTESIAN_POINT('Ctrl Pts',(-19.9563178453405,-52.,8.96324558106059));
#13273=CARTESIAN_POINT('Ctrl Pts',(-19.9693033844233,-52.,8.61528038978577));
#13274=CARTESIAN_POINT('',(-19.6077749878168,-50.,10.5832201242447));
#13275=CARTESIAN_POINT('Ctrl Pts',(-18.5231921821833,-50.,11.9372451305389));
#13276=CARTESIAN_POINT('Ctrl Pts',(-18.5231921821833,-52.,11.9372451305389));
#13277=CARTESIAN_POINT('Ctrl Pts',(-18.7506682664605,-50.,11.7593648984558));
#13278=CARTESIAN_POINT('Ctrl Pts',(-18.7506682664605,-52.,11.7593648984558));
#13279=CARTESIAN_POINT('Ctrl Pts',(-19.2182621816457,-50.,11.393718925526));
#13280=CARTESIAN_POINT('Ctrl Pts',(-19.2182621816457,-52.,11.393718925526));
#13281=CARTESIAN_POINT('Ctrl Pts',(-19.4756181165412,-50.,10.8582123300283));
#13282=CARTESIAN_POINT('Ctrl Pts',(-19.4756181165412,-52.,10.8582123300283));
#13283=CARTESIAN_POINT('Ctrl Pts',(-19.6077749878168,-50.,10.5832201242447));
#13284=CARTESIAN_POINT('Ctrl Pts',(-19.6077749878168,-52.,10.5832201242447));
#13285=CARTESIAN_POINT('',(-18.5231921821833,-52.,11.9372451305389));
#13286=CARTESIAN_POINT('Ctrl Pts',(-18.5231921821833,-52.,11.9372451305389));
#13287=CARTESIAN_POINT('Ctrl Pts',(-18.7506682664605,-52.,11.7593648984558));
#13288=CARTESIAN_POINT('Ctrl Pts',(-19.2182621816457,-52.,11.393718925526));
#13289=CARTESIAN_POINT('Ctrl Pts',(-19.4756181165412,-52.,10.8582123300283));
#13290=CARTESIAN_POINT('Ctrl Pts',(-19.6077749878168,-52.,10.5832201242447));
#13291=CARTESIAN_POINT('',(-18.5231921821833,-50.,11.9372451305389));
#13292=CARTESIAN_POINT('Ctrl Pts',(-16.9065473228693,-50.,12.4079132080078));
#13293=CARTESIAN_POINT('Ctrl Pts',(-16.9065473228693,-52.,12.4079132080078));
#13294=CARTESIAN_POINT('Ctrl Pts',(-17.1961561890221,-50.,12.3890458144977));
#13295=CARTESIAN_POINT('Ctrl Pts',(-17.1961561890221,-52.,12.3890458144977));
#13296=CARTESIAN_POINT('Ctrl Pts',(-17.7700099193428,-50.,12.3516604806472));
#13297=CARTESIAN_POINT('Ctrl Pts',(-17.7700099193428,-52.,12.3516604806472));
#13298=CARTESIAN_POINT('Ctrl Pts',(-18.273700816774,-50.,12.0745200726694));
#13299=CARTESIAN_POINT('Ctrl Pts',(-18.273700816774,-52.,12.0745200726694));
#13300=CARTESIAN_POINT('Ctrl Pts',(-18.5231921821833,-50.,11.9372451305389));
#13301=CARTESIAN_POINT('Ctrl Pts',(-18.5231921821833,-52.,11.9372451305389));
#13302=CARTESIAN_POINT('',(-16.9065473228693,-52.,12.4079132080078));
#13303=CARTESIAN_POINT('Ctrl Pts',(-16.9065473228693,-52.,12.4079132080078));
#13304=CARTESIAN_POINT('Ctrl Pts',(-17.1961561890221,-52.,12.3890458144977));
#13305=CARTESIAN_POINT('Ctrl Pts',(-17.7700099193428,-52.,12.3516604806472));
#13306=CARTESIAN_POINT('Ctrl Pts',(-18.273700816774,-52.,12.0745200726694));
#13307=CARTESIAN_POINT('Ctrl Pts',(-18.5231921821833,-52.,11.9372451305389));
#13308=CARTESIAN_POINT('',(-16.9065473228693,-50.,12.4079132080078));
#13309=CARTESIAN_POINT('Ctrl Pts',(-15.7401082664728,-50.,12.1316516399384));
#13310=CARTESIAN_POINT('Ctrl Pts',(-15.7401082664728,-52.,12.1316516399384));
#13311=CARTESIAN_POINT('Ctrl Pts',(-15.9198092050585,-50.,12.2122064959425));
#13312=CARTESIAN_POINT('Ctrl Pts',(-15.9198092050585,-52.,12.2122064959425));
#13313=CARTESIAN_POINT('Ctrl Pts',(-16.2907431686002,-50.,12.3784857166039));
#13314=CARTESIAN_POINT('Ctrl Pts',(-16.2907431686002,-52.,12.3784857166039));
#13315=CARTESIAN_POINT('Ctrl Pts',(-16.6970684783074,-50.,12.3979028226362));
#13316=CARTESIAN_POINT('Ctrl Pts',(-16.6970684783074,-52.,12.3979028226362));
#13317=CARTESIAN_POINT('Ctrl Pts',(-16.9065473228693,-50.,12.4079132080078));
#13318=CARTESIAN_POINT('Ctrl Pts',(-16.9065473228693,-52.,12.4079132080078));
#13319=CARTESIAN_POINT('',(-15.7401082664728,-52.,12.1316516399384));
#13320=CARTESIAN_POINT('Ctrl Pts',(-15.7401082664728,-52.,12.1316516399384));
#13321=CARTESIAN_POINT('Ctrl Pts',(-15.9198092050585,-52.,12.2122064959425));
#13322=CARTESIAN_POINT('Ctrl Pts',(-16.2907431686002,-52.,12.3784857166039));
#13323=CARTESIAN_POINT('Ctrl Pts',(-16.6970684783074,-52.,12.3979028226362));
#13324=CARTESIAN_POINT('Ctrl Pts',(-16.9065473228693,-52.,12.4079132080078));
#13325=CARTESIAN_POINT('',(-15.7401082664728,-50.,12.1316516399384));
#13326=CARTESIAN_POINT('Ctrl Pts',(-14.9079106003046,-50.,11.412006020546));
#13327=CARTESIAN_POINT('Ctrl Pts',(-14.9079106003046,-52.,11.412006020546));
#13328=CARTESIAN_POINT('Ctrl Pts',(-15.0240434181669,-50.,11.5535371312211));
#13329=CARTESIAN_POINT('Ctrl Pts',(-15.0240434181669,-52.,11.5535371312211));
#13330=CARTESIAN_POINT('Ctrl Pts',(-15.2600301960068,-50.,11.8411343099268));
#13331=CARTESIAN_POINT('Ctrl Pts',(-15.2600301960068,-52.,11.8411343099268));
#13332=CARTESIAN_POINT('Ctrl Pts',(-15.5784087989057,-50.,12.0337998519234));
#13333=CARTESIAN_POINT('Ctrl Pts',(-15.5784087989057,-52.,12.0337998519234));
#13334=CARTESIAN_POINT('Ctrl Pts',(-15.7401082664728,-50.,12.1316516399384));
#13335=CARTESIAN_POINT('Ctrl Pts',(-15.7401082664728,-52.,12.1316516399384));
#13336=CARTESIAN_POINT('',(-14.9079106003046,-52.,11.412006020546));
#13337=CARTESIAN_POINT('Ctrl Pts',(-14.9079106003046,-52.,11.412006020546));
#13338=CARTESIAN_POINT('Ctrl Pts',(-15.0240434181669,-52.,11.5535371312211));
#13339=CARTESIAN_POINT('Ctrl Pts',(-15.2600301960068,-52.,11.8411343099268));
#13340=CARTESIAN_POINT('Ctrl Pts',(-15.5784087989057,-52.,12.0337998519234));
#13341=CARTESIAN_POINT('Ctrl Pts',(-15.7401082664728,-52.,12.1316516399384));
#13342=CARTESIAN_POINT('',(-14.9079106003046,-50.,11.412006020546));
#13343=CARTESIAN_POINT('Origin',(-14.9079106003046,-50.,15.));
#13344=CARTESIAN_POINT('',(-14.9079106003046,-52.,15.));
#13345=CARTESIAN_POINT('',(-14.9079106003046,-52.,11.412006020546));
#13346=CARTESIAN_POINT('',(-14.9079106003046,-50.,15.));
#13347=CARTESIAN_POINT('Origin',(-13.6869022995234,-50.,15.));
#13348=CARTESIAN_POINT('',(-13.6869022995234,-52.,15.));
#13349=CARTESIAN_POINT('',(-14.9079106003046,-52.,15.));
#13350=CARTESIAN_POINT('',(-13.6869022995234,-50.,15.));
#13351=CARTESIAN_POINT('Origin',(-13.6869022995234,-50.,5.));
#13352=CARTESIAN_POINT('',(-13.6869022995234,-52.,5.));
#13353=CARTESIAN_POINT('',(-13.6869022995234,-52.,15.));
#13354=CARTESIAN_POINT('',(-13.6869022995234,-50.,5.));
#13355=CARTESIAN_POINT('Origin',(-14.8260567337275,-50.,5.));
#13356=CARTESIAN_POINT('',(-13.6869022995234,-52.,5.));
#13357=CARTESIAN_POINT('Origin',(-9.68575477600098E-7,-52.,9.99999940395355));
#13358=CARTESIAN_POINT('Origin',(-50.,-50.,0.));
#13359=CARTESIAN_POINT('Ctrl Pts',(-28.9870402961969,-50.,6.53819918632507));
#13360=CARTESIAN_POINT('Ctrl Pts',(-28.9870402961969,-52.,6.53819918632507));
#13361=CARTESIAN_POINT('Ctrl Pts',(-29.163539638154,-50.,6.81949937610336));
#13362=CARTESIAN_POINT('Ctrl Pts',(-29.163539638154,-52.,6.81949937610336));
#13363=CARTESIAN_POINT('Ctrl Pts',(-29.5610042561343,-50.,7.45296843739451));
#13364=CARTESIAN_POINT('Ctrl Pts',(-29.5610042561343,-52.,7.45296843739451));
#13365=CARTESIAN_POINT('Ctrl Pts',(-29.5822966434769,-50.,8.20436938310165));
#13366=CARTESIAN_POINT('Ctrl Pts',(-29.5822966434769,-52.,8.20436938310165));
#13367=CARTESIAN_POINT('Ctrl Pts',(-29.5941338688135,-50.,8.62210094928741));
#13368=CARTESIAN_POINT('Ctrl Pts',(-29.5941338688135,-52.,8.62210094928741));
#13369=CARTESIAN_POINT('',(-29.5941338688135,-50.,8.62210094928741));
#13370=CARTESIAN_POINT('',(-28.9870402961969,-50.,6.53819918632507));
#13371=CARTESIAN_POINT('Ctrl Pts',(-29.5941338688135,-50.,8.62210094928741));
#13372=CARTESIAN_POINT('Ctrl Pts',(-29.5822966434769,-50.,8.20436938310165));
#13373=CARTESIAN_POINT('Ctrl Pts',(-29.5610042561343,-50.,7.45296843739451));
#13374=CARTESIAN_POINT('Ctrl Pts',(-29.163539638154,-50.,6.81949937610336));
#13375=CARTESIAN_POINT('Ctrl Pts',(-28.9870402961969,-50.,6.53819918632507));
#13376=CARTESIAN_POINT('',(-29.5941338688135,-52.,8.62210094928741));
#13377=CARTESIAN_POINT('',(-29.5941338688135,-50.,8.62210094928741));
#13378=CARTESIAN_POINT('',(-28.9870402961969,-52.,6.53819918632507));
#13379=CARTESIAN_POINT('Ctrl Pts',(-28.9870402961969,-52.,6.53819918632507));
#13380=CARTESIAN_POINT('Ctrl Pts',(-29.163539638154,-52.,6.81949937610336));
#13381=CARTESIAN_POINT('Ctrl Pts',(-29.5610042561343,-52.,7.45296843739451));
#13382=CARTESIAN_POINT('Ctrl Pts',(-29.5822966434769,-52.,8.20436938310165));
#13383=CARTESIAN_POINT('Ctrl Pts',(-29.5941338688135,-52.,8.62210094928741));
#13384=CARTESIAN_POINT('',(-28.9870402961969,-50.,6.53819918632507));
#13385=CARTESIAN_POINT('Ctrl Pts',(-27.459072843194,-50.,5.84583878517151));
#13386=CARTESIAN_POINT('Ctrl Pts',(-27.459072843194,-52.,5.84583878517151));
#13387=CARTESIAN_POINT('Ctrl Pts',(-27.7529549940185,-50.,5.87468531837008));
#13388=CARTESIAN_POINT('Ctrl Pts',(-27.7529549940185,-52.,5.87468531837008));
#13389=CARTESIAN_POINT('Ctrl Pts',(-28.3407115596883,-50.,5.93237762542821));
#13390=CARTESIAN_POINT('Ctrl Pts',(-28.3407115596883,-52.,5.93237762542821));
#13391=CARTESIAN_POINT('Ctrl Pts',(-28.7715992744577,-50.,6.336260437978));
#13392=CARTESIAN_POINT('Ctrl Pts',(-28.7715992744577,-52.,6.336260437978));
#13393=CARTESIAN_POINT('Ctrl Pts',(-28.9870402961969,-50.,6.53819918632507));
#13394=CARTESIAN_POINT('Ctrl Pts',(-28.9870402961969,-52.,6.53819918632507));
#13395=CARTESIAN_POINT('',(-27.459072843194,-50.,5.84583878517151));
#13396=CARTESIAN_POINT('Ctrl Pts',(-28.9870402961969,-50.,6.53819918632507));
#13397=CARTESIAN_POINT('Ctrl Pts',(-28.7715992744577,-50.,6.336260437978));
#13398=CARTESIAN_POINT('Ctrl Pts',(-28.3407115596883,-50.,5.93237762542821));
#13399=CARTESIAN_POINT('Ctrl Pts',(-27.7529549940185,-50.,5.87468531837008));
#13400=CARTESIAN_POINT('Ctrl Pts',(-27.459072843194,-50.,5.84583878517151));
#13401=CARTESIAN_POINT('',(-27.459072843194,-52.,5.84583878517151));
#13402=CARTESIAN_POINT('Ctrl Pts',(-27.459072843194,-52.,5.84583878517151));
#13403=CARTESIAN_POINT('Ctrl Pts',(-27.7529549940185,-52.,5.87468531837008));
#13404=CARTESIAN_POINT('Ctrl Pts',(-28.3407115596883,-52.,5.93237762542821));
#13405=CARTESIAN_POINT('Ctrl Pts',(-28.7715992744577,-52.,6.336260437978));
#13406=CARTESIAN_POINT('Ctrl Pts',(-28.9870402961969,-52.,6.53819918632507));
#13407=CARTESIAN_POINT('',(-27.459072843194,-50.,5.84583878517151));
#13408=CARTESIAN_POINT('Ctrl Pts',(-25.9379265457392,-50.,6.54160976409912));
#13409=CARTESIAN_POINT('Ctrl Pts',(-25.9379265457392,-52.,6.54160976409912));
#13410=CARTESIAN_POINT('Ctrl Pts',(-26.1526342739727,-50.,6.33867720600371));
#13411=CARTESIAN_POINT('Ctrl Pts',(-26.1526342739727,-52.,6.33867720600371));
#13412=CARTESIAN_POINT('Ctrl Pts',(-26.5808007774632,-50.,5.93399254672766));
#13413=CARTESIAN_POINT('Ctrl Pts',(-26.5808007774632,-52.,5.93399254672766));
#13414=CARTESIAN_POINT('Ctrl Pts',(-27.1668853535438,-50.,5.87516617391282));
#13415=CARTESIAN_POINT('Ctrl Pts',(-27.1668853535438,-52.,5.87516617391282));
#13416=CARTESIAN_POINT('Ctrl Pts',(-27.459072843194,-50.,5.84583878517151));
#13417=CARTESIAN_POINT('Ctrl Pts',(-27.459072843194,-52.,5.84583878517151));
#13418=CARTESIAN_POINT('',(-25.9379265457392,-50.,6.54160976409912));
#13419=CARTESIAN_POINT('Ctrl Pts',(-27.459072843194,-50.,5.84583878517151));
#13420=CARTESIAN_POINT('Ctrl Pts',(-27.1668853535438,-50.,5.87516617391282));
#13421=CARTESIAN_POINT('Ctrl Pts',(-26.5808007774632,-50.,5.93399254672766));
#13422=CARTESIAN_POINT('Ctrl Pts',(-26.1526342739727,-50.,6.33867720600371));
#13423=CARTESIAN_POINT('Ctrl Pts',(-25.9379265457392,-50.,6.54160976409912));
#13424=CARTESIAN_POINT('',(-25.9379265457392,-52.,6.54160976409912));
#13425=CARTESIAN_POINT('Ctrl Pts',(-25.9379265457392,-52.,6.54160976409912));
#13426=CARTESIAN_POINT('Ctrl Pts',(-26.1526342739727,-52.,6.33867720600371));
#13427=CARTESIAN_POINT('Ctrl Pts',(-26.5808007774632,-52.,5.93399254672766));
#13428=CARTESIAN_POINT('Ctrl Pts',(-27.1668853535438,-52.,5.87516617391282));
#13429=CARTESIAN_POINT('Ctrl Pts',(-27.459072843194,-52.,5.84583878517151));
#13430=CARTESIAN_POINT('',(-25.9379265457392,-50.,6.54160976409912));
#13431=CARTESIAN_POINT('Ctrl Pts',(-25.3308317810297,-50.,8.66302847862244));
#13432=CARTESIAN_POINT('Ctrl Pts',(-25.3308317810297,-52.,8.66302847862244));
#13433=CARTESIAN_POINT('Ctrl Pts',(-25.3418788603287,-50.,8.23640797140371));
#13434=CARTESIAN_POINT('Ctrl Pts',(-25.3418788603287,-52.,8.23640797140371));
#13435=CARTESIAN_POINT('Ctrl Pts',(-25.3616518170982,-50.,7.47280805345929));
#13436=CARTESIAN_POINT('Ctrl Pts',(-25.3616518170982,-52.,7.47280805345929));
#13437=CARTESIAN_POINT('Ctrl Pts',(-25.7614806381932,-50.,6.82672746769668));
#13438=CARTESIAN_POINT('Ctrl Pts',(-25.7614806381932,-52.,6.82672746769668));
#13439=CARTESIAN_POINT('Ctrl Pts',(-25.9379265457392,-50.,6.54160976409912));
#13440=CARTESIAN_POINT('Ctrl Pts',(-25.9379265457392,-52.,6.54160976409912));
#13441=CARTESIAN_POINT('',(-25.3308317810297,-50.,8.66302847862244));
#13442=CARTESIAN_POINT('Ctrl Pts',(-25.9379265457392,-50.,6.54160976409912));
#13443=CARTESIAN_POINT('Ctrl Pts',(-25.7614806381932,-50.,6.82672746769668));
#13444=CARTESIAN_POINT('Ctrl Pts',(-25.3616518170982,-50.,7.47280805345929));
#13445=CARTESIAN_POINT('Ctrl Pts',(-25.3418788603287,-50.,8.23640797140371));
#13446=CARTESIAN_POINT('Ctrl Pts',(-25.3308317810297,-50.,8.66302847862244));
#13447=CARTESIAN_POINT('',(-25.3308317810297,-52.,8.66302847862244));
#13448=CARTESIAN_POINT('Ctrl Pts',(-25.3308317810297,-52.,8.66302847862244));
#13449=CARTESIAN_POINT('Ctrl Pts',(-25.3418788603287,-52.,8.23640797140371));
#13450=CARTESIAN_POINT('Ctrl Pts',(-25.3616518170982,-52.,7.47280805345929));
#13451=CARTESIAN_POINT('Ctrl Pts',(-25.7614806381932,-52.,6.82672746769668));
#13452=CARTESIAN_POINT('Ctrl Pts',(-25.9379265457392,-52.,6.54160976409912));
#13453=CARTESIAN_POINT('',(-25.3308317810297,-50.,8.66302847862244));
#13454=CARTESIAN_POINT('Ctrl Pts',(-25.9413371235132,-50.,10.6991815567017));
#13455=CARTESIAN_POINT('Ctrl Pts',(-25.9413371235132,-52.,10.6991815567017));
#13456=CARTESIAN_POINT('Ctrl Pts',(-25.7637543792228,-50.,10.4221042644325));
#13457=CARTESIAN_POINT('Ctrl Pts',(-25.7637543792228,-52.,10.4221042644325));
#13458=CARTESIAN_POINT('Ctrl Pts',(-25.3681913828721,-50.,9.80491860042739));
#13459=CARTESIAN_POINT('Ctrl Pts',(-25.3681913828721,-52.,9.80491860042739));
#13460=CARTESIAN_POINT('Ctrl Pts',(-25.3441049373191,-50.,9.06872033037181));
#13461=CARTESIAN_POINT('Ctrl Pts',(-25.3441049373191,-52.,9.06872033037181));
#13462=CARTESIAN_POINT('Ctrl Pts',(-25.3308317810297,-50.,8.66302847862244));
#13463=CARTESIAN_POINT('Ctrl Pts',(-25.3308317810297,-52.,8.66302847862244));
#13464=CARTESIAN_POINT('',(-25.9413371235132,-50.,10.6991815567017));
#13465=CARTESIAN_POINT('Ctrl Pts',(-25.3308317810297,-50.,8.66302847862244));
#13466=CARTESIAN_POINT('Ctrl Pts',(-25.3441049373191,-50.,9.06872033037181));
#13467=CARTESIAN_POINT('Ctrl Pts',(-25.3681913828721,-50.,9.80491860042739));
#13468=CARTESIAN_POINT('Ctrl Pts',(-25.7637543792228,-50.,10.4221042644325));
#13469=CARTESIAN_POINT('Ctrl Pts',(-25.9413371235132,-50.,10.6991815567017));
#13470=CARTESIAN_POINT('',(-25.9413371235132,-52.,10.6991815567017));
#13471=CARTESIAN_POINT('Ctrl Pts',(-25.9413371235132,-52.,10.6991815567017));
#13472=CARTESIAN_POINT('Ctrl Pts',(-25.7637543792228,-52.,10.4221042644325));
#13473=CARTESIAN_POINT('Ctrl Pts',(-25.3681913828721,-52.,9.80491860042739));
#13474=CARTESIAN_POINT('Ctrl Pts',(-25.3441049373191,-52.,9.06872033037181));
#13475=CARTESIAN_POINT('Ctrl Pts',(-25.3308317810297,-52.,8.66302847862244));
#13476=CARTESIAN_POINT('',(-25.9413371235132,-50.,10.6991815567017));
#13477=CARTESIAN_POINT('Ctrl Pts',(-27.459072843194,-50.,11.3915419578552));
#13478=CARTESIAN_POINT('Ctrl Pts',(-27.459072843194,-52.,11.3915419578552));
#13479=CARTESIAN_POINT('Ctrl Pts',(-27.1685272798376,-50.,11.3621254573421));
#13480=CARTESIAN_POINT('Ctrl Pts',(-27.1685272798376,-52.,11.3621254573421));
#13481=CARTESIAN_POINT('Ctrl Pts',(-26.5845393858004,-50.,11.3029991709651));
#13482=CARTESIAN_POINT('Ctrl Pts',(-26.5845393858004,-52.,11.3029991709651));
#13483=CARTESIAN_POINT('Ctrl Pts',(-26.1564457049453,-50.,10.9011185803465));
#13484=CARTESIAN_POINT('Ctrl Pts',(-26.1564457049453,-52.,10.9011185803465));
#13485=CARTESIAN_POINT('Ctrl Pts',(-25.9413371235132,-50.,10.6991815567017));
#13486=CARTESIAN_POINT('Ctrl Pts',(-25.9413371235132,-52.,10.6991815567017));
#13487=CARTESIAN_POINT('',(-27.459072843194,-50.,11.3915419578552));
#13488=CARTESIAN_POINT('Ctrl Pts',(-25.9413371235132,-50.,10.6991815567017));
#13489=CARTESIAN_POINT('Ctrl Pts',(-26.1564457049453,-50.,10.9011185803465));
#13490=CARTESIAN_POINT('Ctrl Pts',(-26.5845393858004,-50.,11.3029991709651));
#13491=CARTESIAN_POINT('Ctrl Pts',(-27.1685272798376,-50.,11.3621254573421));
#13492=CARTESIAN_POINT('Ctrl Pts',(-27.459072843194,-50.,11.3915419578552));
#13493=CARTESIAN_POINT('',(-27.459072843194,-52.,11.3915419578552));
#13494=CARTESIAN_POINT('Ctrl Pts',(-27.459072843194,-52.,11.3915419578552));
#13495=CARTESIAN_POINT('Ctrl Pts',(-27.1685272798376,-52.,11.3621254573421));
#13496=CARTESIAN_POINT('Ctrl Pts',(-26.5845393858004,-52.,11.3029991709651));
#13497=CARTESIAN_POINT('Ctrl Pts',(-26.1564457049453,-52.,10.9011185803465));
#13498=CARTESIAN_POINT('Ctrl Pts',(-25.9413371235132,-52.,10.6991815567017));
#13499=CARTESIAN_POINT('',(-27.459072843194,-50.,11.3915419578552));
#13500=CARTESIAN_POINT('Ctrl Pts',(-28.9870402961969,-50.,10.7025921344757));
#13501=CARTESIAN_POINT('Ctrl Pts',(-28.9870402961969,-52.,10.7025921344757));
#13502=CARTESIAN_POINT('Ctrl Pts',(-28.7714769912069,-50.,10.9035359441517));
#13503=CARTESIAN_POINT('Ctrl Pts',(-28.7714769912069,-52.,10.9035359441517));
#13504=CARTESIAN_POINT('Ctrl Pts',(-28.3400004071256,-50.,11.3057498023743));
#13505=CARTESIAN_POINT('Ctrl Pts',(-28.3400004071256,-52.,11.3057498023743));
#13506=CARTESIAN_POINT('Ctrl Pts',(-27.7528741054477,-50.,11.3629291131631));
#13507=CARTESIAN_POINT('Ctrl Pts',(-27.7528741054477,-52.,11.3629291131631));
#13508=CARTESIAN_POINT('Ctrl Pts',(-27.459072843194,-50.,11.3915419578552));
#13509=CARTESIAN_POINT('Ctrl Pts',(-27.459072843194,-52.,11.3915419578552));
#13510=CARTESIAN_POINT('',(-28.9870402961969,-50.,10.7025921344757));
#13511=CARTESIAN_POINT('Ctrl Pts',(-27.459072843194,-50.,11.3915419578552));
#13512=CARTESIAN_POINT('Ctrl Pts',(-27.7528741054477,-50.,11.3629291131631));
#13513=CARTESIAN_POINT('Ctrl Pts',(-28.3400004071256,-50.,11.3057498023743));
#13514=CARTESIAN_POINT('Ctrl Pts',(-28.7714769912069,-50.,10.9035359441517));
#13515=CARTESIAN_POINT('Ctrl Pts',(-28.9870402961969,-50.,10.7025921344757));
#13516=CARTESIAN_POINT('',(-28.9870402961969,-52.,10.7025921344757));
#13517=CARTESIAN_POINT('Ctrl Pts',(-28.9870402961969,-52.,10.7025921344757));
#13518=CARTESIAN_POINT('Ctrl Pts',(-28.7714769912069,-52.,10.9035359441517));
#13519=CARTESIAN_POINT('Ctrl Pts',(-28.3400004071256,-52.,11.3057498023743));
#13520=CARTESIAN_POINT('Ctrl Pts',(-27.7528741054477,-52.,11.3629291131631));
#13521=CARTESIAN_POINT('Ctrl Pts',(-27.459072843194,-52.,11.3915419578552));
#13522=CARTESIAN_POINT('',(-28.9870402961969,-50.,10.7025921344757));
#13523=CARTESIAN_POINT('Ctrl Pts',(-29.5941338688135,-50.,8.62210094928741));
#13524=CARTESIAN_POINT('Ctrl Pts',(-29.5941338688135,-52.,8.62210094928741));
#13525=CARTESIAN_POINT('Ctrl Pts',(-29.5824106006117,-50.,9.03961215040985));
#13526=CARTESIAN_POINT('Ctrl Pts',(-29.5824106006117,-52.,9.03961215040985));
#13527=CARTESIAN_POINT('Ctrl Pts',(-29.5613384045015,-50.,9.79007505518527));
#13528=CARTESIAN_POINT('Ctrl Pts',(-29.5613384045015,-52.,9.79007505518527));
#13529=CARTESIAN_POINT('Ctrl Pts',(-29.1635318554552,-50.,10.4221601430676));
#13530=CARTESIAN_POINT('Ctrl Pts',(-29.1635318554552,-52.,10.4221601430676));
#13531=CARTESIAN_POINT('Ctrl Pts',(-28.9870402961969,-50.,10.7025921344757));
#13532=CARTESIAN_POINT('Ctrl Pts',(-28.9870402961969,-52.,10.7025921344757));
#13533=CARTESIAN_POINT('Ctrl Pts',(-28.9870402961969,-50.,10.7025921344757));
#13534=CARTESIAN_POINT('Ctrl Pts',(-29.1635318554552,-50.,10.4221601430676));
#13535=CARTESIAN_POINT('Ctrl Pts',(-29.5613384045015,-50.,9.79007505518527));
#13536=CARTESIAN_POINT('Ctrl Pts',(-29.5824106006117,-50.,9.03961215040985));
#13537=CARTESIAN_POINT('Ctrl Pts',(-29.5941338688135,-50.,8.62210094928741));
#13538=CARTESIAN_POINT('Ctrl Pts',(-29.5941338688135,-52.,8.62210094928741));
#13539=CARTESIAN_POINT('Ctrl Pts',(-29.5824106006117,-52.,9.03961215040985));
#13540=CARTESIAN_POINT('Ctrl Pts',(-29.5613384045015,-52.,9.79007505518527));
#13541=CARTESIAN_POINT('Ctrl Pts',(-29.1635318554552,-52.,10.4221601430676));
#13542=CARTESIAN_POINT('Ctrl Pts',(-28.9870402961969,-52.,10.7025921344757));
#13543=CARTESIAN_POINT('Ctrl Pts',(-29.7373817116022,-50.,11.6030013561249));
#13544=CARTESIAN_POINT('Ctrl Pts',(-29.7373817116022,-52.,11.6030013561249));
#13545=CARTESIAN_POINT('Ctrl Pts',(-30.0630112640259,-50.,11.211436317812));
#13546=CARTESIAN_POINT('Ctrl Pts',(-30.0630112640259,-52.,11.211436317812));
#13547=CARTESIAN_POINT('Ctrl Pts',(-30.7766232877764,-50.,10.3533277175926));
#13548=CARTESIAN_POINT('Ctrl Pts',(-30.7766232877764,-52.,10.3533277175926));
#13549=CARTESIAN_POINT('Ctrl Pts',(-30.8280897670789,-50.,9.23184041602926));
#13550=CARTESIAN_POINT('Ctrl Pts',(-30.8280897670789,-52.,9.23184041602926));
#13551=CARTESIAN_POINT('Ctrl Pts',(-30.8560714870691,-50.,8.62210094928741));
#13552=CARTESIAN_POINT('Ctrl Pts',(-30.8560714870691,-52.,8.62210094928741));
#13553=CARTESIAN_POINT('',(-30.8560714870691,-52.,8.62210094928741));
#13554=CARTESIAN_POINT('',(-30.8560714870691,-50.,8.62210094928741));
#13555=CARTESIAN_POINT('',(-29.7373817116022,-52.,11.6030013561249));
#13556=CARTESIAN_POINT('Ctrl Pts',(-29.7373817116022,-52.,11.6030013561249));
#13557=CARTESIAN_POINT('Ctrl Pts',(-30.0630112640259,-52.,11.211436317812));
#13558=CARTESIAN_POINT('Ctrl Pts',(-30.7766232877764,-52.,10.3533277175926));
#13559=CARTESIAN_POINT('Ctrl Pts',(-30.8280897670789,-52.,9.23184041602926));
#13560=CARTESIAN_POINT('Ctrl Pts',(-30.8560714870691,-52.,8.62210094928741));
#13561=CARTESIAN_POINT('',(-29.7373817116022,-50.,11.6030013561249));
#13562=CARTESIAN_POINT('Ctrl Pts',(-27.459072843194,-50.,12.4079126119614));
#13563=CARTESIAN_POINT('Ctrl Pts',(-27.459072843194,-52.,12.4079126119614));
#13564=CARTESIAN_POINT('Ctrl Pts',(-27.8860845611798,-50.,12.3776499682876));
#13565=CARTESIAN_POINT('Ctrl Pts',(-27.8860845611798,-52.,12.3776499682876));
#13566=CARTESIAN_POINT('Ctrl Pts',(-28.7204489800016,-50.,12.318517930366));
#13567=CARTESIAN_POINT('Ctrl Pts',(-28.7204489800016,-52.,12.318517930366));
#13568=CARTESIAN_POINT('Ctrl Pts',(-29.4037708688201,-50.,11.8377308322638));
#13569=CARTESIAN_POINT('Ctrl Pts',(-29.4037708688201,-52.,11.8377308322638));
#13570=CARTESIAN_POINT('Ctrl Pts',(-29.7373817116022,-50.,11.6030013561249));
#13571=CARTESIAN_POINT('Ctrl Pts',(-29.7373817116022,-52.,11.6030013561249));
#13572=CARTESIAN_POINT('',(-27.459072843194,-52.,12.4079126119614));
#13573=CARTESIAN_POINT('Ctrl Pts',(-27.459072843194,-52.,12.4079126119614));
#13574=CARTESIAN_POINT('Ctrl Pts',(-27.8860845611798,-52.,12.3776499682876));
#13575=CARTESIAN_POINT('Ctrl Pts',(-28.7204489800016,-52.,12.318517930366));
#13576=CARTESIAN_POINT('Ctrl Pts',(-29.4037708688201,-52.,11.8377308322638));
#13577=CARTESIAN_POINT('Ctrl Pts',(-29.7373817116022,-52.,11.6030013561249));
#13578=CARTESIAN_POINT('',(-27.459072843194,-50.,12.4079126119614));
#13579=CARTESIAN_POINT('Ctrl Pts',(-25.0170538574457,-50.,11.4290589094162));
#13580=CARTESIAN_POINT('Ctrl Pts',(-25.0170538574457,-52.,11.4290589094162));
#13581=CARTESIAN_POINT('Ctrl Pts',(-25.3619954548484,-50.,11.7145045947836));
#13582=CARTESIAN_POINT('Ctrl Pts',(-25.3619954548484,-52.,11.7145045947836));
#13583=CARTESIAN_POINT('Ctrl Pts',(-26.0702170441113,-50.,12.3005713332152));
#13584=CARTESIAN_POINT('Ctrl Pts',(-26.0702170441113,-52.,12.3005713332152));
#13585=CARTESIAN_POINT('Ctrl Pts',(-26.9881976412582,-50.,12.3715198155753));
#13586=CARTESIAN_POINT('Ctrl Pts',(-26.9881976412582,-52.,12.3715198155753));
#13587=CARTESIAN_POINT('Ctrl Pts',(-27.459072843194,-50.,12.4079126119614));
#13588=CARTESIAN_POINT('Ctrl Pts',(-27.459072843194,-52.,12.4079126119614));
#13589=CARTESIAN_POINT('',(-25.0170538574457,-52.,11.4290589094162));
#13590=CARTESIAN_POINT('Ctrl Pts',(-25.0170538574457,-52.,11.4290589094162));
#13591=CARTESIAN_POINT('Ctrl Pts',(-25.3619954548484,-52.,11.7145045947836));
#13592=CARTESIAN_POINT('Ctrl Pts',(-26.0702170441113,-52.,12.3005713332152));
#13593=CARTESIAN_POINT('Ctrl Pts',(-26.9881976412582,-52.,12.3715198155753));
#13594=CARTESIAN_POINT('Ctrl Pts',(-27.459072843194,-52.,12.4079126119614));
#13595=CARTESIAN_POINT('',(-25.0170538574457,-50.,11.4290589094162));
#13596=CARTESIAN_POINT('Ctrl Pts',(-24.0688965469599,-50.,8.72442007064819));
#13597=CARTESIAN_POINT('Ctrl Pts',(-24.0688965469599,-52.,8.72442007064819));
#13598=CARTESIAN_POINT('Ctrl Pts',(-24.0969395718069,-50.,9.25606096070129));
#13599=CARTESIAN_POINT('Ctrl Pts',(-24.0969395718069,-52.,9.25606096070129));
#13600=CARTESIAN_POINT('Ctrl Pts',(-24.1495713489056,-50.,10.2538564900494));
#13601=CARTESIAN_POINT('Ctrl Pts',(-24.1495713489056,-52.,10.2538564900494));
#13602=CARTESIAN_POINT('Ctrl Pts',(-24.7408279280904,-50.,11.0548480437511));
#13603=CARTESIAN_POINT('Ctrl Pts',(-24.7408279280904,-52.,11.0548480437511));
#13604=CARTESIAN_POINT('Ctrl Pts',(-25.0170538574457,-50.,11.4290589094162));
#13605=CARTESIAN_POINT('Ctrl Pts',(-25.0170538574457,-52.,11.4290589094162));
#13606=CARTESIAN_POINT('',(-24.0688965469599,-52.,8.72442007064819));
#13607=CARTESIAN_POINT('Ctrl Pts',(-24.0688965469599,-52.,8.72442007064819));
#13608=CARTESIAN_POINT('Ctrl Pts',(-24.0969395718069,-52.,9.25606096070129));
#13609=CARTESIAN_POINT('Ctrl Pts',(-24.1495713489056,-52.,10.2538564900494));
#13610=CARTESIAN_POINT('Ctrl Pts',(-24.7408279280904,-52.,11.0548480437511));
#13611=CARTESIAN_POINT('Ctrl Pts',(-25.0170538574457,-52.,11.4290589094162));
#13612=CARTESIAN_POINT('',(-24.0688965469599,-50.,8.72442007064819));
#13613=CARTESIAN_POINT('Ctrl Pts',(-24.4884035736322,-50.,6.52455687522888));
#13614=CARTESIAN_POINT('Ctrl Pts',(-24.4884035736322,-52.,6.52455687522888));
#13615=CARTESIAN_POINT('Ctrl Pts',(-24.366439855967,-50.,6.83796856191774));
#13616=CARTESIAN_POINT('Ctrl Pts',(-24.366439855967,-52.,6.83796856191774));
#13617=CARTESIAN_POINT('Ctrl Pts',(-24.0918070646196,-50.,7.54369587167848));
#13618=CARTESIAN_POINT('Ctrl Pts',(-24.0918070646196,-52.,7.54369587167848));
#13619=CARTESIAN_POINT('Ctrl Pts',(-24.0770821595091,-50.,8.30256356946395));
#13620=CARTESIAN_POINT('Ctrl Pts',(-24.0770821595091,-52.,8.30256356946395));
#13621=CARTESIAN_POINT('Ctrl Pts',(-24.0688965469599,-50.,8.72442007064819));
#13622=CARTESIAN_POINT('Ctrl Pts',(-24.0688965469599,-52.,8.72442007064819));
#13623=CARTESIAN_POINT('',(-24.4884035736322,-52.,6.52455687522888));
#13624=CARTESIAN_POINT('Ctrl Pts',(-24.4884035736322,-52.,6.52455687522888));
#13625=CARTESIAN_POINT('Ctrl Pts',(-24.366439855967,-52.,6.83796856191774));
#13626=CARTESIAN_POINT('Ctrl Pts',(-24.0918070646196,-52.,7.54369587167848));
#13627=CARTESIAN_POINT('Ctrl Pts',(-24.0770821595091,-52.,8.30256356946395));
#13628=CARTESIAN_POINT('Ctrl Pts',(-24.0688965469599,-52.,8.72442007064819));
#13629=CARTESIAN_POINT('',(-24.4884035736322,-50.,6.52455687522888));
#13630=CARTESIAN_POINT('Ctrl Pts',(-25.7094142585993,-50.,5.27967214584351));
#13631=CARTESIAN_POINT('Ctrl Pts',(-25.7094142585993,-52.,5.27967214584351));
#13632=CARTESIAN_POINT('Ctrl Pts',(-25.4583973041955,-50.,5.44194321632828));
#13633=CARTESIAN_POINT('Ctrl Pts',(-25.4583973041955,-52.,5.44194321632828));
#13634=CARTESIAN_POINT('Ctrl Pts',(-24.9580210085178,-50.,5.76541378562775));
#13635=CARTESIAN_POINT('Ctrl Pts',(-24.9580210085178,-52.,5.76541378562775));
#13636=CARTESIAN_POINT('Ctrl Pts',(-24.6445966214777,-50.,6.27206864947874));
#13637=CARTESIAN_POINT('Ctrl Pts',(-24.6445966214777,-52.,6.27206864947874));
#13638=CARTESIAN_POINT('Ctrl Pts',(-24.4884035736322,-50.,6.52455687522888));
#13639=CARTESIAN_POINT('Ctrl Pts',(-24.4884035736322,-52.,6.52455687522888));
#13640=CARTESIAN_POINT('',(-25.7094142585993,-52.,5.27967214584351));
#13641=CARTESIAN_POINT('Ctrl Pts',(-25.7094142585993,-52.,5.27967214584351));
#13642=CARTESIAN_POINT('Ctrl Pts',(-25.4583973041955,-52.,5.44194321632828));
#13643=CARTESIAN_POINT('Ctrl Pts',(-24.9580210085178,-52.,5.76541378562775));
#13644=CARTESIAN_POINT('Ctrl Pts',(-24.6445966214777,-52.,6.27206864947874));
#13645=CARTESIAN_POINT('Ctrl Pts',(-24.4884035736322,-52.,6.52455687522888));
#13646=CARTESIAN_POINT('',(-25.7094142585993,-50.,5.27967214584351));
#13647=CARTESIAN_POINT('Ctrl Pts',(-27.459072843194,-50.,4.83628869056702));
#13648=CARTESIAN_POINT('Ctrl Pts',(-27.459072843194,-52.,4.83628869056702));
#13649=CARTESIAN_POINT('Ctrl Pts',(-27.1503643268257,-50.,4.85408424668311));
#13650=CARTESIAN_POINT('Ctrl Pts',(-27.1503643268257,-52.,4.85408424668311));
#13651=CARTESIAN_POINT('Ctrl Pts',(-26.5384901790098,-50.,4.88935583835004));
#13652=CARTESIAN_POINT('Ctrl Pts',(-26.5384901790098,-52.,4.88935583835004));
#13653=CARTESIAN_POINT('Ctrl Pts',(-25.9840988467727,-50.,5.15035482816275));
#13654=CARTESIAN_POINT('Ctrl Pts',(-25.9840988467727,-52.,5.15035482816275));
#13655=CARTESIAN_POINT('Ctrl Pts',(-25.7094142585993,-50.,5.27967214584351));
#13656=CARTESIAN_POINT('Ctrl Pts',(-25.7094142585993,-52.,5.27967214584351));
#13657=CARTESIAN_POINT('',(-27.459072843194,-52.,4.83628869056702));
#13658=CARTESIAN_POINT('Ctrl Pts',(-27.459072843194,-52.,4.83628869056702));
#13659=CARTESIAN_POINT('Ctrl Pts',(-27.1503643268257,-52.,4.85408424668311));
#13660=CARTESIAN_POINT('Ctrl Pts',(-26.5384901790098,-52.,4.88935583835004));
#13661=CARTESIAN_POINT('Ctrl Pts',(-25.9840988467727,-52.,5.15035482816275));
#13662=CARTESIAN_POINT('Ctrl Pts',(-25.7094142585993,-52.,5.27967214584351));
#13663=CARTESIAN_POINT('',(-27.459072843194,-50.,4.83628869056702));
#13664=CARTESIAN_POINT('Ctrl Pts',(-29.9181447178125,-50.,5.81173300743103));
#13665=CARTESIAN_POINT('Ctrl Pts',(-29.9181447178125,-52.,5.81173300743103));
#13666=CARTESIAN_POINT('Ctrl Pts',(-29.5733186358673,-50.,5.5273143984885));
#13667=CARTESIAN_POINT('Ctrl Pts',(-29.5733186358673,-52.,5.5273143984885));
#13668=CARTESIAN_POINT('Ctrl Pts',(-28.8601315609151,-50.,4.93906517259057));
#13669=CARTESIAN_POINT('Ctrl Pts',(-28.8601315609151,-52.,4.93906517259057));
#13670=CARTESIAN_POINT('Ctrl Pts',(-27.9362549452292,-50.,4.87129300345659));
#13671=CARTESIAN_POINT('Ctrl Pts',(-27.9362549452292,-52.,4.87129300345659));
#13672=CARTESIAN_POINT('Ctrl Pts',(-27.459072843194,-50.,4.83628869056702));
#13673=CARTESIAN_POINT('Ctrl Pts',(-27.459072843194,-52.,4.83628869056702));
#13674=CARTESIAN_POINT('',(-29.9181447178125,-52.,5.81173300743103));
#13675=CARTESIAN_POINT('Ctrl Pts',(-29.9181447178125,-52.,5.81173300743103));
#13676=CARTESIAN_POINT('Ctrl Pts',(-29.5733186358673,-52.,5.5273143984885));
#13677=CARTESIAN_POINT('Ctrl Pts',(-28.8601315609151,-52.,4.93906517259057));
#13678=CARTESIAN_POINT('Ctrl Pts',(-27.9362549452292,-52.,4.87129300345659));
#13679=CARTESIAN_POINT('Ctrl Pts',(-27.459072843194,-52.,4.83628869056702));
#13680=CARTESIAN_POINT('',(-29.9181447178125,-50.,5.81173300743103));
#13681=CARTESIAN_POINT('Ctrl Pts',(-30.8560714870691,-50.,8.62210094928741));
#13682=CARTESIAN_POINT('Ctrl Pts',(-30.8560714870691,-52.,8.62210094928741));
#13683=CARTESIAN_POINT('Ctrl Pts',(-30.8319724894186,-50.,8.06303530100343));
#13684=CARTESIAN_POINT('Ctrl Pts',(-30.8319724894186,-52.,8.06303530100343));
#13685=CARTESIAN_POINT('Ctrl Pts',(-30.7875183077041,-50.,7.03175564865105));
#13686=CARTESIAN_POINT('Ctrl Pts',(-30.7875183077041,-52.,7.03175564865105));
#13687=CARTESIAN_POINT('Ctrl Pts',(-30.1911956762657,-50.,6.19491505412892));
#13688=CARTESIAN_POINT('Ctrl Pts',(-30.1911956762657,-52.,6.19491505412892));
#13689=CARTESIAN_POINT('Ctrl Pts',(-29.9181447178125,-50.,5.81173300743103));
#13690=CARTESIAN_POINT('Ctrl Pts',(-29.9181447178125,-52.,5.81173300743103));
#13691=CARTESIAN_POINT('Ctrl Pts',(-30.8560714870691,-52.,8.62210094928741));
#13692=CARTESIAN_POINT('Ctrl Pts',(-30.8319724894186,-52.,8.06303530100343));
#13693=CARTESIAN_POINT('Ctrl Pts',(-30.7875183077041,-52.,7.03175564865105));
#13694=CARTESIAN_POINT('Ctrl Pts',(-30.1911956762657,-52.,6.19491505412892));
#13695=CARTESIAN_POINT('Ctrl Pts',(-29.9181447178125,-52.,5.81173300743103));
#13696=CARTESIAN_POINT('Origin',(-9.68575477600098E-7,-52.,9.99999940395355));
#13697=CARTESIAN_POINT('Origin',(-50.,-50.,0.));
#13698=CARTESIAN_POINT('Origin',(38.,-20.,5.));
#13699=CARTESIAN_POINT('',(38.,-38.,7.));
#13700=CARTESIAN_POINT('',(38.,38.,7.));
#13701=CARTESIAN_POINT('',(38.,-20.,7.));
#13702=CARTESIAN_POINT('',(40.,40.,5.));
#13703=CARTESIAN_POINT('Origin',(38.,38.,5.));
#13704=CARTESIAN_POINT('',(40.,-40.,5.));
#13705=CARTESIAN_POINT('',(40.,-20.,5.));
#13706=CARTESIAN_POINT('Origin',(38.,-38.,5.));
#13707=CARTESIAN_POINT('Origin',(20.,38.,5.));
#13708=CARTESIAN_POINT('',(-40.,40.,5.));
#13709=CARTESIAN_POINT('',(20.,40.,5.));
#13710=CARTESIAN_POINT('',(-38.,38.,7.));
#13711=CARTESIAN_POINT('',(20.,38.,7.));
#13712=CARTESIAN_POINT('Origin',(-38.,38.,5.));
#13713=CARTESIAN_POINT('Origin',(-38.,20.,5.));
#13714=CARTESIAN_POINT('',(-40.,-40.,5.));
#13715=CARTESIAN_POINT('',(-40.,20.,5.));
#13716=CARTESIAN_POINT('',(-38.,-38.,7.));
#13717=CARTESIAN_POINT('',(-38.,20.,7.));
#13718=CARTESIAN_POINT('Origin',(-38.,-38.,5.));
#13719=CARTESIAN_POINT('Origin',(-20.,-38.,5.));
#13720=CARTESIAN_POINT('',(-20.,-40.,5.));
#13721=CARTESIAN_POINT('',(-20.,-38.,7.));
#13722=CARTESIAN_POINT('Origin',(-40.,-40.,0.));
#13723=CARTESIAN_POINT('',(40.,-40.,2.));
#13724=CARTESIAN_POINT('',(40.,-40.,0.));
#13725=CARTESIAN_POINT('',(-40.,-40.,2.));
#13726=CARTESIAN_POINT('',(-20.,-40.,2.));
#13727=CARTESIAN_POINT('',(-40.,-40.,0.));
#13728=CARTESIAN_POINT('Origin',(40.,-40.,0.));
#13729=CARTESIAN_POINT('',(40.,40.,2.));
#13730=CARTESIAN_POINT('',(40.,40.,0.));
#13731=CARTESIAN_POINT('',(40.,-20.,2.));
#13732=CARTESIAN_POINT('Origin',(0.,0.,7.));
#13733=CARTESIAN_POINT('',(1.65,2.02066721859313E-16,7.));
#13734=CARTESIAN_POINT('Origin',(0.,0.,7.));
#13735=CARTESIAN_POINT('Origin',(0.,0.,25.));
#13736=CARTESIAN_POINT('',(1.65,2.02066721859313E-16,25.));
#13737=CARTESIAN_POINT('Origin',(0.,0.,25.));
#13738=CARTESIAN_POINT('',(1.65,-2.02066721859313E-16,25.));
#13739=CARTESIAN_POINT('Origin',(0.,0.,22.));
#13740=CARTESIAN_POINT('',(20.,-2.44929359829471E-15,22.));
#13741=CARTESIAN_POINT('Origin',(0.,0.,22.));
#13742=CARTESIAN_POINT('',(22.,2.69422295812418E-15,20.));
#13743=CARTESIAN_POINT('Origin',(22.,-2.69422295812418E-15,22.));
#13744=CARTESIAN_POINT('Origin',(0.,0.,20.));
#13745=CARTESIAN_POINT('Origin',(0.,0.,20.));
#13746=CARTESIAN_POINT('',(20.,2.44929359829471E-15,23.));
#13747=CARTESIAN_POINT('',(-20.,-2.44929359829471E-15,23.));
#13748=CARTESIAN_POINT('Origin',(0.,0.,23.));
#13749=CARTESIAN_POINT('',(20.,2.44929359829471E-15,20.));
#13750=CARTESIAN_POINT('Origin',(0.,0.,23.));
#13751=CARTESIAN_POINT('Origin',(0.,0.,20.));
#13752=CARTESIAN_POINT('',(-48.,-48.,20.));
#13753=CARTESIAN_POINT('',(-48.,48.,20.));
#13754=CARTESIAN_POINT('',(-48.,25.,20.));
#13755=CARTESIAN_POINT('',(48.,-48.,20.));
#13756=CARTESIAN_POINT('',(-25.,-48.,20.));
#13757=CARTESIAN_POINT('',(48.,48.,20.));
#13758=CARTESIAN_POINT('',(48.,-25.,20.));
#13759=CARTESIAN_POINT('',(25.,48.,20.));
#13760=CARTESIAN_POINT('Origin',(0.,0.,23.));
#13761=CARTESIAN_POINT('',(-18.,-2.20436423846524E-15,25.));
#13762=CARTESIAN_POINT('Origin',(0.,0.,25.));
#13763=CARTESIAN_POINT('Origin',(-18.,-2.20436423846524E-15,23.));
#13764=CARTESIAN_POINT('Origin',(0.,0.,25.));
#13765=CARTESIAN_POINT('Origin',(20.,42.,2.));
#13766=CARTESIAN_POINT('',(-42.,42.,0.));
#13767=CARTESIAN_POINT('',(42.,42.,0.));
#13768=CARTESIAN_POINT('',(20.,42.,0.));
#13769=CARTESIAN_POINT('Origin',(42.,42.,2.));
#13770=CARTESIAN_POINT('',(-40.,40.,2.));
#13771=CARTESIAN_POINT('',(20.,40.,2.));
#13772=CARTESIAN_POINT('Origin',(-42.,42.,2.));
#13773=CARTESIAN_POINT('Origin',(-20.,-42.,2.));
#13774=CARTESIAN_POINT('',(42.,-42.,0.));
#13775=CARTESIAN_POINT('',(-42.,-42.,0.));
#13776=CARTESIAN_POINT('',(-20.,-42.,0.));
#13777=CARTESIAN_POINT('Origin',(-42.,-42.,2.));
#13778=CARTESIAN_POINT('Origin',(42.,-42.,2.));
#13779=CARTESIAN_POINT('Origin',(-42.,20.,2.));
#13780=CARTESIAN_POINT('',(-40.,20.,2.));
#13781=CARTESIAN_POINT('',(-42.,20.,0.));
#13782=CARTESIAN_POINT('Origin',(42.,-20.,2.));
#13783=CARTESIAN_POINT('',(42.,-20.,0.));
#13784=CARTESIAN_POINT('Origin',(0.,0.,0.));
#13785=CARTESIAN_POINT('',(48.,-48.,0.));
#13786=CARTESIAN_POINT('',(48.,48.,0.));
#13787=CARTESIAN_POINT('',(48.,-25.,0.));
#13788=CARTESIAN_POINT('',(-48.,-48.,0.));
#13789=CARTESIAN_POINT('',(-25.,-48.,0.));
#13790=CARTESIAN_POINT('',(-48.,48.,0.));
#13791=CARTESIAN_POINT('',(-48.,25.,0.));
#13792=CARTESIAN_POINT('',(25.,48.,0.));
#13793=CARTESIAN_POINT('Origin',(48.,-25.,2.));
#13794=CARTESIAN_POINT('',(50.,50.,2.));
#13795=CARTESIAN_POINT('',(50.,-25.,2.));
#13796=CARTESIAN_POINT('Origin',(48.,-48.,2.));
#13797=CARTESIAN_POINT('Origin',(48.,48.,2.));
#13798=CARTESIAN_POINT('Origin',(-48.,-48.,2.));
#13799=CARTESIAN_POINT('',(-50.,-48.,2.));
#13800=CARTESIAN_POINT('Origin',(-48.,-48.,2.));
#13801=CARTESIAN_POINT('Origin',(-48.,-48.,2.));
#13802=CARTESIAN_POINT('Origin',(-48.,-48.,2.));
#13803=CARTESIAN_POINT('Origin',(-48.,48.,2.));
#13804=CARTESIAN_POINT('',(-48.,50.,2.));
#13805=CARTESIAN_POINT('',(-50.,48.,2.));
#13806=CARTESIAN_POINT('Origin',(-48.,48.,2.));
#13807=CARTESIAN_POINT('Origin',(-48.,48.,2.));
#13808=CARTESIAN_POINT('Origin',(-48.,48.,2.));
#13809=CARTESIAN_POINT('Origin',(25.,48.,2.));
#13810=CARTESIAN_POINT('',(25.,50.,2.));
#13811=CARTESIAN_POINT('Origin',(-48.,25.,2.));
#13812=CARTESIAN_POINT('',(-50.,25.,2.));
#13813=CARTESIAN_POINT('Origin',(-48.,-48.,18.));
#13814=CARTESIAN_POINT('',(-50.,-48.,18.));
#13815=CARTESIAN_POINT('Origin',(-48.,-48.,18.));
#13816=CARTESIAN_POINT('Origin',(-48.,-48.,18.));
#13817=CARTESIAN_POINT('Origin',(-48.,-48.,18.));
#13818=CARTESIAN_POINT('Origin',(-48.,-48.,0.));
#13819=CARTESIAN_POINT('',(-50.,-48.,0.));
#13820=CARTESIAN_POINT('Origin',(-48.,48.,18.));
#13821=CARTESIAN_POINT('',(-48.,50.,18.));
#13822=CARTESIAN_POINT('Origin',(-48.,48.,18.));
#13823=CARTESIAN_POINT('',(-50.,48.,18.));
#13824=CARTESIAN_POINT('Origin',(-48.,48.,18.));
#13825=CARTESIAN_POINT('Origin',(-48.,48.,18.));
#13826=CARTESIAN_POINT('Origin',(-48.,48.,0.));
#13827=CARTESIAN_POINT('',(-48.,50.,0.));
#13828=CARTESIAN_POINT('',(-50.,48.,0.));
#13829=CARTESIAN_POINT('Origin',(-48.,25.,18.));
#13830=CARTESIAN_POINT('',(-50.,25.,18.));
#13831=CARTESIAN_POINT('Origin',(25.,48.,18.));
#13832=CARTESIAN_POINT('',(50.,50.,18.));
#13833=CARTESIAN_POINT('',(25.,50.,18.));
#13834=CARTESIAN_POINT('Origin',(48.,48.,18.));
#13835=CARTESIAN_POINT('Origin',(48.,-25.,18.));
#13836=CARTESIAN_POINT('',(50.,-25.,18.));
#13837=CARTESIAN_POINT('Origin',(48.,-48.,18.));
#13838=CARTESIAN_POINT('Origin',(-25.,-48.,18.));
#13839=CARTESIAN_POINT('Origin',(-25.,-48.,2.));
#13840=CARTESIAN_POINT('Origin',(50.,-50.,0.));
#13841=CARTESIAN_POINT('',(50.,50.,0.));
#13842=CARTESIAN_POINT('Origin',(-50.,-50.,0.));
#13843=CARTESIAN_POINT('Origin',(-50.,50.,0.));
#13844=CARTESIAN_POINT('Origin',(-40.,40.,0.));
#13845=CARTESIAN_POINT('',(-40.,40.,0.));
#13846=CARTESIAN_POINT('Origin',(40.,40.,0.));
#13847=CARTESIAN_POINT('Origin',(50.,50.,0.));
#13848=CARTESIAN_POINT('',(0.,0.,0.));
#13849=CARTESIAN_POINT('Origin',(0.,0.,8.));
#13850=CARTESIAN_POINT('',(1.65,2.02066721859313E-16,8.));
#13851=CARTESIAN_POINT('Origin',(0.,0.,8.));
#13852=CARTESIAN_POINT('',(1.65,2.02066721859313E-16,5.));
#13853=CARTESIAN_POINT('',(1.65,-2.02066721859313E-16,8.));
#13854=CARTESIAN_POINT('Origin',(0.,0.,5.));
#13855=CARTESIAN_POINT('Origin',(0.,0.,2.));
#13856=CARTESIAN_POINT('',(-25.,3.06161699786838E-15,2.));
#13857=CARTESIAN_POINT('Origin',(0.,0.,2.));
#13858=CARTESIAN_POINT('',(-23.,-2.81668763803891E-15,0.));
#13859=CARTESIAN_POINT('Origin',(-23.,-2.81668763803891E-15,2.));
#13860=CARTESIAN_POINT('Origin',(0.,0.,0.));
#13861=CARTESIAN_POINT('Origin',(0.,0.,0.));
#13862=CARTESIAN_POINT('',(-25.,-3.06161699786838E-15,6.));
#13863=CARTESIAN_POINT('Origin',(0.,0.,6.));
#13864=CARTESIAN_POINT('',(-25.,-3.06161699786838E-15,0.));
#13865=CARTESIAN_POINT('Origin',(0.,0.,0.));
#13866=CARTESIAN_POINT('',(-22.,2.69422295812418E-15,0.));
#13867=CARTESIAN_POINT('Origin',(0.,0.,0.));
#13868=CARTESIAN_POINT('Origin',(0.,0.,6.));
#13869=CARTESIAN_POINT('',(-23.,2.81668763803891E-15,8.));
#13870=CARTESIAN_POINT('Origin',(0.,0.,8.));
#13871=CARTESIAN_POINT('Origin',(-23.,-2.81668763803891E-15,6.));
#13872=CARTESIAN_POINT('Origin',(0.,0.,8.));
#13873=CARTESIAN_POINT('Origin',(0.,0.,2.));
#13874=CARTESIAN_POINT('',(-20.,-2.44929359829471E-15,2.));
#13875=CARTESIAN_POINT('Origin',(-22.,-2.69422295812418E-15,2.));
#13876=CARTESIAN_POINT('Origin',(0.,0.,2.));
#13877=CARTESIAN_POINT('Origin',(0.,0.,0.));
#13878=CARTESIAN_POINT('',(-20.,2.44929359829471E-15,3.));
#13879=CARTESIAN_POINT('',(-20.,-2.44929359829471E-15,0.));
#13880=CARTESIAN_POINT('Origin',(0.,0.,3.));
#13881=CARTESIAN_POINT('Origin',(0.,0.,3.));
#13882=CARTESIAN_POINT('',(-18.,-2.20436423846524E-15,5.));
#13883=CARTESIAN_POINT('Origin',(0.,0.,5.));
#13884=CARTESIAN_POINT('Origin',(-18.,-2.20436423846524E-15,3.));
#13885=CARTESIAN_POINT('Origin',(0.,0.,5.));
#13886=CARTESIAN_POINT('Origin',(22.,-3.00000007450581,4.00000002980232));
#13887=CARTESIAN_POINT('',(172.,-3.00000007450581,2.00000002980232));
#13888=CARTESIAN_POINT('',(172.,-5.00000007450581,4.00000008940697));
#13889=CARTESIAN_POINT('Origin',(172.,-3.00000007450581,4.00000002980232));
#13890=CARTESIAN_POINT('',(22.,-5.00000007450581,4.00000008940697));
#13891=CARTESIAN_POINT('',(22.,-5.00000007450581,4.00000008940697));
#13892=CARTESIAN_POINT('',(22.,-3.00000007450581,2.00000002980232));
#13893=CARTESIAN_POINT('Origin',(22.,-3.00000007450581,4.00000002980232));
#13894=CARTESIAN_POINT('',(22.,-3.00000007450581,2.00000002980232));
#13895=CARTESIAN_POINT('Origin',(22.,-4.59242549680257E-15,4.00000005960464));
#13896=CARTESIAN_POINT('',(22.,-3.00000007450581,6.00000008940697));
#13897=CARTESIAN_POINT('Origin',(22.,-3.00000007450581,4.00000008940697));
#13898=CARTESIAN_POINT('',(22.,3.0000000745058,6.00000008940697));
#13899=CARTESIAN_POINT('',(22.,5.0000000745058,6.00000008940697));
#13900=CARTESIAN_POINT('',(22.,5.0000000745058,4.00000008940697));
#13901=CARTESIAN_POINT('Origin',(22.,3.0000000745058,4.00000008940697));
#13902=CARTESIAN_POINT('',(22.,3.0000000745058,2.00000002980232));
#13903=CARTESIAN_POINT('Origin',(22.,3.0000000745058,4.00000002980232));
#13904=CARTESIAN_POINT('',(22.,-5.00000007450581,2.00000002980232));
#13905=CARTESIAN_POINT('Origin',(22.,-3.00000007450581,4.00000008940697));
#13906=CARTESIAN_POINT('',(172.,-3.00000007450581,6.00000008940697));
#13907=CARTESIAN_POINT('Origin',(172.,-3.00000007450581,4.00000008940697));
#13908=CARTESIAN_POINT('',(22.,-3.00000007450581,6.00000008940697));
#13909=CARTESIAN_POINT('Origin',(22.,3.0000000745058,4.00000002980232));
#13910=CARTESIAN_POINT('',(172.,5.0000000745058,4.00000008940697));
#13911=CARTESIAN_POINT('',(172.,3.0000000745058,2.00000002980232));
#13912=CARTESIAN_POINT('Origin',(172.,3.0000000745058,4.00000002980232));
#13913=CARTESIAN_POINT('',(22.,3.0000000745058,2.00000002980232));
#13914=CARTESIAN_POINT('',(22.,5.0000000745058,4.00000008940697));
#13915=CARTESIAN_POINT('Origin',(172.,-4.44089209850063E-15,4.00000005960464));
#13916=CARTESIAN_POINT('',(172.,-5.00000007450581,2.00000002980232));
#13917=CARTESIAN_POINT('',(172.,3.0000000745058,6.00000008940697));
#13918=CARTESIAN_POINT('Origin',(172.,3.0000000745058,4.00000008940697));
#13919=CARTESIAN_POINT('',(172.,5.0000000745058,6.00000008940697));
#13920=CARTESIAN_POINT('Origin',(22.,3.0000000745058,4.00000008940697));
#13921=CARTESIAN_POINT('',(22.,3.0000000745058,6.00000008940697));
#13922=CARTESIAN_POINT('Origin',(22.,-5.00000007450581,2.00000002980232));
#13923=CARTESIAN_POINT('Origin',(22.,5.0000000745058,6.00000008940697));
#13924=CARTESIAN_POINT('Origin',(190.,-8.00000000000001,5.00000000000001));
#13925=CARTESIAN_POINT('',(191.65,-8.00000000000001,5.00000000000001));
#13926=CARTESIAN_POINT('Origin',(190.,-8.00000000000001,5.00000000000001));
#13927=CARTESIAN_POINT('',(191.65,-5.00000000000001,5.00000000000001));
#13928=CARTESIAN_POINT('',(191.65,-8.00000000000001,5.00000000000001));
#13929=CARTESIAN_POINT('Origin',(190.,-5.00000000000001,5.00000000000001));
#13930=CARTESIAN_POINT('Origin',(190.,-2.00000000000001,5.00000000000001));
#13931=CARTESIAN_POINT('',(165.,-2.00000000000001,5.00000000000001));
#13932=CARTESIAN_POINT('Origin',(190.,-2.00000000000001,5.00000000000001));
#13933=CARTESIAN_POINT('',(167.,-1.0547118733939E-14,5.));
#13934=CARTESIAN_POINT('Origin',(167.,-2.00000000000001,5.));
#13935=CARTESIAN_POINT('Origin',(190.,-1.0547118733939E-14,5.00000000000001));
#13936=CARTESIAN_POINT('Origin',(190.,-1.0547118733939E-14,5.00000000000001));
#13937=CARTESIAN_POINT('',(165.,-6.00000000000001,5.));
#13938=CARTESIAN_POINT('Origin',(190.,-6.00000000000001,5.00000000000001));
#13939=CARTESIAN_POINT('',(165.,-1.0547118733939E-14,5.));
#13940=CARTESIAN_POINT('Origin',(190.,-1.0547118733939E-14,5.00000000000001));
#13941=CARTESIAN_POINT('',(168.,-1.0547118733939E-14,5.00000000000001));
#13942=CARTESIAN_POINT('Origin',(190.,-1.0547118733939E-14,5.00000000000001));
#13943=CARTESIAN_POINT('Origin',(190.,-6.00000000000001,5.00000000000001));
#13944=CARTESIAN_POINT('',(167.,-8.00000000000001,5.00000000000001));
#13945=CARTESIAN_POINT('Origin',(190.,-8.00000000000001,5.00000000000001));
#13946=CARTESIAN_POINT('Origin',(167.,-6.00000000000001,5.));
#13947=CARTESIAN_POINT('Origin',(190.,-8.00000000000001,5.00000000000001));
#13948=CARTESIAN_POINT('Origin',(190.,-2.00000000000001,5.00000000000001));
#13949=CARTESIAN_POINT('',(170.,-2.00000000000001,5.));
#13950=CARTESIAN_POINT('Origin',(168.,-2.00000000000001,5.));
#13951=CARTESIAN_POINT('Origin',(190.,-2.00000000000001,5.00000000000001));
#13952=CARTESIAN_POINT('Origin',(190.,-1.0547118733939E-14,5.00000000000001));
#13953=CARTESIAN_POINT('',(170.,-3.00000000000001,5.00000000000001));
#13954=CARTESIAN_POINT('',(170.,-1.0547118733939E-14,5.00000000000001));
#13955=CARTESIAN_POINT('Origin',(190.,-3.00000000000001,5.00000000000001));
#13956=CARTESIAN_POINT('Origin',(190.,-3.00000000000001,5.00000000000001));
#13957=CARTESIAN_POINT('',(172.,-5.00000000000001,5.));
#13958=CARTESIAN_POINT('Origin',(190.,-5.00000000000001,5.00000000000001));
#13959=CARTESIAN_POINT('Origin',(172.,-3.00000000000001,5.00000000000001));
#13960=CARTESIAN_POINT('Origin',(190.,-5.00000000000001,5.00000000000001));
#13961=CARTESIAN_POINT('',(0.,0.,0.));
#13962=CARTESIAN_POINT('Origin',(5.,-2.,0.));
#13963=CARTESIAN_POINT('',(2.,0.,0.));
#13964=CARTESIAN_POINT('',(2.,-4.,0.));
#13965=CARTESIAN_POINT('Origin',(2.,-2.,0.));
#13966=CARTESIAN_POINT('',(8.,0.,0.));
#13967=CARTESIAN_POINT('',(0.,0.,0.));
#13968=CARTESIAN_POINT('',(8.,-4.,0.));
#13969=CARTESIAN_POINT('Origin',(8.,-2.,0.));
#13970=CARTESIAN_POINT('',(10.,-4.,0.));
#13971=CARTESIAN_POINT('Origin',(10.,0.,0.));
#13972=CARTESIAN_POINT('',(2.,0.,300.));
#13973=CARTESIAN_POINT('',(2.,0.,0.));
#13974=CARTESIAN_POINT('',(8.,0.,300.));
#13975=CARTESIAN_POINT('',(0.,0.,300.));
#13976=CARTESIAN_POINT('',(8.,0.,0.));
#13977=CARTESIAN_POINT('',(3.3500000745058,5.55111512312578E-16,295.000004395843));
#13978=CARTESIAN_POINT('Origin',(5.00000007450581,0.,295.000004395843));
#13979=CARTESIAN_POINT('Origin',(2.,-2.,0.));
#13980=CARTESIAN_POINT('',(2.,-4.,300.));
#13981=CARTESIAN_POINT('Origin',(2.,-2.,300.));
#13982=CARTESIAN_POINT('',(2.,-4.,0.));
#13983=CARTESIAN_POINT('Origin',(0.,-4.,0.));
#13984=CARTESIAN_POINT('',(8.,-4.,300.));
#13985=CARTESIAN_POINT('',(8.,-4.,0.));
#13986=CARTESIAN_POINT('',(10.,-4.,300.));
#13987=CARTESIAN_POINT('',(3.3500000745058,-4.,295.000004395843));
#13988=CARTESIAN_POINT('Origin',(5.00000007450581,-4.,295.000004395843));
#13989=CARTESIAN_POINT('Origin',(8.,-2.,0.));
#13990=CARTESIAN_POINT('Origin',(8.,-2.,300.));
#13991=CARTESIAN_POINT('Origin',(5.00000007450581,-4.,295.000004395843));
#13992=CARTESIAN_POINT('',(3.3500000745058,-4.,295.000004395843));
#13993=CARTESIAN_POINT('Origin',(5.,-2.,300.));
#13994=CARTESIAN_POINT('Origin',(4.,-1.99999999999999,-5.));
#13995=CARTESIAN_POINT('',(6.,-2.,18.));
#13996=CARTESIAN_POINT('Origin',(6.,-1.99999999999999,-5.));
#13997=CARTESIAN_POINT('',(4.,-2.,20.));
#13998=CARTESIAN_POINT('Origin',(4.,-2.,18.));
#13999=CARTESIAN_POINT('',(4.,-27.,-5.));
#14000=CARTESIAN_POINT('Origin',(4.,-1.99999999999999,-5.));
#14001=CARTESIAN_POINT('Origin',(4.,-1.99999999999999,-5.));
#14002=CARTESIAN_POINT('Origin',(-2.,-1.99999999999999,-5.));
#14003=CARTESIAN_POINT('',(0.,-27.,-5.));
#14004=CARTESIAN_POINT('',(-2.,-27.,-5.));
#14005=CARTESIAN_POINT('',(0.,-2.,20.));
#14006=CARTESIAN_POINT('Origin',(0.,-1.99999999999999,-5.));
#14007=CARTESIAN_POINT('Origin',(0.,-1.99999999999999,-5.));
#14008=CARTESIAN_POINT('Origin',(6.,-1.99999999999999,-5.));
#14009=CARTESIAN_POINT('',(6.,-0.349999999999993,-5.));
#14010=CARTESIAN_POINT('Origin',(6.,-1.99999999999999,-5.));
#14011=CARTESIAN_POINT('Origin',(0.,-1.99999999999999,-5.));
#14012=CARTESIAN_POINT('',(-2.,-2.,18.));
#14013=CARTESIAN_POINT('Origin',(0.,-2.,18.));
#14014=CARTESIAN_POINT('Origin',(-2.,-1.99999999999999,-5.));
#14015=CARTESIAN_POINT('Origin',(-2.,-1.99999999999999,-5.));
#14016=CARTESIAN_POINT('',(-2.,-0.349999999999993,-5.));
#14017=CARTESIAN_POINT('Origin',(-2.,-1.99999999999999,-5.));
#14018=CARTESIAN_POINT('Origin',(-2.,-1.99999999999999,-5.));
#14019=CARTESIAN_POINT('',(-2.,-0.349999999999993,-5.));
#14020=CARTESIAN_POINT('',(0.,0.,0.));
#14021=CARTESIAN_POINT('Origin',(2.,-18.,78.));
#14022=CARTESIAN_POINT('',(2.,-18.,80.));
#14023=CARTESIAN_POINT('',(2.,-20.,78.));
#14024=CARTESIAN_POINT('Origin',(2.,-18.,78.));
#14025=CARTESIAN_POINT('',(0.,-18.,78.));
#14026=CARTESIAN_POINT('Origin',(2.,-18.,78.));
#14027=CARTESIAN_POINT('Origin',(2.,-18.,78.));
#14028=CARTESIAN_POINT('Origin',(2.,3.,78.));
#14029=CARTESIAN_POINT('',(0.,3.,78.));
#14030=CARTESIAN_POINT('',(2.,5.,78.));
#14031=CARTESIAN_POINT('Origin',(2.,3.,78.));
#14032=CARTESIAN_POINT('',(2.,3.,80.));
#14033=CARTESIAN_POINT('Origin',(2.,3.,78.));
#14034=CARTESIAN_POINT('Origin',(2.,3.,78.));
#14035=CARTESIAN_POINT('Origin',(2.,0.,78.));
#14036=CARTESIAN_POINT('',(2.,0.,80.));
#14037=CARTESIAN_POINT('',(0.,0.,78.));
#14038=CARTESIAN_POINT('Origin',(2.,-18.,77.0000011175871));
#14039=CARTESIAN_POINT('',(0.,-18.,77.0000011175871));
#14040=CARTESIAN_POINT('',(2.,-20.,77.0000011175871));
#14041=CARTESIAN_POINT('Origin',(2.,-18.,77.0000011175871));
#14042=CARTESIAN_POINT('',(2.,-18.,75.0000011175871));
#14043=CARTESIAN_POINT('Origin',(2.,-18.,77.0000011175871));
#14044=CARTESIAN_POINT('Origin',(2.,-18.,77.0000011175871));
#14045=CARTESIAN_POINT('Origin',(8.,-18.,78.));
#14046=CARTESIAN_POINT('',(10.,-18.,78.));
#14047=CARTESIAN_POINT('',(8.,-20.,78.));
#14048=CARTESIAN_POINT('Origin',(8.,-18.,78.));
#14049=CARTESIAN_POINT('',(8.,-18.,80.));
#14050=CARTESIAN_POINT('Origin',(8.,-18.,78.));
#14051=CARTESIAN_POINT('Origin',(8.,-18.,78.));
#14052=CARTESIAN_POINT('Origin',(8.,3.,78.));
#14053=CARTESIAN_POINT('',(8.,3.,80.));
#14054=CARTESIAN_POINT('',(8.,5.,78.));
#14055=CARTESIAN_POINT('Origin',(8.,3.,78.));
#14056=CARTESIAN_POINT('',(10.,3.,78.));
#14057=CARTESIAN_POINT('Origin',(8.,3.,78.));
#14058=CARTESIAN_POINT('Origin',(8.,3.,78.));
#14059=CARTESIAN_POINT('Origin',(8.,0.,78.));
#14060=CARTESIAN_POINT('',(8.,0.,80.));
#14061=CARTESIAN_POINT('',(10.,0.,78.));
#14062=CARTESIAN_POINT('Origin',(2.,3.,2.));
#14063=CARTESIAN_POINT('',(2.,3.,0.));
#14064=CARTESIAN_POINT('',(2.,5.,2.));
#14065=CARTESIAN_POINT('Origin',(2.,3.,2.));
#14066=CARTESIAN_POINT('',(0.,3.,2.));
#14067=CARTESIAN_POINT('Origin',(2.,3.,2.));
#14068=CARTESIAN_POINT('Origin',(2.,3.,2.));
#14069=CARTESIAN_POINT('Origin',(8.,-18.,77.0000011175871));
#14070=CARTESIAN_POINT('',(8.,-18.,75.0000011175871));
#14071=CARTESIAN_POINT('',(8.,-20.,77.0000011175871));
#14072=CARTESIAN_POINT('Origin',(8.,-18.,77.0000011175871));
#14073=CARTESIAN_POINT('',(10.,-18.,77.0000011175871));
#14074=CARTESIAN_POINT('Origin',(8.,-18.,77.0000011175871));
#14075=CARTESIAN_POINT('Origin',(8.,-18.,77.0000011175871));
#14076=CARTESIAN_POINT('Origin',(8.,3.,2.));
#14077=CARTESIAN_POINT('',(10.,3.,2.));
#14078=CARTESIAN_POINT('',(8.,5.,2.));
#14079=CARTESIAN_POINT('Origin',(8.,3.,2.));
#14080=CARTESIAN_POINT('',(8.,3.,0.));
#14081=CARTESIAN_POINT('Origin',(8.,3.,2.));
#14082=CARTESIAN_POINT('Origin',(8.,3.,2.));
#14083=CARTESIAN_POINT('Origin',(2.,2.,2.));
#14084=CARTESIAN_POINT('',(2.,2.,0.));
#14085=CARTESIAN_POINT('',(0.,2.,2.));
#14086=CARTESIAN_POINT('Origin',(2.,2.,2.));
#14087=CARTESIAN_POINT('',(2.,0.,2.));
#14088=CARTESIAN_POINT('Origin',(2.,2.,2.));
#14089=CARTESIAN_POINT('Origin',(2.,2.,2.));
#14090=CARTESIAN_POINT('Origin',(8.,2.,2.));
#14091=CARTESIAN_POINT('',(10.,2.,2.));
#14092=CARTESIAN_POINT('',(8.,2.,0.));
#14093=CARTESIAN_POINT('Origin',(8.,2.,2.));
#14094=CARTESIAN_POINT('',(8.,0.,2.));
#14095=CARTESIAN_POINT('Origin',(8.,2.,2.));
#14096=CARTESIAN_POINT('Origin',(8.,2.,2.));
#14097=CARTESIAN_POINT('Origin',(8.,2.,60.));
#14098=CARTESIAN_POINT('',(8.,0.,75.0000011175871));
#14099=CARTESIAN_POINT('',(8.,0.,60.));
#14100=CARTESIAN_POINT('',(10.,2.,77.0000011175871));
#14101=CARTESIAN_POINT('',(10.,2.,60.));
#14102=CARTESIAN_POINT('Origin',(8.,2.,77.0000011175871));
#14103=CARTESIAN_POINT('Origin',(7.5,2.,2.));
#14104=CARTESIAN_POINT('',(7.5,0.,2.));
#14105=CARTESIAN_POINT('',(7.5,2.,0.));
#14106=CARTESIAN_POINT('Origin',(8.,0.,2.));
#14107=CARTESIAN_POINT('',(10.,0.,2.));
#14108=CARTESIAN_POINT('',(8.,0.,0.));
#14109=CARTESIAN_POINT('Origin',(8.,0.,77.0000011175871));
#14110=CARTESIAN_POINT('',(10.,0.,77.0000011175871));
#14111=CARTESIAN_POINT('',(8.,0.,75.0000011175871));
#14112=CARTESIAN_POINT('Origin',(2.,2.,20.));
#14113=CARTESIAN_POINT('',(0.,2.,77.0000011175871));
#14114=CARTESIAN_POINT('',(0.,2.,20.));
#14115=CARTESIAN_POINT('',(2.,0.,75.0000011175871));
#14116=CARTESIAN_POINT('',(2.,0.,20.));
#14117=CARTESIAN_POINT('Origin',(2.,2.,77.0000011175871));
#14118=CARTESIAN_POINT('Origin',(2.,0.,2.));
#14119=CARTESIAN_POINT('',(2.,0.,0.));
#14120=CARTESIAN_POINT('',(0.,0.,2.));
#14121=CARTESIAN_POINT('Origin',(7.5,3.,2.));
#14122=CARTESIAN_POINT('',(7.5,5.,2.));
#14123=CARTESIAN_POINT('',(7.5,3.,0.));
#14124=CARTESIAN_POINT('Origin',(8.,3.,60.));
#14125=CARTESIAN_POINT('',(8.,5.,60.));
#14126=CARTESIAN_POINT('',(10.,3.,60.));
#14127=CARTESIAN_POINT('Origin',(8.,-18.,78.7500002793968));
#14128=CARTESIAN_POINT('',(8.,-20.,78.7500002793968));
#14129=CARTESIAN_POINT('',(10.,-18.,78.7500002793968));
#14130=CARTESIAN_POINT('Origin',(2.5000000372529,-18.,77.0000011175871));
#14131=CARTESIAN_POINT('',(2.5000000372529,-20.,77.0000011175871));
#14132=CARTESIAN_POINT('',(2.5000000372529,-18.,75.0000011175871));
#14133=CARTESIAN_POINT('Origin',(2.,0.,77.0000011175871));
#14134=CARTESIAN_POINT('',(2.,0.,75.0000011175871));
#14135=CARTESIAN_POINT('',(0.,0.,77.0000011175871));
#14136=CARTESIAN_POINT('Origin',(2.,3.,20.));
#14137=CARTESIAN_POINT('',(2.,5.,20.));
#14138=CARTESIAN_POINT('',(0.,3.,20.));
#14139=CARTESIAN_POINT('Origin',(2.5,3.,78.));
#14140=CARTESIAN_POINT('',(2.5,5.,78.));
#14141=CARTESIAN_POINT('',(2.5,3.,80.));
#14142=CARTESIAN_POINT('Origin',(2.5000000372529,-18.,78.));
#14143=CARTESIAN_POINT('',(2.5000000372529,-20.,78.));
#14144=CARTESIAN_POINT('',(2.5000000372529,-18.,80.));
#14145=CARTESIAN_POINT('Origin',(2.,-18.,38.7500002793968));
#14146=CARTESIAN_POINT('',(2.,-20.,38.7500002793968));
#14147=CARTESIAN_POINT('',(0.,-18.,38.7500002793968));
#14148=CARTESIAN_POINT('Origin',(5.,0.,40.));
#14149=CARTESIAN_POINT('',(2.5,0.,75.0000011175871));
#14150=CARTESIAN_POINT('',(3.35,0.,5.));
#14151=CARTESIAN_POINT('Origin',(5.,0.,5.));
#14152=CARTESIAN_POINT('Origin',(0.,0.,80.));
#14153=CARTESIAN_POINT('Origin',(10.,0.,80.));
#14154=CARTESIAN_POINT('Origin',(10.,0.,0.));
#14155=CARTESIAN_POINT('Origin',(0.,0.,0.));
#14156=CARTESIAN_POINT('Origin',(5.,5.,40.));
#14157=CARTESIAN_POINT('',(3.35,5.,5.));
#14158=CARTESIAN_POINT('Origin',(5.,5.,5.));
#14159=CARTESIAN_POINT('Origin',(5.00000007450581,-20.,77.5000005587935));
#14160=CARTESIAN_POINT('Origin',(0.,0.,75.0000011175871));
#14161=CARTESIAN_POINT('Origin',(5.,0.,5.));
#14162=CARTESIAN_POINT('',(3.35,0.,5.));
#14163=CARTESIAN_POINT('',(0.,0.,0.));
#14164=CARTESIAN_POINT('Origin',(0.,0.,-24.85));
#14165=CARTESIAN_POINT('',(1.46350000000002,1.79227059055215E-16,-24.7664999999975));
#14166=CARTESIAN_POINT('Origin',(1.67025944880394E-14,0.,-24.7664999999975));
#14167=CARTESIAN_POINT('',(1.22999999999729,-1.50631556294792E-16,-25.));
#14168=CARTESIAN_POINT('',(1.37999999999744,-1.69001258282022E-16,-24.85));
#14169=CARTESIAN_POINT('Origin',(0.,0.,-25.));
#14170=CARTESIAN_POINT('Origin',(-2.00378950853868E-14,0.,2.69999999999968));
#14171=CARTESIAN_POINT('',(2.74999999999997,-3.36777869765521E-16,2.69999999999969));
#14172=CARTESIAN_POINT('Origin',(-2.00378950853868E-14,0.,2.69999999999968));
#14173=CARTESIAN_POINT('',(2.44999999999997,-3.000384657911E-16,2.99999999999969));
#14174=CARTESIAN_POINT('Origin',(2.44999999999997,-3.000384657911E-16,2.69999999999969));
#14175=CARTESIAN_POINT('Origin',(-2.0439189275474E-14,0.,2.99999999999968));
#14176=CARTESIAN_POINT('Origin',(-2.75000000000001,0.,2.99999999999968));
#14177=CARTESIAN_POINT('',(-1.25,-0.721687836487031,3.));
#14178=CARTESIAN_POINT('',(-1.25,0.721687836487032,3.));
#14179=CARTESIAN_POINT('',(-1.25,-0.360843918243516,2.99999999999968));
#14180=CARTESIAN_POINT('',(9.72215849418692E-16,1.44337567297406,3.));
#14181=CARTESIAN_POINT('',(-1.96875,0.306717330506988,2.99999999999968));
#14182=CARTESIAN_POINT('',(1.25,0.721687836487032,3.));
#14183=CARTESIAN_POINT('',(-0.718750000000001,1.85834617895411,2.99999999999968));
#14184=CARTESIAN_POINT('',(1.25,-0.721687836487032,3.));
#14185=CARTESIAN_POINT('',(1.25,0.360843918243515,2.99999999999969));
#14186=CARTESIAN_POINT('',(4.33680868994202E-18,-1.44337567297406,3.));
#14187=CARTESIAN_POINT('',(-0.093750000000003,-1.49750226071059,2.99999999999968));
#14188=CARTESIAN_POINT('',(-1.34375,-0.667561248750502,2.99999999999968));
#14189=CARTESIAN_POINT('Origin',(-1.84327183250379E-14,0.,1.49999999999946));
#14190=CARTESIAN_POINT('',(2.74999999999997,-3.36777869765521E-16,-7.53008766452012E-13));
#14191=CARTESIAN_POINT('Origin',(-1.64262473746018E-14,0.,-7.55710635937757E-13));
#14192=CARTESIAN_POINT('',(2.74999999999997,-3.36777869765521E-16,1.49999999999947));
#14193=CARTESIAN_POINT('Origin',(-1.25,0.721687836487032,1.7));
#14194=CARTESIAN_POINT('',(-1.25,0.721687836487032,1.7));
#14195=CARTESIAN_POINT('',(4.16333634234434E-16,6.24500451351651E-16,1.5906391705926));
#14196=CARTESIAN_POINT('',(-0.939283728799942,0.542295713668083,1.67281584869695));
#14197=CARTESIAN_POINT('',(-1.25,-0.721687836487032,1.7));
#14198=CARTESIAN_POINT('',(-1.25,0.721687836487032,1.7));
#14199=CARTESIAN_POINT('',(-0.939283728799943,-0.542295713668082,1.67281584869695));
#14200=CARTESIAN_POINT('Origin',(-1.25,-0.721687836487032,1.7));
#14201=CARTESIAN_POINT('',(4.33680868994202E-18,-1.44337567297406,1.7));
#14202=CARTESIAN_POINT('',(-1.25,-0.721687836487031,1.7));
#14203=CARTESIAN_POINT('',(-6.93889390390723E-16,-1.08459142733616,1.67281584869695));
#14204=CARTESIAN_POINT('Origin',(4.33680868994202E-18,-1.44337567297406,
1.7));
#14205=CARTESIAN_POINT('',(1.25,-0.721687836487032,1.7));
#14206=CARTESIAN_POINT('',(4.33680868994202E-18,-1.44337567297406,1.7));
#14207=CARTESIAN_POINT('',(0.939283728799942,-0.542295713668083,1.67281584869695));
#14208=CARTESIAN_POINT('Origin',(1.25,-0.721687836487032,1.7));
#14209=CARTESIAN_POINT('',(1.25,0.721687836487032,1.7));
#14210=CARTESIAN_POINT('',(1.25,-0.721687836487032,1.7));
#14211=CARTESIAN_POINT('',(0.939283728799943,0.542295713668082,1.67281584869695));
#14212=CARTESIAN_POINT('Origin',(1.25,0.721687836487032,1.7));
#14213=CARTESIAN_POINT('',(9.72215849418692E-16,1.44337567297406,1.7));
#14214=CARTESIAN_POINT('',(1.25,0.721687836487032,1.7));
#14215=CARTESIAN_POINT('',(1.04083408558608E-15,1.08459142733616,1.67281584869695));
#14216=CARTESIAN_POINT('Origin',(9.72215849418692E-16,1.44337567297406,
1.7));
#14217=CARTESIAN_POINT('',(9.72215849418692E-16,1.44337567297406,1.7));
#14218=CARTESIAN_POINT('Origin',(-1.25,-0.721687836487031,3.));
#14219=CARTESIAN_POINT('',(-1.25,-0.721687836487031,3.));
#14220=CARTESIAN_POINT('',(-1.25,0.721687836487032,3.));
#14221=CARTESIAN_POINT('Origin',(-1.38777878078145E-16,-1.44337567297406,
3.));
#14222=CARTESIAN_POINT('',(4.33680868994202E-18,-1.44337567297406,3.));
#14223=CARTESIAN_POINT('Origin',(1.25,-0.721687836487032,3.));
#14224=CARTESIAN_POINT('',(1.25,-0.721687836487032,3.));
#14225=CARTESIAN_POINT('Origin',(1.25,0.721687836487032,3.));
#14226=CARTESIAN_POINT('',(1.25,0.721687836487032,3.));
#14227=CARTESIAN_POINT('Origin',(9.71445146547012E-16,1.44337567297406,
3.));
#14228=CARTESIAN_POINT('',(9.72215849418692E-16,1.44337567297406,3.));
#14229=CARTESIAN_POINT('Origin',(-1.25,0.721687836487032,3.));
#14230=CARTESIAN_POINT('Origin',(2.94343879029136E-16,0.,-12.5000000000002));
#14231=CARTESIAN_POINT('',(1.46349999999998,1.79227059055215E-16,-4.11412296473225E-13));
#14232=CARTESIAN_POINT('',(1.4635,-1.79227059055215E-16,-12.5000000000002));
#14233=CARTESIAN_POINT('Origin',(-1.64262473746022E-14,0.,-4.13002965160558E-13));
#14234=CARTESIAN_POINT('Origin',(1.69309011255336E-14,0.,-25.));
#14235=CARTESIAN_POINT('Origin',(-1.5,0.,-4.14212272371031E-13));
#14236=CARTESIAN_POINT('',(0.,0.,0.));
#14237=CARTESIAN_POINT('Origin',(0.,0.,0.600000000000001));
#14238=CARTESIAN_POINT('',(1.2645,-1.54856587752183E-16,0.407897965182471));
#14239=CARTESIAN_POINT('Origin',(0.,0.,0.407897965182471));
#14240=CARTESIAN_POINT('',(1.5,-1.83697019872103E-16,-6.93889390390723E-17));
#14241=CARTESIAN_POINT('',(1.15358983848622,-1.41274010323107E-16,0.600000000000001));
#14242=CARTESIAN_POINT('Origin',(0.,0.,0.));
#14243=CARTESIAN_POINT('Origin',(0.,0.,1.8));
#14244=CARTESIAN_POINT('',(1.5,-1.83697019872103E-16,2.4));
#14245=CARTESIAN_POINT('Origin',(0.,0.,2.4));
#14246=CARTESIAN_POINT('',(1.2645,1.54856587752183E-16,1.99210203481753));
#14247=CARTESIAN_POINT('',(1.15358983848622,-1.41274010323107E-16,1.8));
#14248=CARTESIAN_POINT('Origin',(0.,0.,1.99210203481753));
#14249=CARTESIAN_POINT('Origin',(0.00142582323749502,3.17624967997292,2.4));
#14250=CARTESIAN_POINT('',(5.64635327460596E-15,3.17542648054294,0.277374357867291));
#14251=CARTESIAN_POINT('',(5.58639716402667E-15,3.17542648054294,2.12262564213271));
#14252=CARTESIAN_POINT('',(5.41233724504764E-15,3.17542648054294,2.4));
#14253=CARTESIAN_POINT('',(-2.75,1.58771324027148,0.277374357867292));
#14254=CARTESIAN_POINT('Ctrl Pts',(-2.75,1.58771324027148,0.277374357867292));
#14255=CARTESIAN_POINT('Ctrl Pts',(-1.375,2.38156986040721,-0.180958975466043));
#14256=CARTESIAN_POINT('Ctrl Pts',(5.64635327460596E-15,3.17542648054294,
0.277374357867291));
#14257=CARTESIAN_POINT('',(-2.75,1.58771324027148,2.12262564213271));
#14258=CARTESIAN_POINT('',(-2.75,1.58771324027147,2.4));
#14259=CARTESIAN_POINT('Ctrl Pts',(5.58639716402667E-15,3.17542648054294,
2.12262564213271));
#14260=CARTESIAN_POINT('Ctrl Pts',(-1.37499999999999,2.38156986040721,2.58095897546604));
#14261=CARTESIAN_POINT('Ctrl Pts',(-2.75,1.58771324027148,2.12262564213271));
#14262=CARTESIAN_POINT('Origin',(-2.75,1.58935963913144,2.4));
#14263=CARTESIAN_POINT('',(-2.75,-1.58771324027147,0.277374357867291));
#14264=CARTESIAN_POINT('Ctrl Pts',(-2.75,-1.58771324027147,0.277374357867291));
#14265=CARTESIAN_POINT('Ctrl Pts',(-2.75,4.44089209850063E-15,-0.180958975466043));
#14266=CARTESIAN_POINT('Ctrl Pts',(-2.75,1.58771324027148,0.277374357867292));
#14267=CARTESIAN_POINT('',(-2.75,-1.58771324027147,2.12262564213271));
#14268=CARTESIAN_POINT('',(-2.75,-1.58771324027147,2.4));
#14269=CARTESIAN_POINT('Ctrl Pts',(-2.75,1.58771324027148,2.12262564213271));
#14270=CARTESIAN_POINT('Ctrl Pts',(-2.75,4.44089209850063E-15,2.58095897546604));
#14271=CARTESIAN_POINT('Ctrl Pts',(-2.75,-1.58771324027147,2.12262564213271));
#14272=CARTESIAN_POINT('Origin',(0.,0.,0.138924908523754));
#14273=CARTESIAN_POINT('',(2.695,-3.30042312370212E-16,0.));
#14274=CARTESIAN_POINT('Origin',(0.,0.,0.));
#14275=CARTESIAN_POINT('',(2.75,-2.97185109433243E-16,0.0317542648054287));
#14276=CARTESIAN_POINT('',(2.935625,-3.59510375974695E-16,0.138924908523754));
#14277=CARTESIAN_POINT('',(2.75,-1.58771324027147,0.277374357867292));
#14278=CARTESIAN_POINT('Ctrl Pts',(2.75,-2.57592349100964E-16,0.0317542648054287));
#14279=CARTESIAN_POINT('Ctrl Pts',(2.75,-0.736860279185588,0.0317542648054284));
#14280=CARTESIAN_POINT('Ctrl Pts',(2.75,-1.58771324027147,0.277374357867292));
#14281=CARTESIAN_POINT('',(-3.63648926792382E-15,-3.17542648054294,0.277374357867291));
#14282=CARTESIAN_POINT('Ctrl Pts',(2.75,-1.58771324027147,0.277374357867292));
#14283=CARTESIAN_POINT('Ctrl Pts',(1.375,-2.38156986040721,-0.180958975466042));
#14284=CARTESIAN_POINT('Ctrl Pts',(-3.63648926792382E-15,-3.17542648054294,
0.277374357867291));
#14285=CARTESIAN_POINT('Ctrl Pts',(-3.60338722034513E-15,-3.17542648054294,
0.277374357867291));
#14286=CARTESIAN_POINT('Ctrl Pts',(-1.375,-2.3815698604072,-0.180958975466043));
#14287=CARTESIAN_POINT('Ctrl Pts',(-2.75,-1.58771324027147,0.277374357867291));
#14288=CARTESIAN_POINT('',(2.75,1.58771324027147,0.277374357867291));
#14289=CARTESIAN_POINT('Ctrl Pts',(5.62311069053331E-15,3.17542648054294,
0.277374357867291));
#14290=CARTESIAN_POINT('Ctrl Pts',(1.375,2.3815698604072,-0.180958975466043));
#14291=CARTESIAN_POINT('Ctrl Pts',(2.75,1.58771324027147,0.277374357867291));
#14292=CARTESIAN_POINT('Ctrl Pts',(2.75,1.58771324027147,0.277374357867291));
#14293=CARTESIAN_POINT('Ctrl Pts',(2.75,0.736860279185585,0.031754264805429));
#14294=CARTESIAN_POINT('Ctrl Pts',(2.75,-2.57592349100964E-16,0.0317542648054287));
#14295=CARTESIAN_POINT('Origin',(2.75142582323749,1.58689004084148,2.4));
#14296=CARTESIAN_POINT('',(2.75,1.58771324027147,2.12262564213271));
#14297=CARTESIAN_POINT('Ctrl Pts',(2.75,1.58771324027147,2.12262564213271));
#14298=CARTESIAN_POINT('Ctrl Pts',(1.375,2.3815698604072,2.58095897546604));
#14299=CARTESIAN_POINT('Ctrl Pts',(5.27987288107429E-15,3.17542648054294,
2.12262564213271));
#14300=CARTESIAN_POINT('',(2.75,1.58771324027147,2.4));
#14301=CARTESIAN_POINT('Origin',(2.75,-1.58935963913144,2.4));
#14302=CARTESIAN_POINT('',(2.75,-2.97185109433243E-16,2.36824573519457));
#14303=CARTESIAN_POINT('Ctrl Pts',(2.75,-2.57592349100965E-16,2.36824573519457));
#14304=CARTESIAN_POINT('Ctrl Pts',(2.75,0.736860279185586,2.36824573519457));
#14305=CARTESIAN_POINT('Ctrl Pts',(2.75,1.58771324027147,2.12262564213271));
#14306=CARTESIAN_POINT('',(2.75,-1.58771324027147,2.12262564213271));
#14307=CARTESIAN_POINT('Ctrl Pts',(2.75,-1.58771324027147,2.12262564213271));
#14308=CARTESIAN_POINT('Ctrl Pts',(2.75,-0.736860279185589,2.36824573519457));
#14309=CARTESIAN_POINT('Ctrl Pts',(2.75,-2.57592349100965E-16,2.36824573519457));
#14310=CARTESIAN_POINT('',(2.75,-1.58771324027147,2.4));
#14311=CARTESIAN_POINT('Origin',(-0.00142582323749307,-3.17624967997292,
2.4));
#14312=CARTESIAN_POINT('',(-4.41919709537236E-15,-3.17542648054294,2.12262564213271));
#14313=CARTESIAN_POINT('Ctrl Pts',(-4.41919709537236E-15,-3.17542648054294,
2.12262564213271));
#14314=CARTESIAN_POINT('Ctrl Pts',(1.375,-2.38156986040721,2.58095897546604));
#14315=CARTESIAN_POINT('Ctrl Pts',(2.75,-1.58771324027147,2.12262564213271));
#14316=CARTESIAN_POINT('',(-3.60822483003176E-15,-3.17542648054294,2.4));
#14317=CARTESIAN_POINT('Origin',(-2.75142582323749,-1.58689004084149,2.4));
#14318=CARTESIAN_POINT('Ctrl Pts',(-2.75,-1.58771324027147,2.12262564213271));
#14319=CARTESIAN_POINT('Ctrl Pts',(-1.375,-2.3815698604072,2.58095897546604));
#14320=CARTESIAN_POINT('Ctrl Pts',(-4.22319367137772E-15,-3.17542648054294,
2.12262564213271));
#14321=CARTESIAN_POINT('Origin',(-2.695,0.,2.4));
#14322=CARTESIAN_POINT('',(2.695,-3.30042312370212E-16,2.4));
#14323=CARTESIAN_POINT('Origin',(0.,0.,2.4));
#14324=CARTESIAN_POINT('Origin',(0.,0.,2.26107509147625));
#14325=CARTESIAN_POINT('',(2.935625,-3.59510375974695E-16,2.26107509147625));
#14326=CARTESIAN_POINT('Origin',(-1.5,0.,0.));
#14327=CARTESIAN_POINT('Origin',(0.,0.,1.2));
#14328=CARTESIAN_POINT('',(1.2645,-1.54856587752183E-16,1.2));
#14329=CARTESIAN_POINT('',(0.,0.,0.));
#14330=CARTESIAN_POINT('',(1.15261723747798E-14,-1.59204083889156E-15,20.000249999999));
#14331=CARTESIAN_POINT('',(1.15261723747798E-14,-2.57175827820944E-15,28.000249999999));
#14332=CARTESIAN_POINT('',(1.16643459314984E-14,-2.57175827820944E-15,7.));
#14333=CARTESIAN_POINT('',(195.000000000478,-8.,320.446149718994));
#14334=CARTESIAN_POINT('',(190.,-11.4502578820682,25.5499921179308));
#14335=CARTESIAN_POINT('',(190.,2.19999999999999,25.8000000000001));
#14336=CARTESIAN_POINT('',(201.911325493395,-15.0886745066044,320.));
#14337=CARTESIAN_POINT('',(189.049742117932,-9.99999999999873,325.549992117931));
#14338=CARTESIAN_POINT('',(204.2,-10.0000000000004,325.8));
#14339=UNCERTAINTY_MEASURE_WITH_UNIT(LENGTH_MEASURE(0.01),#14355,
'DISTANCE_ACCURACY_VALUE',
'Maximum model space distance between geometric entities at asserted c
onnectivities');
#14340=UNCERTAINTY_MEASURE_WITH_UNIT(LENGTH_MEASURE(0.01),#14355,
'DISTANCE_ACCURACY_VALUE',
'Maximum model space distance between geometric entities at asserted c
onnectivities');
#14341=UNCERTAINTY_MEASURE_WITH_UNIT(LENGTH_MEASURE(0.01),#14355,
'DISTANCE_ACCURACY_VALUE',
'Maximum model space distance between geometric entities at asserted c
onnectivities');
#14342=UNCERTAINTY_MEASURE_WITH_UNIT(LENGTH_MEASURE(0.01),#14355,
'DISTANCE_ACCURACY_VALUE',
'Maximum model space distance between geometric entities at asserted c
onnectivities');
#14343=UNCERTAINTY_MEASURE_WITH_UNIT(LENGTH_MEASURE(0.01),#14355,
'DISTANCE_ACCURACY_VALUE',
'Maximum model space distance between geometric entities at asserted c
onnectivities');
#14344=UNCERTAINTY_MEASURE_WITH_UNIT(LENGTH_MEASURE(0.01),#14355,
'DISTANCE_ACCURACY_VALUE',
'Maximum model space distance between geometric entities at asserted c
onnectivities');
#14345=UNCERTAINTY_MEASURE_WITH_UNIT(LENGTH_MEASURE(0.01),#14355,
'DISTANCE_ACCURACY_VALUE',
'Maximum model space distance between geometric entities at asserted c
onnectivities');
#14346=UNCERTAINTY_MEASURE_WITH_UNIT(LENGTH_MEASURE(0.01),#14355,
'DISTANCE_ACCURACY_VALUE',
'Maximum model space distance between geometric entities at asserted c
onnectivities');
#14347=(
GEOMETRIC_REPRESENTATION_CONTEXT(3)
GLOBAL_UNCERTAINTY_ASSIGNED_CONTEXT((#14339))
GLOBAL_UNIT_ASSIGNED_CONTEXT((#14355,#14357,#14358))
REPRESENTATION_CONTEXT('','3D')
);
#14348=(
GEOMETRIC_REPRESENTATION_CONTEXT(3)
GLOBAL_UNCERTAINTY_ASSIGNED_CONTEXT((#14340))
GLOBAL_UNIT_ASSIGNED_CONTEXT((#14355,#14357,#14358))
REPRESENTATION_CONTEXT('','3D')
);
#14349=(
GEOMETRIC_REPRESENTATION_CONTEXT(3)
GLOBAL_UNCERTAINTY_ASSIGNED_CONTEXT((#14341))
GLOBAL_UNIT_ASSIGNED_CONTEXT((#14355,#14357,#14358))
REPRESENTATION_CONTEXT('','3D')
);
#14350=(
GEOMETRIC_REPRESENTATION_CONTEXT(3)
GLOBAL_UNCERTAINTY_ASSIGNED_CONTEXT((#14342))
GLOBAL_UNIT_ASSIGNED_CONTEXT((#14355,#14357,#14358))
REPRESENTATION_CONTEXT('','3D')
);
#14351=(
GEOMETRIC_REPRESENTATION_CONTEXT(3)
GLOBAL_UNCERTAINTY_ASSIGNED_CONTEXT((#14343))
GLOBAL_UNIT_ASSIGNED_CONTEXT((#14355,#14357,#14358))
REPRESENTATION_CONTEXT('','3D')
);
#14352=(
GEOMETRIC_REPRESENTATION_CONTEXT(3)
GLOBAL_UNCERTAINTY_ASSIGNED_CONTEXT((#14344))
GLOBAL_UNIT_ASSIGNED_CONTEXT((#14355,#14357,#14358))
REPRESENTATION_CONTEXT('','3D')
);
#14353=(
GEOMETRIC_REPRESENTATION_CONTEXT(3)
GLOBAL_UNCERTAINTY_ASSIGNED_CONTEXT((#14345))
GLOBAL_UNIT_ASSIGNED_CONTEXT((#14355,#14357,#14358))
REPRESENTATION_CONTEXT('','3D')
);
#14354=(
GEOMETRIC_REPRESENTATION_CONTEXT(3)
GLOBAL_UNCERTAINTY_ASSIGNED_CONTEXT((#14346))
GLOBAL_UNIT_ASSIGNED_CONTEXT((#14355,#14357,#14358))
REPRESENTATION_CONTEXT('','3D')
);
#14355=(
LENGTH_UNIT()
NAMED_UNIT(*)
SI_UNIT(.MILLI.,.METRE.)
);
#14356=(
LENGTH_UNIT()
NAMED_UNIT(*)
SI_UNIT($,.METRE.)
);
#14357=(
NAMED_UNIT(*)
PLANE_ANGLE_UNIT()
SI_UNIT($,.RADIAN.)
);
#14358=(
NAMED_UNIT(*)
SI_UNIT($,.STERADIAN.)
SOLID_ANGLE_UNIT()
);
#14359=SHAPE_DEFINITION_REPRESENTATION(#14366,#14383);
#14360=SHAPE_DEFINITION_REPRESENTATION(#14367,#14384);
#14361=SHAPE_DEFINITION_REPRESENTATION(#14368,#14385);
#14362=SHAPE_DEFINITION_REPRESENTATION(#14369,#14386);
#14363=SHAPE_DEFINITION_REPRESENTATION(#14370,#14387);
#14364=SHAPE_DEFINITION_REPRESENTATION(#14371,#14388);
#14365=SHAPE_DEFINITION_REPRESENTATION(#14372,#14389);
#14366=PRODUCT_DEFINITION_SHAPE('',$,#14391);
#14367=PRODUCT_DEFINITION_SHAPE('',$,#14392);
#14368=PRODUCT_DEFINITION_SHAPE('',$,#14393);
#14369=PRODUCT_DEFINITION_SHAPE('',$,#14394);
#14370=PRODUCT_DEFINITION_SHAPE('',$,#14395);
#14371=PRODUCT_DEFINITION_SHAPE('',$,#14396);
#14372=PRODUCT_DEFINITION_SHAPE('',$,#14397);
#14373=PRODUCT_DEFINITION_SHAPE($,$,#41);
#14374=PRODUCT_DEFINITION_SHAPE($,$,#42);
#14375=PRODUCT_DEFINITION_SHAPE($,$,#43);
#14376=PRODUCT_DEFINITION_SHAPE($,$,#44);
#14377=PRODUCT_DEFINITION_SHAPE($,$,#45);
#14378=PRODUCT_DEFINITION_SHAPE($,$,#46);
#14379=PRODUCT_DEFINITION_SHAPE($,$,#47);
#14380=PRODUCT_DEFINITION_SHAPE($,$,#48);
#14381=PRODUCT_DEFINITION_SHAPE($,$,#49);
#14382=PRODUCT_DEFINITION_SHAPE($,$,#50);
#14383=SHAPE_REPRESENTATION('',(#7247,#7607,#7608,#7609,#7610,#7611,#7612,
#7613,#7614,#7615,#7616),#14347);
#14384=SHAPE_REPRESENTATION('',(#7248),#14348);
#14385=SHAPE_REPRESENTATION('',(#7394),#14349);
#14386=SHAPE_REPRESENTATION('',(#7459),#14350);
#14387=SHAPE_REPRESENTATION('',(#7489),#14351);
#14388=SHAPE_REPRESENTATION('',(#7560),#14352);
#14389=SHAPE_REPRESENTATION('',(#7587),#14353);
#14390=PRODUCT_DEFINITION_CONTEXT('part definition',#14413,'design');
#14391=PRODUCT_DEFINITION('2026-07-25-09-11-04-243','Solder Assist',#14398,
#14390);
#14392=PRODUCT_DEFINITION('2026-07-24-17-27-04-377','Base',#14399,#14390);
#14393=PRODUCT_DEFINITION('2026-07-24-17-36-41-566','Horizontal Arm',#14400,
#14390);
#14394=PRODUCT_DEFINITION('2026-07-24-17-41-38-283','Vertical Arm',#14401,
#14390);
#14395=PRODUCT_DEFINITION('2026-07-25-09-07-43-538','Lateral Arm',#14402,
#14390);
#14396=PRODUCT_DEFINITION('ISO 4762 - M3 x 25 Steel 4.6 Plain',
'Hexagon Socket Head Cap Screw ISO 4762 - M3 x 25 Steel 4.6 Plain',#14403,
#14390);
#14397=PRODUCT_DEFINITION('DIN EN ISO 4032 - M3 Steel 6 Plain',
'Hexagon Regular Nut DIN EN ISO 4032 - M3 Steel 6 Plain',#14404,#14390);
#14398=PRODUCT_DEFINITION_FORMATION('',$,#14415);
#14399=PRODUCT_DEFINITION_FORMATION('',$,#14416);
#14400=PRODUCT_DEFINITION_FORMATION('',$,#14417);
#14401=PRODUCT_DEFINITION_FORMATION('',$,#14418);
#14402=PRODUCT_DEFINITION_FORMATION('',$,#14419);
#14403=PRODUCT_DEFINITION_FORMATION('',$,#14420);
#14404=PRODUCT_DEFINITION_FORMATION('',$,#14421);
#14405=PRODUCT_RELATED_PRODUCT_CATEGORY('Solder Assist','Solder Assist',
(#14415));
#14406=PRODUCT_RELATED_PRODUCT_CATEGORY('Base','Base',(#14416));
#14407=PRODUCT_RELATED_PRODUCT_CATEGORY('Horizontal Arm',
'Horizontal Arm',(#14417));
#14408=PRODUCT_RELATED_PRODUCT_CATEGORY('Vertical Arm','Vertical Arm',(#14418));
#14409=PRODUCT_RELATED_PRODUCT_CATEGORY('Lateral Arm','Lateral Arm',(#14419));
#14410=PRODUCT_RELATED_PRODUCT_CATEGORY(
'Hexagon Socket Head Cap Screw ISO 4762 - M3 x 25 Steel 4.6 Plain',
'Hexagon Socket Head Cap Screw ISO 4762 - M3 x 25 Steel 4.6 Plain',(#14420));
#14411=PRODUCT_RELATED_PRODUCT_CATEGORY(
'Hexagon Regular Nut DIN EN ISO 4032 - M3 Steel 6 Plain',
'Hexagon Regular Nut DIN EN ISO 4032 - M3 Steel 6 Plain',(#14421));
#14412=APPLICATION_PROTOCOL_DEFINITION('international standard',
'automotive_design',2009,#14413);
#14413=APPLICATION_CONTEXT(
'Core Data for Automotive Mechanical Design Process');
#14414=PRODUCT_CONTEXT('part definition',#14413,'mechanical');
#14415=PRODUCT('2026-07-25-09-11-04-243','Solder Assist',$,(#14414));
#14416=PRODUCT('2026-07-24-17-27-04-377','Base',$,(#14414));
#14417=PRODUCT('2026-07-24-17-36-41-566','Horizontal Arm',$,(#14414));
#14418=PRODUCT('2026-07-24-17-41-38-283','Vertical Arm',$,(#14414));
#14419=PRODUCT('2026-07-25-09-07-43-538','Lateral Arm',$,(#14414));
#14420=PRODUCT('ISO 4762 - M3 x 25 Steel 4.6 Plain',
'Hexagon Socket Head Cap Screw ISO 4762 - M3 x 25 Steel 4.6 Plain',
'Hexagon Socket Head Cap Screw ISO 4762 - M3 x 25',(#14414));
#14421=PRODUCT('DIN EN ISO 4032 - M3 Steel 6 Plain',
'Hexagon Regular Nut DIN EN ISO 4032 - M3 Steel 6 Plain',
'Hexagon Regular Nut DIN EN ISO 4032 - M3',(#14414));
#14422=PRESENTATION_STYLE_ASSIGNMENT((#14424));
#14423=PRESENTATION_STYLE_ASSIGNMENT((#14425));
#14424=SURFACE_STYLE_USAGE(.BOTH.,#14426);
#14425=SURFACE_STYLE_USAGE(.BOTH.,#14427);
#14426=SURFACE_SIDE_STYLE('',(#14428));
#14427=SURFACE_SIDE_STYLE('',(#14429));
#14428=SURFACE_STYLE_FILL_AREA(#14430);
#14429=SURFACE_STYLE_FILL_AREA(#14431);
#14430=FILL_AREA_STYLE('Steel - Satin',(#14432));
#14431=FILL_AREA_STYLE('Stainless Steel - Satin',(#14433));
#14432=FILL_AREA_STYLE_COLOUR('Steel - Satin',#14434);
#14433=FILL_AREA_STYLE_COLOUR('Stainless Steel - Satin',#14435);
#14434=COLOUR_RGB('Steel - Satin',0.627450980392157,0.627450980392157,0.627450980392157);
#14435=COLOUR_RGB('Stainless Steel - Satin',0.796078431372549,0.796078431372549,
0.796078431372549);
ENDSEC;
END-ISO-10303-21;
